,Unnamed: 0,clip_name,clip_relative_path,clip_output_path,export_status,part_index,part_count,observation_id,group_name,phase,day,pen,obs_date_raw,subject,modifiers,interval_start_obs_sec,interval_end_obs_sec,part_start_obs_sec,part_end_obs_sec,source_video_path,source_video_basename,source_segment_obs_start_sec,source_segment_obs_end_sec,clip_start_in_source_sec,clip_end_in_source_sec,labelled_clip_relative_path
0,0,CS_0001_POSTWEAN_d1_p2_cow6_02112025_ch02-20251102075200_684_702.mp4,Pen 2 - Group 2\POSTWEANING\Day 1\CS_0001_POSTWEAN_d1_p2_cow6_02112025_ch02-20251102075200_684_702.mp4,E:\cross_sucking\Pen 2 - Group 2\POSTWEANING\Day 1\CS_0001_POSTWEAN_d1_p2_cow6_02112025_ch02-20251102075200_684_702.mp4,skipped_existing,1,1,Pen_2_POSTWEAN_Day_1_02112025,Pen 2 - Group 2,POSTWEAN,1,2,2112025,6,grain feeder|T|None|side,684.424,702.951,684.424,702.951,G:\MONITORING CROSS SUCKING IN CALVES - KAPPEL - 2025\Pen 2 - Group 2\POSTWEANING\Day 1\ch02_20251102075200.mp4,ch02_20251102075200.mp4,0.0,2810.680667,684.424,702.951,Pen 2 - Group 2/POSTWEANING/Day 1/0001.zip
1,1,CS_0002_POSTWEAN_d1_p2_cowA_02112025_ch02-20251102083856_5174_5221.mp4,Pen 2 - Group 2\POSTWEANING\Day 1\CS_0002_POSTWEAN_d1_p2_cowA_02112025_ch02-20251102083856_5174_5221.mp4,E:\cross_sucking\Pen 2 - Group 2\POSTWEANING\Day 1\CS_0002_POSTWEAN_d1_p2_cowA_02112025_ch02-20251102083856_5174_5221.mp4,skipped_existing,1,1,Pen_2_POSTWEAN_Day_1_02112025,Pen 2 - Group 2,POSTWEAN,1,2,2112025,A,other|1|reciprocal|side,5174.871,5221.337,5174.871,5221.337,G:\MONITORING CROSS SUCKING IN CALVES - KAPPEL - 2025\Pen 2 - Group 2\POSTWEANING\Day 1\ch02_20251102083856.mp4,ch02_20251102083856.mp4,2810.680667,5622.760334,2364.190333,2410.656333,Pen 2 - Group 2/POSTWEANING/Day 1/0002.zip
2,2,CS_0003_POSTWEAN_d1_p2_cowA_02112025_ch02-20251102083856_5276_5656_part01.mp4,Pen 2 - Group 2\POSTWEANING\Day 1\CS_0003_POSTWEAN_d1_p2_cowA_02112025_ch02-20251102083856_5276_5656_part01.mp4,E:\cross_sucking\Pen 2 - Group 2\POSTWEANING\Day 1\CS_0003_POSTWEAN_d1_p2_cowA_02112025_ch02-20251102083856_5276_5656_part01.mp4,skipped_existing,1,2,Pen_2_POSTWEAN_Day_1_02112025,Pen 2 - Group 2,POSTWEAN,1,2,2112025,A,other|O|reciprocal|side,5276.121,5656.266,5276.121,5622.760334,G:\MONITORING CROSS SUCKING IN CALVES - KAPPEL - 2025\Pen 2 - Group 2\POSTWEANING\Day 1\ch02_20251102083856.mp4,ch02_20251102083856.mp4,2810.680667,5622.760334,2465.440333,2812.079667,Pen 2 - Group 2/POSTWEANING/Day 1/0003 - p1.zip
3,3,CS_0003_POSTWEAN_d1_p2_cowA_02112025_ch02-20251102083856_5276_5656_part02.mp4,Pen 2 - Group 2\POSTWEANING\Day 1\CS_0003_POSTWEAN_d1_p2_cowA_02112025_ch02-20251102083856_5276_5656_part02.mp4,E:\cross_sucking\Pen 2 - Group 2\POSTWEANING\Day 1\CS_0003_POSTWEAN_d1_p2_cowA_02112025_ch02-20251102083856_5276_5656_part02.mp4,skipped_existing,2,2,Pen_2_POSTWEAN_Day_1_02112025,Pen 2 - Group 2,POSTWEAN,1,2,2112025,A,other|O|reciprocal|side,5276.121,5656.266,5622.760334,5656.266,G:\MONITORING CROSS SUCKING IN CALVES - KAPPEL - 2025\Pen 2 - Group 2\POSTWEANING\Day 1\ch02_20251102092612.mp4,ch02_20251102092612.mp4,5622.760334,8423.500001,0.0,33.505666,Pen 2 - Group 2/POSTWEANING/Day 1/0003 - p2.zip
4,5,CS_0005_POSTWEAN_d1_p2_cowT_02112025_ch02-20251102092612_7104_7337.mp4,Pen 2 - Group 2\POSTWEANING\Day 1\CS_0005_POSTWEAN_d1_p2_cowT_02112025_ch02-20251102092612_7104_7337.mp4,E:\cross_sucking\Pen 2 - Group 2\POSTWEANING\Day 1\CS_0005_POSTWEAN_d1_p2_cowT_02112025_ch02-20251102092612_7104_7337.mp4,skipped_existing,1,1,Pen_2_POSTWEAN_Day_1_02112025,Pen 2 - Group 2,POSTWEAN,1,2,2112025,T,other|8|None|side,7104.3,7337.292,7104.3,7337.292,G:\MONITORING CROSS SUCKING IN CALVES - KAPPEL - 2025\Pen 2 - Group 2\POSTWEANING\Day 1\ch02_20251102092612.mp4,ch02_20251102092612.mp4,5622.760334,8423.500001,1481.539666,1714.531666,Pen 2 - Group 2/POSTWEANING/Day 1/0005.zip
5,7,CS_0007_POSTWEAN_d1_p2_cowT_02112025_ch02-20251102092612_7403_7452.mp4,Pen 2 - Group 2\POSTWEANING\Day 1\CS_0007_POSTWEAN_d1_p2_cowT_02112025_ch02-20251102092612_7403_7452.mp4,E:\cross_sucking\Pen 2 - Group 2\POSTWEANING\Day 1\CS_0007_POSTWEAN_d1_p2_cowT_02112025_ch02-20251102092612_7403_7452.mp4,skipped_existing,1,1,Pen_2_POSTWEAN_Day_1_02112025,Pen 2 - Group 2,POSTWEAN,1,2,2112025,T,other|3|None|behind,7403.922,7452.745,7403.922,7452.745,G:\MONITORING CROSS SUCKING IN CALVES - KAPPEL - 2025\Pen 2 - Group 2\POSTWEANING\Day 1\ch02_20251102092612.mp4,ch02_20251102092612.mp4,5622.760334,8423.500001,1781.161666,1829.984666,Pen 2 - Group 2/POSTWEANING/Day 1/0007.zip
6,9,CS_0009_POSTWEAN_d1_p2_cow1_02112025_ch02-20251102101314_8715_8793.mp4,Pen 2 - Group 2\POSTWEANING\Day 1\CS_0009_POSTWEAN_d1_p2_cow1_02112025_ch02-20251102101314_8715_8793.mp4,E:\cross_sucking\Pen 2 - Group 2\POSTWEANING\Day 1\CS_0009_POSTWEAN_d1_p2_cow1_02112025_ch02-20251102101314_8715_8793.mp4,skipped_existing,1,1,Pen_2_POSTWEAN_Day_1_02112025,Pen 2 - Group 2,POSTWEAN,1,2,2112025,1,other|/|None|side,8715.858,8793.681,8715.858,8793.681,G:\MONITORING CROSS SUCKING IN CALVES - KAPPEL - 2025\Pen 2 - Group 2\POSTWEANING\Day 1\ch02_20251102101314.mp4,ch02_20251102101314.mp4,8423.500001,11256.687668,292.357999,370.180999,Pen 2 - Group 2/POSTWEANING/Day 1/0009.zip
7,11,CS_0011_POSTWEAN_d1_p2_cow1_02112025_ch02-20251102101314_8811_8880.mp4,Pen 2 - Group 2\POSTWEANING\Day 1\CS_0011_POSTWEAN_d1_p2_cow1_02112025_ch02-20251102101314_8811_8880.mp4,E:\cross_sucking\Pen 2 - Group 2\POSTWEANING\Day 1\CS_0011_POSTWEAN_d1_p2_cow1_02112025_ch02-20251102101314_8811_8880.mp4,skipped_existing,1,1,Pen_2_POSTWEAN_Day_1_02112025,Pen 2 - Group 2,POSTWEAN,1,2,2112025,1,other|/|reciprocal|side,8811.864,8880.333,8811.864,8880.333,G:\MONITORING CROSS SUCKING IN CALVES - KAPPEL - 2025\Pen 2 - Group 2\POSTWEANING\Day 1\ch02_20251102101314.mp4,ch02_20251102101314.mp4,8423.500001,11256.687668,388.363999,456.832999,Pen 2 - Group 2/POSTWEANING/Day 1/0011.zip
8,13,CS_0013_POSTWEAN_d1_p2_cow3_02112025_ch02-20251102162924_31120_31317.mp4,Pen 2 - Group 2\POSTWEANING\Day 1\CS_0013_POSTWEAN_d1_p2_cow3_02112025_ch02-20251102162924_31120_31317.mp4,E:\cross_sucking\Pen 2 - Group 2\POSTWEANING\Day 1\CS_0013_POSTWEAN_d1_p2_cow3_02112025_ch02-20251102162924_31120_31317.mp4,skipped_existing,1,1,Pen_2_POSTWEAN_Day_1_02112025,Pen 2 - Group 2,POSTWEAN,1,2,2112025,3,other|/|None|side,31120.505,31317.212,31120.505,31317.212,G:\MONITORING CROSS SUCKING IN CALVES - KAPPEL - 2025\Pen 2 - Group 2\POSTWEANING\Day 1\ch02_20251102162924.mp4,ch02_20251102162924.mp4,31041.819337,33890.398004,78.685663,275.392663,Pen 2 - Group 2/POSTWEANING/Day 1/0013.zip
9,14,CS_0014_POSTWEAN_d1_p2_cowT_02112025_ch02-20251102162924_31342_31395.mp4,Pen 2 - Group 2\POSTWEANING\Day 1\CS_0014_POSTWEAN_d1_p2_cowT_02112025_ch02-20251102162924_31342_31395.mp4,E:\cross_sucking\Pen 2 - Group 2\POSTWEANING\Day 1\CS_0014_POSTWEAN_d1_p2_cowT_02112025_ch02-20251102162924_31342_31395.mp4,skipped_existing,1,1,Pen_2_POSTWEAN_Day_1_02112025,Pen 2 - Group 2,POSTWEAN,1,2,2112025,T,hay|1|None|side,31342.381,31395.518,31342.381,31395.518,G:\MONITORING CROSS SUCKING IN CALVES - KAPPEL - 2025\Pen 2 - Group 2\POSTWEANING\Day 1\ch02_20251102162924.mp4,ch02_20251102162924.mp4,31041.819337,33890.398004,300.561663,353.698663,Pen 2 - Group 2/POSTWEANING/Day 1/0014.zip
10,15,CS_0015_POSTWEAN_d1_p2_cow3_02112025_ch02-20251102162924_31359_31452.mp4,Pen 2 - Group 2\POSTWEANING\Day 1\CS_0015_POSTWEAN_d1_p2_cow3_02112025_ch02-20251102162924_31359_31452.mp4,E:\cross_sucking\Pen 2 - Group 2\POSTWEANING\Day 1\CS_0015_POSTWEAN_d1_p2_cow3_02112025_ch02-20251102162924_31359_31452.mp4,skipped_existing,1,1,Pen_2_POSTWEAN_Day_1_02112025,Pen 2 - Group 2,POSTWEAN,1,2,2112025,3,other|/|None|side,31359.225,31452.545,31359.225,31452.545,G:\MONITORING CROSS SUCKING IN CALVES - KAPPEL - 2025\Pen 2 - Group 2\POSTWEANING\Day 1\ch02_20251102162924.mp4,ch02_20251102162924.mp4,31041.819337,33890.398004,317.405663,410.725663,Pen 2 - Group 2/POSTWEANING/Day 1/0015.zip
11,18,CS_0018_POSTWEAN_d1_p2_cowT_02112025_ch02-20251102162924_31395_31694.mp4,Pen 2 - Group 2\POSTWEANING\Day 1\CS_0018_POSTWEAN_d1_p2_cowT_02112025_ch02-20251102162924_31395_31694.mp4,E:\cross_sucking\Pen 2 - Group 2\POSTWEANING\Day 1\CS_0018_POSTWEAN_d1_p2_cowT_02112025_ch02-20251102162924_31395_31694.mp4,skipped_existing,1,1,Pen_2_POSTWEAN_Day_1_02112025,Pen 2 - Group 2,POSTWEAN,1,2,2112025,T,other|1|reciprocal|side,31395.519,31694.247,31395.519,31694.247,G:\MONITORING CROSS SUCKING IN CALVES - KAPPEL - 2025\Pen 2 - Group 2\POSTWEANING\Day 1\ch02_20251102162924.mp4,ch02_20251102162924.mp4,31041.819337,33890.398004,353.699663,652.427663,Pen 2 - Group 2/POSTWEANING/Day 1/0018.zip
12,19,CS_0019_POSTWEAN_d1_p2_cowT_02112025_ch02-20251102162924_31706_31740.mp4,Pen 2 - Group 2\POSTWEANING\Day 1\CS_0019_POSTWEAN_d1_p2_cowT_02112025_ch02-20251102162924_31706_31740.mp4,E:\cross_sucking\Pen 2 - Group 2\POSTWEANING\Day 1\CS_0019_POSTWEAN_d1_p2_cowT_02112025_ch02-20251102162924_31706_31740.mp4,skipped_existing,1,1,Pen_2_POSTWEAN_Day_1_02112025,Pen 2 - Group 2,POSTWEAN,1,2,2112025,T,grain feeder|1|None|behind,31706.645,31740.177,31706.645,31740.177,G:\MONITORING CROSS SUCKING IN CALVES - KAPPEL - 2025\Pen 2 - Group 2\POSTWEANING\Day 1\ch02_20251102162924.mp4,ch02_20251102162924.mp4,31041.819337,33890.398004,664.825663,698.357663,Pen 2 - Group 2/POSTWEANING/Day 1/0019.zip
13,20,CS_0020_POSTWEAN_d1_p2_cowA_02112025_ch02-20251102171626_35027_35308.mp4,Pen 2 - Group 2\POSTWEANING\Day 1\CS_0020_POSTWEAN_d1_p2_cowA_02112025_ch02-20251102171626_35027_35308.mp4,E:\cross_sucking\Pen 2 - Group 2\POSTWEANING\Day 1\CS_0020_POSTWEAN_d1_p2_cowA_02112025_ch02-20251102171626_35027_35308.mp4,skipped_existing,1,1,Pen_2_POSTWEAN_Day_1_02112025,Pen 2 - Group 2,POSTWEAN,1,2,2112025,A,other|O|reciprocal|side,35027.17,35308.553,35027.17,35308.553,G:\MONITORING CROSS SUCKING IN CALVES - KAPPEL - 2025\Pen 2 - Group 2\POSTWEANING\Day 1\ch02_20251102171626.mp4,ch02_20251102171626.mp4,33890.398004,36670.849671,1136.771996,1418.154996,Pen 2 - Group 2/POSTWEANING/Day 1/0020.zip
14,22,CS_0022_POSTWEAN_d1_p2_cowT_02112025_ch02-20251102185101_40431_40469.mp4,Pen 2 - Group 2\POSTWEANING\Day 1\CS_0022_POSTWEAN_d1_p2_cowT_02112025_ch02-20251102185101_40431_40469.mp4,E:\cross_sucking\Pen 2 - Group 2\POSTWEANING\Day 1\CS_0022_POSTWEAN_d1_p2_cowT_02112025_ch02-20251102185101_40431_40469.mp4,skipped_existing,1,1,Pen_2_POSTWEAN_Day_1_02112025,Pen 2 - Group 2,POSTWEAN,1,2,2112025,T,grain feeder|/|None|behind,40431.476,40469.108,40431.476,40469.108,G:\MONITORING CROSS SUCKING IN CALVES - KAPPEL - 2025\Pen 2 - Group 2\POSTWEANING\Day 1\ch02_20251102185101.mp4,ch02_20251102185101.mp4,39471.960338,42284.761005,959.515662,997.147662,Pen 2 - Group 2/POSTWEANING/Day 1/0022.zip
15,23,CS_0023_POSTWEAN_d1_p2_cowT_02112025_ch02-20251102185101_40609_40682.mp4,Pen 2 - Group 2\POSTWEANING\Day 1\CS_0023_POSTWEAN_d1_p2_cowT_02112025_ch02-20251102185101_40609_40682.mp4,E:\cross_sucking\Pen 2 - Group 2\POSTWEANING\Day 1\CS_0023_POSTWEAN_d1_p2_cowT_02112025_ch02-20251102185101_40609_40682.mp4,skipped_existing,1,1,Pen_2_POSTWEAN_Day_1_02112025,Pen 2 - Group 2,POSTWEAN,1,2,2112025,T,grain feeder|/|None|behind,40609.455,40682.607,40609.455,40682.607,G:\MONITORING CROSS SUCKING IN CALVES - KAPPEL - 2025\Pen 2 - Group 2\POSTWEANING\Day 1\ch02_20251102185101.mp4,ch02_20251102185101.mp4,39471.960338,42284.761005,1137.494662,1210.646662,Pen 2 - Group 2/POSTWEANING/Day 1/0023.zip
16,24,CS_0024_POSTWEAN_d1_p2_cow6_02112025_ch02-20251102185101_41725_41754.mp4,Pen 2 - Group 2\POSTWEANING\Day 1\CS_0024_POSTWEAN_d1_p2_cow6_02112025_ch02-20251102185101_41725_41754.mp4,E:\cross_sucking\Pen 2 - Group 2\POSTWEANING\Day 1\CS_0024_POSTWEAN_d1_p2_cow6_02112025_ch02-20251102185101_41725_41754.mp4,skipped_existing,1,1,Pen_2_POSTWEAN_Day_1_02112025,Pen 2 - Group 2,POSTWEAN,1,2,2112025,6,grain feeder|8|None|side,41725.36,41754.521,41725.36,41754.521,G:\MONITORING CROSS SUCKING IN CALVES - KAPPEL - 2025\Pen 2 - Group 2\POSTWEANING\Day 1\ch02_20251102185101.mp4,ch02_20251102185101.mp4,39471.960338,42284.761005,2253.399662,2282.560662,Pen 2 - Group 2/POSTWEANING/Day 1/0024.zip
17,25,CS_0025_POSTWEAN_d1_p2_cow6_02112025_ch02-20251102185101_41783_41816.mp4,Pen 2 - Group 2\POSTWEANING\Day 1\CS_0025_POSTWEAN_d1_p2_cow6_02112025_ch02-20251102185101_41783_41816.mp4,E:\cross_sucking\Pen 2 - Group 2\POSTWEANING\Day 1\CS_0025_POSTWEAN_d1_p2_cow6_02112025_ch02-20251102185101_41783_41816.mp4,skipped_existing,1,1,Pen_2_POSTWEAN_Day_1_02112025,Pen 2 - Group 2,POSTWEAN,1,2,2112025,6,grain feeder|8|None|behind,41783.281,41816.646,41783.281,41816.646,G:\MONITORING CROSS SUCKING IN CALVES - KAPPEL - 2025\Pen 2 - Group 2\POSTWEANING\Day 1\ch02_20251102185101.mp4,ch02_20251102185101.mp4,39471.960338,42284.761005,2311.320662,2344.685662,Pen 2 - Group 2/POSTWEANING/Day 1/0025.zip
18,26,CS_0026_POSTWEAN_d1_p2_cow6_02112025_ch02-20251102185101_42041_42059.mp4,Pen 2 - Group 2\POSTWEANING\Day 1\CS_0026_POSTWEAN_d1_p2_cow6_02112025_ch02-20251102185101_42041_42059.mp4,E:\cross_sucking\Pen 2 - Group 2\POSTWEANING\Day 1\CS_0026_POSTWEAN_d1_p2_cow6_02112025_ch02-20251102185101_42041_42059.mp4,skipped_existing,1,1,Pen_2_POSTWEAN_Day_1_02112025,Pen 2 - Group 2,POSTWEAN,1,2,2112025,6,grain feeder|8|None|side,42041.795,42059.093,42041.795,42059.093,G:\MONITORING CROSS SUCKING IN CALVES - KAPPEL - 2025\Pen 2 - Group 2\POSTWEANING\Day 1\ch02_20251102185101.mp4,ch02_20251102185101.mp4,39471.960338,42284.761005,2569.834662,2587.132662,Pen 2 - Group 2/POSTWEANING/Day 1/0026.zip
19,27,CS_0027_POSTWEAN_d1_p2_cow3_02112025_ch02-20251102211155_48187_48209.mp4,Pen 2 - Group 2\POSTWEANING\Day 1\CS_0027_POSTWEAN_d1_p2_cow3_02112025_ch02-20251102211155_48187_48209.mp4,E:\cross_sucking\Pen 2 - Group 2\POSTWEANING\Day 1\CS_0027_POSTWEAN_d1_p2_cow3_02112025_ch02-20251102211155_48187_48209.mp4,skipped_existing,1,1,Pen_2_POSTWEAN_Day_1_02112025,Pen 2 - Group 2,POSTWEAN,1,2,2112025,3,grain feeder|/|None|behind,48187.115,48209.51,48187.115,48209.51,G:\MONITORING CROSS SUCKING IN CALVES - KAPPEL - 2025\Pen 2 - Group 2\POSTWEANING\Day 1\ch02_20251102211155.mp4,ch02_20251102211155.mp4,47862.421339,50647.959006,324.693661,347.088661,Pen 2 - Group 2/POSTWEANING/Day 1/0027.zip
20,29,CS_0029_POSTWEAN_d1_p2_cow3_02112025_ch02-20251102211155_50411_50736_part01.mp4,Pen 2 - Group 2\POSTWEANING\Day 1\CS_0029_POSTWEAN_d1_p2_cow3_02112025_ch02-20251102211155_50411_50736_part01.mp4,E:\cross_sucking\Pen 2 - Group 2\POSTWEANING\Day 1\CS_0029_POSTWEAN_d1_p2_cow3_02112025_ch02-20251102211155_50411_50736_part01.mp4,skipped_existing,1,2,Pen_2_POSTWEAN_Day_1_02112025,Pen 2 - Group 2,POSTWEAN,1,2,2112025,3,other|1|reciprocal|side,50411.374,50736.896,50411.374,50647.959006,G:\MONITORING CROSS SUCKING IN CALVES - KAPPEL - 2025\Pen 2 - Group 2\POSTWEANING\Day 1\ch02_20251102211155.mp4,ch02_20251102211155.mp4,47862.421339,50647.959006,2548.952661,2785.537667,Pen 2 - Group 2/POSTWEANING/Day 1/0029_p1.zip
21,30,CS_0029_POSTWEAN_d1_p2_cow3_02112025_ch02-20251102211155_50411_50736_part02.mp4,Pen 2 - Group 2\POSTWEANING\Day 1\CS_0029_POSTWEAN_d1_p2_cow3_02112025_ch02-20251102211155_50411_50736_part02.mp4,E:\cross_sucking\Pen 2 - Group 2\POSTWEANING\Day 1\CS_0029_POSTWEAN_d1_p2_cow3_02112025_ch02-20251102211155_50411_50736_part02.mp4,skipped_existing,2,2,Pen_2_POSTWEAN_Day_1_02112025,Pen 2 - Group 2,POSTWEAN,1,2,2112025,3,other|1|reciprocal|side,50411.374,50736.896,50647.959006,50736.896,G:\MONITORING CROSS SUCKING IN CALVES - KAPPEL - 2025\Pen 2 - Group 2\POSTWEANING\Day 1\ch02_20251102215859.mp4,ch02_20251102215859.mp4,50647.959006,53443.354673,0.0,88.936994,Pen 2 - Group 2/POSTWEANING/Day 1/0029_p2.zip
22,31,CS_0030_POSTWEAN_d1_p2_cow8_02112025_ch02-20251102224555_54077_54201.mp4,Pen 2 - Group 2\POSTWEANING\Day 1\CS_0030_POSTWEAN_d1_p2_cow8_02112025_ch02-20251102224555_54077_54201.mp4,E:\cross_sucking\Pen 2 - Group 2\POSTWEANING\Day 1\CS_0030_POSTWEAN_d1_p2_cow8_02112025_ch02-20251102224555_54077_54201.mp4,skipped_existing,1,1,Pen_2_POSTWEAN_Day_1_02112025,Pen 2 - Group 2,POSTWEAN,1,2,2112025,8,other|A|None|lying down,54077.328,54201.586,54077.328,54201.586,G:\MONITORING CROSS SUCKING IN CALVES - KAPPEL - 2025\Pen 2 - Group 2\POSTWEANING\Day 1\ch02_20251102224555.mp4,ch02_20251102224555.mp4,53443.354673,56291.99134,633.973327,758.231327,Pen 2 - Group 2/POSTWEANING/Day 1/0030.zip
23,32,CS_0031_POSTWEAN_d1_p2_cow3_02112025_ch02-20251103001956_60818_60835.mp4,Pen 2 - Group 2\POSTWEANING\Day 1\CS_0031_POSTWEAN_d1_p2_cow3_02112025_ch02-20251103001956_60818_60835.mp4,E:\cross_sucking\Pen 2 - Group 2\POSTWEANING\Day 1\CS_0031_POSTWEAN_d1_p2_cow3_02112025_ch02-20251103001956_60818_60835.mp4,skipped_existing,1,1,Pen_2_POSTWEAN_Day_1_02112025,Pen 2 - Group 2,POSTWEAN,1,2,2112025,3,other|/|reciprocal|side,60818.146,60835.558,60818.146,60835.558,G:\MONITORING CROSS SUCKING IN CALVES - KAPPEL - 2025\Pen 2 - Group 2\POSTWEANING\Day 1\ch02_20251103001956.mp4,ch02_20251103001956.mp4,59088.030007,61874.547674,1730.115993,1747.527993,Pen 2 - Group 2/POSTWEANING/Day 1/0031.zip
24,33,CS_0032_POSTWEAN_d1_p2_cow3_02112025_ch02-20251103001956_60835_61057.mp4,Pen 2 - Group 2\POSTWEANING\Day 1\CS_0032_POSTWEAN_d1_p2_cow3_02112025_ch02-20251103001956_60835_61057.mp4,E:\cross_sucking\Pen 2 - Group 2\POSTWEANING\Day 1\CS_0032_POSTWEAN_d1_p2_cow3_02112025_ch02-20251103001956_60835_61057.mp4,skipped_existing,1,1,Pen_2_POSTWEAN_Day_1_02112025,Pen 2 - Group 2,POSTWEAN,1,2,2112025,3,other|/|None|side,60835.559,61057.209,60835.559,61057.209,G:\MONITORING CROSS SUCKING IN CALVES - KAPPEL - 2025\Pen 2 - Group 2\POSTWEANING\Day 1\ch02_20251103001956.mp4,ch02_20251103001956.mp4,59088.030007,61874.547674,1747.528993,1969.178993,Pen 2 - Group 2/POSTWEANING/Day 1/0032.zip
25,34,CS_0033_POSTWEAN_d1_p2_cow3_02112025_ch02-20251103001956_61073_61086.mp4,Pen 2 - Group 2\POSTWEANING\Day 1\CS_0033_POSTWEAN_d1_p2_cow3_02112025_ch02-20251103001956_61073_61086.mp4,E:\cross_sucking\Pen 2 - Group 2\POSTWEANING\Day 1\CS_0033_POSTWEAN_d1_p2_cow3_02112025_ch02-20251103001956_61073_61086.mp4,skipped_existing,1,1,Pen_2_POSTWEAN_Day_1_02112025,Pen 2 - Group 2,POSTWEAN,1,2,2112025,3,other|/|None|side,61073.069,61086.355,61073.069,61086.355,G:\MONITORING CROSS SUCKING IN CALVES - KAPPEL - 2025\Pen 2 - Group 2\POSTWEANING\Day 1\ch02_20251103001956.mp4,ch02_20251103001956.mp4,59088.030007,61874.547674,1985.038993,1998.324993,Pen 2 - Group 2/POSTWEANING/Day 1/0033.zip
26,35,CS_0034_POSTWEAN_d1_p2_cow6_02112025_ch02-20251103001956_61299_61314.mp4,Pen 2 - Group 2\POSTWEANING\Day 1\CS_0034_POSTWEAN_d1_p2_cow6_02112025_ch02-20251103001956_61299_61314.mp4,E:\cross_sucking\Pen 2 - Group 2\POSTWEANING\Day 1\CS_0034_POSTWEAN_d1_p2_cow6_02112025_ch02-20251103001956_61299_61314.mp4,skipped_existing,1,1,Pen_2_POSTWEAN_Day_1_02112025,Pen 2 - Group 2,POSTWEAN,1,2,2112025,6,grain feeder|O|None|side,61299.547,61314.861,61299.547,61314.861,G:\MONITORING CROSS SUCKING IN CALVES - KAPPEL - 2025\Pen 2 - Group 2\POSTWEANING\Day 1\ch02_20251103001956.mp4,ch02_20251103001956.mp4,59088.030007,61874.547674,2211.516993,2226.830993,Pen 2 - Group 2/POSTWEANING/Day 1/0034.zip
27,36,CS_0035_POSTWEAN_d1_p2_cowslash_02112025_ch02-20251103015356_65865_65931.mp4,Pen 2 - Group 2\POSTWEANING\Day 1\CS_0035_POSTWEAN_d1_p2_cowslash_02112025_ch02-20251103015356_65865_65931.mp4,E:\cross_sucking\Pen 2 - Group 2\POSTWEANING\Day 1\CS_0035_POSTWEAN_d1_p2_cowslash_02112025_ch02-20251103015356_65865_65931.mp4,skipped_existing,1,1,Pen_2_POSTWEAN_Day_1_02112025,Pen 2 - Group 2,POSTWEAN,1,2,2112025,/,grain feeder|1|None|behind,65865.622,65931.3,65865.622,65931.3,G:\MONITORING CROSS SUCKING IN CALVES - KAPPEL - 2025\Pen 2 - Group 2\POSTWEANING\Day 1\ch02_20251103015356.mp4,ch02_20251103015356.mp4,64669.191341,67464.445008,1196.430659,1262.108659,Pen 2 - Group 2/POSTWEANING/Day 1/0035.zip
28,37,CS_0036_POSTWEAN_d1_p2_cow1_02112025_ch02-20251103015356_66512_66533.mp4,Pen 2 - Group 2\POSTWEANING\Day 1\CS_0036_POSTWEAN_d1_p2_cow1_02112025_ch02-20251103015356_66512_66533.mp4,E:\cross_sucking\Pen 2 - Group 2\POSTWEANING\Day 1\CS_0036_POSTWEAN_d1_p2_cow1_02112025_ch02-20251103015356_66512_66533.mp4,skipped_existing,1,1,Pen_2_POSTWEAN_Day_1_02112025,Pen 2 - Group 2,POSTWEAN,1,2,2112025,1,other|/|None|side,66512.82,66533.11,66512.82,66533.11,G:\MONITORING CROSS SUCKING IN CALVES - KAPPEL - 2025\Pen 2 - Group 2\POSTWEANING\Day 1\ch02_20251103015356.mp4,ch02_20251103015356.mp4,64669.191341,67464.445008,1843.628659,1863.918659,Pen 2 - Group 2/POSTWEANING/Day 1/0036.zip
29,38,CS_0037_POSTWEAN_d1_p2_cowA_02112025_ch02-20251103024053_69046_69421.mp4,Pen 2 - Group 2\POSTWEANING\Day 1\CS_0037_POSTWEAN_d1_p2_cowA_02112025_ch02-20251103024053_69046_69421.mp4,E:\cross_sucking\Pen 2 - Group 2\POSTWEANING\Day 1\CS_0037_POSTWEAN_d1_p2_cowA_02112025_ch02-20251103024053_69046_69421.mp4,skipped_existing,1,1,Pen_2_POSTWEAN_Day_1_02112025,Pen 2 - Group 2,POSTWEAN,1,2,2112025,A,other|O|reciprocal|side,69046.891,69421.8,69046.891,69421.8,G:\MONITORING CROSS SUCKING IN CALVES - KAPPEL - 2025\Pen 2 - Group 2\POSTWEANING\Day 1\ch02_20251103024053.mp4,ch02_20251103024053.mp4,67464.445008,70291.477675,1582.445992,1957.354992,Pen 2 - Group 2/POSTWEANING/Day 1/0037.zip
30,40,CS_0039_POSTWEAN_d1_p2_cowA_02112025_ch02-20251103024053_69421_69465.mp4,Pen 2 - Group 2\POSTWEANING\Day 1\CS_0039_POSTWEAN_d1_p2_cowA_02112025_ch02-20251103024053_69421_69465.mp4,E:\cross_sucking\Pen 2 - Group 2\POSTWEANING\Day 1\CS_0039_POSTWEAN_d1_p2_cowA_02112025_ch02-20251103024053_69421_69465.mp4,skipped_existing,1,1,Pen_2_POSTWEAN_Day_1_02112025,Pen 2 - Group 2,POSTWEAN,1,2,2112025,A,other|O|None|side,69421.801,69465.569,69421.801,69465.569,G:\MONITORING CROSS SUCKING IN CALVES - KAPPEL - 2025\Pen 2 - Group 2\POSTWEANING\Day 1\ch02_20251103024053.mp4,ch02_20251103024053.mp4,67464.445008,70291.477675,1957.355992,2001.123992,Pen 2 - Group 2/POSTWEANING/Day 1/0039.zip
31,41,CS_0040_POSTWEAN_d1_p2_cowA_02112025_ch02-20251103024053_69465_69505.mp4,Pen 2 - Group 2\POSTWEANING\Day 1\CS_0040_POSTWEAN_d1_p2_cowA_02112025_ch02-20251103024053_69465_69505.mp4,E:\cross_sucking\Pen 2 - Group 2\POSTWEANING\Day 1\CS_0040_POSTWEAN_d1_p2_cowA_02112025_ch02-20251103024053_69465_69505.mp4,skipped_existing,1,1,Pen_2_POSTWEAN_Day_1_02112025,Pen 2 - Group 2,POSTWEAN,1,2,2112025,A,grain feeder|O|None|side,69465.57,69505.122,69465.57,69505.122,G:\MONITORING CROSS SUCKING IN CALVES - KAPPEL - 2025\Pen 2 - Group 2\POSTWEANING\Day 1\ch02_20251103024053.mp4,ch02_20251103024053.mp4,67464.445008,70291.477675,2001.124992,2040.676992,Pen 2 - Group 2/POSTWEANING/Day 1/0040.zip
32,42,CS_0041_POSTWEAN_d1_p2_cowA_02112025_ch02-20251103024053_69583_69605.mp4,Pen 2 - Group 2\POSTWEANING\Day 1\CS_0041_POSTWEAN_d1_p2_cowA_02112025_ch02-20251103024053_69583_69605.mp4,E:\cross_sucking\Pen 2 - Group 2\POSTWEANING\Day 1\CS_0041_POSTWEAN_d1_p2_cowA_02112025_ch02-20251103024053_69583_69605.mp4,skipped_existing,1,1,Pen_2_POSTWEAN_Day_1_02112025,Pen 2 - Group 2,POSTWEAN,1,2,2112025,A,other|O|None|side,69583.171,69605.864,69583.171,69605.864,G:\MONITORING CROSS SUCKING IN CALVES - KAPPEL - 2025\Pen 2 - Group 2\POSTWEANING\Day 1\ch02_20251103024053.mp4,ch02_20251103024053.mp4,67464.445008,70291.477675,2118.725992,2141.418992,Pen 2 - Group 2/POSTWEANING/Day 1/0041.zip
33,44,CS_0043_POSTWEAN_d1_p2_cowT_02112025_ch02-20251103032750_71627_72208.mp4,Pen 2 - Group 2\POSTWEANING\Day 1\CS_0043_POSTWEAN_d1_p2_cowT_02112025_ch02-20251103032750_71627_72208.mp4,E:\cross_sucking\Pen 2 - Group 2\POSTWEANING\Day 1\CS_0043_POSTWEAN_d1_p2_cowT_02112025_ch02-20251103032750_71627_72208.mp4,skipped_existing,1,1,Pen_2_POSTWEAN_Day_1_02112025,Pen 2 - Group 2,POSTWEAN,1,2,2112025,T,other|8|reciprocal|side,71627.518,72208.625,71627.518,72208.625,G:\MONITORING CROSS SUCKING IN CALVES - KAPPEL - 2025\Pen 2 - Group 2\POSTWEANING\Day 1\ch02_20251103032750.mp4,ch02_20251103032750.mp4,70291.477675,73087.297342,1336.040325,1917.147325,Pen 2 - Group 2/POSTWEANING/Day 1/0043.zip
34,45,CS_0044_POSTWEAN_d1_p2_cow6_02112025_ch02-20251103041448_73628_73671.mp4,Pen 2 - Group 2\POSTWEANING\Day 1\CS_0044_POSTWEAN_d1_p2_cow6_02112025_ch02-20251103041448_73628_73671.mp4,E:\cross_sucking\Pen 2 - Group 2\POSTWEANING\Day 1\CS_0044_POSTWEAN_d1_p2_cow6_02112025_ch02-20251103041448_73628_73671.mp4,skipped_existing,1,1,Pen_2_POSTWEAN_Day_1_02112025,Pen 2 - Group 2,POSTWEAN,1,2,2112025,6,grain feeder|/|None|side,73628.26,73671.813,73628.26,73671.813,G:\MONITORING CROSS SUCKING IN CALVES - KAPPEL - 2025\Pen 2 - Group 2\POSTWEANING\Day 1\ch02_20251103041448.mp4,ch02_20251103041448.mp4,73087.297342,75866.167009,540.962658,584.515658,Pen 2 - Group 2/POSTWEANING/Day 1/0044.zip
35,46,CS_0045_POSTWEAN_d2_p2_cow6_03112025_ch02-20251103081007_4992_5077.mp4,Pen 2 - Group 2\POSTWEANING\Day 2\CS_0045_POSTWEAN_d2_p2_cow6_03112025_ch02-20251103081007_4992_5077.mp4,E:\cross_sucking\Pen 2 - Group 2\POSTWEANING\Day 2\CS_0045_POSTWEAN_d2_p2_cow6_03112025_ch02-20251103081007_4992_5077.mp4,skipped_existing,1,1,Pen_2_POSTWEAN_Day_2_03112025,Pen 2 - Group 2,POSTWEAN,2,2,3112025,6,grain feeder|8|None|side,4992.975,5077.577,4992.975,5077.577,G:\MONITORING CROSS SUCKING IN CALVES - KAPPEL - 2025\Pen 2 - Group 2\POSTWEANING\Day 2\ch02_20251103081007.mp4,ch02_20251103081007.mp4,2817.106667,5643.994334,2175.868333,2260.470333,Pen 2 - Group 2/POSTWEANING/Day 2/0045.zip
36,47,CS_0046_POSTWEAN_d2_p2_cow6_03112025_ch02-20251103085704_5821_5872.mp4,Pen 2 - Group 2\POSTWEANING\Day 2\CS_0046_POSTWEAN_d2_p2_cow6_03112025_ch02-20251103085704_5821_5872.mp4,E:\cross_sucking\Pen 2 - Group 2\POSTWEANING\Day 2\CS_0046_POSTWEAN_d2_p2_cow6_03112025_ch02-20251103085704_5821_5872.mp4,skipped_existing,1,1,Pen_2_POSTWEAN_Day_2_03112025,Pen 2 - Group 2,POSTWEAN,2,2,3112025,6,other|A|None|side,5821.011,5872.888,5821.011,5872.888,G:\MONITORING CROSS SUCKING IN CALVES - KAPPEL - 2025\Pen 2 - Group 2\POSTWEANING\Day 2\ch02_20251103085704.mp4,ch02_20251103085704.mp4,5643.994334,8423.867001,177.016666,228.893666,Pen 2 - Group 2/POSTWEANING/Day 2/0046.zip
37,48,CS_0047_POSTWEAN_d2_p2_cowslash_03112025_ch02-20251103085704_6833_6873.mp4,Pen 2 - Group 2\POSTWEANING\Day 2\CS_0047_POSTWEAN_d2_p2_cowslash_03112025_ch02-20251103085704_6833_6873.mp4,E:\cross_sucking\Pen 2 - Group 2\POSTWEANING\Day 2\CS_0047_POSTWEAN_d2_p2_cowslash_03112025_ch02-20251103085704_6833_6873.mp4,skipped_existing,1,1,Pen_2_POSTWEAN_Day_2_03112025,Pen 2 - Group 2,POSTWEAN,2,2,3112025,/,other|1|None|side,6833.397,6873.712,6833.397,6873.712,G:\MONITORING CROSS SUCKING IN CALVES - KAPPEL - 2025\Pen 2 - Group 2\POSTWEANING\Day 2\ch02_20251103085704.mp4,ch02_20251103085704.mp4,5643.994334,8423.867001,1189.402666,1229.717666,Pen 2 - Group 2/POSTWEANING/Day 2/0047.zip
38,49,CS_0048_POSTWEAN_d2_p2_cowslash_03112025_ch02-20251103085704_6983_7180.mp4,Pen 2 - Group 2\POSTWEANING\Day 2\CS_0048_POSTWEAN_d2_p2_cowslash_03112025_ch02-20251103085704_6983_7180.mp4,E:\cross_sucking\Pen 2 - Group 2\POSTWEANING\Day 2\CS_0048_POSTWEAN_d2_p2_cowslash_03112025_ch02-20251103085704_6983_7180.mp4,skipped_existing,1,1,Pen_2_POSTWEAN_Day_2_03112025,Pen 2 - Group 2,POSTWEAN,2,2,3112025,/,other|1|reciprocal|side,6983.698,7180.464,6983.698,7180.464,G:\MONITORING CROSS SUCKING IN CALVES - KAPPEL - 2025\Pen 2 - Group 2\POSTWEANING\Day 2\ch02_20251103085704.mp4,ch02_20251103085704.mp4,5643.994334,8423.867001,1339.703666,1536.469666,Pen 2 - Group 2/POSTWEANING/Day 2/0048.zip
39,52,CS_0051_POSTWEAN_d2_p2_cow3_03112025_ch02-20251103103122_13065_13314.mp4,Pen 2 - Group 2\POSTWEANING\Day 2\CS_0051_POSTWEAN_d2_p2_cow3_03112025_ch02-20251103103122_13065_13314.mp4,E:\cross_sucking\Pen 2 - Group 2\POSTWEANING\Day 2\CS_0051_POSTWEAN_d2_p2_cow3_03112025_ch02-20251103103122_13065_13314.mp4,skipped_existing,1,1,Pen_2_POSTWEAN_Day_2_03112025,Pen 2 - Group 2,POSTWEAN,2,2,3112025,3,other|/|reciprocal|side,13065.014,13314.997,13065.014,13314.997,G:\MONITORING CROSS SUCKING IN CALVES - KAPPEL - 2025\Pen 2 - Group 2\POSTWEANING\Day 2\ch02_20251103103122.mp4,ch02_20251103103122.mp4,11210.970668,14026.874335,1854.043332,2104.026332,Pen 2 - Group 2/POSTWEANING/Day 2/0051.zip
40,55,CS_0053_POSTWEAN_d2_p2_cow8_03112025_ch02-20251103151315_28729_28748.mp4,Pen 2 - Group 2\POSTWEANING\Day 2\CS_0053_POSTWEAN_d2_p2_cow8_03112025_ch02-20251103151315_28729_28748.mp4,E:\cross_sucking\Pen 2 - Group 2\POSTWEANING\Day 2\CS_0053_POSTWEAN_d2_p2_cow8_03112025_ch02-20251103151315_28729_28748.mp4,skipped_existing,1,1,Pen_2_POSTWEAN_Day_2_03112025,Pen 2 - Group 2,POSTWEAN,2,2,3112025,8,other|T|None|side,28729.291,28748.588,28729.291,28748.588,G:\MONITORING CROSS SUCKING IN CALVES - KAPPEL - 2025\Pen 2 - Group 2\POSTWEANING\Day 2\ch02_20251103151315.mp4,ch02_20251103151315.mp4,28151.19267,30979.219337,578.09833,597.39533,Pen 2 - Group 2/POSTWEANING/Day 2/0053.zip
41,56,CS_0054_POSTWEAN_d2_p2_cowT_03112025_ch02-20251103151315_28736_28766.mp4,Pen 2 - Group 2\POSTWEANING\Day 2\CS_0054_POSTWEAN_d2_p2_cowT_03112025_ch02-20251103151315_28736_28766.mp4,E:\cross_sucking\Pen 2 - Group 2\POSTWEANING\Day 2\CS_0054_POSTWEAN_d2_p2_cowT_03112025_ch02-20251103151315_28736_28766.mp4,skipped_existing,1,1,Pen_2_POSTWEAN_Day_2_03112025,Pen 2 - Group 2,POSTWEAN,2,2,3112025,T,other|8|reciprocal|side,28736.916,28766.44,28736.916,28766.44,G:\MONITORING CROSS SUCKING IN CALVES - KAPPEL - 2025\Pen 2 - Group 2\POSTWEANING\Day 2\ch02_20251103151315.mp4,ch02_20251103151315.mp4,28151.19267,30979.219337,585.72333,615.24733,Pen 2 - Group 2/POSTWEANING/Day 2/0054.zip
42,57,CS_0055_POSTWEAN_d2_p2_cowT_03112025_ch02-20251103151315_28766_28782.mp4,Pen 2 - Group 2\POSTWEANING\Day 2\CS_0055_POSTWEAN_d2_p2_cowT_03112025_ch02-20251103151315_28766_28782.mp4,E:\cross_sucking\Pen 2 - Group 2\POSTWEANING\Day 2\CS_0055_POSTWEAN_d2_p2_cowT_03112025_ch02-20251103151315_28766_28782.mp4,skipped_existing,1,1,Pen_2_POSTWEAN_Day_2_03112025,Pen 2 - Group 2,POSTWEAN,2,2,3112025,T,other|8|None|side,28766.441,28782.453,28766.441,28782.453,G:\MONITORING CROSS SUCKING IN CALVES - KAPPEL - 2025\Pen 2 - Group 2\POSTWEANING\Day 2\ch02_20251103151315.mp4,ch02_20251103151315.mp4,28151.19267,30979.219337,615.24833,631.26033,Pen 2 - Group 2/POSTWEANING/Day 2/0055.zip
43,58,CS_0056_POSTWEAN_d2_p2_cowT_03112025_ch02-20251103151315_28819_28958.mp4,Pen 2 - Group 2\POSTWEANING\Day 2\CS_0056_POSTWEAN_d2_p2_cowT_03112025_ch02-20251103151315_28819_28958.mp4,E:\cross_sucking\Pen 2 - Group 2\POSTWEANING\Day 2\CS_0056_POSTWEAN_d2_p2_cowT_03112025_ch02-20251103151315_28819_28958.mp4,skipped_existing,1,1,Pen_2_POSTWEAN_Day_2_03112025,Pen 2 - Group 2,POSTWEAN,2,2,3112025,T,other|8|reciprocal|side,28819.849,28958.684,28819.849,28958.684,G:\MONITORING CROSS SUCKING IN CALVES - KAPPEL - 2025\Pen 2 - Group 2\POSTWEANING\Day 2\ch02_20251103151315.mp4,ch02_20251103151315.mp4,28151.19267,30979.219337,668.65633,807.49133,Pen 2 - Group 2/POSTWEANING/Day 2/0056.zip
44,61,CS_0059_POSTWEAN_d2_p2_cowA_03112025_ch02-20251103151315_28939_29006.mp4,Pen 2 - Group 2\POSTWEANING\Day 2\CS_0059_POSTWEAN_d2_p2_cowA_03112025_ch02-20251103151315_28939_29006.mp4,E:\cross_sucking\Pen 2 - Group 2\POSTWEANING\Day 2\CS_0059_POSTWEAN_d2_p2_cowA_03112025_ch02-20251103151315_28939_29006.mp4,skipped_existing,1,1,Pen_2_POSTWEAN_Day_2_03112025,Pen 2 - Group 2,POSTWEAN,2,2,3112025,A,other|O|reciprocal|side,28939.386,29006.531,28939.386,29006.531,G:\MONITORING CROSS SUCKING IN CALVES - KAPPEL - 2025\Pen 2 - Group 2\POSTWEANING\Day 2\ch02_20251103151315.mp4,ch02_20251103151315.mp4,28151.19267,30979.219337,788.19333,855.33833,Pen 2 - Group 2/POSTWEANING/Day 2/0059.zip
45,62,CS_0060_POSTWEAN_d2_p2_cowT_03112025_ch02-20251103151315_28958_29046.mp4,Pen 2 - Group 2\POSTWEANING\Day 2\CS_0060_POSTWEAN_d2_p2_cowT_03112025_ch02-20251103151315_28958_29046.mp4,E:\cross_sucking\Pen 2 - Group 2\POSTWEANING\Day 2\CS_0060_POSTWEAN_d2_p2_cowT_03112025_ch02-20251103151315_28958_29046.mp4,skipped_existing,1,1,Pen_2_POSTWEAN_Day_2_03112025,Pen 2 - Group 2,POSTWEAN,2,2,3112025,T,other|8|None|side,28958.685,29046.398,28958.685,29046.398,G:\MONITORING CROSS SUCKING IN CALVES - KAPPEL - 2025\Pen 2 - Group 2\POSTWEANING\Day 2\ch02_20251103151315.mp4,ch02_20251103151315.mp4,28151.19267,30979.219337,807.49233,895.20533,Pen 2 - Group 2/POSTWEANING/Day 2/0060.zip
46,63,CS_0061_POSTWEAN_d2_p2_cowA_03112025_ch02-20251103151315_29006_29354.mp4,Pen 2 - Group 2\POSTWEANING\Day 2\CS_0061_POSTWEAN_d2_p2_cowA_03112025_ch02-20251103151315_29006_29354.mp4,E:\cross_sucking\Pen 2 - Group 2\POSTWEANING\Day 2\CS_0061_POSTWEAN_d2_p2_cowA_03112025_ch02-20251103151315_29006_29354.mp4,skipped_existing,1,1,Pen_2_POSTWEAN_Day_2_03112025,Pen 2 - Group 2,POSTWEAN,2,2,3112025,A,other|O|None|side,29006.532,29354.37,29006.532,29354.37,G:\MONITORING CROSS SUCKING IN CALVES - KAPPEL - 2025\Pen 2 - Group 2\POSTWEANING\Day 2\ch02_20251103151315.mp4,ch02_20251103151315.mp4,28151.19267,30979.219337,855.33933,1203.17733,Pen 2 - Group 2/POSTWEANING/Day 2/0061.zip
47,64,CS_0062_POSTWEAN_d2_p2_cowT_03112025_ch02-20251103151315_29621_29756.mp4,Pen 2 - Group 2\POSTWEANING\Day 2\CS_0062_POSTWEAN_d2_p2_cowT_03112025_ch02-20251103151315_29621_29756.mp4,E:\cross_sucking\Pen 2 - Group 2\POSTWEANING\Day 2\CS_0062_POSTWEAN_d2_p2_cowT_03112025_ch02-20251103151315_29621_29756.mp4,skipped_existing,1,1,Pen_2_POSTWEAN_Day_2_03112025,Pen 2 - Group 2,POSTWEAN,2,2,3112025,T,other|1|None|side,29621.16,29756.447,29621.16,29756.447,G:\MONITORING CROSS SUCKING IN CALVES - KAPPEL - 2025\Pen 2 - Group 2\POSTWEANING\Day 2\ch02_20251103151315.mp4,ch02_20251103151315.mp4,28151.19267,30979.219337,1469.96733,1605.25433,Pen 2 - Group 2/POSTWEANING/Day 2/0062.zip
48,65,CS_0063_POSTWEAN_d2_p2_cowT_03112025_ch02-20251103151315_29756_29775.mp4,Pen 2 - Group 2\POSTWEANING\Day 2\CS_0063_POSTWEAN_d2_p2_cowT_03112025_ch02-20251103151315_29756_29775.mp4,E:\cross_sucking\Pen 2 - Group 2\POSTWEANING\Day 2\CS_0063_POSTWEAN_d2_p2_cowT_03112025_ch02-20251103151315_29756_29775.mp4,skipped_existing,1,1,Pen_2_POSTWEAN_Day_2_03112025,Pen 2 - Group 2,POSTWEAN,2,2,3112025,T,grain feeder|8|None|side,29756.448,29775.918,29756.448,29775.918,G:\MONITORING CROSS SUCKING IN CALVES - KAPPEL - 2025\Pen 2 - Group 2\POSTWEANING\Day 2\ch02_20251103151315.mp4,ch02_20251103151315.mp4,28151.19267,30979.219337,1605.25533,1624.72533,Pen 2 - Group 2/POSTWEANING/Day 2/0063.zip
49,66,CS_0064_POSTWEAN_d2_p2_cow6_03112025_ch02-20251103151315_29804_29859.mp4,Pen 2 - Group 2\POSTWEANING\Day 2\CS_0064_POSTWEAN_d2_p2_cow6_03112025_ch02-20251103151315_29804_29859.mp4,E:\cross_sucking\Pen 2 - Group 2\POSTWEANING\Day 2\CS_0064_POSTWEAN_d2_p2_cow6_03112025_ch02-20251103151315_29804_29859.mp4,skipped_existing,1,1,Pen_2_POSTWEAN_Day_2_03112025,Pen 2 - Group 2,POSTWEAN,2,2,3112025,6,other|A|None|behind,29804.347,29859.384,29804.347,29859.384,G:\MONITORING CROSS SUCKING IN CALVES - KAPPEL - 2025\Pen 2 - Group 2\POSTWEANING\Day 2\ch02_20251103151315.mp4,ch02_20251103151315.mp4,28151.19267,30979.219337,1653.15433,1708.19133,Pen 2 - Group 2/POSTWEANING/Day 2/0064.zip
50,67,CS_0065_POSTWEAN_d2_p2_cow3_03112025_ch02-20251103151315_30224_30280.mp4,Pen 2 - Group 2\POSTWEANING\Day 2\CS_0065_POSTWEAN_d2_p2_cow3_03112025_ch02-20251103151315_30224_30280.mp4,E:\cross_sucking\Pen 2 - Group 2\POSTWEANING\Day 2\CS_0065_POSTWEAN_d2_p2_cow3_03112025_ch02-20251103151315_30224_30280.mp4,skipped_existing,1,1,Pen_2_POSTWEAN_Day_2_03112025,Pen 2 - Group 2,POSTWEAN,2,2,3112025,3,other|/|reciprocal|side,30224.618,30280.365,30224.618,30280.365,G:\MONITORING CROSS SUCKING IN CALVES - KAPPEL - 2025\Pen 2 - Group 2\POSTWEANING\Day 2\ch02_20251103151315.mp4,ch02_20251103151315.mp4,28151.19267,30979.219337,2073.42533,2129.17233,Pen 2 - Group 2/POSTWEANING/Day 2/0065.zip
51,68,CS_0066_POSTWEAN_d2_p2_cow3_03112025_ch02-20251103151315_30280_30470.mp4,Pen 2 - Group 2\POSTWEANING\Day 2\CS_0066_POSTWEAN_d2_p2_cow3_03112025_ch02-20251103151315_30280_30470.mp4,E:\cross_sucking\Pen 2 - Group 2\POSTWEANING\Day 2\CS_0066_POSTWEAN_d2_p2_cow3_03112025_ch02-20251103151315_30280_30470.mp4,skipped_existing,1,1,Pen_2_POSTWEAN_Day_2_03112025,Pen 2 - Group 2,POSTWEAN,2,2,3112025,3,other|/|None|side,30280.366,30470.741,30280.366,30470.741,G:\MONITORING CROSS SUCKING IN CALVES - KAPPEL - 2025\Pen 2 - Group 2\POSTWEANING\Day 2\ch02_20251103151315.mp4,ch02_20251103151315.mp4,28151.19267,30979.219337,2129.17333,2319.54833,Pen 2 - Group 2/POSTWEANING/Day 2/0066.zip
52,69,CS_0067_POSTWEAN_d2_p2_cow3_03112025_ch02-20251103151315_30483_30547.mp4,Pen 2 - Group 2\POSTWEANING\Day 2\CS_0067_POSTWEAN_d2_p2_cow3_03112025_ch02-20251103151315_30483_30547.mp4,E:\cross_sucking\Pen 2 - Group 2\POSTWEANING\Day 2\CS_0067_POSTWEAN_d2_p2_cow3_03112025_ch02-20251103151315_30483_30547.mp4,skipped_existing,1,1,Pen_2_POSTWEAN_Day_2_03112025,Pen 2 - Group 2,POSTWEAN,2,2,3112025,3,other|/|None|side,30483.292,30547.768,30483.292,30547.768,G:\MONITORING CROSS SUCKING IN CALVES - KAPPEL - 2025\Pen 2 - Group 2\POSTWEANING\Day 2\ch02_20251103151315.mp4,ch02_20251103151315.mp4,28151.19267,30979.219337,2332.09933,2396.57533,Pen 2 - Group 2/POSTWEANING/Day 2/0067.zip
53,70,CS_0068_POSTWEAN_d2_p2_cow6_03112025_ch02-20251103160013_31608_31620.mp4,Pen 2 - Group 2\POSTWEANING\Day 2\CS_0068_POSTWEAN_d2_p2_cow6_03112025_ch02-20251103160013_31608_31620.mp4,E:\cross_sucking\Pen 2 - Group 2\POSTWEANING\Day 2\CS_0068_POSTWEAN_d2_p2_cow6_03112025_ch02-20251103160013_31608_31620.mp4,skipped_existing,1,1,Pen_2_POSTWEAN_Day_2_03112025,Pen 2 - Group 2,POSTWEAN,2,2,3112025,6,grain feeder|8|None|side,31608.9,31620.536,31608.9,31620.536,G:\MONITORING CROSS SUCKING IN CALVES - KAPPEL - 2025\Pen 2 - Group 2\POSTWEANING\Day 2\ch02_20251103160013.mp4,ch02_20251103160013.mp4,30979.219337,33757.427004,629.680663,641.316663,Pen 2 - Group 2/POSTWEANING/Day 2/0068.zip
54,71,CS_0069_POSTWEAN_d2_p2_cowO_03112025_ch02-20251103173407_36785_36818.mp4,Pen 2 - Group 2\POSTWEANING\Day 2\CS_0069_POSTWEAN_d2_p2_cowO_03112025_ch02-20251103173407_36785_36818.mp4,E:\cross_sucking\Pen 2 - Group 2\POSTWEANING\Day 2\CS_0069_POSTWEAN_d2_p2_cowO_03112025_ch02-20251103173407_36785_36818.mp4,skipped_existing,1,1,Pen_2_POSTWEAN_Day_2_03112025,Pen 2 - Group 2,POSTWEAN,2,2,3112025,O,other|1|reciprocal|side,36785.286,36818.521,36785.286,36818.521,G:\MONITORING CROSS SUCKING IN CALVES - KAPPEL - 2025\Pen 2 - Group 2\POSTWEANING\Day 2\ch02_20251103173407.mp4,ch02_20251103173407.mp4,36552.775671,39350.328338,232.510329,265.745329,Pen 2 - Group 2/POSTWEANING/Day 2/0069.zip
55,72,CS_0070_POSTWEAN_d2_p2_cowO_03112025_ch02-20251103173407_36818_36999.mp4,Pen 2 - Group 2\POSTWEANING\Day 2\CS_0070_POSTWEAN_d2_p2_cowO_03112025_ch02-20251103173407_36818_36999.mp4,E:\cross_sucking\Pen 2 - Group 2\POSTWEANING\Day 2\CS_0070_POSTWEAN_d2_p2_cowO_03112025_ch02-20251103173407_36818_36999.mp4,skipped_existing,1,1,Pen_2_POSTWEAN_Day_2_03112025,Pen 2 - Group 2,POSTWEAN,2,2,3112025,O,other|1|None|side,36818.522,36999.085,36818.522,36999.085,G:\MONITORING CROSS SUCKING IN CALVES - KAPPEL - 2025\Pen 2 - Group 2\POSTWEANING\Day 2\ch02_20251103173407.mp4,ch02_20251103173407.mp4,36552.775671,39350.328338,265.746329,446.309329,Pen 2 - Group 2/POSTWEANING/Day 2/0070.zip
56,73,CS_0071_POSTWEAN_d2_p2_cowA_03112025_ch02-20251103221630_55715_55740.mp4,Pen 2 - Group 2\POSTWEANING\Day 2\CS_0071_POSTWEAN_d2_p2_cowA_03112025_ch02-20251103221630_55715_55740.mp4,E:\cross_sucking\Pen 2 - Group 2\POSTWEANING\Day 2\CS_0071_POSTWEAN_d2_p2_cowA_03112025_ch02-20251103221630_55715_55740.mp4,skipped_existing,1,1,Pen_2_POSTWEAN_Day_2_03112025,Pen 2 - Group 2,POSTWEAN,2,2,3112025,A,other|O|reciprocal|side,55715.786,55740.985,55715.786,55740.985,G:\MONITORING CROSS SUCKING IN CALVES - KAPPEL - 2025\Pen 2 - Group 2\POSTWEANING\Day 2\ch02_20251103221630.mp4,ch02_20251103221630.mp4,53412.439673,56212.83134,2303.346327,2328.545327,Pen 2 - Group 2/POSTWEANING/Day 2/0071.zip
57,74,CS_0072_POSTWEAN_d2_p2_cowA_03112025_ch02-20251103221630_55740_56090.mp4,Pen 2 - Group 2\POSTWEANING\Day 2\CS_0072_POSTWEAN_d2_p2_cowA_03112025_ch02-20251103221630_55740_56090.mp4,E:\cross_sucking\Pen 2 - Group 2\POSTWEANING\Day 2\CS_0072_POSTWEAN_d2_p2_cowA_03112025_ch02-20251103221630_55740_56090.mp4,skipped_existing,1,1,Pen_2_POSTWEAN_Day_2_03112025,Pen 2 - Group 2,POSTWEAN,2,2,3112025,A,other|O|None|side,55740.986,56090.14,55740.986,56090.14,G:\MONITORING CROSS SUCKING IN CALVES - KAPPEL - 2025\Pen 2 - Group 2\POSTWEANING\Day 2\ch02_20251103221630.mp4,ch02_20251103221630.mp4,53412.439673,56212.83134,2328.546327,2677.700327,Pen 2 - Group 2/POSTWEANING/Day 2/0072.zip
58,77,CS_0075_POSTWEAN_d2_p2_cowT_03112025_ch02-20251103221630_55875_56107.mp4,Pen 2 - Group 2\POSTWEANING\Day 2\CS_0075_POSTWEAN_d2_p2_cowT_03112025_ch02-20251103221630_55875_56107.mp4,E:\cross_sucking\Pen 2 - Group 2\POSTWEANING\Day 2\CS_0075_POSTWEAN_d2_p2_cowT_03112025_ch02-20251103221630_55875_56107.mp4,skipped_existing,1,1,Pen_2_POSTWEAN_Day_2_03112025,Pen 2 - Group 2,POSTWEAN,2,2,3112025,T,other|8|reciprocal|side,55875.834,56107.47,55875.834,56107.47,G:\MONITORING CROSS SUCKING IN CALVES - KAPPEL - 2025\Pen 2 - Group 2\POSTWEANING\Day 2\ch02_20251103221630.mp4,ch02_20251103221630.mp4,53412.439673,56212.83134,2463.394327,2695.030327,Pen 2 - Group 2/POSTWEANING/Day 2/0075.zip
59,79,CS_0077_POSTWEAN_d2_p2_cow6_03112025_ch02-20251103221630_56042_56234_part01.mp4,Pen 2 - Group 2\POSTWEANING\Day 2\CS_0077_POSTWEAN_d2_p2_cow6_03112025_ch02-20251103221630_56042_56234_part01.mp4,E:\cross_sucking\Pen 2 - Group 2\POSTWEANING\Day 2\CS_0077_POSTWEAN_d2_p2_cow6_03112025_ch02-20251103221630_56042_56234_part01.mp4,skipped_existing,1,2,Pen_2_POSTWEAN_Day_2_03112025,Pen 2 - Group 2,POSTWEAN,2,2,3112025,6,grain feeder|1|None|side,56042.442,56234.07,56042.442,56212.83134,G:\MONITORING CROSS SUCKING IN CALVES - KAPPEL - 2025\Pen 2 - Group 2\POSTWEANING\Day 2\ch02_20251103221630.mp4,ch02_20251103221630.mp4,53412.439673,56212.83134,2630.002327,2800.391667,Pen 2 - Group 2/POSTWEANING/Day 2/0077_part01.zip
60,80,CS_0077_POSTWEAN_d2_p2_cow6_03112025_ch02-20251103221630_56042_56234_part02.mp4,Pen 2 - Group 2\POSTWEANING\Day 2\CS_0077_POSTWEAN_d2_p2_cow6_03112025_ch02-20251103221630_56042_56234_part02.mp4,E:\cross_sucking\Pen 2 - Group 2\POSTWEANING\Day 2\CS_0077_POSTWEAN_d2_p2_cow6_03112025_ch02-20251103221630_56042_56234_part02.mp4,skipped_existing,2,2,Pen_2_POSTWEAN_Day_2_03112025,Pen 2 - Group 2,POSTWEAN,2,2,3112025,6,grain feeder|1|None|side,56042.442,56234.07,56212.83134,56234.07,G:\MONITORING CROSS SUCKING IN CALVES - KAPPEL - 2025\Pen 2 - Group 2\POSTWEANING\Day 2\ch02_20251103230331.mp4,ch02_20251103230331.mp4,56212.83134,59008.126007,0.0,21.23866,Pen 2 - Group 2/POSTWEANING/Day 2/0077_part02.zip
61,81,CS_0078_POSTWEAN_d2_p2_cowT_03112025_ch02-20251103221630_56107_56472_part01.mp4,Pen 2 - Group 2\POSTWEANING\Day 2\CS_0078_POSTWEAN_d2_p2_cowT_03112025_ch02-20251103221630_56107_56472_part01.mp4,E:\cross_sucking\Pen 2 - Group 2\POSTWEANING\Day 2\CS_0078_POSTWEAN_d2_p2_cowT_03112025_ch02-20251103221630_56107_56472_part01.mp4,skipped_existing,1,2,Pen_2_POSTWEAN_Day_2_03112025,Pen 2 - Group 2,POSTWEAN,2,2,3112025,T,other|8|None|side,56107.471,56472.881,56107.471,56212.83134,G:\MONITORING CROSS SUCKING IN CALVES - KAPPEL - 2025\Pen 2 - Group 2\POSTWEANING\Day 2\ch02_20251103221630.mp4,ch02_20251103221630.mp4,53412.439673,56212.83134,2695.031327,2800.391667,Pen 2 - Group 2/POSTWEANING/Day 2/0078_part01.zip
62,82,CS_0078_POSTWEAN_d2_p2_cowT_03112025_ch02-20251103221630_56107_56472_part02.mp4,Pen 2 - Group 2\POSTWEANING\Day 2\CS_0078_POSTWEAN_d2_p2_cowT_03112025_ch02-20251103221630_56107_56472_part02.mp4,E:\cross_sucking\Pen 2 - Group 2\POSTWEANING\Day 2\CS_0078_POSTWEAN_d2_p2_cowT_03112025_ch02-20251103221630_56107_56472_part02.mp4,skipped_existing,2,2,Pen_2_POSTWEAN_Day_2_03112025,Pen 2 - Group 2,POSTWEAN,2,2,3112025,T,other|8|None|side,56107.471,56472.881,56212.83134,56472.881,G:\MONITORING CROSS SUCKING IN CALVES - KAPPEL - 2025\Pen 2 - Group 2\POSTWEANING\Day 2\ch02_20251103230331.mp4,ch02_20251103230331.mp4,56212.83134,59008.126007,0.0,260.04966,Pen 2 - Group 2/POSTWEANING/Day 2/0078_part02.zip
63,85,CS_0080_POSTWEAN_d2_p2_cow3_03112025_ch02-20251103230331_58139_58191.mp4,Pen 2 - Group 2\POSTWEANING\Day 2\CS_0080_POSTWEAN_d2_p2_cow3_03112025_ch02-20251103230331_58139_58191.mp4,E:\cross_sucking\Pen 2 - Group 2\POSTWEANING\Day 2\CS_0080_POSTWEAN_d2_p2_cow3_03112025_ch02-20251103230331_58139_58191.mp4,skipped_existing,1,1,Pen_2_POSTWEAN_Day_2_03112025,Pen 2 - Group 2,POSTWEAN,2,2,3112025,3,other|6|reciprocal|side,58139.836,58191.771,58139.836,58191.771,G:\MONITORING CROSS SUCKING IN CALVES - KAPPEL - 2025\Pen 2 - Group 2\POSTWEANING\Day 2\ch02_20251103230331.mp4,ch02_20251103230331.mp4,56212.83134,59008.126007,1927.00466,1978.93966,Pen 2 - Group 2/POSTWEANING/Day 2/0080.zip
64,86,CS_0081_POSTWEAN_d2_p2_cowA_03112025_ch02-20251103235028_60757_60787.mp4,Pen 2 - Group 2\POSTWEANING\Day 2\CS_0081_POSTWEAN_d2_p2_cowA_03112025_ch02-20251103235028_60757_60787.mp4,E:\cross_sucking\Pen 2 - Group 2\POSTWEANING\Day 2\CS_0081_POSTWEAN_d2_p2_cowA_03112025_ch02-20251103235028_60757_60787.mp4,skipped_existing,1,1,Pen_2_POSTWEAN_Day_2_03112025,Pen 2 - Group 2,POSTWEAN,2,2,3112025,A,grain feeder|/|None|side,60757.208,60787.75,60757.208,60787.75,G:\MONITORING CROSS SUCKING IN CALVES - KAPPEL - 2025\Pen 2 - Group 2\POSTWEANING\Day 2\ch02_20251103235028.mp4,ch02_20251103235028.mp4,59008.126007,61803.961674,1749.081993,1779.623993,Pen 2 - Group 2/POSTWEANING/Day 2/0081.zip
65,87,CS_0082_POSTWEAN_d2_p2_cow3_03112025_ch02-20251103235028_61047_61123.mp4,Pen 2 - Group 2\POSTWEANING\Day 2\CS_0082_POSTWEAN_d2_p2_cow3_03112025_ch02-20251103235028_61047_61123.mp4,E:\cross_sucking\Pen 2 - Group 2\POSTWEANING\Day 2\CS_0082_POSTWEAN_d2_p2_cow3_03112025_ch02-20251103235028_61047_61123.mp4,skipped_existing,1,1,Pen_2_POSTWEAN_Day_2_03112025,Pen 2 - Group 2,POSTWEAN,2,2,3112025,3,grain feeder|/|None|side,61047.823,61123.049,61047.823,61123.049,G:\MONITORING CROSS SUCKING IN CALVES - KAPPEL - 2025\Pen 2 - Group 2\POSTWEANING\Day 2\ch02_20251103235028.mp4,ch02_20251103235028.mp4,59008.126007,61803.961674,2039.696993,2114.922993,Pen 2 - Group 2/POSTWEANING/Day 2/0082.zip
66,88,CS_0083_POSTWEAN_d2_p2_cowT_03112025_ch02-20251104021156_69874_69899.mp4,Pen 2 - Group 2\POSTWEANING\Day 2\CS_0083_POSTWEAN_d2_p2_cowT_03112025_ch02-20251104021156_69874_69899.mp4,E:\cross_sucking\Pen 2 - Group 2\POSTWEANING\Day 2\CS_0083_POSTWEAN_d2_p2_cowT_03112025_ch02-20251104021156_69874_69899.mp4,skipped_existing,1,1,Pen_2_POSTWEAN_Day_2_03112025,Pen 2 - Group 2,POSTWEAN,2,2,3112025,T,hay|1|None|behind,69874.708,69899.908,69874.708,69899.908,G:\MONITORING CROSS SUCKING IN CALVES - KAPPEL - 2025\Pen 2 - Group 2\POSTWEANING\Day 2\ch02_20251104021156.mp4,ch02_20251104021156.mp4,67410.599008,70189.064675,2464.108992,2489.308992,Pen 2 - Group 2/POSTWEANING/Day 2/0083.zip
67,89,CS_0084_POSTWEAN_d2_p2_cowA_03112025_ch02-20251104025852_72959_73078_part01.mp4,Pen 2 - Group 2\POSTWEANING\Day 2\CS_0084_POSTWEAN_d2_p2_cowA_03112025_ch02-20251104025852_72959_73078_part01.mp4,E:\cross_sucking\Pen 2 - Group 2\POSTWEANING\Day 2\CS_0084_POSTWEAN_d2_p2_cowA_03112025_ch02-20251104025852_72959_73078_part01.mp4,skipped_existing,1,2,Pen_2_POSTWEAN_Day_2_03112025,Pen 2 - Group 2,POSTWEAN,2,2,3112025,A,other|O|None|side,72959.549,73078.762,72959.549,73006.380342,G:\MONITORING CROSS SUCKING IN CALVES - KAPPEL - 2025\Pen 2 - Group 2\POSTWEANING\Day 2\ch02_20251104025852.mp4,ch02_20251104025852.mp4,70189.064675,73006.380342,2770.484325,2817.315667,Pen 2 - Group 2/POSTWEANING/Day 2/0084_part01.zip
68,90,CS_0084_POSTWEAN_d2_p2_cowA_03112025_ch02-20251104025852_72959_73078_part02.mp4,Pen 2 - Group 2\POSTWEANING\Day 2\CS_0084_POSTWEAN_d2_p2_cowA_03112025_ch02-20251104025852_72959_73078_part02.mp4,E:\cross_sucking\Pen 2 - Group 2\POSTWEANING\Day 2\CS_0084_POSTWEAN_d2_p2_cowA_03112025_ch02-20251104025852_72959_73078_part02.mp4,skipped_existing,2,2,Pen_2_POSTWEAN_Day_2_03112025,Pen 2 - Group 2,POSTWEAN,2,2,3112025,A,other|O|None|side,72959.549,73078.762,73006.380342,73078.762,G:\MONITORING CROSS SUCKING IN CALVES - KAPPEL - 2025\Pen 2 - Group 2\POSTWEANING\Day 2\ch02_20251104034554.mp4,ch02_20251104034554.mp4,73006.380342,75818.504009,0.0,72.381658,Pen 2 - Group 2/POSTWEANING/Day 2/0084_part02.zip
69,91,CS_0085_POSTWEAN_d2_p2_cowA_03112025_ch02-20251104034554_73108_73145.mp4,Pen 2 - Group 2\POSTWEANING\Day 2\CS_0085_POSTWEAN_d2_p2_cowA_03112025_ch02-20251104034554_73108_73145.mp4,E:\cross_sucking\Pen 2 - Group 2\POSTWEANING\Day 2\CS_0085_POSTWEAN_d2_p2_cowA_03112025_ch02-20251104034554_73108_73145.mp4,skipped_existing,1,1,Pen_2_POSTWEAN_Day_2_03112025,Pen 2 - Group 2,POSTWEAN,2,2,3112025,A,other|O|None|side,73108.825,73145.289,73108.825,73145.289,G:\MONITORING CROSS SUCKING IN CALVES - KAPPEL - 2025\Pen 2 - Group 2\POSTWEANING\Day 2\ch02_20251104034554.mp4,ch02_20251104034554.mp4,73006.380342,75818.504009,102.444658,138.908658,Pen 2 - Group 2/POSTWEANING/Day 2/0085.zip
70,92,CS_0086_POSTWEAN_d2_p2_cowslash_03112025_ch02-20251104034554_73321_73433.mp4,Pen 2 - Group 2\POSTWEANING\Day 2\CS_0086_POSTWEAN_d2_p2_cowslash_03112025_ch02-20251104034554_73321_73433.mp4,E:\cross_sucking\Pen 2 - Group 2\POSTWEANING\Day 2\CS_0086_POSTWEAN_d2_p2_cowslash_03112025_ch02-20251104034554_73321_73433.mp4,skipped_existing,1,1,Pen_2_POSTWEAN_Day_2_03112025,Pen 2 - Group 2,POSTWEAN,2,2,3112025,/,other|3|reciprocal|side,73321.671,73433.546,73321.671,73433.546,G:\MONITORING CROSS SUCKING IN CALVES - KAPPEL - 2025\Pen 2 - Group 2\POSTWEANING\Day 2\ch02_20251104034554.mp4,ch02_20251104034554.mp4,73006.380342,75818.504009,315.290658,427.165658,Pen 2 - Group 2/POSTWEANING/Day 2/0086.zip
71,95,CS_0089_POSTWEAN_d2_p2_cow3_03112025_ch02-20251104034554_73476_73590.mp4,Pen 2 - Group 2\POSTWEANING\Day 2\CS_0089_POSTWEAN_d2_p2_cow3_03112025_ch02-20251104034554_73476_73590.mp4,E:\cross_sucking\Pen 2 - Group 2\POSTWEANING\Day 2\CS_0089_POSTWEAN_d2_p2_cow3_03112025_ch02-20251104034554_73476_73590.mp4,skipped_existing,1,1,Pen_2_POSTWEAN_Day_2_03112025,Pen 2 - Group 2,POSTWEAN,2,2,3112025,3,other|/|reciprocal|side,73476.594,73590.929,73476.594,73590.929,G:\MONITORING CROSS SUCKING IN CALVES - KAPPEL - 2025\Pen 2 - Group 2\POSTWEANING\Day 2\ch02_20251104034554.mp4,ch02_20251104034554.mp4,73006.380342,75818.504009,470.213658,584.548658,Pen 2 - Group 2/POSTWEANING/Day 2/0089.zip
72,96,CS_0090_POSTWEAN_d2_p2_cowA_03112025_ch02-20251104051950_80468_80504.mp4,Pen 2 - Group 2\POSTWEANING\Day 2\CS_0090_POSTWEAN_d2_p2_cowA_03112025_ch02-20251104051950_80468_80504.mp4,E:\cross_sucking\Pen 2 - Group 2\POSTWEANING\Day 2\CS_0090_POSTWEAN_d2_p2_cowA_03112025_ch02-20251104051950_80468_80504.mp4,skipped_existing,1,1,Pen_2_POSTWEAN_Day_2_03112025,Pen 2 - Group 2,POSTWEAN,2,2,3112025,A,other|O|None|side,80468.664,80504.282,80468.664,80504.282,G:\MONITORING CROSS SUCKING IN CALVES - KAPPEL - 2025\Pen 2 - Group 2\POSTWEANING\Day 2\ch02_20251104051950.mp4,ch02_20251104051950.mp4,78632.236676,81412.807343,1836.427324,1872.045324,Pen 2 - Group 2/POSTWEANING/Day 2/0090.zip
73,97,CS_0091_POSTWEAN_d3_p2_cowO_04112025_ch02-20251104091439_7002_7107.mp4,Pen 2 - Group 2\POSTWEANING\Day 3\CS_0091_POSTWEAN_d3_p2_cowO_04112025_ch02-20251104091439_7002_7107.mp4,E:\cross_sucking\Pen 2 - Group 2\POSTWEANING\Day 3\CS_0091_POSTWEAN_d3_p2_cowO_04112025_ch02-20251104091439_7002_7107.mp4,skipped_existing,1,1,Pen_2_POSTWEAN_Day_3_04112025,Pen 2 - Group 2,POSTWEAN,3,2,4112025,O,other|A|reciprocal|side,7002.199,7107.628,7002.199,7107.628,G:\MONITORING CROSS SUCKING IN CALVES - KAPPEL - 2025\Pen 2 - Group 2\POSTWEANING\Day 3\ch02_20251104091439.mp4,ch02_20251104091439.mp4,5641.702334,8437.394001,1360.496666,1465.925666,Pen 2 - Group 2/POSTWEANING/Day 3/0091.zip
74,99,CS_0093_POSTWEAN_d3_p2_cowA_04112025_ch02-20251104091439_7107_7367.mp4,Pen 2 - Group 2\POSTWEANING\Day 3\CS_0093_POSTWEAN_d3_p2_cowA_04112025_ch02-20251104091439_7107_7367.mp4,E:\cross_sucking\Pen 2 - Group 2\POSTWEANING\Day 3\CS_0093_POSTWEAN_d3_p2_cowA_04112025_ch02-20251104091439_7107_7367.mp4,skipped_existing,1,1,Pen_2_POSTWEAN_Day_3_04112025,Pen 2 - Group 2,POSTWEAN,3,2,4112025,A,other|O|None|side,7107.628,7367.678,7107.628,7367.678,G:\MONITORING CROSS SUCKING IN CALVES - KAPPEL - 2025\Pen 2 - Group 2\POSTWEANING\Day 3\ch02_20251104091439.mp4,ch02_20251104091439.mp4,5641.702334,8437.394001,1465.925666,1725.975666,Pen 2 - Group 2/POSTWEANING/Day 3/0093.zip
75,102,CS_0096_POSTWEAN_d3_p2_cow1_04112025_ch02-20251104091439_7282_7504.mp4,Pen 2 - Group 2\POSTWEANING\Day 3\CS_0096_POSTWEAN_d3_p2_cow1_04112025_ch02-20251104091439_7282_7504.mp4,E:\cross_sucking\Pen 2 - Group 2\POSTWEANING\Day 3\CS_0096_POSTWEAN_d3_p2_cow1_04112025_ch02-20251104091439_7282_7504.mp4,skipped_existing,1,1,Pen_2_POSTWEAN_Day_3_04112025,Pen 2 - Group 2,POSTWEAN,3,2,4112025,1,other|/|None|side,7282.191,7504.62,7282.191,7504.62,G:\MONITORING CROSS SUCKING IN CALVES - KAPPEL - 2025\Pen 2 - Group 2\POSTWEANING\Day 3\ch02_20251104091439.mp4,ch02_20251104091439.mp4,5641.702334,8437.394001,1640.488666,1862.917666,Pen 2 - Group 2/POSTWEANING/Day 3/0096.zip
76,104,CS_0098_POSTWEAN_d3_p2_cow1_04112025_ch02-20251104113530_15587_15735.mp4,Pen 2 - Group 2\POSTWEANING\Day 3\CS_0098_POSTWEAN_d3_p2_cow1_04112025_ch02-20251104113530_15587_15735.mp4,E:\cross_sucking\Pen 2 - Group 2\POSTWEANING\Day 3\CS_0098_POSTWEAN_d3_p2_cow1_04112025_ch02-20251104113530_15587_15735.mp4,skipped_existing,1,1,Pen_2_POSTWEAN_Day_3_04112025,Pen 2 - Group 2,POSTWEAN,3,2,4112025,1,other|/|None|side,15587.204,15735.251,15587.204,15735.251,G:\MONITORING CROSS SUCKING IN CALVES - KAPPEL - 2025\Pen 2 - Group 2\POSTWEANING\Day 3\ch02_20251104113530.mp4,ch02_20251104113530.mp4,14045.259335,16858.858002,1541.944665,1689.991665,Pen 2 - Group 2/POSTWEANING/Day 3/0098.zip
77,107,CS_0101_POSTWEAN_d3_p2_cowT_04112025_ch02-20251104144359_25709_25809.mp4,Pen 2 - Group 2\POSTWEANING\Day 3\CS_0101_POSTWEAN_d3_p2_cowT_04112025_ch02-20251104144359_25709_25809.mp4,E:\cross_sucking\Pen 2 - Group 2\POSTWEANING\Day 3\CS_0101_POSTWEAN_d3_p2_cowT_04112025_ch02-20251104144359_25709_25809.mp4,skipped_existing,1,1,Pen_2_POSTWEAN_Day_3_04112025,Pen 2 - Group 2,POSTWEAN,3,2,4112025,T,other|1|None|side,25709.953,25809.016,25709.953,25809.016,G:\MONITORING CROSS SUCKING IN CALVES - KAPPEL - 2025\Pen 2 - Group 2\POSTWEANING\Day 3\ch02_20251104144359.mp4,ch02_20251104144359.mp4,25220.585003,28016.85167,489.367997,588.430997,Pen 2 - Group 2/POSTWEANING/Day 3/0101.zip
78,108,CS_0102_POSTWEAN_d3_p2_cowT_04112025_ch02-20251104144359_25809_25926.mp4,Pen 2 - Group 2\POSTWEANING\Day 3\CS_0102_POSTWEAN_d3_p2_cowT_04112025_ch02-20251104144359_25809_25926.mp4,E:\cross_sucking\Pen 2 - Group 2\POSTWEANING\Day 3\CS_0102_POSTWEAN_d3_p2_cowT_04112025_ch02-20251104144359_25809_25926.mp4,skipped_existing,1,1,Pen_2_POSTWEAN_Day_3_04112025,Pen 2 - Group 2,POSTWEAN,3,2,4112025,T,other|1|None|behind,25809.017,25926.861,25809.017,25926.861,G:\MONITORING CROSS SUCKING IN CALVES - KAPPEL - 2025\Pen 2 - Group 2\POSTWEANING\Day 3\ch02_20251104144359.mp4,ch02_20251104144359.mp4,25220.585003,28016.85167,588.431997,706.275997,Pen 2 - Group 2/POSTWEANING/Day 3/0102.zip
79,109,CS_0103_POSTWEAN_d3_p2_cowT_04112025_ch02-20251104144359_25946_26025.mp4,Pen 2 - Group 2\POSTWEANING\Day 3\CS_0103_POSTWEAN_d3_p2_cowT_04112025_ch02-20251104144359_25946_26025.mp4,E:\cross_sucking\Pen 2 - Group 2\POSTWEANING\Day 3\CS_0103_POSTWEAN_d3_p2_cowT_04112025_ch02-20251104144359_25946_26025.mp4,skipped_existing,1,1,Pen_2_POSTWEAN_Day_3_04112025,Pen 2 - Group 2,POSTWEAN,3,2,4112025,T,other|1|None|behind,25946.303,26025.846,25946.303,26025.846,G:\MONITORING CROSS SUCKING IN CALVES - KAPPEL - 2025\Pen 2 - Group 2\POSTWEANING\Day 3\ch02_20251104144359.mp4,ch02_20251104144359.mp4,25220.585003,28016.85167,725.717997,805.260997,Pen 2 - Group 2/POSTWEANING/Day 3/0103.zip
80,110,CS_0104_POSTWEAN_d3_p2_cowT_04112025_ch02-20251104144359_26103_26244.mp4,Pen 2 - Group 2\POSTWEANING\Day 3\CS_0104_POSTWEAN_d3_p2_cowT_04112025_ch02-20251104144359_26103_26244.mp4,E:\cross_sucking\Pen 2 - Group 2\POSTWEANING\Day 3\CS_0104_POSTWEAN_d3_p2_cowT_04112025_ch02-20251104144359_26103_26244.mp4,skipped_existing,1,1,Pen_2_POSTWEAN_Day_3_04112025,Pen 2 - Group 2,POSTWEAN,3,2,4112025,T,other|1|None|side,26103.524,26244.785,26103.524,26244.785,G:\MONITORING CROSS SUCKING IN CALVES - KAPPEL - 2025\Pen 2 - Group 2\POSTWEANING\Day 3\ch02_20251104144359.mp4,ch02_20251104144359.mp4,25220.585003,28016.85167,882.938997,1024.199997,Pen 2 - Group 2/POSTWEANING/Day 3/0104.zip
81,111,CS_0105_POSTWEAN_d3_p2_cowT_04112025_ch02-20251104144359_26263_26273.mp4,Pen 2 - Group 2\POSTWEANING\Day 3\CS_0105_POSTWEAN_d3_p2_cowT_04112025_ch02-20251104144359_26263_26273.mp4,E:\cross_sucking\Pen 2 - Group 2\POSTWEANING\Day 3\CS_0105_POSTWEAN_d3_p2_cowT_04112025_ch02-20251104144359_26263_26273.mp4,skipped_existing,1,1,Pen_2_POSTWEAN_Day_3_04112025,Pen 2 - Group 2,POSTWEAN,3,2,4112025,T,other|6|None|side,26263.383,26273.036,26263.383,26273.036,G:\MONITORING CROSS SUCKING IN CALVES - KAPPEL - 2025\Pen 2 - Group 2\POSTWEANING\Day 3\ch02_20251104144359.mp4,ch02_20251104144359.mp4,25220.585003,28016.85167,1042.797997,1052.450997,Pen 2 - Group 2/POSTWEANING/Day 3/0105.zip
82,112,CS_0106_POSTWEAN_d3_p2_cow6_04112025_ch02-20251104144359_26264_26274.mp4,Pen 2 - Group 2\POSTWEANING\Day 3\CS_0106_POSTWEAN_d3_p2_cow6_04112025_ch02-20251104144359_26264_26274.mp4,E:\cross_sucking\Pen 2 - Group 2\POSTWEANING\Day 3\CS_0106_POSTWEAN_d3_p2_cow6_04112025_ch02-20251104144359_26264_26274.mp4,skipped_existing,1,1,Pen_2_POSTWEAN_Day_3_04112025,Pen 2 - Group 2,POSTWEAN,3,2,4112025,6,other|T|reciprocal|side,26264.954,26274.484,26264.954,26274.484,G:\MONITORING CROSS SUCKING IN CALVES - KAPPEL - 2025\Pen 2 - Group 2\POSTWEANING\Day 3\ch02_20251104144359.mp4,ch02_20251104144359.mp4,25220.585003,28016.85167,1044.368997,1053.898997,Pen 2 - Group 2/POSTWEANING/Day 3/0106.zip
83,113,CS_0107_POSTWEAN_d3_p2_cowT_04112025_ch02-20251104144359_26329_26333.mp4,Pen 2 - Group 2\POSTWEANING\Day 3\CS_0107_POSTWEAN_d3_p2_cowT_04112025_ch02-20251104144359_26329_26333.mp4,E:\cross_sucking\Pen 2 - Group 2\POSTWEANING\Day 3\CS_0107_POSTWEAN_d3_p2_cowT_04112025_ch02-20251104144359_26329_26333.mp4,skipped_existing,1,1,Pen_2_POSTWEAN_Day_3_04112025,Pen 2 - Group 2,POSTWEAN,3,2,4112025,T,other|1|None|behind,26329.013,26333.498,26329.013,26333.498,G:\MONITORING CROSS SUCKING IN CALVES - KAPPEL - 2025\Pen 2 - Group 2\POSTWEANING\Day 3\ch02_20251104144359.mp4,ch02_20251104144359.mp4,25220.585003,28016.85167,1108.427997,1112.912997,Pen 2 - Group 2/POSTWEANING/Day 3/0107.zip
84,114,CS_0108_POSTWEAN_d3_p2_cowT_04112025_ch02-20251104144359_26340_26346.mp4,Pen 2 - Group 2\POSTWEANING\Day 3\CS_0108_POSTWEAN_d3_p2_cowT_04112025_ch02-20251104144359_26340_26346.mp4,E:\cross_sucking\Pen 2 - Group 2\POSTWEANING\Day 3\CS_0108_POSTWEAN_d3_p2_cowT_04112025_ch02-20251104144359_26340_26346.mp4,skipped_existing,1,1,Pen_2_POSTWEAN_Day_3_04112025,Pen 2 - Group 2,POSTWEAN,3,2,4112025,T,other|1|None|behind,26340.918,26346.545,26340.918,26346.545,G:\MONITORING CROSS SUCKING IN CALVES - KAPPEL - 2025\Pen 2 - Group 2\POSTWEANING\Day 3\ch02_20251104144359.mp4,ch02_20251104144359.mp4,25220.585003,28016.85167,1120.332997,1125.959997,Pen 2 - Group 2/POSTWEANING/Day 3/0108.zip
85,115,CS_0109_POSTWEAN_d3_p2_cowT_04112025_ch02-20251104144359_26364_26413.mp4,Pen 2 - Group 2\POSTWEANING\Day 3\CS_0109_POSTWEAN_d3_p2_cowT_04112025_ch02-20251104144359_26364_26413.mp4,E:\cross_sucking\Pen 2 - Group 2\POSTWEANING\Day 3\CS_0109_POSTWEAN_d3_p2_cowT_04112025_ch02-20251104144359_26364_26413.mp4,skipped_existing,1,1,Pen_2_POSTWEAN_Day_3_04112025,Pen 2 - Group 2,POSTWEAN,3,2,4112025,T,other|1|None|side,26364.184,26413.744,26364.184,26413.744,G:\MONITORING CROSS SUCKING IN CALVES - KAPPEL - 2025\Pen 2 - Group 2\POSTWEANING\Day 3\ch02_20251104144359.mp4,ch02_20251104144359.mp4,25220.585003,28016.85167,1143.598997,1193.158997,Pen 2 - Group 2/POSTWEANING/Day 3/0109.zip
86,116,CS_0110_POSTWEAN_d3_p2_cowT_04112025_ch02-20251104144359_26425_26503.mp4,Pen 2 - Group 2\POSTWEANING\Day 3\CS_0110_POSTWEAN_d3_p2_cowT_04112025_ch02-20251104144359_26425_26503.mp4,E:\cross_sucking\Pen 2 - Group 2\POSTWEANING\Day 3\CS_0110_POSTWEAN_d3_p2_cowT_04112025_ch02-20251104144359_26425_26503.mp4,skipped_existing,1,1,Pen_2_POSTWEAN_Day_3_04112025,Pen 2 - Group 2,POSTWEAN,3,2,4112025,T,other|1|None|behind,26425.623,26503.419,26425.623,26503.419,G:\MONITORING CROSS SUCKING IN CALVES - KAPPEL - 2025\Pen 2 - Group 2\POSTWEANING\Day 3\ch02_20251104144359.mp4,ch02_20251104144359.mp4,25220.585003,28016.85167,1205.037997,1282.833997,Pen 2 - Group 2/POSTWEANING/Day 3/0110.zip
87,117,CS_0111_POSTWEAN_d3_p2_cowT_04112025_ch02-20251104144359_26507_26517.mp4,Pen 2 - Group 2\POSTWEANING\Day 3\CS_0111_POSTWEAN_d3_p2_cowT_04112025_ch02-20251104144359_26507_26517.mp4,E:\cross_sucking\Pen 2 - Group 2\POSTWEANING\Day 3\CS_0111_POSTWEAN_d3_p2_cowT_04112025_ch02-20251104144359_26507_26517.mp4,skipped_existing,1,1,Pen_2_POSTWEAN_Day_3_04112025,Pen 2 - Group 2,POSTWEAN,3,2,4112025,T,other|1|None|behind,26507.627,26517.75,26507.627,26517.75,G:\MONITORING CROSS SUCKING IN CALVES - KAPPEL - 2025\Pen 2 - Group 2\POSTWEANING\Day 3\ch02_20251104144359.mp4,ch02_20251104144359.mp4,25220.585003,28016.85167,1287.041997,1297.164997,Pen 2 - Group 2/POSTWEANING/Day 3/0111.zip
88,118,CS_0112_POSTWEAN_d3_p2_cowT_04112025_ch02-20251104144359_26537_26564.mp4,Pen 2 - Group 2\POSTWEANING\Day 3\CS_0112_POSTWEAN_d3_p2_cowT_04112025_ch02-20251104144359_26537_26564.mp4,E:\cross_sucking\Pen 2 - Group 2\POSTWEANING\Day 3\CS_0112_POSTWEAN_d3_p2_cowT_04112025_ch02-20251104144359_26537_26564.mp4,skipped_existing,1,1,Pen_2_POSTWEAN_Day_3_04112025,Pen 2 - Group 2,POSTWEAN,3,2,4112025,T,other|6|None|side,26537.495,26564.291,26537.495,26564.291,G:\MONITORING CROSS SUCKING IN CALVES - KAPPEL - 2025\Pen 2 - Group 2\POSTWEANING\Day 3\ch02_20251104144359.mp4,ch02_20251104144359.mp4,25220.585003,28016.85167,1316.909997,1343.705997,Pen 2 - Group 2/POSTWEANING/Day 3/0112.zip
89,119,CS_0113_POSTWEAN_d3_p2_cow6_04112025_ch02-20251104144359_26553_26600.mp4,Pen 2 - Group 2\POSTWEANING\Day 3\CS_0113_POSTWEAN_d3_p2_cow6_04112025_ch02-20251104144359_26553_26600.mp4,E:\cross_sucking\Pen 2 - Group 2\POSTWEANING\Day 3\CS_0113_POSTWEAN_d3_p2_cow6_04112025_ch02-20251104144359_26553_26600.mp4,skipped_existing,1,1,Pen_2_POSTWEAN_Day_3_04112025,Pen 2 - Group 2,POSTWEAN,3,2,4112025,6,other|T|reciprocal|side,26553.161,26600.519,26553.161,26600.519,G:\MONITORING CROSS SUCKING IN CALVES - KAPPEL - 2025\Pen 2 - Group 2\POSTWEANING\Day 3\ch02_20251104144359.mp4,ch02_20251104144359.mp4,25220.585003,28016.85167,1332.575997,1379.933997,Pen 2 - Group 2/POSTWEANING/Day 3/0113.zip
90,121,CS_0115_POSTWEAN_d3_p2_cowA_04112025_ch02-20251104175153_36801_36877.mp4,Pen 2 - Group 2\POSTWEANING\Day 3\CS_0115_POSTWEAN_d3_p2_cowA_04112025_ch02-20251104175153_36801_36877.mp4,E:\cross_sucking\Pen 2 - Group 2\POSTWEANING\Day 3\CS_0115_POSTWEAN_d3_p2_cowA_04112025_ch02-20251104175153_36801_36877.mp4,skipped_existing,1,1,Pen_2_POSTWEAN_Day_3_04112025,Pen 2 - Group 2,POSTWEAN,3,2,4112025,A,other|O|None|side,36801.315,36877.236,36801.315,36877.236,G:\MONITORING CROSS SUCKING IN CALVES - KAPPEL - 2025\Pen 2 - Group 2\POSTWEANING\Day 3\ch02_20251104175153.mp4,ch02_20251104175153.mp4,36474.082671,39269.876338,327.232329,403.153329,Pen 2 - Group 2/POSTWEANING/Day 3/0115.zip
91,123,CS_0117_POSTWEAN_d3_p2_cowT_04112025_ch02-20251104175153_36957_37319.mp4,Pen 2 - Group 2\POSTWEANING\Day 3\CS_0117_POSTWEAN_d3_p2_cowT_04112025_ch02-20251104175153_36957_37319.mp4,E:\cross_sucking\Pen 2 - Group 2\POSTWEANING\Day 3\CS_0117_POSTWEAN_d3_p2_cowT_04112025_ch02-20251104175153_36957_37319.mp4,skipped_existing,1,1,Pen_2_POSTWEAN_Day_3_04112025,Pen 2 - Group 2,POSTWEAN,3,2,4112025,T,other|8|reciprocal|side,36957.756,37319.534,36957.756,37319.534,G:\MONITORING CROSS SUCKING IN CALVES - KAPPEL - 2025\Pen 2 - Group 2\POSTWEANING\Day 3\ch02_20251104175153.mp4,ch02_20251104175153.mp4,36474.082671,39269.876338,483.673329,845.451329,Pen 2 - Group 2/POSTWEANING/Day 3/0117.zip
92,125,CS_0119_POSTWEAN_d3_p2_cow3_04112025_ch02-20251104175153_37403_37676.mp4,Pen 2 - Group 2\POSTWEANING\Day 3\CS_0119_POSTWEAN_d3_p2_cow3_04112025_ch02-20251104175153_37403_37676.mp4,E:\cross_sucking\Pen 2 - Group 2\POSTWEANING\Day 3\CS_0119_POSTWEAN_d3_p2_cow3_04112025_ch02-20251104175153_37403_37676.mp4,skipped_existing,1,1,Pen_2_POSTWEAN_Day_3_04112025,Pen 2 - Group 2,POSTWEAN,3,2,4112025,3,other|/|reciprocal|side,37403.399,37676.332,37403.399,37676.332,G:\MONITORING CROSS SUCKING IN CALVES - KAPPEL - 2025\Pen 2 - Group 2\POSTWEANING\Day 3\ch02_20251104175153.mp4,ch02_20251104175153.mp4,36474.082671,39269.876338,929.316329,1202.249329,Pen 2 - Group 2/POSTWEANING/Day 3/0119.zip
93,126,CS_0120_POSTWEAN_d3_p2_cowA_04112025_ch02-20251104175153_37627_37690.mp4,Pen 2 - Group 2\POSTWEANING\Day 3\CS_0120_POSTWEAN_d3_p2_cowA_04112025_ch02-20251104175153_37627_37690.mp4,E:\cross_sucking\Pen 2 - Group 2\POSTWEANING\Day 3\CS_0120_POSTWEAN_d3_p2_cowA_04112025_ch02-20251104175153_37627_37690.mp4,skipped_existing,1,1,Pen_2_POSTWEAN_Day_3_04112025,Pen 2 - Group 2,POSTWEAN,3,2,4112025,A,grain feeder|O|None|side,37627.384,37690.662,37627.384,37690.662,G:\MONITORING CROSS SUCKING IN CALVES - KAPPEL - 2025\Pen 2 - Group 2\POSTWEANING\Day 3\ch02_20251104175153.mp4,ch02_20251104175153.mp4,36474.082671,39269.876338,1153.301329,1216.579329,Pen 2 - Group 2/POSTWEANING/Day 3/0120.zip
94,127,CS_0121_POSTWEAN_d3_p2_cow1_04112025_ch02-20251104214659_52553_52635.mp4,Pen 2 - Group 2\POSTWEANING\Day 3\CS_0121_POSTWEAN_d3_p2_cow1_04112025_ch02-20251104214659_52553_52635.mp4,E:\cross_sucking\Pen 2 - Group 2\POSTWEANING\Day 3\CS_0121_POSTWEAN_d3_p2_cow1_04112025_ch02-20251104214659_52553_52635.mp4,skipped_existing,1,1,Pen_2_POSTWEAN_Day_3_04112025,Pen 2 - Group 2,POSTWEAN,3,2,4112025,1,other|/|reciprocal|side,52553.742,52635.834,52553.742,52635.834,G:\MONITORING CROSS SUCKING IN CALVES - KAPPEL - 2025\Pen 2 - Group 2\POSTWEANING\Day 3\ch02_20251104214659.mp4,ch02_20251104214659.mp4,50471.026006,53299.568673,2082.715994,2164.807994,Pen 2 - Group 2/POSTWEANING/Day 3/0121.zip
95,129,CS_0123_POSTWEAN_d3_p2_cow1_04112025_ch02-20251104214659_52719_52926.mp4,Pen 2 - Group 2\POSTWEANING\Day 3\CS_0123_POSTWEAN_d3_p2_cow1_04112025_ch02-20251104214659_52719_52926.mp4,E:\cross_sucking\Pen 2 - Group 2\POSTWEANING\Day 3\CS_0123_POSTWEAN_d3_p2_cow1_04112025_ch02-20251104214659_52719_52926.mp4,skipped_existing,1,1,Pen_2_POSTWEAN_Day_3_04112025,Pen 2 - Group 2,POSTWEAN,3,2,4112025,1,other|/|None|side,52719.316,52926.379,52719.316,52926.379,G:\MONITORING CROSS SUCKING IN CALVES - KAPPEL - 2025\Pen 2 - Group 2\POSTWEANING\Day 3\ch02_20251104214659.mp4,ch02_20251104214659.mp4,50471.026006,53299.568673,2248.289994,2455.352994,Pen 2 - Group 2/POSTWEANING/Day 3/0123.zip
96,131,CS_0125_POSTWEAN_d3_p2_cow6_04112025_ch02-20251104214659_53145_53312_part01.mp4,Pen 2 - Group 2\POSTWEANING\Day 3\CS_0125_POSTWEAN_d3_p2_cow6_04112025_ch02-20251104214659_53145_53312_part01.mp4,E:\cross_sucking\Pen 2 - Group 2\POSTWEANING\Day 3\CS_0125_POSTWEAN_d3_p2_cow6_04112025_ch02-20251104214659_53145_53312_part01.mp4,skipped_existing,1,2,Pen_2_POSTWEAN_Day_3_04112025,Pen 2 - Group 2,POSTWEAN,3,2,4112025,6,grain feeder|8|None|side,53145.802,53312.715,53145.802,53299.568673,G:\MONITORING CROSS SUCKING IN CALVES - KAPPEL - 2025\Pen 2 - Group 2\POSTWEANING\Day 3\ch02_20251104214659.mp4,ch02_20251104214659.mp4,50471.026006,53299.568673,2674.775994,2828.542667,Pen 2 - Group 2/POSTWEANING/Day 3/0125_part01.zip
97,132,CS_0125_POSTWEAN_d3_p2_cow6_04112025_ch02-20251104214659_53145_53312_part02.mp4,Pen 2 - Group 2\POSTWEANING\Day 3\CS_0125_POSTWEAN_d3_p2_cow6_04112025_ch02-20251104214659_53145_53312_part02.mp4,E:\cross_sucking\Pen 2 - Group 2\POSTWEANING\Day 3\CS_0125_POSTWEAN_d3_p2_cow6_04112025_ch02-20251104214659_53145_53312_part02.mp4,skipped_existing,2,2,Pen_2_POSTWEAN_Day_3_04112025,Pen 2 - Group 2,POSTWEAN,3,2,4112025,6,grain feeder|8|None|side,53145.802,53312.715,53299.568673,53312.715,G:\MONITORING CROSS SUCKING IN CALVES - KAPPEL - 2025\Pen 2 - Group 2\POSTWEANING\Day 3\ch02_20251104223430.mp4,ch02_20251104223430.mp4,53299.568673,56095.85034,0.0,13.146327,Pen 2 - Group 2/POSTWEANING/Day 3/0125_part02.zip
98,133,CS_0126_POSTWEAN_d3_p2_cowA_04112025_ch02-20251105023003_67856_68482.mp4,Pen 2 - Group 2\POSTWEANING\Day 3\CS_0126_POSTWEAN_d3_p2_cowA_04112025_ch02-20251105023003_67856_68482.mp4,E:\cross_sucking\Pen 2 - Group 2\POSTWEANING\Day 3\CS_0126_POSTWEAN_d3_p2_cowA_04112025_ch02-20251105023003_67856_68482.mp4,skipped_existing,1,1,Pen_2_POSTWEAN_Day_3_04112025,Pen 2 - Group 2,POSTWEAN,3,2,4112025,A,other|O|reciprocal|side,67856.492,68482.297,67856.492,68482.297,G:\MONITORING CROSS SUCKING IN CALVES - KAPPEL - 2025\Pen 2 - Group 2\POSTWEANING\Day 3\ch02_20251105023003.mp4,ch02_20251105023003.mp4,67368.741008,70197.331675,487.750992,1113.555992,Pen 2 - Group 2/POSTWEANING/Day 3/0126.zip
99,138,CS_0131_POSTWEAN_d3_p2_cowT_04112025_ch02-20251105023003_68232_68544.mp4,Pen 2 - Group 2\POSTWEANING\Day 3\CS_0131_POSTWEAN_d3_p2_cowT_04112025_ch02-20251105023003_68232_68544.mp4,E:\cross_sucking\Pen 2 - Group 2\POSTWEANING\Day 3\CS_0131_POSTWEAN_d3_p2_cowT_04112025_ch02-20251105023003_68232_68544.mp4,skipped_existing,1,1,Pen_2_POSTWEAN_Day_3_04112025,Pen 2 - Group 2,POSTWEAN,3,2,4112025,T,other|1|None|side,68232.439,68544.072,68232.439,68544.072,G:\MONITORING CROSS SUCKING IN CALVES - KAPPEL - 2025\Pen 2 - Group 2\POSTWEANING\Day 3\ch02_20251105023003.mp4,ch02_20251105023003.mp4,67368.741008,70197.331675,863.697992,1175.330992,Pen 2 - Group 2/POSTWEANING/Day 3/0131.zip
100,140,CS_0133_POSTWEAN_d3_p2_cowT_04112025_ch02-20251105023003_68554_68571.mp4,Pen 2 - Group 2\POSTWEANING\Day 3\CS_0133_POSTWEAN_d3_p2_cowT_04112025_ch02-20251105023003_68554_68571.mp4,E:\cross_sucking\Pen 2 - Group 2\POSTWEANING\Day 3\CS_0133_POSTWEAN_d3_p2_cowT_04112025_ch02-20251105023003_68554_68571.mp4,skipped_existing,1,1,Pen_2_POSTWEAN_Day_3_04112025,Pen 2 - Group 2,POSTWEAN,3,2,4112025,T,other|1|None|behind,68554.535,68571.793,68554.535,68571.793,G:\MONITORING CROSS SUCKING IN CALVES - KAPPEL - 2025\Pen 2 - Group 2\POSTWEANING\Day 3\ch02_20251105023003.mp4,ch02_20251105023003.mp4,67368.741008,70197.331675,1185.793992,1203.051992,Pen 2 - Group 2/POSTWEANING/Day 3/0133.zip
101,141,CS_0134_POSTWEAN_d3_p2_cow1_04112025_ch02-20251105023003_69052_69064.mp4,Pen 2 - Group 2\POSTWEANING\Day 3\CS_0134_POSTWEAN_d3_p2_cow1_04112025_ch02-20251105023003_69052_69064.mp4,E:\cross_sucking\Pen 2 - Group 2\POSTWEANING\Day 3\CS_0134_POSTWEAN_d3_p2_cow1_04112025_ch02-20251105023003_69052_69064.mp4,skipped_existing,1,1,Pen_2_POSTWEAN_Day_3_04112025,Pen 2 - Group 2,POSTWEAN,3,2,4112025,1,other|/|None|side,69052.357,69064.985,69052.357,69064.985,G:\MONITORING CROSS SUCKING IN CALVES - KAPPEL - 2025\Pen 2 - Group 2\POSTWEANING\Day 3\ch02_20251105023003.mp4,ch02_20251105023003.mp4,67368.741008,70197.331675,1683.615992,1696.243992,Pen 2 - Group 2/POSTWEANING/Day 3/0134.zip
102,142,CS_0135_POSTWEAN_d3_p2_cowT_04112025_ch02-20251105023003_69108_69135.mp4,Pen 2 - Group 2\POSTWEANING\Day 3\CS_0135_POSTWEAN_d3_p2_cowT_04112025_ch02-20251105023003_69108_69135.mp4,E:\cross_sucking\Pen 2 - Group 2\POSTWEANING\Day 3\CS_0135_POSTWEAN_d3_p2_cowT_04112025_ch02-20251105023003_69108_69135.mp4,skipped_existing,1,1,Pen_2_POSTWEAN_Day_3_04112025,Pen 2 - Group 2,POSTWEAN,3,2,4112025,T,grain feeder|1|None|behind,69108.042,69135.177,69108.042,69135.177,G:\MONITORING CROSS SUCKING IN CALVES - KAPPEL - 2025\Pen 2 - Group 2\POSTWEANING\Day 3\ch02_20251105023003.mp4,ch02_20251105023003.mp4,67368.741008,70197.331675,1739.300992,1766.435992,Pen 2 - Group 2/POSTWEANING/Day 3/0135.zip
103,143,CS_0136_POSTWEAN_d3_p2_cowA_04112025_ch02-20251105023003_69318_69322.mp4,Pen 2 - Group 2\POSTWEANING\Day 3\CS_0136_POSTWEAN_d3_p2_cowA_04112025_ch02-20251105023003_69318_69322.mp4,E:\cross_sucking\Pen 2 - Group 2\POSTWEANING\Day 3\CS_0136_POSTWEAN_d3_p2_cowA_04112025_ch02-20251105023003_69318_69322.mp4,skipped_existing,1,1,Pen_2_POSTWEAN_Day_3_04112025,Pen 2 - Group 2,POSTWEAN,3,2,4112025,A,other|1|None|side,69318.038,69322.285,69318.038,69322.285,G:\MONITORING CROSS SUCKING IN CALVES - KAPPEL - 2025\Pen 2 - Group 2\POSTWEANING\Day 3\ch02_20251105023003.mp4,ch02_20251105023003.mp4,67368.741008,70197.331675,1949.296992,1953.543992,Pen 2 - Group 2/POSTWEANING/Day 3/0136.zip
104,144,CS_0137_POSTWEAN_d3_p2_cowT_04112025_ch02-20251105023003_69444_69452.mp4,Pen 2 - Group 2\POSTWEANING\Day 3\CS_0137_POSTWEAN_d3_p2_cowT_04112025_ch02-20251105023003_69444_69452.mp4,E:\cross_sucking\Pen 2 - Group 2\POSTWEANING\Day 3\CS_0137_POSTWEAN_d3_p2_cowT_04112025_ch02-20251105023003_69444_69452.mp4,skipped_existing,1,1,Pen_2_POSTWEAN_Day_3_04112025,Pen 2 - Group 2,POSTWEAN,3,2,4112025,T,other|1|None|side,69444.234,69452.847,69444.234,69452.847,G:\MONITORING CROSS SUCKING IN CALVES - KAPPEL - 2025\Pen 2 - Group 2\POSTWEANING\Day 3\ch02_20251105023003.mp4,ch02_20251105023003.mp4,67368.741008,70197.331675,2075.492992,2084.105992,Pen 2 - Group 2/POSTWEANING/Day 3/0137.zip
105,145,CS_0138_POSTWEAN_d3_p2_cowO_04112025_ch02-20251105023003_69486_69771.mp4,Pen 2 - Group 2\POSTWEANING\Day 3\CS_0138_POSTWEAN_d3_p2_cowO_04112025_ch02-20251105023003_69486_69771.mp4,E:\cross_sucking\Pen 2 - Group 2\POSTWEANING\Day 3\CS_0138_POSTWEAN_d3_p2_cowO_04112025_ch02-20251105023003_69486_69771.mp4,skipped_existing,1,1,Pen_2_POSTWEAN_Day_3_04112025,Pen 2 - Group 2,POSTWEAN,3,2,4112025,O,other|A|None|lying down,69486.846,69771.076,69486.846,69771.076,G:\MONITORING CROSS SUCKING IN CALVES - KAPPEL - 2025\Pen 2 - Group 2\POSTWEANING\Day 3\ch02_20251105023003.mp4,ch02_20251105023003.mp4,67368.741008,70197.331675,2118.104992,2402.334992,Pen 2 - Group 2/POSTWEANING/Day 3/0138.zip
106,146,CS_0139_POSTWEAN_d3_p2_cowO_04112025_ch02-20251105071221_86707_86730.mp4,Pen 2 - Group 2\POSTWEANING\Day 3\CS_0139_POSTWEAN_d3_p2_cowO_04112025_ch02-20251105071221_86707_86730.mp4,E:\cross_sucking\Pen 2 - Group 2\POSTWEANING\Day 3\CS_0139_POSTWEAN_d3_p2_cowO_04112025_ch02-20251105071221_86707_86730.mp4,skipped_existing,1,1,Pen_2_POSTWEAN_Day_3_04112025,Pen 2 - Group 2,POSTWEAN,3,2,4112025,O,other|A|None|lying down,86707.804,86730.941,86707.804,86730.941,G:\MONITORING CROSS SUCKING IN CALVES - KAPPEL - 2025\Pen 2 - Group 2\POSTWEANING\Day 3\ch02_20251105071221.mp4,ch02_20251105071221.mp4,84191.12501,86970.903677,2516.67899,2539.81599,Pen 2 - Group 2/POSTWEANING/Day 3/0139.zip
222,277,CS_0266_WEAN_d1_p2_cowslash_16102025_ch02-20251016085230_6240_6269.mp4,Pen 2 - Group 2\WEANING\Day 1\CS_0266_WEAN_d1_p2_cowslash_16102025_ch02-20251016085230_6240_6269.mp4,E:\cross_sucking\Pen 2 - Group 2\WEANING\Day 1\CS_0266_WEAN_d1_p2_cowslash_16102025_ch02-20251016085230_6240_6269.mp4,skipped_existing,1,1,Pen_2_WEAN_Day_1_16102025,Pen 2 - Group 2,WEAN,1,2,16102025,/,other|3|reciprocal|side,6240.824,6269.196,6240.824,6269.196,G:\MONITORING CROSS SUCKING IN CALVES - KAPPEL - 2025\Pen 2 - Group 2\WEANING\Day 1\ch02_20251016085230.mp4,ch02_20251016085230.mp4,3975.294334,6765.872001,2265.529666,2293.901666,Pen 2 - Group 2/WEANING/Day 1/0266.zip
223,279,CS_0268_WEAN_d1_p2_cow3_16102025_ch02-20251016085230_6424_6763.mp4,Pen 2 - Group 2\WEANING\Day 1\CS_0268_WEAN_d1_p2_cow3_16102025_ch02-20251016085230_6424_6763.mp4,E:\cross_sucking\Pen 2 - Group 2\WEANING\Day 1\CS_0268_WEAN_d1_p2_cow3_16102025_ch02-20251016085230_6424_6763.mp4,skipped_existing,1,1,Pen_2_WEAN_Day_1_16102025,Pen 2 - Group 2,WEAN,1,2,16102025,3,other|/|reciprocal|side,6424.989,6763.718,6424.989,6763.718,G:\MONITORING CROSS SUCKING IN CALVES - KAPPEL - 2025\Pen 2 - Group 2\WEANING\Day 1\ch02_20251016085230.mp4,ch02_20251016085230.mp4,3975.294334,6765.872001,2449.694666,2788.423666,Pen 2 - Group 2/WEANING/Day 1/0268.zip
224,280,CS_0269_WEAN_d1_p2_cow1_16102025_ch02-20251016093928_6874_6896.mp4,Pen 2 - Group 2\WEANING\Day 1\CS_0269_WEAN_d1_p2_cow1_16102025_ch02-20251016093928_6874_6896.mp4,E:\cross_sucking\Pen 2 - Group 2\WEANING\Day 1\CS_0269_WEAN_d1_p2_cow1_16102025_ch02-20251016093928_6874_6896.mp4,skipped_existing,1,1,Pen_2_WEAN_Day_1_16102025,Pen 2 - Group 2,WEAN,1,2,16102025,1,grain feeder|6|None|behind,6874.225,6896.029,6874.225,6896.029,G:\MONITORING CROSS SUCKING IN CALVES - KAPPEL - 2025\Pen 2 - Group 2\WEANING\Day 1\ch02_20251016093928.mp4,ch02_20251016093928.mp4,6765.872001,9554.832668,108.352999,130.156999,Pen 2 - Group 2/WEANING/Day 1/0269.zip
225,281,CS_0270_WEAN_d1_p2_cow1_16102025_ch02-20251016093928_6969_7009.mp4,Pen 2 - Group 2\WEANING\Day 1\CS_0270_WEAN_d1_p2_cow1_16102025_ch02-20251016093928_6969_7009.mp4,E:\cross_sucking\Pen 2 - Group 2\WEANING\Day 1\CS_0270_WEAN_d1_p2_cow1_16102025_ch02-20251016093928_6969_7009.mp4,skipped_existing,1,1,Pen_2_WEAN_Day_1_16102025,Pen 2 - Group 2,WEAN,1,2,16102025,1,other|8|None|side,6969.835,7009.041,6969.835,7009.041,G:\MONITORING CROSS SUCKING IN CALVES - KAPPEL - 2025\Pen 2 - Group 2\WEANING\Day 1\ch02_20251016093928.mp4,ch02_20251016093928.mp4,6765.872001,9554.832668,203.962999,243.168999,Pen 2 - Group 2/WEANING/Day 1/0270.zip
226,282,CS_0271_WEAN_d1_p2_cow1_16102025_ch02-20251016093928_7753_7787.mp4,Pen 2 - Group 2\WEANING\Day 1\CS_0271_WEAN_d1_p2_cow1_16102025_ch02-20251016093928_7753_7787.mp4,E:\cross_sucking\Pen 2 - Group 2\WEANING\Day 1\CS_0271_WEAN_d1_p2_cow1_16102025_ch02-20251016093928_7753_7787.mp4,skipped_existing,1,1,Pen_2_WEAN_Day_1_16102025,Pen 2 - Group 2,WEAN,1,2,16102025,1,hay|6|reciprocal|side,7753.76,7787.607,7753.76,7787.607,G:\MONITORING CROSS SUCKING IN CALVES - KAPPEL - 2025\Pen 2 - Group 2\WEANING\Day 1\ch02_20251016093928.mp4,ch02_20251016093928.mp4,6765.872001,9554.832668,987.887999,1021.734999,Pen 2 - Group 2/WEANING/Day 1/0271.zip
227,283,CS_0272_WEAN_d1_p2_cow6_16102025_ch02-20251016111322_13724_13966.mp4,Pen 2 - Group 2\WEANING\Day 1\CS_0272_WEAN_d1_p2_cow6_16102025_ch02-20251016111322_13724_13966.mp4,E:\cross_sucking\Pen 2 - Group 2\WEANING\Day 1\CS_0272_WEAN_d1_p2_cow6_16102025_ch02-20251016111322_13724_13966.mp4,skipped_existing,1,1,Pen_2_WEAN_Day_1_16102025,Pen 2 - Group 2,WEAN,1,2,16102025,6,water|8|None|side,13724.341,13966.633,13724.341,13966.633,G:\MONITORING CROSS SUCKING IN CALVES - KAPPEL - 2025\Pen 2 - Group 2\WEANING\Day 1\ch02_20251016111322.mp4,ch02_20251016111322.mp4,12362.573335,15152.556002,1361.767665,1604.059665,Pen 2 - Group 2/WEANING/Day 1/0272.zip
228,284,CS_0273_WEAN_d1_p2_cowA_16102025_ch02-20251016120018_16308_16361.mp4,Pen 2 - Group 2\WEANING\Day 1\CS_0273_WEAN_d1_p2_cowA_16102025_ch02-20251016120018_16308_16361.mp4,E:\cross_sucking\Pen 2 - Group 2\WEANING\Day 1\CS_0273_WEAN_d1_p2_cowA_16102025_ch02-20251016120018_16308_16361.mp4,skipped_existing,1,1,Pen_2_WEAN_Day_1_16102025,Pen 2 - Group 2,WEAN,1,2,16102025,A,milk feeder|T|None|behind,16308.573,16361.239,16308.573,16361.239,G:\MONITORING CROSS SUCKING IN CALVES - KAPPEL - 2025\Pen 2 - Group 2\WEANING\Day 1\ch02_20251016120018.mp4,ch02_20251016120018.mp4,15152.556002,17976.325669,1156.016998,1208.682998,Pen 2 - Group 2/WEANING/Day 1/0273.zip
229,285,CS_0274_WEAN_d1_p2_cow6_16102025_ch02-20251016120018_16331_16387.mp4,Pen 2 - Group 2\WEANING\Day 1\CS_0274_WEAN_d1_p2_cow6_16102025_ch02-20251016120018_16331_16387.mp4,E:\cross_sucking\Pen 2 - Group 2\WEANING\Day 1\CS_0274_WEAN_d1_p2_cow6_16102025_ch02-20251016120018_16331_16387.mp4,skipped_existing,1,1,Pen_2_WEAN_Day_1_16102025,Pen 2 - Group 2,WEAN,1,2,16102025,6,other|3|None|side,16331.887,16387.272,16331.887,16387.272,G:\MONITORING CROSS SUCKING IN CALVES - KAPPEL - 2025\Pen 2 - Group 2\WEANING\Day 1\ch02_20251016120018.mp4,ch02_20251016120018.mp4,15152.556002,17976.325669,1179.330998,1234.715998,Pen 2 - Group 2/WEANING/Day 1/0274.zip
230,286,CS_0275_WEAN_d1_p2_cow6_16102025_ch02-20251016120018_16396_16425.mp4,Pen 2 - Group 2\WEANING\Day 1\CS_0275_WEAN_d1_p2_cow6_16102025_ch02-20251016120018_16396_16425.mp4,E:\cross_sucking\Pen 2 - Group 2\WEANING\Day 1\CS_0275_WEAN_d1_p2_cow6_16102025_ch02-20251016120018_16396_16425.mp4,skipped_existing,1,1,Pen_2_WEAN_Day_1_16102025,Pen 2 - Group 2,WEAN,1,2,16102025,6,other|3|None|side,16396.291,16425.069,16396.291,16425.069,G:\MONITORING CROSS SUCKING IN CALVES - KAPPEL - 2025\Pen 2 - Group 2\WEANING\Day 1\ch02_20251016120018.mp4,ch02_20251016120018.mp4,15152.556002,17976.325669,1243.734998,1272.512998,Pen 2 - Group 2/WEANING/Day 1/0275.zip
231,287,CS_0276_WEAN_d1_p2_cowT_16102025_ch02-20251016124717_19033_19045.mp4,Pen 2 - Group 2\WEANING\Day 1\CS_0276_WEAN_d1_p2_cowT_16102025_ch02-20251016124717_19033_19045.mp4,E:\cross_sucking\Pen 2 - Group 2\WEANING\Day 1\CS_0276_WEAN_d1_p2_cowT_16102025_ch02-20251016124717_19033_19045.mp4,skipped_existing,1,1,Pen_2_WEAN_Day_1_16102025,Pen 2 - Group 2,WEAN,1,2,16102025,T,other|6|None|side,19033.287,19045.529,19033.287,19045.529,G:\MONITORING CROSS SUCKING IN CALVES - KAPPEL - 2025\Pen 2 - Group 2\WEANING\Day 1\ch02_20251016124717.mp4,ch02_20251016124717.mp4,17976.325669,20750.291336,1056.961331,1069.203331,Pen 2 - Group 2/WEANING/Day 1/0276.zip
232,288,CS_0277_WEAN_d1_p2_cow8_16102025_ch02-20251016124717_20145_20162.mp4,Pen 2 - Group 2\WEANING\Day 1\CS_0277_WEAN_d1_p2_cow8_16102025_ch02-20251016124717_20145_20162.mp4,E:\cross_sucking\Pen 2 - Group 2\WEANING\Day 1\CS_0277_WEAN_d1_p2_cow8_16102025_ch02-20251016124717_20145_20162.mp4,skipped_existing,1,1,Pen_2_WEAN_Day_1_16102025,Pen 2 - Group 2,WEAN,1,2,16102025,8,other|A|None|lying down,20145.341,20162.427,20145.341,20162.427,G:\MONITORING CROSS SUCKING IN CALVES - KAPPEL - 2025\Pen 2 - Group 2\WEANING\Day 1\ch02_20251016124717.mp4,ch02_20251016124717.mp4,17976.325669,20750.291336,2169.015331,2186.101331,Pen 2 - Group 2/WEANING/Day 1/0277.zip
233,289,CS_0278_WEAN_d1_p2_cowslash_16102025_ch02-20251016124717_20332_20364.mp4,Pen 2 - Group 2\WEANING\Day 1\CS_0278_WEAN_d1_p2_cowslash_16102025_ch02-20251016124717_20332_20364.mp4,E:\cross_sucking\Pen 2 - Group 2\WEANING\Day 1\CS_0278_WEAN_d1_p2_cowslash_16102025_ch02-20251016124717_20332_20364.mp4,skipped_existing,1,1,Pen_2_WEAN_Day_1_16102025,Pen 2 - Group 2,WEAN,1,2,16102025,/,milk feeder|O|None|behind,20332.605,20364.121,20332.605,20364.121,G:\MONITORING CROSS SUCKING IN CALVES - KAPPEL - 2025\Pen 2 - Group 2\WEANING\Day 1\ch02_20251016124717.mp4,ch02_20251016124717.mp4,17976.325669,20750.291336,2356.279331,2387.795331,Pen 2 - Group 2/WEANING/Day 1/0278.zip
234,290,CS_0279_WEAN_d1_p2_cow6_16102025_ch02-20251016172902_37013_37058.mp4,Pen 2 - Group 2\WEANING\Day 1\CS_0279_WEAN_d1_p2_cow6_16102025_ch02-20251016172902_37013_37058.mp4,E:\cross_sucking\Pen 2 - Group 2\WEANING\Day 1\CS_0279_WEAN_d1_p2_cow6_16102025_ch02-20251016172902_37013_37058.mp4,skipped_existing,1,1,Pen_2_WEAN_Day_1_16102025,Pen 2 - Group 2,WEAN,1,2,16102025,6,milk feeder|8|None|behind,37013.197,37058.931,37013.197,37058.931,G:\MONITORING CROSS SUCKING IN CALVES - KAPPEL - 2025\Pen 2 - Group 2\WEANING\Day 1\ch02_20251016172902.mp4,ch02_20251016172902.mp4,34752.090671,37525.242338,2261.106329,2306.840329,Pen 2 - Group 2/WEANING/Day 1/0279.zip
235,291,CS_0280_WEAN_d1_p2_cowA_16102025_ch02-20251016194953_43701_43736.mp4,Pen 2 - Group 2\WEANING\Day 1\CS_0280_WEAN_d1_p2_cowA_16102025_ch02-20251016194953_43701_43736.mp4,E:\cross_sucking\Pen 2 - Group 2\WEANING\Day 1\CS_0280_WEAN_d1_p2_cowA_16102025_ch02-20251016194953_43701_43736.mp4,skipped_existing,1,1,Pen_2_WEAN_Day_1_16102025,Pen 2 - Group 2,WEAN,1,2,16102025,A,milk feeder|6|None|behind,43701.549,43736.035,43701.549,43736.035,G:\MONITORING CROSS SUCKING IN CALVES - KAPPEL - 2025\Pen 2 - Group 2\WEANING\Day 1\ch02_20251016194953.mp4,ch02_20251016194953.mp4,43138.871672,45945.119339,562.677328,597.163328,Pen 2 - Group 2/WEANING/Day 1/0280.zip
236,292,CS_0281_WEAN_d1_p2_cow6_16102025_ch02-20251016194953_45027_45161.mp4,Pen 2 - Group 2\WEANING\Day 1\CS_0281_WEAN_d1_p2_cow6_16102025_ch02-20251016194953_45027_45161.mp4,E:\cross_sucking\Pen 2 - Group 2\WEANING\Day 1\CS_0281_WEAN_d1_p2_cow6_16102025_ch02-20251016194953_45027_45161.mp4,skipped_existing,1,1,Pen_2_WEAN_Day_1_16102025,Pen 2 - Group 2,WEAN,1,2,16102025,6,hay|1|None|behind,45027.4,45161.581,45027.4,45161.581,G:\MONITORING CROSS SUCKING IN CALVES - KAPPEL - 2025\Pen 2 - Group 2\WEANING\Day 1\ch02_20251016194953.mp4,ch02_20251016194953.mp4,43138.871672,45945.119339,1888.528328,2022.709328,Pen 2 - Group 2/WEANING/Day 1/0281.zip
237,293,CS_0282_WEAN_d1_p2_cow6_16102025_ch02-20251016194953_45176_45250.mp4,Pen 2 - Group 2\WEANING\Day 1\CS_0282_WEAN_d1_p2_cow6_16102025_ch02-20251016194953_45176_45250.mp4,E:\cross_sucking\Pen 2 - Group 2\WEANING\Day 1\CS_0282_WEAN_d1_p2_cow6_16102025_ch02-20251016194953_45176_45250.mp4,skipped_existing,1,1,Pen_2_WEAN_Day_1_16102025,Pen 2 - Group 2,WEAN,1,2,16102025,6,other|T|None|side,45176.097,45250.945,45176.097,45250.945,G:\MONITORING CROSS SUCKING IN CALVES - KAPPEL - 2025\Pen 2 - Group 2\WEANING\Day 1\ch02_20251016194953.mp4,ch02_20251016194953.mp4,43138.871672,45945.119339,2037.225328,2112.073328,Pen 2 - Group 2/WEANING/Day 1/0282.zip
238,294,CS_0283_WEAN_d1_p2_cow1_16102025_ch02-20251016203651_46308_46833.mp4,Pen 2 - Group 2\WEANING\Day 1\CS_0283_WEAN_d1_p2_cow1_16102025_ch02-20251016203651_46308_46833.mp4,E:\cross_sucking\Pen 2 - Group 2\WEANING\Day 1\CS_0283_WEAN_d1_p2_cow1_16102025_ch02-20251016203651_46308_46833.mp4,skipped_existing,1,1,Pen_2_WEAN_Day_1_16102025,Pen 2 - Group 2,WEAN,1,2,16102025,1,other|/|reciprocal|side,46308.765,46833.871,46308.765,46833.871,G:\MONITORING CROSS SUCKING IN CALVES - KAPPEL - 2025\Pen 2 - Group 2\WEANING\Day 1\ch02_20251016203651.mp4,ch02_20251016203651.mp4,45945.119339,48720.403006,363.645661,888.751661,Pen 2 - Group 2/WEANING/Day 1/0283.zip
239,296,CS_0285_WEAN_d1_p2_cowslash_16102025_ch02-20251016203651_46979_46994.mp4,Pen 2 - Group 2\WEANING\Day 1\CS_0285_WEAN_d1_p2_cowslash_16102025_ch02-20251016203651_46979_46994.mp4,E:\cross_sucking\Pen 2 - Group 2\WEANING\Day 1\CS_0285_WEAN_d1_p2_cowslash_16102025_ch02-20251016203651_46979_46994.mp4,skipped_existing,1,1,Pen_2_WEAN_Day_1_16102025,Pen 2 - Group 2,WEAN,1,2,16102025,/,other|1|reciprocal|side,46979.345,46994.154,46979.345,46994.154,G:\MONITORING CROSS SUCKING IN CALVES - KAPPEL - 2025\Pen 2 - Group 2\WEANING\Day 1\ch02_20251016203651.mp4,ch02_20251016203651.mp4,45945.119339,48720.403006,1034.225661,1049.034661,Pen 2 - Group 2/WEANING/Day 1/0285.zip
240,297,CS_0286_WEAN_d1_p2_cow8_16102025_ch02-20251016203651_47374_47383.mp4,Pen 2 - Group 2\WEANING\Day 1\CS_0286_WEAN_d1_p2_cow8_16102025_ch02-20251016203651_47374_47383.mp4,E:\cross_sucking\Pen 2 - Group 2\WEANING\Day 1\CS_0286_WEAN_d1_p2_cow8_16102025_ch02-20251016203651_47374_47383.mp4,skipped_existing,1,1,Pen_2_WEAN_Day_1_16102025,Pen 2 - Group 2,WEAN,1,2,16102025,8,other|O|None|behind,47374.007,47383.201,47374.007,47383.201,G:\MONITORING CROSS SUCKING IN CALVES - KAPPEL - 2025\Pen 2 - Group 2\WEANING\Day 1\ch02_20251016203651.mp4,ch02_20251016203651.mp4,45945.119339,48720.403006,1428.887661,1438.081661,Pen 2 - Group 2/WEANING/Day 1/0286.zip
241,298,CS_0287_WEAN_d1_p2_cow6_16102025_ch02-20251016221046_52824_52933.mp4,Pen 2 - Group 2\WEANING\Day 1\CS_0287_WEAN_d1_p2_cow6_16102025_ch02-20251016221046_52824_52933.mp4,E:\cross_sucking\Pen 2 - Group 2\WEANING\Day 1\CS_0287_WEAN_d1_p2_cow6_16102025_ch02-20251016221046_52824_52933.mp4,skipped_existing,1,1,Pen_2_WEAN_Day_1_16102025,Pen 2 - Group 2,WEAN,1,2,16102025,6,other|8|None|side,52824.714,52933.539,52824.714,52933.539,G:\MONITORING CROSS SUCKING IN CALVES - KAPPEL - 2025\Pen 2 - Group 2\WEANING\Day 1\ch02_20251016221046.mp4,ch02_20251016221046.mp4,51511.282673,54286.26434,1313.431327,1422.256327,Pen 2 - Group 2/WEANING/Day 1/0287.zip
242,300,CS_0289_WEAN_d1_p2_cow6_16102025_ch02-20251016221046_52933_53013.mp4,Pen 2 - Group 2\WEANING\Day 1\CS_0289_WEAN_d1_p2_cow6_16102025_ch02-20251016221046_52933_53013.mp4,E:\cross_sucking\Pen 2 - Group 2\WEANING\Day 1\CS_0289_WEAN_d1_p2_cow6_16102025_ch02-20251016221046_52933_53013.mp4,skipped_existing,1,1,Pen_2_WEAN_Day_1_16102025,Pen 2 - Group 2,WEAN,1,2,16102025,6,other|8|None|behind,52933.54,53013.095,52933.54,53013.095,G:\MONITORING CROSS SUCKING IN CALVES - KAPPEL - 2025\Pen 2 - Group 2\WEANING\Day 1\ch02_20251016221046.mp4,ch02_20251016221046.mp4,51511.282673,54286.26434,1422.257327,1501.812327,Pen 2 - Group 2/WEANING/Day 1/0289.zip
243,301,CS_0290_WEAN_d1_p2_cow6_16102025_ch02-20251016221046_53100_53179.mp4,Pen 2 - Group 2\WEANING\Day 1\CS_0290_WEAN_d1_p2_cow6_16102025_ch02-20251016221046_53100_53179.mp4,E:\cross_sucking\Pen 2 - Group 2\WEANING\Day 1\CS_0290_WEAN_d1_p2_cow6_16102025_ch02-20251016221046_53100_53179.mp4,skipped_existing,1,1,Pen_2_WEAN_Day_1_16102025,Pen 2 - Group 2,WEAN,1,2,16102025,6,other|8|None|behind,53100.399,53179.85,53100.399,53179.85,G:\MONITORING CROSS SUCKING IN CALVES - KAPPEL - 2025\Pen 2 - Group 2\WEANING\Day 1\ch02_20251016221046.mp4,ch02_20251016221046.mp4,51511.282673,54286.26434,1589.116327,1668.567327,Pen 2 - Group 2/WEANING/Day 1/0290.zip
244,302,CS_0291_WEAN_d1_p2_cowslash_16102025_ch02-20251016221046_53483_53517.mp4,Pen 2 - Group 2\WEANING\Day 1\CS_0291_WEAN_d1_p2_cowslash_16102025_ch02-20251016221046_53483_53517.mp4,E:\cross_sucking\Pen 2 - Group 2\WEANING\Day 1\CS_0291_WEAN_d1_p2_cowslash_16102025_ch02-20251016221046_53483_53517.mp4,skipped_existing,1,1,Pen_2_WEAN_Day_1_16102025,Pen 2 - Group 2,WEAN,1,2,16102025,/,other|1|reciprocal|side,53483.332,53517.118,53483.332,53517.118,G:\MONITORING CROSS SUCKING IN CALVES - KAPPEL - 2025\Pen 2 - Group 2\WEANING\Day 1\ch02_20251016221046.mp4,ch02_20251016221046.mp4,51511.282673,54286.26434,1972.049327,2005.835327,Pen 2 - Group 2/WEANING/Day 1/0291.zip
245,303,CS_0292_WEAN_d1_p2_cow6_16102025_ch02-20251016221046_53652_53673.mp4,Pen 2 - Group 2\WEANING\Day 1\CS_0292_WEAN_d1_p2_cow6_16102025_ch02-20251016221046_53652_53673.mp4,E:\cross_sucking\Pen 2 - Group 2\WEANING\Day 1\CS_0292_WEAN_d1_p2_cow6_16102025_ch02-20251016221046_53652_53673.mp4,skipped_existing,1,1,Pen_2_WEAN_Day_1_16102025,Pen 2 - Group 2,WEAN,1,2,16102025,6,hay|T|None|behind,53652.677,53673.78,53652.677,53673.78,G:\MONITORING CROSS SUCKING IN CALVES - KAPPEL - 2025\Pen 2 - Group 2\WEANING\Day 1\ch02_20251016221046.mp4,ch02_20251016221046.mp4,51511.282673,54286.26434,2141.394327,2162.497327,Pen 2 - Group 2/WEANING/Day 1/0292.zip
246,304,CS_0293_WEAN_d1_p2_cowslash_16102025_ch02-20251016225744_54345_54362.mp4,Pen 2 - Group 2\WEANING\Day 1\CS_0293_WEAN_d1_p2_cowslash_16102025_ch02-20251016225744_54345_54362.mp4,E:\cross_sucking\Pen 2 - Group 2\WEANING\Day 1\CS_0293_WEAN_d1_p2_cowslash_16102025_ch02-20251016225744_54345_54362.mp4,skipped_existing,1,1,Pen_2_WEAN_Day_1_16102025,Pen 2 - Group 2,WEAN,1,2,16102025,/,grain feeder|1|None|behind,54345.032,54362.102,54345.032,54362.102,G:\MONITORING CROSS SUCKING IN CALVES - KAPPEL - 2025\Pen 2 - Group 2\WEANING\Day 1\ch02_20251016225744.mp4,ch02_20251016225744.mp4,54286.26434,57077.174007,58.76766,75.83766,Pen 2 - Group 2/WEANING/Day 1/0293.zip
247,305,CS_0294_WEAN_d1_p2_cowslash_16102025_ch02-20251017011836_62941_63220.mp4,Pen 2 - Group 2\WEANING\Day 1\CS_0294_WEAN_d1_p2_cowslash_16102025_ch02-20251017011836_62941_63220.mp4,E:\cross_sucking\Pen 2 - Group 2\WEANING\Day 1\CS_0294_WEAN_d1_p2_cowslash_16102025_ch02-20251017011836_62941_63220.mp4,skipped_existing,1,1,Pen_2_WEAN_Day_1_16102025,Pen 2 - Group 2,WEAN,1,2,16102025,/,other|3|reciprocal|side,62941.868,63220.543,62941.868,63220.543,G:\MONITORING CROSS SUCKING IN CALVES - KAPPEL - 2025\Pen 2 - Group 2\WEANING\Day 1\ch02_20251017011836.mp4,ch02_20251017011836.mp4,62659.535341,65434.816008,282.332659,561.007659,Pen 2 - Group 2/WEANING/Day 1/0294.zip
248,309,CS_0298_WEAN_d1_p2_cowT_16102025_ch02-20251017011836_63228_63246.mp4,Pen 2 - Group 2\WEANING\Day 1\CS_0298_WEAN_d1_p2_cowT_16102025_ch02-20251017011836_63228_63246.mp4,E:\cross_sucking\Pen 2 - Group 2\WEANING\Day 1\CS_0298_WEAN_d1_p2_cowT_16102025_ch02-20251017011836_63228_63246.mp4,skipped_existing,1,1,Pen_2_WEAN_Day_1_16102025,Pen 2 - Group 2,WEAN,1,2,16102025,T,other|3|None|side,63228.9,63246.09,63228.9,63246.09,G:\MONITORING CROSS SUCKING IN CALVES - KAPPEL - 2025\Pen 2 - Group 2\WEANING\Day 1\ch02_20251017011836.mp4,ch02_20251017011836.mp4,62659.535341,65434.816008,569.364659,586.554659,Pen 2 - Group 2/WEANING/Day 1/0298.zip
249,310,CS_0299_WEAN_d1_p2_cowslash_16102025_ch02-20251017011836_64259_64265.mp4,Pen 2 - Group 2\WEANING\Day 1\CS_0299_WEAN_d1_p2_cowslash_16102025_ch02-20251017011836_64259_64265.mp4,E:\cross_sucking\Pen 2 - Group 2\WEANING\Day 1\CS_0299_WEAN_d1_p2_cowslash_16102025_ch02-20251017011836_64259_64265.mp4,skipped_existing,1,1,Pen_2_WEAN_Day_1_16102025,Pen 2 - Group 2,WEAN,1,2,16102025,/,hay|1|None|side,64259.717,64265.531,64259.717,64265.531,G:\MONITORING CROSS SUCKING IN CALVES - KAPPEL - 2025\Pen 2 - Group 2\WEANING\Day 1\ch02_20251017011836.mp4,ch02_20251017011836.mp4,62659.535341,65434.816008,1600.181659,1605.995659,Pen 2 - Group 2/WEANING/Day 1/0299.zip
250,311,CS_0300_WEAN_d1_p2_cowslash_16102025_ch02-20251017011836_64265_64320.mp4,Pen 2 - Group 2\WEANING\Day 1\CS_0300_WEAN_d1_p2_cowslash_16102025_ch02-20251017011836_64265_64320.mp4,E:\cross_sucking\Pen 2 - Group 2\WEANING\Day 1\CS_0300_WEAN_d1_p2_cowslash_16102025_ch02-20251017011836_64265_64320.mp4,skipped_existing,1,1,Pen_2_WEAN_Day_1_16102025,Pen 2 - Group 2,WEAN,1,2,16102025,/,other|1|reciprocal|side,64265.532,64320.816,64265.532,64320.816,G:\MONITORING CROSS SUCKING IN CALVES - KAPPEL - 2025\Pen 2 - Group 2\WEANING\Day 1\ch02_20251017011836.mp4,ch02_20251017011836.mp4,62659.535341,65434.816008,1605.996659,1661.280659,Pen 2 - Group 2/WEANING/Day 1/0300.zip
251,313,CS_0302_WEAN_d1_p2_cowslash_16102025_ch02-20251017011836_64417_64425.mp4,Pen 2 - Group 2\WEANING\Day 1\CS_0302_WEAN_d1_p2_cowslash_16102025_ch02-20251017011836_64417_64425.mp4,E:\cross_sucking\Pen 2 - Group 2\WEANING\Day 1\CS_0302_WEAN_d1_p2_cowslash_16102025_ch02-20251017011836_64417_64425.mp4,skipped_existing,1,1,Pen_2_WEAN_Day_1_16102025,Pen 2 - Group 2,WEAN,1,2,16102025,/,hay|6|None|behind,64417.604,64425.288,64417.604,64425.288,G:\MONITORING CROSS SUCKING IN CALVES - KAPPEL - 2025\Pen 2 - Group 2\WEANING\Day 1\ch02_20251017011836.mp4,ch02_20251017011836.mp4,62659.535341,65434.816008,1758.068659,1765.752659,Pen 2 - Group 2/WEANING/Day 1/0302.zip
252,314,CS_0303_WEAN_d1_p2_cowT_16102025_ch02-20251017025230_68516_68568.mp4,Pen 2 - Group 2\WEANING\Day 1\CS_0303_WEAN_d1_p2_cowT_16102025_ch02-20251017025230_68516_68568.mp4,E:\cross_sucking\Pen 2 - Group 2\WEANING\Day 1\CS_0303_WEAN_d1_p2_cowT_16102025_ch02-20251017025230_68516_68568.mp4,skipped_existing,1,1,Pen_2_WEAN_Day_1_16102025,Pen 2 - Group 2,WEAN,1,2,16102025,T,milk feeder|6|None|behind,68516.265,68568.925,68516.265,68568.925,G:\MONITORING CROSS SUCKING IN CALVES - KAPPEL - 2025\Pen 2 - Group 2\WEANING\Day 1\ch02_20251017025230.mp4,ch02_20251017025230.mp4,68241.564675,71049.260342,274.700325,327.360325,Pen 2 - Group 2/WEANING/Day 1/0303.zip
253,315,CS_0304_WEAN_d1_p2_cowT_16102025_ch02-20251017025230_68618_68666.mp4,Pen 2 - Group 2\WEANING\Day 1\CS_0304_WEAN_d1_p2_cowT_16102025_ch02-20251017025230_68618_68666.mp4,E:\cross_sucking\Pen 2 - Group 2\WEANING\Day 1\CS_0304_WEAN_d1_p2_cowT_16102025_ch02-20251017025230_68618_68666.mp4,skipped_existing,1,1,Pen_2_WEAN_Day_1_16102025,Pen 2 - Group 2,WEAN,1,2,16102025,T,milk feeder|6|None|behind,68618.46,68666.239,68618.46,68666.239,G:\MONITORING CROSS SUCKING IN CALVES - KAPPEL - 2025\Pen 2 - Group 2\WEANING\Day 1\ch02_20251017025230.mp4,ch02_20251017025230.mp4,68241.564675,71049.260342,376.895325,424.674325,Pen 2 - Group 2/WEANING/Day 1/0304.zip
254,316,CS_0305_WEAN_d1_p2_cowT_16102025_ch02-20251017025230_68688_68699.mp4,Pen 2 - Group 2\WEANING\Day 1\CS_0305_WEAN_d1_p2_cowT_16102025_ch02-20251017025230_68688_68699.mp4,E:\cross_sucking\Pen 2 - Group 2\WEANING\Day 1\CS_0305_WEAN_d1_p2_cowT_16102025_ch02-20251017025230_68688_68699.mp4,skipped_existing,1,1,Pen_2_WEAN_Day_1_16102025,Pen 2 - Group 2,WEAN,1,2,16102025,T,milk feeder|6|None|behind,68688.198,68699.41,68688.198,68699.41,G:\MONITORING CROSS SUCKING IN CALVES - KAPPEL - 2025\Pen 2 - Group 2\WEANING\Day 1\ch02_20251017025230.mp4,ch02_20251017025230.mp4,68241.564675,71049.260342,446.633325,457.845325,Pen 2 - Group 2/WEANING/Day 1/0305.zip
255,317,CS_0306_WEAN_d1_p2_cowT_16102025_ch02-20251017025230_68811_68849.mp4,Pen 2 - Group 2\WEANING\Day 1\CS_0306_WEAN_d1_p2_cowT_16102025_ch02-20251017025230_68811_68849.mp4,E:\cross_sucking\Pen 2 - Group 2\WEANING\Day 1\CS_0306_WEAN_d1_p2_cowT_16102025_ch02-20251017025230_68811_68849.mp4,skipped_existing,1,1,Pen_2_WEAN_Day_1_16102025,Pen 2 - Group 2,WEAN,1,2,16102025,T,milk feeder|1|None|behind,68811.608,68849.198,68811.608,68849.198,G:\MONITORING CROSS SUCKING IN CALVES - KAPPEL - 2025\Pen 2 - Group 2\WEANING\Day 1\ch02_20251017025230.mp4,ch02_20251017025230.mp4,68241.564675,71049.260342,570.043325,607.633325,Pen 2 - Group 2/WEANING/Day 1/0306.zip
256,318,CS_0307_WEAN_d1_p2_cowT_16102025_ch02-20251017025230_69114_69230.mp4,Pen 2 - Group 2\WEANING\Day 1\CS_0307_WEAN_d1_p2_cowT_16102025_ch02-20251017025230_69114_69230.mp4,E:\cross_sucking\Pen 2 - Group 2\WEANING\Day 1\CS_0307_WEAN_d1_p2_cowT_16102025_ch02-20251017025230_69114_69230.mp4,skipped_existing,1,1,Pen_2_WEAN_Day_1_16102025,Pen 2 - Group 2,WEAN,1,2,16102025,T,milk feeder|/|None|behind,69114.297,69230.689,69114.297,69230.689,G:\MONITORING CROSS SUCKING IN CALVES - KAPPEL - 2025\Pen 2 - Group 2\WEANING\Day 1\ch02_20251017025230.mp4,ch02_20251017025230.mp4,68241.564675,71049.260342,872.732325,989.124325,Pen 2 - Group 2/WEANING/Day 1/0307.zip
257,319,CS_0308_WEAN_d1_p2_cow1_16102025_ch02-20251017025230_69379_69385.mp4,Pen 2 - Group 2\WEANING\Day 1\CS_0308_WEAN_d1_p2_cow1_16102025_ch02-20251017025230_69379_69385.mp4,E:\cross_sucking\Pen 2 - Group 2\WEANING\Day 1\CS_0308_WEAN_d1_p2_cow1_16102025_ch02-20251017025230_69379_69385.mp4,skipped_existing,1,1,Pen_2_WEAN_Day_1_16102025,Pen 2 - Group 2,WEAN,1,2,16102025,1,other|/|None|side,69379.669,69385.387,69379.669,69385.387,G:\MONITORING CROSS SUCKING IN CALVES - KAPPEL - 2025\Pen 2 - Group 2\WEANING\Day 1\ch02_20251017025230.mp4,ch02_20251017025230.mp4,68241.564675,71049.260342,1138.104325,1143.822325,Pen 2 - Group 2/WEANING/Day 1/0308.zip
258,320,CS_0309_WEAN_d1_p2_cowT_16102025_ch02-20251017025230_69647_69784.mp4,Pen 2 - Group 2\WEANING\Day 1\CS_0309_WEAN_d1_p2_cowT_16102025_ch02-20251017025230_69647_69784.mp4,E:\cross_sucking\Pen 2 - Group 2\WEANING\Day 1\CS_0309_WEAN_d1_p2_cowT_16102025_ch02-20251017025230_69647_69784.mp4,skipped_existing,1,1,Pen_2_WEAN_Day_1_16102025,Pen 2 - Group 2,WEAN,1,2,16102025,T,grain feeder|/|None|behind,69647.778,69784.945,69647.778,69784.945,G:\MONITORING CROSS SUCKING IN CALVES - KAPPEL - 2025\Pen 2 - Group 2\WEANING\Day 1\ch02_20251017025230.mp4,ch02_20251017025230.mp4,68241.564675,71049.260342,1406.213325,1543.380325,Pen 2 - Group 2/WEANING/Day 1/0309.zip
259,321,CS_0310_WEAN_d1_p2_cowT_16102025_ch02-20251017025230_69828_69873.mp4,Pen 2 - Group 2\WEANING\Day 1\CS_0310_WEAN_d1_p2_cowT_16102025_ch02-20251017025230_69828_69873.mp4,E:\cross_sucking\Pen 2 - Group 2\WEANING\Day 1\CS_0310_WEAN_d1_p2_cowT_16102025_ch02-20251017025230_69828_69873.mp4,skipped_existing,1,1,Pen_2_WEAN_Day_1_16102025,Pen 2 - Group 2,WEAN,1,2,16102025,T,grain feeder|/|None|behind,69828.358,69873.396,69828.358,69873.396,G:\MONITORING CROSS SUCKING IN CALVES - KAPPEL - 2025\Pen 2 - Group 2\WEANING\Day 1\ch02_20251017025230.mp4,ch02_20251017025230.mp4,68241.564675,71049.260342,1586.793325,1631.831325,Pen 2 - Group 2/WEANING/Day 1/0310.zip
260,322,CS_0311_WEAN_d1_p2_cowA_16102025_ch02-20251017025230_69882_69965.mp4,Pen 2 - Group 2\WEANING\Day 1\CS_0311_WEAN_d1_p2_cowA_16102025_ch02-20251017025230_69882_69965.mp4,E:\cross_sucking\Pen 2 - Group 2\WEANING\Day 1\CS_0311_WEAN_d1_p2_cowA_16102025_ch02-20251017025230_69882_69965.mp4,skipped_existing,1,1,Pen_2_WEAN_Day_1_16102025,Pen 2 - Group 2,WEAN,1,2,16102025,A,other|6|None|lying down,69882.959,69965.455,69882.959,69965.455,G:\MONITORING CROSS SUCKING IN CALVES - KAPPEL - 2025\Pen 2 - Group 2\WEANING\Day 1\ch02_20251017025230.mp4,ch02_20251017025230.mp4,68241.564675,71049.260342,1641.394325,1723.890325,Pen 2 - Group 2/WEANING/Day 1/0311.zip
261,323,CS_0312_WEAN_d1_p2_cow1_16102025_ch02-20251017033929_71099_71132.mp4,Pen 2 - Group 2\WEANING\Day 1\CS_0312_WEAN_d1_p2_cow1_16102025_ch02-20251017033929_71099_71132.mp4,E:\cross_sucking\Pen 2 - Group 2\WEANING\Day 1\CS_0312_WEAN_d1_p2_cow1_16102025_ch02-20251017033929_71099_71132.mp4,skipped_existing,1,1,Pen_2_WEAN_Day_1_16102025,Pen 2 - Group 2,WEAN,1,2,16102025,1,other|A|None|side,71099.489,71132.926,71099.489,71132.926,G:\MONITORING CROSS SUCKING IN CALVES - KAPPEL - 2025\Pen 2 - Group 2\WEANING\Day 1\ch02_20251017033929.mp4,ch02_20251017033929.mp4,71049.260342,73824.404009,50.228658,83.665658,Pen 2 - Group 2/WEANING/Day 1/0312.zip
262,324,CS_0313_WEAN_d1_p2_cowT_16102025_ch02-20251017033929_72363_72379.mp4,Pen 2 - Group 2\WEANING\Day 1\CS_0313_WEAN_d1_p2_cowT_16102025_ch02-20251017033929_72363_72379.mp4,E:\cross_sucking\Pen 2 - Group 2\WEANING\Day 1\CS_0313_WEAN_d1_p2_cowT_16102025_ch02-20251017033929_72363_72379.mp4,skipped_existing,1,1,Pen_2_WEAN_Day_1_16102025,Pen 2 - Group 2,WEAN,1,2,16102025,T,hay|1|None|lying down,72363.214,72379.436,72363.214,72379.436,G:\MONITORING CROSS SUCKING IN CALVES - KAPPEL - 2025\Pen 2 - Group 2\WEANING\Day 1\ch02_20251017033929.mp4,ch02_20251017033929.mp4,71049.260342,73824.404009,1313.953658,1330.175658,Pen 2 - Group 2/WEANING/Day 1/0313.zip
263,325,CS_0314_WEAN_d1_p2_cowT_16102025_ch02-20251017060020_81257_81280.mp4,Pen 2 - Group 2\WEANING\Day 1\CS_0314_WEAN_d1_p2_cowT_16102025_ch02-20251017060020_81257_81280.mp4,E:\cross_sucking\Pen 2 - Group 2\WEANING\Day 1\CS_0314_WEAN_d1_p2_cowT_16102025_ch02-20251017060020_81257_81280.mp4,skipped_existing,1,1,Pen_2_WEAN_Day_1_16102025,Pen 2 - Group 2,WEAN,1,2,16102025,T,grain feeder|O|None|behind,81257.678,81280.718,81257.678,81280.718,G:\MONITORING CROSS SUCKING IN CALVES - KAPPEL - 2025\Pen 2 - Group 2\WEANING\Day 1\ch02_20251017060020.mp4,ch02_20251017060020.mp4,79390.813343,82182.04201,1866.864657,1889.904657,Pen 2 - Group 2/WEANING/Day 1/0314.zip
264,326,CS_0315_WEAN_d1_p2_cowT_16102025_ch02-20251017060020_81294_81425.mp4,Pen 2 - Group 2\WEANING\Day 1\CS_0315_WEAN_d1_p2_cowT_16102025_ch02-20251017060020_81294_81425.mp4,E:\cross_sucking\Pen 2 - Group 2\WEANING\Day 1\CS_0315_WEAN_d1_p2_cowT_16102025_ch02-20251017060020_81294_81425.mp4,skipped_existing,1,1,Pen_2_WEAN_Day_1_16102025,Pen 2 - Group 2,WEAN,1,2,16102025,T,milk feeder|/|None|behind,81294.211,81425.081,81294.211,81425.081,G:\MONITORING CROSS SUCKING IN CALVES - KAPPEL - 2025\Pen 2 - Group 2\WEANING\Day 1\ch02_20251017060020.mp4,ch02_20251017060020.mp4,79390.813343,82182.04201,1903.397657,2034.267657,Pen 2 - Group 2/WEANING/Day 1/0315.zip
265,327,CS_0316_WEAN_d1_p2_cow6_16102025_ch02-20251017064718_83770_83862.mp4,Pen 2 - Group 2\WEANING\Day 1\CS_0316_WEAN_d1_p2_cow6_16102025_ch02-20251017064718_83770_83862.mp4,E:\cross_sucking\Pen 2 - Group 2\WEANING\Day 1\CS_0316_WEAN_d1_p2_cow6_16102025_ch02-20251017064718_83770_83862.mp4,skipped_existing,1,1,Pen_2_WEAN_Day_1_16102025,Pen 2 - Group 2,WEAN,1,2,16102025,6,other|8|None|side,83770.862,83862.883,83770.862,83862.883,G:\MONITORING CROSS SUCKING IN CALVES - KAPPEL - 2025\Pen 2 - Group 2\WEANING\Day 1\ch02_20251017064718.mp4,ch02_20251017064718.mp4,82182.04201,84973.006677,1588.81999,1680.84099,Pen 2 - Group 2/WEANING/Day 1/0316.zip
266,328,CS_0317_WEAN_d2_p2_cow6_17102025_ch02-20251017082112_3507_3577.mp4,Pen 2 - Group 2\WEANING\Day 2\CS_0317_WEAN_d2_p2_cow6_17102025_ch02-20251017082112_3507_3577.mp4,E:\cross_sucking\Pen 2 - Group 2\WEANING\Day 2\CS_0317_WEAN_d2_p2_cow6_17102025_ch02-20251017082112_3507_3577.mp4,skipped_existing,1,1,Pen_2_WEAN_Day_2_17102025,Pen 2 - Group 2,WEAN,2,2,17102025,6,milk feeder|8|None|behind,3507.242,3577.213,3507.242,3577.213,G:\MONITORING CROSS SUCKING IN CALVES - KAPPEL - 2025\Pen 2 - Group 2\WEANING\Day 2\ch02_20251017082112.mp4,ch02_20251017082112.mp4,2837.614667,5644.508334,669.627333,739.598333,Pen 2 - Group 2/WEANING/Day 2/CS_0317_WEAN_d2_p2_cow6_17102025_ch02-20251017082112_3507_3577.mp4.zip
267,329,CS_0318_WEAN_d2_p2_cow6_17102025_ch02-20251017082112_3608_3699.mp4,Pen 2 - Group 2\WEANING\Day 2\CS_0318_WEAN_d2_p2_cow6_17102025_ch02-20251017082112_3608_3699.mp4,E:\cross_sucking\Pen 2 - Group 2\WEANING\Day 2\CS_0318_WEAN_d2_p2_cow6_17102025_ch02-20251017082112_3608_3699.mp4,skipped_existing,1,1,Pen_2_WEAN_Day_2_17102025,Pen 2 - Group 2,WEAN,2,2,17102025,6,grain feeder|8|None|behind,3608.461,3699.587,3608.461,3699.587,G:\MONITORING CROSS SUCKING IN CALVES - KAPPEL - 2025\Pen 2 - Group 2\WEANING\Day 2\ch02_20251017082112.mp4,ch02_20251017082112.mp4,2837.614667,5644.508334,770.846333,861.972333,Pen 2 - Group 2/WEANING/Day 2/CS_0318_WEAN_d2_p2_cow6_17102025_ch02-20251017082112_3608_3699.mp4.zip
268,331,CS_0320_WEAN_d2_p2_cow3_17102025_ch02-20251017082112_5537_5655_part01.mp4,Pen 2 - Group 2\WEANING\Day 2\CS_0320_WEAN_d2_p2_cow3_17102025_ch02-20251017082112_5537_5655_part01.mp4,E:\cross_sucking\Pen 2 - Group 2\WEANING\Day 2\CS_0320_WEAN_d2_p2_cow3_17102025_ch02-20251017082112_5537_5655_part01.mp4,skipped_existing,1,2,Pen_2_WEAN_Day_2_17102025,Pen 2 - Group 2,WEAN,2,2,17102025,3,other|/|reciprocal|side,5537.918,5655.005,5537.918,5644.508334,G:\MONITORING CROSS SUCKING IN CALVES - KAPPEL - 2025\Pen 2 - Group 2\WEANING\Day 2\ch02_20251017082112.mp4,ch02_20251017082112.mp4,2837.614667,5644.508334,2700.303333,2806.893667,Pen 2 - Group 2/WEANING/Day 2/CS_0320_WEAN_d2_p2_cow3_17102025_ch02-20251017082112_5537_5655_part01.mp4.zip
269,332,CS_0320_WEAN_d2_p2_cow3_17102025_ch02-20251017082112_5537_5655_part02.mp4,Pen 2 - Group 2\WEANING\Day 2\CS_0320_WEAN_d2_p2_cow3_17102025_ch02-20251017082112_5537_5655_part02.mp4,E:\cross_sucking\Pen 2 - Group 2\WEANING\Day 2\CS_0320_WEAN_d2_p2_cow3_17102025_ch02-20251017082112_5537_5655_part02.mp4,skipped_existing,2,2,Pen_2_WEAN_Day_2_17102025,Pen 2 - Group 2,WEAN,2,2,17102025,3,other|/|reciprocal|side,5537.918,5655.005,5644.508334,5655.005,G:\MONITORING CROSS SUCKING IN CALVES - KAPPEL - 2025\Pen 2 - Group 2\WEANING\Day 2\ch02_20251017090810.mp4,ch02_20251017090810.mp4,5644.508334,8435.164001,0.0,10.496666,Pen 2 - Group 2/WEANING/Day 2/CS_0320_WEAN_d2_p2_cow3_17102025_ch02-20251017082112_5537_5655_part02.mp4.zip
270,334,CS_0322_WEAN_d2_p2_cow3_17102025_ch02-20251017090810_5673_5726.mp4,Pen 2 - Group 2\WEANING\Day 2\CS_0322_WEAN_d2_p2_cow3_17102025_ch02-20251017090810_5673_5726.mp4,E:\cross_sucking\Pen 2 - Group 2\WEANING\Day 2\CS_0322_WEAN_d2_p2_cow3_17102025_ch02-20251017090810_5673_5726.mp4,skipped_existing,1,1,Pen_2_WEAN_Day_2_17102025,Pen 2 - Group 2,WEAN,2,2,17102025,3,other|/|reciprocal|side,5673.536,5726.842,5673.536,5726.842,G:\MONITORING CROSS SUCKING IN CALVES - KAPPEL - 2025\Pen 2 - Group 2\WEANING\Day 2\ch02_20251017090810.mp4,ch02_20251017090810.mp4,5644.508334,8435.164001,29.027666,82.333666,Pen 2 - Group 2/WEANING/Day 2/CS_0322_WEAN_d2_p2_cow3_17102025_ch02-20251017090810_5673_5726.mp4.zip
271,335,CS_0323_WEAN_d2_p2_cowslash_17102025_ch02-20251017090810_8162_8167.mp4,Pen 2 - Group 2\WEANING\Day 2\CS_0323_WEAN_d2_p2_cowslash_17102025_ch02-20251017090810_8162_8167.mp4,E:\cross_sucking\Pen 2 - Group 2\WEANING\Day 2\CS_0323_WEAN_d2_p2_cowslash_17102025_ch02-20251017090810_8162_8167.mp4,skipped_existing,1,1,Pen_2_WEAN_Day_2_17102025,Pen 2 - Group 2,WEAN,2,2,17102025,/,other|6|None|behind,8162.448,8167.241,8162.448,8167.241,G:\MONITORING CROSS SUCKING IN CALVES - KAPPEL - 2025\Pen 2 - Group 2\WEANING\Day 2\ch02_20251017090810.mp4,ch02_20251017090810.mp4,5644.508334,8435.164001,2517.939666,2522.732666,Pen 2 - Group 2/WEANING/Day 2/CS_0323_WEAN_d2_p2_cowslash_17102025_ch02-20251017090810_8162_8167.mp4.zip
272,336,CS_0324_WEAN_d2_p2_cowT_17102025_ch02-20251017095507_8722_8751.mp4,Pen 2 - Group 2\WEANING\Day 2\CS_0324_WEAN_d2_p2_cowT_17102025_ch02-20251017095507_8722_8751.mp4,E:\cross_sucking\Pen 2 - Group 2\WEANING\Day 2\CS_0324_WEAN_d2_p2_cowT_17102025_ch02-20251017095507_8722_8751.mp4,skipped_existing,1,1,Pen_2_WEAN_Day_2_17102025,Pen 2 - Group 2,WEAN,2,2,17102025,T,milk feeder|O|None|behind,8722.951,8751.642,8722.951,8751.642,G:\MONITORING CROSS SUCKING IN CALVES - KAPPEL - 2025\Pen 2 - Group 2\WEANING\Day 2\ch02_20251017095507.mp4,ch02_20251017095507.mp4,8435.164001,11209.463668,287.786999,316.477999,Pen 2 - Group 2/WEANING/Day 2/CS_0324_WEAN_d2_p2_cowT_17102025_ch02-20251017095507_8722_8751.mp4.zip
273,339,CS_0327_WEAN_d2_p2_cowA_17102025_ch02-20251017095507_9283_9495.mp4,Pen 2 - Group 2\WEANING\Day 2\CS_0327_WEAN_d2_p2_cowA_17102025_ch02-20251017095507_9283_9495.mp4,E:\cross_sucking\Pen 2 - Group 2\WEANING\Day 2\CS_0327_WEAN_d2_p2_cowA_17102025_ch02-20251017095507_9283_9495.mp4,skipped_existing,1,1,Pen_2_WEAN_Day_2_17102025,Pen 2 - Group 2,WEAN,2,2,17102025,A,other|O|None|side,9283.779,9495.585,9283.779,9495.585,G:\MONITORING CROSS SUCKING IN CALVES - KAPPEL - 2025\Pen 2 - Group 2\WEANING\Day 2\ch02_20251017095507.mp4,ch02_20251017095507.mp4,8435.164001,11209.463668,848.614999,1060.420999,Pen 2 - Group 2/WEANING/Day 2/CS_0327_WEAN_d2_p2_cowA_17102025_ch02-20251017095507_9283_9495.mp4.zip
274,341,CS_0329_WEAN_d2_p2_cow3_17102025_ch02-20251017095507_9371_9707.mp4,Pen 2 - Group 2\WEANING\Day 2\CS_0329_WEAN_d2_p2_cow3_17102025_ch02-20251017095507_9371_9707.mp4,E:\cross_sucking\Pen 2 - Group 2\WEANING\Day 2\CS_0329_WEAN_d2_p2_cow3_17102025_ch02-20251017095507_9371_9707.mp4,skipped_existing,1,1,Pen_2_WEAN_Day_2_17102025,Pen 2 - Group 2,WEAN,2,2,17102025,3,other|/|reciprocal|side,9371.932,9707.684,9371.932,9707.684,G:\MONITORING CROSS SUCKING IN CALVES - KAPPEL - 2025\Pen 2 - Group 2\WEANING\Day 2\ch02_20251017095507.mp4,ch02_20251017095507.mp4,8435.164001,11209.463668,936.767999,1272.519999,Pen 2 - Group 2/WEANING/Day 2/0329.zip
275,343,CS_0331_WEAN_d2_p2_cowT_17102025_ch02-20251017095507_9893_9999.mp4,Pen 2 - Group 2\WEANING\Day 2\CS_0331_WEAN_d2_p2_cowT_17102025_ch02-20251017095507_9893_9999.mp4,E:\cross_sucking\Pen 2 - Group 2\WEANING\Day 2\CS_0331_WEAN_d2_p2_cowT_17102025_ch02-20251017095507_9893_9999.mp4,skipped_existing,1,1,Pen_2_WEAN_Day_2_17102025,Pen 2 - Group 2,WEAN,2,2,17102025,T,other|8|None|side,9893.56,9999.302,9893.56,9999.302,G:\MONITORING CROSS SUCKING IN CALVES - KAPPEL - 2025\Pen 2 - Group 2\WEANING\Day 2\ch02_20251017095507.mp4,ch02_20251017095507.mp4,8435.164001,11209.463668,1458.395999,1564.137999,Pen 2 - Group 2/WEANING/Day 2/CS_0331_WEAN_d2_p2_cowT_17102025_ch02-20251017095507_9893_9999.mp4.zip
276,344,CS_0332_WEAN_d2_p2_cowT_17102025_ch02-20251017095507_10204_10275.mp4,Pen 2 - Group 2\WEANING\Day 2\CS_0332_WEAN_d2_p2_cowT_17102025_ch02-20251017095507_10204_10275.mp4,E:\cross_sucking\Pen 2 - Group 2\WEANING\Day 2\CS_0332_WEAN_d2_p2_cowT_17102025_ch02-20251017095507_10204_10275.mp4,skipped_existing,1,1,Pen_2_WEAN_Day_2_17102025,Pen 2 - Group 2,WEAN,2,2,17102025,T,other|8|None|side,10204.815,10275.163,10204.815,10275.163,G:\MONITORING CROSS SUCKING IN CALVES - KAPPEL - 2025\Pen 2 - Group 2\WEANING\Day 2\ch02_20251017095507.mp4,ch02_20251017095507.mp4,8435.164001,11209.463668,1769.650999,1839.998999,Pen 2 - Group 2/WEANING/Day 2/CS_0332_WEAN_d2_p2_cowT_17102025_ch02-20251017095507_10204_10275.mp4.zip
277,345,CS_0333_WEAN_d2_p2_cowT_17102025_ch02-20251017104205_12956_13026.mp4,Pen 2 - Group 2\WEANING\Day 2\CS_0333_WEAN_d2_p2_cowT_17102025_ch02-20251017104205_12956_13026.mp4,E:\cross_sucking\Pen 2 - Group 2\WEANING\Day 2\CS_0333_WEAN_d2_p2_cowT_17102025_ch02-20251017104205_12956_13026.mp4,skipped_existing,1,1,Pen_2_WEAN_Day_2_17102025,Pen 2 - Group 2,WEAN,2,2,17102025,T,grain feeder|1|None|behind,12956.293,13026.473,12956.293,13026.473,G:\MONITORING CROSS SUCKING IN CALVES - KAPPEL - 2025\Pen 2 - Group 2\WEANING\Day 2\ch02_20251017104205.mp4,ch02_20251017104205.mp4,11209.463668,14016.596335,1746.829332,1817.009332,Pen 2 - Group 2/WEANING/Day 2/CS_0333_WEAN_d2_p2_cowT_17102025_ch02-20251017104205_12956_13026.mp4.zip
278,346,CS_0334_WEAN_d2_p2_cowslash_17102025_ch02-20251017104205_13378_13402.mp4,Pen 2 - Group 2\WEANING\Day 2\CS_0334_WEAN_d2_p2_cowslash_17102025_ch02-20251017104205_13378_13402.mp4,E:\cross_sucking\Pen 2 - Group 2\WEANING\Day 2\CS_0334_WEAN_d2_p2_cowslash_17102025_ch02-20251017104205_13378_13402.mp4,skipped_existing,1,1,Pen_2_WEAN_Day_2_17102025,Pen 2 - Group 2,WEAN,2,2,17102025,/,hay|1|None|side,13378.833,13402.177,13378.833,13402.177,G:\MONITORING CROSS SUCKING IN CALVES - KAPPEL - 2025\Pen 2 - Group 2\WEANING\Day 2\ch02_20251017104205.mp4,ch02_20251017104205.mp4,11209.463668,14016.596335,2169.369332,2192.713332,Pen 2 - Group 2/WEANING/Day 2/CS_0334_WEAN_d2_p2_cowslash_17102025_ch02-20251017104205_13378_13402.mp4.zip
279,347,CS_0335_WEAN_d2_p2_cowslash_17102025_ch02-20251017112902_16384_16397.mp4,Pen 2 - Group 2\WEANING\Day 2\CS_0335_WEAN_d2_p2_cowslash_17102025_ch02-20251017112902_16384_16397.mp4,E:\cross_sucking\Pen 2 - Group 2\WEANING\Day 2\CS_0335_WEAN_d2_p2_cowslash_17102025_ch02-20251017112902_16384_16397.mp4,skipped_existing,1,1,Pen_2_WEAN_Day_2_17102025,Pen 2 - Group 2,WEAN,2,2,17102025,/,other|6|None|side,16384.397,16397.724,16384.397,16397.724,G:\MONITORING CROSS SUCKING IN CALVES - KAPPEL - 2025\Pen 2 - Group 2\WEANING\Day 2\ch02_20251017112902.mp4,ch02_20251017112902.mp4,14016.596335,16806.744002,2367.800665,2381.127665,Pen 2 - Group 2/WEANING/Day 2/CS_0335_WEAN_d2_p2_cowslash_17102025_ch02-20251017112902_16384_16397.mp4.zip
280,348,CS_0336_WEAN_d2_p2_cow6_17102025_ch02-20251017130257_21755_21760.mp4,Pen 2 - Group 2\WEANING\Day 2\CS_0336_WEAN_d2_p2_cow6_17102025_ch02-20251017130257_21755_21760.mp4,E:\cross_sucking\Pen 2 - Group 2\WEANING\Day 2\CS_0336_WEAN_d2_p2_cow6_17102025_ch02-20251017130257_21755_21760.mp4,skipped_existing,1,1,Pen_2_WEAN_Day_2_17102025,Pen 2 - Group 2,WEAN,2,2,17102025,6,other|8|None|side,21755.189,21760.76,21755.189,21760.76,G:\MONITORING CROSS SUCKING IN CALVES - KAPPEL - 2025\Pen 2 - Group 2\WEANING\Day 2\ch02_20251017130257.mp4,ch02_20251017130257.mp4,19645.040669,22420.907336,2110.148331,2115.719331,Pen 2 - Group 2/WEANING/Day 2/CS_0336_WEAN_d2_p2_cow6_17102025_ch02-20251017130257_21755_21760.mp4.zip
281,349,CS_0337_WEAN_d2_p2_cowT_17102025_ch02-20251017130257_21943_21980.mp4,Pen 2 - Group 2\WEANING\Day 2\CS_0337_WEAN_d2_p2_cowT_17102025_ch02-20251017130257_21943_21980.mp4,E:\cross_sucking\Pen 2 - Group 2\WEANING\Day 2\CS_0337_WEAN_d2_p2_cowT_17102025_ch02-20251017130257_21943_21980.mp4,skipped_existing,1,1,Pen_2_WEAN_Day_2_17102025,Pen 2 - Group 2,WEAN,2,2,17102025,T,other|/|None|behind,21943.191,21980.552,21943.191,21980.552,G:\MONITORING CROSS SUCKING IN CALVES - KAPPEL - 2025\Pen 2 - Group 2\WEANING\Day 2\ch02_20251017130257.mp4,ch02_20251017130257.mp4,19645.040669,22420.907336,2298.150331,2335.511331,Pen 2 - Group 2/WEANING/Day 2/CS_0337_WEAN_d2_p2_cowT_17102025_ch02-20251017130257_21943_21980.mp4.zip
282,350,CS_0338_WEAN_d2_p2_cow1_17102025_ch02-20251017165746_35509_35548.mp4,Pen 2 - Group 2\WEANING\Day 2\CS_0338_WEAN_d2_p2_cow1_17102025_ch02-20251017165746_35509_35548.mp4,E:\cross_sucking\Pen 2 - Group 2\WEANING\Day 2\CS_0338_WEAN_d2_p2_cow1_17102025_ch02-20251017165746_35509_35548.mp4,skipped_existing,1,1,Pen_2_WEAN_Day_2_17102025,Pen 2 - Group 2,WEAN,2,2,17102025,1,milk feeder|8|None|behind,35509.886,35548.542,35509.886,35548.542,G:\MONITORING CROSS SUCKING IN CALVES - KAPPEL - 2025\Pen 2 - Group 2\WEANING\Day 2\ch02_20251017165746.mp4,ch02_20251017165746.mp4,33584.326004,36390.596671,1925.559996,1964.215996,Pen 2 - Group 2/WEANING/Day 2/CS_0338_WEAN_d2_p2_cow1_17102025_ch02-20251017165746_35509_35548.mp4.zip
283,351,CS_0339_WEAN_d2_p2_cow6_17102025_ch02-20251017191837_43435_43485.mp4,Pen 2 - Group 2\WEANING\Day 2\CS_0339_WEAN_d2_p2_cow6_17102025_ch02-20251017191837_43435_43485.mp4,E:\cross_sucking\Pen 2 - Group 2\WEANING\Day 2\CS_0339_WEAN_d2_p2_cow6_17102025_ch02-20251017191837_43435_43485.mp4,skipped_existing,1,1,Pen_2_WEAN_Day_2_17102025,Pen 2 - Group 2,WEAN,2,2,17102025,6,other|8|None|behind,43435.372,43485.617,43435.372,43485.617,G:\MONITORING CROSS SUCKING IN CALVES - KAPPEL - 2025\Pen 2 - Group 2\WEANING\Day 2\ch02_20251017191837.mp4,ch02_20251017191837.mp4,41988.398005,44778.539672,1446.973995,1497.218995,Pen 2 - Group 2/WEANING/Day 2/CS_0339_WEAN_d2_p2_cow6_17102025_ch02-20251017191837_43435_43485.mp4.zip
284,352,CS_0340_WEAN_d2_p2_cow6_17102025_ch02-20251017191837_43527_43578.mp4,Pen 2 - Group 2\WEANING\Day 2\CS_0340_WEAN_d2_p2_cow6_17102025_ch02-20251017191837_43527_43578.mp4,E:\cross_sucking\Pen 2 - Group 2\WEANING\Day 2\CS_0340_WEAN_d2_p2_cow6_17102025_ch02-20251017191837_43527_43578.mp4,skipped_existing,1,1,Pen_2_WEAN_Day_2_17102025,Pen 2 - Group 2,WEAN,2,2,17102025,6,other|8|None|behind,43527.246,43578.242,43527.246,43578.242,G:\MONITORING CROSS SUCKING IN CALVES - KAPPEL - 2025\Pen 2 - Group 2\WEANING\Day 2\ch02_20251017191837.mp4,ch02_20251017191837.mp4,41988.398005,44778.539672,1538.847995,1589.843995,Pen 2 - Group 2/WEANING/Day 2/CS_0340_WEAN_d2_p2_cow6_17102025_ch02-20251017191837_43527_43578.mp4.zip
285,353,CS_0341_WEAN_d2_p2_cowT_17102025_ch02-20251017205231_47916_47923.mp4,Pen 2 - Group 2\WEANING\Day 2\CS_0341_WEAN_d2_p2_cowT_17102025_ch02-20251017205231_47916_47923.mp4,E:\cross_sucking\Pen 2 - Group 2\WEANING\Day 2\CS_0341_WEAN_d2_p2_cowT_17102025_ch02-20251017205231_47916_47923.mp4,skipped_existing,1,1,Pen_2_WEAN_Day_2_17102025,Pen 2 - Group 2,WEAN,2,2,17102025,T,grain feeder|6|None|behind,47916.891,47923.884,47916.891,47923.884,G:\MONITORING CROSS SUCKING IN CALVES - KAPPEL - 2025\Pen 2 - Group 2\WEANING\Day 2\ch02_20251017205231.mp4,ch02_20251017205231.mp4,47568.939339,50342.792006,347.951661,354.944661,Pen 2 - Group 2/WEANING/Day 2/CS_0341_WEAN_d2_p2_cowT_17102025_ch02-20251017205231_47916_47923.mp4.zip
286,354,CS_0342_WEAN_d2_p2_cowA_17102025_ch02-20251017213928_51713_51730.mp4,Pen 2 - Group 2\WEANING\Day 2\CS_0342_WEAN_d2_p2_cowA_17102025_ch02-20251017213928_51713_51730.mp4,E:\cross_sucking\Pen 2 - Group 2\WEANING\Day 2\CS_0342_WEAN_d2_p2_cowA_17102025_ch02-20251017213928_51713_51730.mp4,skipped_existing,1,1,Pen_2_WEAN_Day_2_17102025,Pen 2 - Group 2,WEAN,2,2,17102025,A,grain feeder|1|None|behind,51713.487,51730.951,51713.487,51730.951,G:\MONITORING CROSS SUCKING IN CALVES - KAPPEL - 2025\Pen 2 - Group 2\WEANING\Day 2\ch02_20251017213928.mp4,ch02_20251017213928.mp4,50342.792006,53149.597673,1370.694994,1388.158994,Pen 2 - Group 2/WEANING/Day 2/CS_0342_WEAN_d2_p2_cowA_17102025_ch02-20251017213928_51713_51730.mp4.zip
287,355,CS_0343_WEAN_d2_p2_cowA_17102025_ch02-20251017213928_52806_53148.mp4,Pen 2 - Group 2\WEANING\Day 2\CS_0343_WEAN_d2_p2_cowA_17102025_ch02-20251017213928_52806_53148.mp4,E:\cross_sucking\Pen 2 - Group 2\WEANING\Day 2\CS_0343_WEAN_d2_p2_cowA_17102025_ch02-20251017213928_52806_53148.mp4,skipped_existing,1,1,Pen_2_WEAN_Day_2_17102025,Pen 2 - Group 2,WEAN,2,2,17102025,A,other|O|reciprocal|side,52806.748,53148.287,52806.748,53148.287,G:\MONITORING CROSS SUCKING IN CALVES - KAPPEL - 2025\Pen 2 - Group 2\WEANING\Day 2\ch02_20251017213928.mp4,ch02_20251017213928.mp4,50342.792006,53149.597673,2463.955994,2805.494994,Pen 2 - Group 2/WEANING/Day 2/0343.zip
288,358,CS_0345_WEAN_d2_p2_cowA_17102025_ch02-20251017213928_53148_53159_part02.mp4,Pen 2 - Group 2\WEANING\Day 2\CS_0345_WEAN_d2_p2_cowA_17102025_ch02-20251017213928_53148_53159_part02.mp4,E:\cross_sucking\Pen 2 - Group 2\WEANING\Day 2\CS_0345_WEAN_d2_p2_cowA_17102025_ch02-20251017213928_53148_53159_part02.mp4,skipped_existing,2,2,Pen_2_WEAN_Day_2_17102025,Pen 2 - Group 2,WEAN,2,2,17102025,A,other|O|None|behind,53148.288,53159.275,53149.597673,53159.275,G:\MONITORING CROSS SUCKING IN CALVES - KAPPEL - 2025\Pen 2 - Group 2\WEANING\Day 2\ch02_20251017222626.mp4,ch02_20251017222626.mp4,53149.597673,55939.47734,0.0,9.677327,Pen 2 - Group 2/WEANING/Day 2/CS_0345_WEAN_d2_p2_cowA_17102025_ch02-20251017213928_53148_53159_part02.mp4.zip
289,359,CS_0346_WEAN_d2_p2_cowslash_17102025_ch02-20251017222626_55643_55813.mp4,Pen 2 - Group 2\WEANING\Day 2\CS_0346_WEAN_d2_p2_cowslash_17102025_ch02-20251017222626_55643_55813.mp4,E:\cross_sucking\Pen 2 - Group 2\WEANING\Day 2\CS_0346_WEAN_d2_p2_cowslash_17102025_ch02-20251017222626_55643_55813.mp4,skipped_existing,1,1,Pen_2_WEAN_Day_2_17102025,Pen 2 - Group 2,WEAN,2,2,17102025,/,other|1|reciprocal|side,55643.471,55813.501,55643.471,55813.501,G:\MONITORING CROSS SUCKING IN CALVES - KAPPEL - 2025\Pen 2 - Group 2\WEANING\Day 2\ch02_20251017222626.mp4,ch02_20251017222626.mp4,53149.597673,55939.47734,2493.873327,2663.903327,Pen 2 - Group 2/WEANING/Day 2/CS_0346_WEAN_d2_p2_cowslash_17102025_ch02-20251017222626_55643_55813.mp4.zip
290,360,CS_0347_WEAN_d2_p2_cowslash_17102025_ch02-20251017222626_55836_55914.mp4,Pen 2 - Group 2\WEANING\Day 2\CS_0347_WEAN_d2_p2_cowslash_17102025_ch02-20251017222626_55836_55914.mp4,E:\cross_sucking\Pen 2 - Group 2\WEANING\Day 2\CS_0347_WEAN_d2_p2_cowslash_17102025_ch02-20251017222626_55836_55914.mp4,skipped_existing,1,1,Pen_2_WEAN_Day_2_17102025,Pen 2 - Group 2,WEAN,2,2,17102025,/,other|1|reciprocal|side,55836.525,55914.202,55836.525,55914.202,G:\MONITORING CROSS SUCKING IN CALVES - KAPPEL - 2025\Pen 2 - Group 2\WEANING\Day 2\ch02_20251017222626.mp4,ch02_20251017222626.mp4,53149.597673,55939.47734,2686.927327,2764.604327,Pen 2 - Group 2/WEANING/Day 2/CS_0347_WEAN_d2_p2_cowslash_17102025_ch02-20251017222626_55836_55914.mp4.zip
291,361,CS_0348_WEAN_d2_p2_cow8_17102025_ch02-20251017231322_56062_56089.mp4,Pen 2 - Group 2\WEANING\Day 2\CS_0348_WEAN_d2_p2_cow8_17102025_ch02-20251017231322_56062_56089.mp4,E:\cross_sucking\Pen 2 - Group 2\WEANING\Day 2\CS_0348_WEAN_d2_p2_cow8_17102025_ch02-20251017231322_56062_56089.mp4,skipped_existing,1,1,Pen_2_WEAN_Day_2_17102025,Pen 2 - Group 2,WEAN,2,2,17102025,8,other|1|reciprocal|side,56062.814,56089.746,56062.814,56089.746,G:\MONITORING CROSS SUCKING IN CALVES - KAPPEL - 2025\Pen 2 - Group 2\WEANING\Day 2\ch02_20251017231322.mp4,ch02_20251017231322.mp4,55939.47734,58732.033007,123.33666,150.26866,Pen 2 - Group 2/WEANING/Day 2/CS_0348_WEAN_d2_p2_cow8_17102025_ch02-20251017231322_56062_56089.mp4.zip
292,362,CS_0349_WEAN_d2_p2_cow8_17102025_ch02-20251017231322_56851_56880.mp4,Pen 2 - Group 2\WEANING\Day 2\CS_0349_WEAN_d2_p2_cow8_17102025_ch02-20251017231322_56851_56880.mp4,E:\cross_sucking\Pen 2 - Group 2\WEANING\Day 2\CS_0349_WEAN_d2_p2_cow8_17102025_ch02-20251017231322_56851_56880.mp4,skipped_existing,1,1,Pen_2_WEAN_Day_2_17102025,Pen 2 - Group 2,WEAN,2,2,17102025,8,milk feeder|O|None|behind,56851.626,56880.066,56851.626,56880.066,G:\MONITORING CROSS SUCKING IN CALVES - KAPPEL - 2025\Pen 2 - Group 2\WEANING\Day 2\ch02_20251017231322.mp4,ch02_20251017231322.mp4,55939.47734,58732.033007,912.14866,940.58866,Pen 2 - Group 2/WEANING/Day 2/CS_0349_WEAN_d2_p2_cow8_17102025_ch02-20251017231322_56851_56880.mp4.zip
293,363,CS_0350_WEAN_d2_p2_cow1_17102025_ch02-20251017231322_57172_57197.mp4,Pen 2 - Group 2\WEANING\Day 2\CS_0350_WEAN_d2_p2_cow1_17102025_ch02-20251017231322_57172_57197.mp4,E:\cross_sucking\Pen 2 - Group 2\WEANING\Day 2\CS_0350_WEAN_d2_p2_cow1_17102025_ch02-20251017231322_57172_57197.mp4,skipped_existing,1,1,Pen_2_WEAN_Day_2_17102025,Pen 2 - Group 2,WEAN,2,2,17102025,1,other|8|None|behind,57172.901,57197.404,57172.901,57197.404,G:\MONITORING CROSS SUCKING IN CALVES - KAPPEL - 2025\Pen 2 - Group 2\WEANING\Day 2\ch02_20251017231322.mp4,ch02_20251017231322.mp4,55939.47734,58732.033007,1233.42366,1257.92666,Pen 2 - Group 2/WEANING/Day 2/CS_0350_WEAN_d2_p2_cow1_17102025_ch02-20251017231322_57172_57197.mp4.zip
294,364,CS_0351_WEAN_d2_p2_cowslash_17102025_ch02-20251018004718_63618_63655.mp4,Pen 2 - Group 2\WEANING\Day 2\CS_0351_WEAN_d2_p2_cowslash_17102025_ch02-20251018004718_63618_63655.mp4,E:\cross_sucking\Pen 2 - Group 2\WEANING\Day 2\CS_0351_WEAN_d2_p2_cowslash_17102025_ch02-20251018004718_63618_63655.mp4,skipped_existing,1,1,Pen_2_WEAN_Day_2_17102025,Pen 2 - Group 2,WEAN,2,2,17102025,/,other|8|None|side,63618.733,63655.203,63618.733,63655.203,G:\MONITORING CROSS SUCKING IN CALVES - KAPPEL - 2025\Pen 2 - Group 2\WEANING\Day 2\ch02_20251018004718.mp4,ch02_20251018004718.mp4,61538.251674,64328.039341,2080.481326,2116.951326,Pen 2 - Group 2/WEANING/Day 2/CS_0351_WEAN_d2_p2_cowslash_17102025_ch02-20251018004718_63618_63655.mp4.zip
295,365,CS_0352_WEAN_d2_p2_cow3_17102025_ch02-20251018004718_64117_64138.mp4,Pen 2 - Group 2\WEANING\Day 2\CS_0352_WEAN_d2_p2_cow3_17102025_ch02-20251018004718_64117_64138.mp4,E:\cross_sucking\Pen 2 - Group 2\WEANING\Day 2\CS_0352_WEAN_d2_p2_cow3_17102025_ch02-20251018004718_64117_64138.mp4,skipped_existing,1,1,Pen_2_WEAN_Day_2_17102025,Pen 2 - Group 2,WEAN,2,2,17102025,3,other|T|reciprocal|side,64117.525,64138.774,64117.525,64138.774,G:\MONITORING CROSS SUCKING IN CALVES - KAPPEL - 2025\Pen 2 - Group 2\WEANING\Day 2\ch02_20251018004718.mp4,ch02_20251018004718.mp4,61538.251674,64328.039341,2579.273326,2600.522326,Pen 2 - Group 2/WEANING/Day 2/CS_0352_WEAN_d2_p2_cow3_17102025_ch02-20251018004718_64117_64138.mp4.zip
296,366,CS_0353_WEAN_d2_p2_cow3_17102025_ch02-20251018004718_64300_64611_part01.mp4,Pen 2 - Group 2\WEANING\Day 2\CS_0353_WEAN_d2_p2_cow3_17102025_ch02-20251018004718_64300_64611_part01.mp4,E:\cross_sucking\Pen 2 - Group 2\WEANING\Day 2\CS_0353_WEAN_d2_p2_cow3_17102025_ch02-20251018004718_64300_64611_part01.mp4,skipped_existing,1,2,Pen_2_WEAN_Day_2_17102025,Pen 2 - Group 2,WEAN,2,2,17102025,3,other|/|None|side,64300.171,64611.967,64300.171,64328.039341,G:\MONITORING CROSS SUCKING IN CALVES - KAPPEL - 2025\Pen 2 - Group 2\WEANING\Day 2\ch02_20251018004718.mp4,ch02_20251018004718.mp4,61538.251674,64328.039341,2761.919326,2789.787667,Pen 2 - Group 2/WEANING/Day 2/CS_0353_WEAN_d2_p2_cow3_17102025_ch02-20251018004718_64300_64611_part01.mp4.zip
297,373,CS_0357_WEAN_d2_p2_cow3_17102025_ch02-20251018013414_64636_64661.mp4,Pen 2 - Group 2\WEANING\Day 2\CS_0357_WEAN_d2_p2_cow3_17102025_ch02-20251018013414_64636_64661.mp4,E:\cross_sucking\Pen 2 - Group 2\WEANING\Day 2\CS_0357_WEAN_d2_p2_cow3_17102025_ch02-20251018013414_64636_64661.mp4,skipped_existing,1,1,Pen_2_WEAN_Day_2_17102025,Pen 2 - Group 2,WEAN,2,2,17102025,3,other|/|None|side,64636.634,64661.816,64636.634,64661.816,G:\MONITORING CROSS SUCKING IN CALVES - KAPPEL - 2025\Pen 2 - Group 2\WEANING\Day 2\ch02_20251018013414.mp4,ch02_20251018013414.mp4,64328.039341,67102.859008,308.594659,333.776659,Pen 2 - Group 2/WEANING/Day 2/CS_0357_WEAN_d2_p2_cow3_17102025_ch02-20251018013414_64636_64661.mp4.zip
298,374,CS_0358_WEAN_d2_p2_cowT_17102025_ch02-20251018013414_64714_64732.mp4,Pen 2 - Group 2\WEANING\Day 2\CS_0358_WEAN_d2_p2_cowT_17102025_ch02-20251018013414_64714_64732.mp4,E:\cross_sucking\Pen 2 - Group 2\WEANING\Day 2\CS_0358_WEAN_d2_p2_cowT_17102025_ch02-20251018013414_64714_64732.mp4,skipped_existing,1,1,Pen_2_WEAN_Day_2_17102025,Pen 2 - Group 2,WEAN,2,2,17102025,T,other|3|None|behind,64714.417,64732.44,64714.417,64732.44,G:\MONITORING CROSS SUCKING IN CALVES - KAPPEL - 2025\Pen 2 - Group 2\WEANING\Day 2\ch02_20251018013414.mp4,ch02_20251018013414.mp4,64328.039341,67102.859008,386.377659,404.400659,Pen 2 - Group 2/WEANING/Day 2/CS_0358_WEAN_d2_p2_cowT_17102025_ch02-20251018013414_64714_64732.mp4.zip
299,375,CS_0359_WEAN_d2_p2_cow1_17102025_ch02-20251018022111_67934_68011.mp4,Pen 2 - Group 2\WEANING\Day 2\CS_0359_WEAN_d2_p2_cow1_17102025_ch02-20251018022111_67934_68011.mp4,E:\cross_sucking\Pen 2 - Group 2\WEANING\Day 2\CS_0359_WEAN_d2_p2_cow1_17102025_ch02-20251018022111_67934_68011.mp4,skipped_existing,1,1,Pen_2_WEAN_Day_2_17102025,Pen 2 - Group 2,WEAN,2,2,17102025,1,other|3|None|side,67934.06,68011.717,67934.06,68011.717,G:\MONITORING CROSS SUCKING IN CALVES - KAPPEL - 2025\Pen 2 - Group 2\WEANING\Day 2\ch02_20251018022111.mp4,ch02_20251018022111.mp4,67102.859008,69878.113675,831.200992,908.857992,Pen 2 - Group 2/WEANING/Day 2/CS_0359_WEAN_d2_p2_cow1_17102025_ch02-20251018022111_67934_68011.mp4.zip
300,377,CS_0361_WEAN_d2_p2_cowO_17102025_ch02-20251018035506_73228_73251.mp4,Pen 2 - Group 2\WEANING\Day 2\CS_0361_WEAN_d2_p2_cowO_17102025_ch02-20251018035506_73228_73251.mp4,E:\cross_sucking\Pen 2 - Group 2\WEANING\Day 2\CS_0361_WEAN_d2_p2_cowO_17102025_ch02-20251018035506_73228_73251.mp4,skipped_existing,1,1,Pen_2_WEAN_Day_2_17102025,Pen 2 - Group 2,WEAN,2,2,17102025,O,milk feeder|A|None|behind,73228.863,73251.608,73228.863,73251.608,G:\MONITORING CROSS SUCKING IN CALVES - KAPPEL - 2025\Pen 2 - Group 2\WEANING\Day 2\ch02_20251018035506.mp4,ch02_20251018035506.mp4,72699.998342,75506.210009,528.864658,551.609658,Pen 2 - Group 2/WEANING/Day 2/CS_0361_WEAN_d2_p2_cowO_17102025_ch02-20251018035506_73228_73251.mp4.zip
301,380,CS_0364_WEAN_d2_p2_cowA_17102025_ch02-20251018035506_73949_74034.mp4,Pen 2 - Group 2\WEANING\Day 2\CS_0364_WEAN_d2_p2_cowA_17102025_ch02-20251018035506_73949_74034.mp4,E:\cross_sucking\Pen 2 - Group 2\WEANING\Day 2\CS_0364_WEAN_d2_p2_cowA_17102025_ch02-20251018035506_73949_74034.mp4,skipped_existing,1,1,Pen_2_WEAN_Day_2_17102025,Pen 2 - Group 2,WEAN,2,2,17102025,A,grain feeder|O|None|behind,73949.957,74034.843,73949.957,74034.843,G:\MONITORING CROSS SUCKING IN CALVES - KAPPEL - 2025\Pen 2 - Group 2\WEANING\Day 2\ch02_20251018035506.mp4,ch02_20251018035506.mp4,72699.998342,75506.210009,1249.958658,1334.844658,Pen 2 - Group 2/WEANING/Day 2/CS_0364_WEAN_d2_p2_cowA_17102025_ch02-20251018035506_73949_74034.mp4.zip
302,381,CS_0365_WEAN_d2_p2_cowA_17102025_ch02-20251018052900_80156_80191.mp4,Pen 2 - Group 2\WEANING\Day 2\CS_0365_WEAN_d2_p2_cowA_17102025_ch02-20251018052900_80156_80191.mp4,E:\cross_sucking\Pen 2 - Group 2\WEANING\Day 2\CS_0365_WEAN_d2_p2_cowA_17102025_ch02-20251018052900_80156_80191.mp4,skipped_existing,1,1,Pen_2_WEAN_Day_2_17102025,Pen 2 - Group 2,WEAN,2,2,17102025,A,other|6|None|behind,80156.147,80191.309,80156.147,80191.309,G:\MONITORING CROSS SUCKING IN CALVES - KAPPEL - 2025\Pen 2 - Group 2\WEANING\Day 2\ch02_20251018052900.mp4,ch02_20251018052900.mp4,78296.644676,81088.140343,1859.502324,1894.664324,Pen 2 - Group 2/WEANING/Day 2/CS_0365_WEAN_d2_p2_cowA_17102025_ch02-20251018052900_80156_80191.mp4.zip
303,382,CS_0366_WEAN_d3_p2_cowA_18102025_ch02-20251018074951_1709_1731.mp4,Pen 2 - Group 2\WEANING\Day 3\CS_0366_WEAN_d3_p2_cowA_18102025_ch02-20251018074951_1709_1731.mp4,E:\cross_sucking\Pen 2 - Group 2\WEANING\Day 3\CS_0366_WEAN_d3_p2_cowA_18102025_ch02-20251018074951_1709_1731.mp4,skipped_existing,1,1,Pen_2_WEAN_Day_3_18102025,Pen 2 - Group 2,WEAN,3,2,18102025,A,milk feeder|1|None|behind,1709.561,1731.891,1709.561,1731.891,G:\MONITORING CROSS SUCKING IN CALVES - KAPPEL - 2025\Pen 2 - Group 2\WEANING\Day 3\ch02_20251018074951.mp4,ch02_20251018074951.mp4,0.0,2808.414667,1709.561,1731.891,Pen 2 - Group 2/WEANING/Day 3/0366.zip
304,383,CS_0367_WEAN_d3_p2_cowslash_18102025_ch02-20251018101045_8408_8597.mp4,Pen 2 - Group 2\WEANING\Day 3\CS_0367_WEAN_d3_p2_cowslash_18102025_ch02-20251018101045_8408_8597.mp4,E:\cross_sucking\Pen 2 - Group 2\WEANING\Day 3\CS_0367_WEAN_d3_p2_cowslash_18102025_ch02-20251018101045_8408_8597.mp4,skipped_existing,1,1,Pen_2_WEAN_Day_3_18102025,Pen 2 - Group 2,WEAN,3,2,18102025,/,other|T|reciprocal|side,8408.849,8597.282,8408.849,8597.282,G:\MONITORING CROSS SUCKING IN CALVES - KAPPEL - 2025\Pen 2 - Group 2\WEANING\Day 3\ch02_20251018101045.mp4,ch02_20251018101045.mp4,8405.892001,11228.575668,2.956999,191.389999,Pen 2 - Group 2/WEANING/Day 3/0367.zip
305,385,CS_0369_WEAN_d3_p2_cowT_18102025_ch02-20251018101045_8461_8637.mp4,Pen 2 - Group 2\WEANING\Day 3\CS_0369_WEAN_d3_p2_cowT_18102025_ch02-20251018101045_8461_8637.mp4,E:\cross_sucking\Pen 2 - Group 2\WEANING\Day 3\CS_0369_WEAN_d3_p2_cowT_18102025_ch02-20251018101045_8461_8637.mp4,skipped_existing,1,1,Pen_2_WEAN_Day_3_18102025,Pen 2 - Group 2,WEAN,3,2,18102025,T,other|/|reciprocal|side,8461.93,8637.662,8461.93,8637.662,G:\MONITORING CROSS SUCKING IN CALVES - KAPPEL - 2025\Pen 2 - Group 2\WEANING\Day 3\ch02_20251018101045.mp4,ch02_20251018101045.mp4,8405.892001,11228.575668,56.037999,231.769999,Pen 2 - Group 2/WEANING/Day 3/0369.zip
306,386,CS_0370_WEAN_d3_p2_cowT_18102025_ch02-20251018101045_8637_8820.mp4,Pen 2 - Group 2\WEANING\Day 3\CS_0370_WEAN_d3_p2_cowT_18102025_ch02-20251018101045_8637_8820.mp4,E:\cross_sucking\Pen 2 - Group 2\WEANING\Day 3\CS_0370_WEAN_d3_p2_cowT_18102025_ch02-20251018101045_8637_8820.mp4,skipped_existing,1,1,Pen_2_WEAN_Day_3_18102025,Pen 2 - Group 2,WEAN,3,2,18102025,T,other|/|None|behind,8637.663,8820.284,8637.663,8820.284,G:\MONITORING CROSS SUCKING IN CALVES - KAPPEL - 2025\Pen 2 - Group 2\WEANING\Day 3\ch02_20251018101045.mp4,ch02_20251018101045.mp4,8405.892001,11228.575668,231.770999,414.391999,Pen 2 - Group 2/WEANING/Day 3/0370.zip
307,388,CS_0372_WEAN_d3_p2_cowT_18102025_ch02-20251018101045_8820_9043.mp4,Pen 2 - Group 2\WEANING\Day 3\CS_0372_WEAN_d3_p2_cowT_18102025_ch02-20251018101045_8820_9043.mp4,E:\cross_sucking\Pen 2 - Group 2\WEANING\Day 3\CS_0372_WEAN_d3_p2_cowT_18102025_ch02-20251018101045_8820_9043.mp4,skipped_existing,1,1,Pen_2_WEAN_Day_3_18102025,Pen 2 - Group 2,WEAN,3,2,18102025,T,other|/|reciprocal|side,8820.285,9043.593,8820.285,9043.593,G:\MONITORING CROSS SUCKING IN CALVES - KAPPEL - 2025\Pen 2 - Group 2\WEANING\Day 3\ch02_20251018101045.mp4,ch02_20251018101045.mp4,8405.892001,11228.575668,414.392999,637.700999,Pen 2 - Group 2/WEANING/Day 3/0372.zip
308,389,CS_0373_WEAN_d3_p2_cowT_18102025_ch02-20251018101045_9309_9358.mp4,Pen 2 - Group 2\WEANING\Day 3\CS_0373_WEAN_d3_p2_cowT_18102025_ch02-20251018101045_9309_9358.mp4,E:\cross_sucking\Pen 2 - Group 2\WEANING\Day 3\CS_0373_WEAN_d3_p2_cowT_18102025_ch02-20251018101045_9309_9358.mp4,skipped_existing,1,1,Pen_2_WEAN_Day_3_18102025,Pen 2 - Group 2,WEAN,3,2,18102025,T,other|8|None|behind,9309.145,9358.422,9309.145,9358.422,G:\MONITORING CROSS SUCKING IN CALVES - KAPPEL - 2025\Pen 2 - Group 2\WEANING\Day 3\ch02_20251018101045.mp4,ch02_20251018101045.mp4,8405.892001,11228.575668,903.252999,952.529999,Pen 2 - Group 2/WEANING/Day 3/0373.zip
309,390,CS_0374_WEAN_d3_p2_cow6_18102025_ch02-20251018101045_9810_9819.mp4,Pen 2 - Group 2\WEANING\Day 3\CS_0374_WEAN_d3_p2_cow6_18102025_ch02-20251018101045_9810_9819.mp4,E:\cross_sucking\Pen 2 - Group 2\WEANING\Day 3\CS_0374_WEAN_d3_p2_cow6_18102025_ch02-20251018101045_9810_9819.mp4,skipped_existing,1,1,Pen_2_WEAN_Day_3_18102025,Pen 2 - Group 2,WEAN,3,2,18102025,6,other|8|None|side,9810.812,9819.912,9810.812,9819.912,G:\MONITORING CROSS SUCKING IN CALVES - KAPPEL - 2025\Pen 2 - Group 2\WEANING\Day 3\ch02_20251018101045.mp4,ch02_20251018101045.mp4,8405.892001,11228.575668,1404.919999,1414.019999,Pen 2 - Group 2/WEANING/Day 3/0374.zip
310,391,CS_0375_WEAN_d3_p2_cow6_18102025_ch02-20251018101045_10534_10669.mp4,Pen 2 - Group 2\WEANING\Day 3\CS_0375_WEAN_d3_p2_cow6_18102025_ch02-20251018101045_10534_10669.mp4,E:\cross_sucking\Pen 2 - Group 2\WEANING\Day 3\CS_0375_WEAN_d3_p2_cow6_18102025_ch02-20251018101045_10534_10669.mp4,skipped_existing,1,1,Pen_2_WEAN_Day_3_18102025,Pen 2 - Group 2,WEAN,3,2,18102025,6,other|A|None|behind,10534.215,10669.162,10534.215,10669.162,G:\MONITORING CROSS SUCKING IN CALVES - KAPPEL - 2025\Pen 2 - Group 2\WEANING\Day 3\ch02_20251018101045.mp4,ch02_20251018101045.mp4,8405.892001,11228.575668,2128.322999,2263.269999,Pen 2 - Group 2/WEANING/Day 3/0375.zip
311,392,CS_0376_WEAN_d3_p2_cowT_18102025_ch02-20251018114441_14369_14410.mp4,Pen 2 - Group 2\WEANING\Day 3\CS_0376_WEAN_d3_p2_cowT_18102025_ch02-20251018114441_14369_14410.mp4,E:\cross_sucking\Pen 2 - Group 2\WEANING\Day 3\CS_0376_WEAN_d3_p2_cowT_18102025_ch02-20251018114441_14369_14410.mp4,skipped_existing,1,1,Pen_2_WEAN_Day_3_18102025,Pen 2 - Group 2,WEAN,3,2,18102025,T,milk feeder|6|None|behind,14369.839,14410.071,14369.839,14410.071,G:\MONITORING CROSS SUCKING IN CALVES - KAPPEL - 2025\Pen 2 - Group 2\WEANING\Day 3\ch02_20251018114441.mp4,ch02_20251018114441.mp4,14019.908335,16827.695002,349.930665,390.162665,Pen 2 - Group 2/WEANING/Day 3/0376.zip
312,393,CS_0377_WEAN_d3_p2_cowO_18102025_ch02-20251018114441_14467_14548.mp4,Pen 2 - Group 2\WEANING\Day 3\CS_0377_WEAN_d3_p2_cowO_18102025_ch02-20251018114441_14467_14548.mp4,E:\cross_sucking\Pen 2 - Group 2\WEANING\Day 3\CS_0377_WEAN_d3_p2_cowO_18102025_ch02-20251018114441_14467_14548.mp4,skipped_existing,1,1,Pen_2_WEAN_Day_3_18102025,Pen 2 - Group 2,WEAN,3,2,18102025,O,milk feeder|6|None|behind,14467.758,14548.283,14467.758,14548.283,G:\MONITORING CROSS SUCKING IN CALVES - KAPPEL - 2025\Pen 2 - Group 2\WEANING\Day 3\ch02_20251018114441.mp4,ch02_20251018114441.mp4,14019.908335,16827.695002,447.849665,528.374665,Pen 2 - Group 2/WEANING/Day 3/0377.zip
313,394,CS_0378_WEAN_d3_p2_cow6_18102025_ch02-20251018114441_16402_16417.mp4,Pen 2 - Group 2\WEANING\Day 3\CS_0378_WEAN_d3_p2_cow6_18102025_ch02-20251018114441_16402_16417.mp4,E:\cross_sucking\Pen 2 - Group 2\WEANING\Day 3\CS_0378_WEAN_d3_p2_cow6_18102025_ch02-20251018114441_16402_16417.mp4,skipped_existing,1,1,Pen_2_WEAN_Day_3_18102025,Pen 2 - Group 2,WEAN,3,2,18102025,6,milk feeder|8|None|behind,16402.24,16417.433,16402.24,16417.433,G:\MONITORING CROSS SUCKING IN CALVES - KAPPEL - 2025\Pen 2 - Group 2\WEANING\Day 3\ch02_20251018114441.mp4,ch02_20251018114441.mp4,14019.908335,16827.695002,2382.331665,2397.524665,Pen 2 - Group 2/WEANING/Day 3/0378.zip
314,395,CS_0379_WEAN_d3_p2_cowT_18102025_ch02-20251018123139_19436_19462.mp4,Pen 2 - Group 2\WEANING\Day 3\CS_0379_WEAN_d3_p2_cowT_18102025_ch02-20251018123139_19436_19462.mp4,E:\cross_sucking\Pen 2 - Group 2\WEANING\Day 3\CS_0379_WEAN_d3_p2_cowT_18102025_ch02-20251018123139_19436_19462.mp4,skipped_existing,1,1,Pen_2_WEAN_Day_3_18102025,Pen 2 - Group 2,WEAN,3,2,18102025,T,other|/|None|behind,19436.581,19462.695,19436.581,19462.695,G:\MONITORING CROSS SUCKING IN CALVES - KAPPEL - 2025\Pen 2 - Group 2\WEANING\Day 3\ch02_20251018123139.mp4,ch02_20251018123139.mp4,16827.695002,19619.034669,2608.885998,2634.999998,Pen 2 - Group 2/WEANING/Day 3/0379.zip
315,396,CS_0380_WEAN_d3_p2_cowT_18102025_ch02-20251018123139_19517_19636_part01.mp4,Pen 2 - Group 2\WEANING\Day 3\CS_0380_WEAN_d3_p2_cowT_18102025_ch02-20251018123139_19517_19636_part01.mp4,E:\cross_sucking\Pen 2 - Group 2\WEANING\Day 3\CS_0380_WEAN_d3_p2_cowT_18102025_ch02-20251018123139_19517_19636_part01.mp4,skipped_existing,1,2,Pen_2_WEAN_Day_3_18102025,Pen 2 - Group 2,WEAN,3,2,18102025,T,other|/|reciprocal|side,19517.278,19636.277,19517.278,19619.034669,G:\MONITORING CROSS SUCKING IN CALVES - KAPPEL - 2025\Pen 2 - Group 2\WEANING\Day 3\ch02_20251018123139.mp4,ch02_20251018123139.mp4,16827.695002,19619.034669,2689.582998,2791.339667,Pen 2 - Group 2/WEANING/Day 3/0380-p1.zip
316,397,CS_0380_WEAN_d3_p2_cowT_18102025_ch02-20251018123139_19517_19636_part02.mp4,Pen 2 - Group 2\WEANING\Day 3\CS_0380_WEAN_d3_p2_cowT_18102025_ch02-20251018123139_19517_19636_part02.mp4,E:\cross_sucking\Pen 2 - Group 2\WEANING\Day 3\CS_0380_WEAN_d3_p2_cowT_18102025_ch02-20251018123139_19517_19636_part02.mp4,skipped_existing,2,2,Pen_2_WEAN_Day_3_18102025,Pen 2 - Group 2,WEAN,3,2,18102025,T,other|/|reciprocal|side,19517.278,19636.277,19619.034669,19636.277,G:\MONITORING CROSS SUCKING IN CALVES - KAPPEL - 2025\Pen 2 - Group 2\WEANING\Day 3\ch02_20251018131837.mp4,ch02_20251018131837.mp4,19619.034669,22426.127336,0.0,17.242331,Pen 2 - Group 2/WEANING/Day 3/0380-p2.zip
317,399,CS_0382_WEAN_d3_p2_cowT_18102025_ch02-20251018131837_19636_19703.mp4,Pen 2 - Group 2\WEANING\Day 3\CS_0382_WEAN_d3_p2_cowT_18102025_ch02-20251018131837_19636_19703.mp4,E:\cross_sucking\Pen 2 - Group 2\WEANING\Day 3\CS_0382_WEAN_d3_p2_cowT_18102025_ch02-20251018131837_19636_19703.mp4,skipped_existing,1,1,Pen_2_WEAN_Day_3_18102025,Pen 2 - Group 2,WEAN,3,2,18102025,T,other|/|None|behind,19636.278,19703.521,19636.278,19703.521,G:\MONITORING CROSS SUCKING IN CALVES - KAPPEL - 2025\Pen 2 - Group 2\WEANING\Day 3\ch02_20251018131837.mp4,ch02_20251018131837.mp4,19619.034669,22426.127336,17.243331,84.486331,Pen 2 - Group 2/WEANING/Day 3/0382.zip
318,400,CS_0383_WEAN_d3_p2_cowT_18102025_ch02-20251018140534_23956_24026.mp4,Pen 2 - Group 2\WEANING\Day 3\CS_0383_WEAN_d3_p2_cowT_18102025_ch02-20251018140534_23956_24026.mp4,E:\cross_sucking\Pen 2 - Group 2\WEANING\Day 3\CS_0383_WEAN_d3_p2_cowT_18102025_ch02-20251018140534_23956_24026.mp4,skipped_existing,1,1,Pen_2_WEAN_Day_3_18102025,Pen 2 - Group 2,WEAN,3,2,18102025,T,grain feeder|8|None|behind,23956.393,24026.21,23956.393,24026.21,G:\MONITORING CROSS SUCKING IN CALVES - KAPPEL - 2025\Pen 2 - Group 2\WEANING\Day 3\ch02_20251018140534.mp4,ch02_20251018140534.mp4,22426.127336,25215.403003,1530.265664,1600.082664,Pen 2 - Group 2/WEANING/Day 3/0383.zip
319,401,CS_0384_WEAN_d3_p2_cowO_18102025_ch02-20251018145230_25655_25842.mp4,Pen 2 - Group 2\WEANING\Day 3\CS_0384_WEAN_d3_p2_cowO_18102025_ch02-20251018145230_25655_25842.mp4,E:\cross_sucking\Pen 2 - Group 2\WEANING\Day 3\CS_0384_WEAN_d3_p2_cowO_18102025_ch02-20251018145230_25655_25842.mp4,skipped_existing,1,1,Pen_2_WEAN_Day_3_18102025,Pen 2 - Group 2,WEAN,3,2,18102025,O,milk feeder|1|None|behind,25655.73,25842.226,25655.73,25842.226,G:\MONITORING CROSS SUCKING IN CALVES - KAPPEL - 2025\Pen 2 - Group 2\WEANING\Day 3\ch02_20251018145230.mp4,ch02_20251018145230.mp4,25215.403003,28022.08167,440.326997,626.822997,Pen 2 - Group 2/WEANING/Day 3/0384.zip
320,402,CS_0385_WEAN_d3_p2_cowO_18102025_ch02-20251018145230_26083_26212.mp4,Pen 2 - Group 2\WEANING\Day 3\CS_0385_WEAN_d3_p2_cowO_18102025_ch02-20251018145230_26083_26212.mp4,E:\cross_sucking\Pen 2 - Group 2\WEANING\Day 3\CS_0385_WEAN_d3_p2_cowO_18102025_ch02-20251018145230_26083_26212.mp4,skipped_existing,1,1,Pen_2_WEAN_Day_3_18102025,Pen 2 - Group 2,WEAN,3,2,18102025,O,other|6|None|lying down,26083.11,26212.968,26083.11,26212.968,G:\MONITORING CROSS SUCKING IN CALVES - KAPPEL - 2025\Pen 2 - Group 2\WEANING\Day 3\ch02_20251018145230.mp4,ch02_20251018145230.mp4,25215.403003,28022.08167,867.706997,997.564997,Pen 2 - Group 2/WEANING/Day 3/0385.zip
321,403,CS_0386_WEAN_d3_p2_cowO_18102025_ch02-20251018171322_34541_34724.mp4,Pen 2 - Group 2\WEANING\Day 3\CS_0386_WEAN_d3_p2_cowO_18102025_ch02-20251018171322_34541_34724.mp4,E:\cross_sucking\Pen 2 - Group 2\WEANING\Day 3\CS_0386_WEAN_d3_p2_cowO_18102025_ch02-20251018171322_34541_34724.mp4,skipped_existing,1,1,Pen_2_WEAN_Day_3_18102025,Pen 2 - Group 2,WEAN,3,2,18102025,O,milk feeder|8|None|behind,34541.261,34724.481,34541.261,34724.481,G:\MONITORING CROSS SUCKING IN CALVES - KAPPEL - 2025\Pen 2 - Group 2\WEANING\Day 3\ch02_20251018171322.mp4,ch02_20251018171322.mp4,33635.168004,36425.378671,906.092996,1089.312996,Pen 2 - Group 2/WEANING/Day 3/0386.zip
322,404,CS_0387_WEAN_d3_p2_cow8_18102025_ch02-20251018171322_34744_34769.mp4,Pen 2 - Group 2\WEANING\Day 3\CS_0387_WEAN_d3_p2_cow8_18102025_ch02-20251018171322_34744_34769.mp4,E:\cross_sucking\Pen 2 - Group 2\WEANING\Day 3\CS_0387_WEAN_d3_p2_cow8_18102025_ch02-20251018171322_34744_34769.mp4,skipped_existing,1,1,Pen_2_WEAN_Day_3_18102025,Pen 2 - Group 2,WEAN,3,2,18102025,8,milk feeder|O|None|behind,34744.267,34769.372,34744.267,34769.372,G:\MONITORING CROSS SUCKING IN CALVES - KAPPEL - 2025\Pen 2 - Group 2\WEANING\Day 3\ch02_20251018171322.mp4,ch02_20251018171322.mp4,33635.168004,36425.378671,1109.098996,1134.203996,Pen 2 - Group 2/WEANING/Day 3/0387.zip
323,405,CS_0388_WEAN_d3_p2_cowT_18102025_ch02-20251018171322_35578_35809.mp4,Pen 2 - Group 2\WEANING\Day 3\CS_0388_WEAN_d3_p2_cowT_18102025_ch02-20251018171322_35578_35809.mp4,E:\cross_sucking\Pen 2 - Group 2\WEANING\Day 3\CS_0388_WEAN_d3_p2_cowT_18102025_ch02-20251018171322_35578_35809.mp4,skipped_existing,1,1,Pen_2_WEAN_Day_3_18102025,Pen 2 - Group 2,WEAN,3,2,18102025,T,grain feeder|8|None|behind,35578.736,35809.91,35578.736,35809.91,G:\MONITORING CROSS SUCKING IN CALVES - KAPPEL - 2025\Pen 2 - Group 2\WEANING\Day 3\ch02_20251018171322.mp4,ch02_20251018171322.mp4,33635.168004,36425.378671,1943.567996,2174.741996,Pen 2 - Group 2/WEANING/Day 3/0388.zip
324,406,CS_0389_WEAN_d3_p2_cowA_18102025_ch02-20251018180018_38003_38024.mp4,Pen 2 - Group 2\WEANING\Day 3\CS_0389_WEAN_d3_p2_cowA_18102025_ch02-20251018180018_38003_38024.mp4,E:\cross_sucking\Pen 2 - Group 2\WEANING\Day 3\CS_0389_WEAN_d3_p2_cowA_18102025_ch02-20251018180018_38003_38024.mp4,skipped_existing,1,1,Pen_2_WEAN_Day_3_18102025,Pen 2 - Group 2,WEAN,3,2,18102025,A,grain feeder|6|None|behind,38003.756,38024.649,38003.756,38024.649,G:\MONITORING CROSS SUCKING IN CALVES - KAPPEL - 2025\Pen 2 - Group 2\WEANING\Day 3\ch02_20251018180018.mp4,ch02_20251018180018.mp4,36425.378671,39247.495338,1578.377329,1599.270329,Pen 2 - Group 2/WEANING/Day 3/0389.zip
325,407,CS_0390_WEAN_d3_p2_cowA_18102025_ch02-20251018180018_38038_38112.mp4,Pen 2 - Group 2\WEANING\Day 3\CS_0390_WEAN_d3_p2_cowA_18102025_ch02-20251018180018_38038_38112.mp4,E:\cross_sucking\Pen 2 - Group 2\WEANING\Day 3\CS_0390_WEAN_d3_p2_cowA_18102025_ch02-20251018180018_38038_38112.mp4,skipped_existing,1,1,Pen_2_WEAN_Day_3_18102025,Pen 2 - Group 2,WEAN,3,2,18102025,A,grain feeder|O|None|behind,38038.64,38112.435,38038.64,38112.435,G:\MONITORING CROSS SUCKING IN CALVES - KAPPEL - 2025\Pen 2 - Group 2\WEANING\Day 3\ch02_20251018180018.mp4,ch02_20251018180018.mp4,36425.378671,39247.495338,1613.261329,1687.056329,Pen 2 - Group 2/WEANING/Day 3/0390.zip
326,408,CS_0391_WEAN_d3_p2_cow6_18102025_ch02-20251018184715_39816_39857.mp4,Pen 2 - Group 2\WEANING\Day 3\CS_0391_WEAN_d3_p2_cow6_18102025_ch02-20251018184715_39816_39857.mp4,E:\cross_sucking\Pen 2 - Group 2\WEANING\Day 3\CS_0391_WEAN_d3_p2_cow6_18102025_ch02-20251018184715_39816_39857.mp4,skipped_existing,1,1,Pen_2_WEAN_Day_3_18102025,Pen 2 - Group 2,WEAN,3,2,18102025,6,other|8|None|side,39816.025,39857.756,39816.025,39857.756,G:\MONITORING CROSS SUCKING IN CALVES - KAPPEL - 2025\Pen 2 - Group 2\WEANING\Day 3\ch02_20251018184715.mp4,ch02_20251018184715.mp4,39247.495338,42021.165005,568.529662,610.260662,Pen 2 - Group 2/WEANING/Day 3/0391.zip
327,409,CS_0392_WEAN_d3_p2_cow8_18102025_ch02-20251018184715_40096_40135.mp4,Pen 2 - Group 2\WEANING\Day 3\CS_0392_WEAN_d3_p2_cow8_18102025_ch02-20251018184715_40096_40135.mp4,E:\cross_sucking\Pen 2 - Group 2\WEANING\Day 3\CS_0392_WEAN_d3_p2_cow8_18102025_ch02-20251018184715_40096_40135.mp4,skipped_existing,1,1,Pen_2_WEAN_Day_3_18102025,Pen 2 - Group 2,WEAN,3,2,18102025,8,other|6|None|side,40096.773,40135.056,40096.773,40135.056,G:\MONITORING CROSS SUCKING IN CALVES - KAPPEL - 2025\Pen 2 - Group 2\WEANING\Day 3\ch02_20251018184715.mp4,ch02_20251018184715.mp4,39247.495338,42021.165005,849.277662,887.560662,Pen 2 - Group 2/WEANING/Day 3/0392.zip
328,410,CS_0393_WEAN_d3_p2_cow3_18102025_ch02-20251018184715_41186_41713.mp4,Pen 2 - Group 2\WEANING\Day 3\CS_0393_WEAN_d3_p2_cow3_18102025_ch02-20251018184715_41186_41713.mp4,E:\cross_sucking\Pen 2 - Group 2\WEANING\Day 3\CS_0393_WEAN_d3_p2_cow3_18102025_ch02-20251018184715_41186_41713.mp4,skipped_existing,1,1,Pen_2_WEAN_Day_3_18102025,Pen 2 - Group 2,WEAN,3,2,18102025,3,other|/|reciprocal|side,41186.469,41713.709,41186.469,41713.709,G:\MONITORING CROSS SUCKING IN CALVES - KAPPEL - 2025\Pen 2 - Group 2\WEANING\Day 3\ch02_20251018184715.mp4,ch02_20251018184715.mp4,39247.495338,42021.165005,1938.973662,2466.213662,Pen 2 - Group 2/WEANING/Day 3/0393.zip
329,412,CS_0395_WEAN_d3_p2_cow6_18102025_ch02-20251018184715_41960_42043_part01.mp4,Pen 2 - Group 2\WEANING\Day 3\CS_0395_WEAN_d3_p2_cow6_18102025_ch02-20251018184715_41960_42043_part01.mp4,E:\cross_sucking\Pen 2 - Group 2\WEANING\Day 3\CS_0395_WEAN_d3_p2_cow6_18102025_ch02-20251018184715_41960_42043_part01.mp4,skipped_existing,1,2,Pen_2_WEAN_Day_3_18102025,Pen 2 - Group 2,WEAN,3,2,18102025,6,other|1|None|behind,41960.124,42043.839,41960.124,42021.165005,G:\MONITORING CROSS SUCKING IN CALVES - KAPPEL - 2025\Pen 2 - Group 2\WEANING\Day 3\ch02_20251018184715.mp4,ch02_20251018184715.mp4,39247.495338,42021.165005,2712.628662,2773.669667,Pen 2 - Group 2/WEANING/Day 3/0395-p1.zip
330,413,CS_0395_WEAN_d3_p2_cow6_18102025_ch02-20251018184715_41960_42043_part02.mp4,Pen 2 - Group 2\WEANING\Day 3\CS_0395_WEAN_d3_p2_cow6_18102025_ch02-20251018184715_41960_42043_part02.mp4,E:\cross_sucking\Pen 2 - Group 2\WEANING\Day 3\CS_0395_WEAN_d3_p2_cow6_18102025_ch02-20251018184715_41960_42043_part02.mp4,skipped_existing,2,2,Pen_2_WEAN_Day_3_18102025,Pen 2 - Group 2,WEAN,3,2,18102025,6,other|1|None|behind,41960.124,42043.839,42021.165005,42043.839,G:\MONITORING CROSS SUCKING IN CALVES - KAPPEL - 2025\Pen 2 - Group 2\WEANING\Day 3\ch02_20251018193412.mp4,ch02_20251018193412.mp4,42021.165005,44795.867672,0.0,22.673995,Pen 2 - Group 2/WEANING/Day 3/0395-p2.zip
331,414,CS_0396_WEAN_d3_p2_cowslash_18102025_ch02-20251018193412_42327_42346.mp4,Pen 2 - Group 2\WEANING\Day 3\CS_0396_WEAN_d3_p2_cowslash_18102025_ch02-20251018193412_42327_42346.mp4,E:\cross_sucking\Pen 2 - Group 2\WEANING\Day 3\CS_0396_WEAN_d3_p2_cowslash_18102025_ch02-20251018193412_42327_42346.mp4,skipped_existing,1,1,Pen_2_WEAN_Day_3_18102025,Pen 2 - Group 2,WEAN,3,2,18102025,/,other|8|None|side,42327.017,42346.019,42327.017,42346.019,G:\MONITORING CROSS SUCKING IN CALVES - KAPPEL - 2025\Pen 2 - Group 2\WEANING\Day 3\ch02_20251018193412.mp4,ch02_20251018193412.mp4,42021.165005,44795.867672,305.851995,324.853995,Pen 2 - Group 2/WEANING/Day 3/0396.zip
332,415,CS_0397_WEAN_d3_p2_cowT_18102025_ch02-20251018193412_42823_42850.mp4,Pen 2 - Group 2\WEANING\Day 3\CS_0397_WEAN_d3_p2_cowT_18102025_ch02-20251018193412_42823_42850.mp4,E:\cross_sucking\Pen 2 - Group 2\WEANING\Day 3\CS_0397_WEAN_d3_p2_cowT_18102025_ch02-20251018193412_42823_42850.mp4,skipped_existing,1,1,Pen_2_WEAN_Day_3_18102025,Pen 2 - Group 2,WEAN,3,2,18102025,T,other|/|None|behind,42823.476,42850.273,42823.476,42850.273,G:\MONITORING CROSS SUCKING IN CALVES - KAPPEL - 2025\Pen 2 - Group 2\WEANING\Day 3\ch02_20251018193412.mp4,ch02_20251018193412.mp4,42021.165005,44795.867672,802.310995,829.107995,Pen 2 - Group 2/WEANING/Day 3/0397.zip
333,416,CS_0398_WEAN_d3_p2_cowT_18102025_ch02-20251018193412_42871_42911.mp4,Pen 2 - Group 2\WEANING\Day 3\CS_0398_WEAN_d3_p2_cowT_18102025_ch02-20251018193412_42871_42911.mp4,E:\cross_sucking\Pen 2 - Group 2\WEANING\Day 3\CS_0398_WEAN_d3_p2_cowT_18102025_ch02-20251018193412_42871_42911.mp4,skipped_existing,1,1,Pen_2_WEAN_Day_3_18102025,Pen 2 - Group 2,WEAN,3,2,18102025,T,other|/|None|side,42871.37,42911.449,42871.37,42911.449,G:\MONITORING CROSS SUCKING IN CALVES - KAPPEL - 2025\Pen 2 - Group 2\WEANING\Day 3\ch02_20251018193412.mp4,ch02_20251018193412.mp4,42021.165005,44795.867672,850.204995,890.283995,Pen 2 - Group 2/WEANING/Day 3/0398.zip
334,417,CS_0399_WEAN_d3_p2_cowT_18102025_ch02-20251018193412_42911_42931.mp4,Pen 2 - Group 2\WEANING\Day 3\CS_0399_WEAN_d3_p2_cowT_18102025_ch02-20251018193412_42911_42931.mp4,E:\cross_sucking\Pen 2 - Group 2\WEANING\Day 3\CS_0399_WEAN_d3_p2_cowT_18102025_ch02-20251018193412_42911_42931.mp4,skipped_existing,1,1,Pen_2_WEAN_Day_3_18102025,Pen 2 - Group 2,WEAN,3,2,18102025,T,other|/|None|behind,42911.45,42931.809,42911.45,42931.809,G:\MONITORING CROSS SUCKING IN CALVES - KAPPEL - 2025\Pen 2 - Group 2\WEANING\Day 3\ch02_20251018193412.mp4,ch02_20251018193412.mp4,42021.165005,44795.867672,890.284995,910.643995,Pen 2 - Group 2/WEANING/Day 3/0399.zip
335,418,CS_0400_WEAN_d3_p2_cowT_18102025_ch02-20251018193412_43125_43178.mp4,Pen 2 - Group 2\WEANING\Day 3\CS_0400_WEAN_d3_p2_cowT_18102025_ch02-20251018193412_43125_43178.mp4,E:\cross_sucking\Pen 2 - Group 2\WEANING\Day 3\CS_0400_WEAN_d3_p2_cowT_18102025_ch02-20251018193412_43125_43178.mp4,skipped_existing,1,1,Pen_2_WEAN_Day_3_18102025,Pen 2 - Group 2,WEAN,3,2,18102025,T,other|/|None|behind,43125.594,43178.753,43125.594,43178.753,G:\MONITORING CROSS SUCKING IN CALVES - KAPPEL - 2025\Pen 2 - Group 2\WEANING\Day 3\ch02_20251018193412.mp4,ch02_20251018193412.mp4,42021.165005,44795.867672,1104.428995,1157.587995,Pen 2 - Group 2/WEANING/Day 3/0400.zip
336,419,CS_0401_WEAN_d3_p2_cowA_18102025_ch02-20251018193412_43483_43537.mp4,Pen 2 - Group 2\WEANING\Day 3\CS_0401_WEAN_d3_p2_cowA_18102025_ch02-20251018193412_43483_43537.mp4,E:\cross_sucking\Pen 2 - Group 2\WEANING\Day 3\CS_0401_WEAN_d3_p2_cowA_18102025_ch02-20251018193412_43483_43537.mp4,skipped_existing,1,1,Pen_2_WEAN_Day_3_18102025,Pen 2 - Group 2,WEAN,3,2,18102025,A,grain feeder|O|None|side,43483.44,43537.522,43483.44,43537.522,G:\MONITORING CROSS SUCKING IN CALVES - KAPPEL - 2025\Pen 2 - Group 2\WEANING\Day 3\ch02_20251018193412.mp4,ch02_20251018193412.mp4,42021.165005,44795.867672,1462.274995,1516.356995,Pen 2 - Group 2/WEANING/Day 3/0401.zip
337,420,CS_0402_WEAN_d3_p2_cowT_18102025_ch02-20251018193412_43513_43576.mp4,Pen 2 - Group 2\WEANING\Day 3\CS_0402_WEAN_d3_p2_cowT_18102025_ch02-20251018193412_43513_43576.mp4,E:\cross_sucking\Pen 2 - Group 2\WEANING\Day 3\CS_0402_WEAN_d3_p2_cowT_18102025_ch02-20251018193412_43513_43576.mp4,skipped_existing,1,1,Pen_2_WEAN_Day_3_18102025,Pen 2 - Group 2,WEAN,3,2,18102025,T,other|/|None|behind,43513.894,43576.628,43513.894,43576.628,G:\MONITORING CROSS SUCKING IN CALVES - KAPPEL - 2025\Pen 2 - Group 2\WEANING\Day 3\ch02_20251018193412.mp4,ch02_20251018193412.mp4,42021.165005,44795.867672,1492.728995,1555.462995,Pen 2 - Group 2/WEANING/Day 3/0402.zip
338,421,CS_0403_WEAN_d3_p2_cowA_18102025_ch02-20251018193412_43541_43733.mp4,Pen 2 - Group 2\WEANING\Day 3\CS_0403_WEAN_d3_p2_cowA_18102025_ch02-20251018193412_43541_43733.mp4,E:\cross_sucking\Pen 2 - Group 2\WEANING\Day 3\CS_0403_WEAN_d3_p2_cowA_18102025_ch02-20251018193412_43541_43733.mp4,skipped_existing,1,1,Pen_2_WEAN_Day_3_18102025,Pen 2 - Group 2,WEAN,3,2,18102025,A,other|O|reciprocal|side,43541.203,43733.286,43541.203,43733.286,G:\MONITORING CROSS SUCKING IN CALVES - KAPPEL - 2025\Pen 2 - Group 2\WEANING\Day 3\ch02_20251018193412.mp4,ch02_20251018193412.mp4,42021.165005,44795.867672,1520.037995,1712.120995,Pen 2 - Group 2/WEANING/Day 3/0403.zip
339,422,CS_0404_WEAN_d3_p2_cowslash_18102025_ch02-20251018202110_45025_45063.mp4,Pen 2 - Group 2\WEANING\Day 3\CS_0404_WEAN_d3_p2_cowslash_18102025_ch02-20251018202110_45025_45063.mp4,E:\cross_sucking\Pen 2 - Group 2\WEANING\Day 3\CS_0404_WEAN_d3_p2_cowslash_18102025_ch02-20251018202110_45025_45063.mp4,skipped_existing,1,1,Pen_2_WEAN_Day_3_18102025,Pen 2 - Group 2,WEAN,3,2,18102025,/,other|1|None|behind,45025.537,45063.868,45025.537,45063.868,G:\MONITORING CROSS SUCKING IN CALVES - KAPPEL - 2025\Pen 2 - Group 2\WEANING\Day 3\ch02_20251018202110.mp4,ch02_20251018202110.mp4,44795.867672,47585.501339,229.669328,268.000328,Pen 2 - Group 2/WEANING/Day 3/0404.zip
340,423,CS_0405_WEAN_d3_p2_cow6_18102025_ch02-20251018202110_45233_45299.mp4,Pen 2 - Group 2\WEANING\Day 3\CS_0405_WEAN_d3_p2_cow6_18102025_ch02-20251018202110_45233_45299.mp4,E:\cross_sucking\Pen 2 - Group 2\WEANING\Day 3\CS_0405_WEAN_d3_p2_cow6_18102025_ch02-20251018202110_45233_45299.mp4,skipped_existing,1,1,Pen_2_WEAN_Day_3_18102025,Pen 2 - Group 2,WEAN,3,2,18102025,6,other|T|None|side,45233.307,45299.427,45233.307,45299.427,G:\MONITORING CROSS SUCKING IN CALVES - KAPPEL - 2025\Pen 2 - Group 2\WEANING\Day 3\ch02_20251018202110.mp4,ch02_20251018202110.mp4,44795.867672,47585.501339,437.439328,503.559328,Pen 2 - Group 2/WEANING/Day 3/0405.zip
341,424,CS_0406_WEAN_d3_p2_cowslash_18102025_ch02-20251018202110_45382_45407.mp4,Pen 2 - Group 2\WEANING\Day 3\CS_0406_WEAN_d3_p2_cowslash_18102025_ch02-20251018202110_45382_45407.mp4,E:\cross_sucking\Pen 2 - Group 2\WEANING\Day 3\CS_0406_WEAN_d3_p2_cowslash_18102025_ch02-20251018202110_45382_45407.mp4,skipped_existing,1,1,Pen_2_WEAN_Day_3_18102025,Pen 2 - Group 2,WEAN,3,2,18102025,/,other|6|None|behind,45382.282,45407.098,45382.282,45407.098,G:\MONITORING CROSS SUCKING IN CALVES - KAPPEL - 2025\Pen 2 - Group 2\WEANING\Day 3\ch02_20251018202110.mp4,ch02_20251018202110.mp4,44795.867672,47585.501339,586.414328,611.230328,Pen 2 - Group 2/WEANING/Day 3/0406.zip
342,425,CS_0407_WEAN_d3_p2_cow1_18102025_ch02-20251018202110_46115_46131.mp4,Pen 2 - Group 2\WEANING\Day 3\CS_0407_WEAN_d3_p2_cow1_18102025_ch02-20251018202110_46115_46131.mp4,E:\cross_sucking\Pen 2 - Group 2\WEANING\Day 3\CS_0407_WEAN_d3_p2_cow1_18102025_ch02-20251018202110_46115_46131.mp4,skipped_existing,1,1,Pen_2_WEAN_Day_3_18102025,Pen 2 - Group 2,WEAN,3,2,18102025,1,other|3|reciprocal|side,46115.697,46131.527,46115.697,46131.527,G:\MONITORING CROSS SUCKING IN CALVES - KAPPEL - 2025\Pen 2 - Group 2\WEANING\Day 3\ch02_20251018202110.mp4,ch02_20251018202110.mp4,44795.867672,47585.501339,1319.829328,1335.659328,Pen 2 - Group 2/WEANING/Day 3/0407.zip
343,426,CS_0408_WEAN_d3_p2_cow1_18102025_ch02-20251018202110_46521_46541.mp4,Pen 2 - Group 2\WEANING\Day 3\CS_0408_WEAN_d3_p2_cow1_18102025_ch02-20251018202110_46521_46541.mp4,E:\cross_sucking\Pen 2 - Group 2\WEANING\Day 3\CS_0408_WEAN_d3_p2_cow1_18102025_ch02-20251018202110_46521_46541.mp4,skipped_existing,1,1,Pen_2_WEAN_Day_3_18102025,Pen 2 - Group 2,WEAN,3,2,18102025,1,other|T|None|side,46521.971,46541.045,46521.971,46541.045,G:\MONITORING CROSS SUCKING IN CALVES - KAPPEL - 2025\Pen 2 - Group 2\WEANING\Day 3\ch02_20251018202110.mp4,ch02_20251018202110.mp4,44795.867672,47585.501339,1726.103328,1745.177328,Pen 2 - Group 2/WEANING/Day 3/0408.zip
344,427,CS_0409_WEAN_d3_p2_cowslash_18102025_ch02-20251019001554_60651_60794.mp4,Pen 2 - Group 2\WEANING\Day 3\CS_0409_WEAN_d3_p2_cowslash_18102025_ch02-20251019001554_60651_60794.mp4,E:\cross_sucking\Pen 2 - Group 2\WEANING\Day 3\CS_0409_WEAN_d3_p2_cowslash_18102025_ch02-20251019001554_60651_60794.mp4,skipped_existing,1,1,Pen_2_WEAN_Day_3_18102025,Pen 2 - Group 2,WEAN,3,2,18102025,/,other|3|reciprocal|side,60651.015,60794.907,60651.015,60794.907,G:\MONITORING CROSS SUCKING IN CALVES - KAPPEL - 2025\Pen 2 - Group 2\WEANING\Day 3\ch02_20251019001554.mp4,ch02_20251019001554.mp4,58714.310007,61505.203674,1936.704993,2080.596993,Pen 2 - Group 2/WEANING/Day 3/0409..zip
345,428,CS_0410_WEAN_d3_p2_cowA_18102025_ch02-20251019010252_61954_62197.mp4,Pen 2 - Group 2\WEANING\Day 3\CS_0410_WEAN_d3_p2_cowA_18102025_ch02-20251019010252_61954_62197.mp4,E:\cross_sucking\Pen 2 - Group 2\WEANING\Day 3\CS_0410_WEAN_d3_p2_cowA_18102025_ch02-20251019010252_61954_62197.mp4,skipped_existing,1,1,Pen_2_WEAN_Day_3_18102025,Pen 2 - Group 2,WEAN,3,2,18102025,A,other|O|reciprocal|side,61954.359,62197.948,61954.359,62197.948,G:\MONITORING CROSS SUCKING IN CALVES - KAPPEL - 2025\Pen 2 - Group 2\WEANING\Day 3\ch02_20251019010252.mp4,ch02_20251019010252.mp4,61505.203674,64311.533341,449.155326,692.744326,Pen 2 - Group 2/WEANING/Day 3/0410.zip
346,430,CS_0412_WEAN_d3_p2_cowA_18102025_ch02-20251019010252_62197_62206.mp4,Pen 2 - Group 2\WEANING\Day 3\CS_0412_WEAN_d3_p2_cowA_18102025_ch02-20251019010252_62197_62206.mp4,E:\cross_sucking\Pen 2 - Group 2\WEANING\Day 3\CS_0412_WEAN_d3_p2_cowA_18102025_ch02-20251019010252_62197_62206.mp4,skipped_existing,1,1,Pen_2_WEAN_Day_3_18102025,Pen 2 - Group 2,WEAN,3,2,18102025,A,grain feeder|O|None|behind,62197.949,62206.803,62197.949,62206.803,G:\MONITORING CROSS SUCKING IN CALVES - KAPPEL - 2025\Pen 2 - Group 2\WEANING\Day 3\ch02_20251019010252.mp4,ch02_20251019010252.mp4,61505.203674,64311.533341,692.745326,701.599326,Pen 2 - Group 2/WEANING/Day 3/0412.zip
347,431,CS_0413_WEAN_d3_p2_cowA_18102025_ch02-20251019010252_62213_62234.mp4,Pen 2 - Group 2\WEANING\Day 3\CS_0413_WEAN_d3_p2_cowA_18102025_ch02-20251019010252_62213_62234.mp4,E:\cross_sucking\Pen 2 - Group 2\WEANING\Day 3\CS_0413_WEAN_d3_p2_cowA_18102025_ch02-20251019010252_62213_62234.mp4,skipped_existing,1,1,Pen_2_WEAN_Day_3_18102025,Pen 2 - Group 2,WEAN,3,2,18102025,A,other|O|reciprocal|side,62213.24,62234.886,62213.24,62234.886,G:\MONITORING CROSS SUCKING IN CALVES - KAPPEL - 2025\Pen 2 - Group 2\WEANING\Day 3\ch02_20251019010252.mp4,ch02_20251019010252.mp4,61505.203674,64311.533341,708.036326,729.682326,Pen 2 - Group 2/WEANING/Day 3/0413.zip
348,432,CS_0414_WEAN_d3_p2_cowA_18102025_ch02-20251019010252_62240_62253.mp4,Pen 2 - Group 2\WEANING\Day 3\CS_0414_WEAN_d3_p2_cowA_18102025_ch02-20251019010252_62240_62253.mp4,E:\cross_sucking\Pen 2 - Group 2\WEANING\Day 3\CS_0414_WEAN_d3_p2_cowA_18102025_ch02-20251019010252_62240_62253.mp4,skipped_existing,1,1,Pen_2_WEAN_Day_3_18102025,Pen 2 - Group 2,WEAN,3,2,18102025,A,other|O|None|side,62240.297,62253.228,62240.297,62253.228,G:\MONITORING CROSS SUCKING IN CALVES - KAPPEL - 2025\Pen 2 - Group 2\WEANING\Day 3\ch02_20251019010252.mp4,ch02_20251019010252.mp4,61505.203674,64311.533341,735.093326,748.024326,Pen 2 - Group 2/WEANING/Day 3/0414.zip
349,433,CS_0415_WEAN_d3_p2_cowT_18102025_ch02-20251019014950_66962_67026.mp4,Pen 2 - Group 2\WEANING\Day 3\CS_0415_WEAN_d3_p2_cowT_18102025_ch02-20251019014950_66962_67026.mp4,E:\cross_sucking\Pen 2 - Group 2\WEANING\Day 3\CS_0415_WEAN_d3_p2_cowT_18102025_ch02-20251019014950_66962_67026.mp4,skipped_existing,1,1,Pen_2_WEAN_Day_3_18102025,Pen 2 - Group 2,WEAN,3,2,18102025,T,grain feeder|O|None|behind,66962.519,67026.405,66962.519,67026.405,G:\MONITORING CROSS SUCKING IN CALVES - KAPPEL - 2025\Pen 2 - Group 2\WEANING\Day 3\ch02_20251019014950.mp4,ch02_20251019014950.mp4,64311.533341,67086.222008,2650.985659,2714.871659,Pen 2 - Group 2/WEANING/Day 3/0415.zip
350,434,CS_0416_WEAN_d3_p2_cow6_18102025_ch02-20251019023647_68818_68863.mp4,Pen 2 - Group 2\WEANING\Day 3\CS_0416_WEAN_d3_p2_cow6_18102025_ch02-20251019023647_68818_68863.mp4,E:\cross_sucking\Pen 2 - Group 2\WEANING\Day 3\CS_0416_WEAN_d3_p2_cow6_18102025_ch02-20251019023647_68818_68863.mp4,skipped_existing,1,1,Pen_2_WEAN_Day_3_18102025,Pen 2 - Group 2,WEAN,3,2,18102025,6,milk feeder|8|None|behind,68818.26,68863.792,68818.26,68863.792,G:\MONITORING CROSS SUCKING IN CALVES - KAPPEL - 2025\Pen 2 - Group 2\WEANING\Day 3\ch02_20251019023647.mp4,ch02_20251019023647.mp4,67086.222008,69860.878675,1732.037992,1777.569992,Pen 2 - Group 2/WEANING/Day 3/0416.zip
351,435,CS_0417_WEAN_d3_p2_cow8_18102025_ch02-20251019023647_69021_69027.mp4,Pen 2 - Group 2\WEANING\Day 3\CS_0417_WEAN_d3_p2_cow8_18102025_ch02-20251019023647_69021_69027.mp4,E:\cross_sucking\Pen 2 - Group 2\WEANING\Day 3\CS_0417_WEAN_d3_p2_cow8_18102025_ch02-20251019023647_69021_69027.mp4,skipped_existing,1,1,Pen_2_WEAN_Day_3_18102025,Pen 2 - Group 2,WEAN,3,2,18102025,8,milk feeder|A|None|behind,69021.807,69027.06,69021.807,69027.06,G:\MONITORING CROSS SUCKING IN CALVES - KAPPEL - 2025\Pen 2 - Group 2\WEANING\Day 3\ch02_20251019023647.mp4,ch02_20251019023647.mp4,67086.222008,69860.878675,1935.584992,1940.837992,Pen 2 - Group 2/WEANING/Day 3/0417.zip
352,437,CS_0419_WEAN_d3_p2_cowslash_18102025_ch02-20251019045738_76510_76520.mp4,Pen 2 - Group 2\WEANING\Day 3\CS_0419_WEAN_d3_p2_cowslash_18102025_ch02-20251019045738_76510_76520.mp4,E:\cross_sucking\Pen 2 - Group 2\WEANING\Day 3\CS_0419_WEAN_d3_p2_cowslash_18102025_ch02-20251019045738_76510_76520.mp4,skipped_existing,1,1,Pen_2_WEAN_Day_3_18102025,Pen 2 - Group 2,WEAN,3,2,18102025,/,other|1|None|side,76510.108,76520.285,76510.108,76520.285,G:\MONITORING CROSS SUCKING IN CALVES - KAPPEL - 2025\Pen 2 - Group 2\WEANING\Day 3\ch02_20251019045738.mp4,ch02_20251019045738.mp4,75457.455009,78248.097676,1052.652991,1062.829991,Pen 2 - Group 2/WEANING/Day 3/0419.zip
353,438,CS_0420_WEAN_d3_p2_cowslash_18102025_ch02-20251019054436_79729_79757.mp4,Pen 2 - Group 2\WEANING\Day 3\CS_0420_WEAN_d3_p2_cowslash_18102025_ch02-20251019054436_79729_79757.mp4,E:\cross_sucking\Pen 2 - Group 2\WEANING\Day 3\CS_0420_WEAN_d3_p2_cowslash_18102025_ch02-20251019054436_79729_79757.mp4,skipped_existing,1,1,Pen_2_WEAN_Day_3_18102025,Pen 2 - Group 2,WEAN,3,2,18102025,/,milk feeder|6|None|behind,79729.753,79757.823,79729.753,79757.823,G:\MONITORING CROSS SUCKING IN CALVES - KAPPEL - 2025\Pen 2 - Group 2\WEANING\Day 3\ch02_20251019054436.mp4,ch02_20251019054436.mp4,78248.097676,81038.319343,1481.655324,1509.725324,Pen 2 - Group 2/WEANING/Day 3/0420.zip
354,439,CS_0421_WEAN_d3_p2_cow3_18102025_ch02-20251019063133_81835_81853.mp4,Pen 2 - Group 2\WEANING\Day 3\CS_0421_WEAN_d3_p2_cow3_18102025_ch02-20251019063133_81835_81853.mp4,E:\cross_sucking\Pen 2 - Group 2\WEANING\Day 3\CS_0421_WEAN_d3_p2_cow3_18102025_ch02-20251019063133_81835_81853.mp4,skipped_existing,1,1,Pen_2_WEAN_Day_3_18102025,Pen 2 - Group 2,WEAN,3,2,18102025,3,milk feeder|8|None|behind,81835.081,81853.823,81835.081,81853.823,G:\MONITORING CROSS SUCKING IN CALVES - KAPPEL - 2025\Pen 2 - Group 2\WEANING\Day 3\ch02_20251019063133.mp4,ch02_20251019063133.mp4,81038.319343,83844.99901,796.761657,815.503657,Pen 2 - Group 2/WEANING/Day 3/0421.zip
462,547,CS_0528_WEAN_d1_p3_cowO_27092025_ch04-20250927090249_7039_7062.mp4,Pen 3 - Group 1\WEANING\Day 1\CS_0528_WEAN_d1_p3_cowO_27092025_ch04-20250927090249_7039_7062.mp4,E:\cross_sucking\Pen 3 - Group 1\WEANING\Day 1\CS_0528_WEAN_d1_p3_cowO_27092025_ch04-20250927090249_7039_7062.mp4,skipped_existing,1,1,Pen_3_WEAN_Day_1_27092025,Pen 3 - Group 1,WEAN,1,3,27092025,O,grain feeder|A|None|behind,7039.939,7062.388,7039.939,7062.388,G:\MONITORING CROSS SUCKING IN CALVES - KAPPEL - 2025\Pen 3 - Group 1\WEANING\Day 1\ch04_20250927090249.mp4,ch04_20250927090249.mp4,5550.620334,8327.675001,1489.318666,1511.767666,Pen 3 - Group 1/WEANING/Day 1/0528.zip
463,548,CS_0529_WEAN_d1_p3_cowO_27092025_ch04-20250927090249_7074_7097.mp4,Pen 3 - Group 1\WEANING\Day 1\CS_0529_WEAN_d1_p3_cowO_27092025_ch04-20250927090249_7074_7097.mp4,E:\cross_sucking\Pen 3 - Group 1\WEANING\Day 1\CS_0529_WEAN_d1_p3_cowO_27092025_ch04-20250927090249_7074_7097.mp4,skipped_existing,1,1,Pen_3_WEAN_Day_1_27092025,Pen 3 - Group 1,WEAN,1,3,27092025,O,grain feeder|A|None|behind,7074.151,7097.545,7074.151,7097.545,G:\MONITORING CROSS SUCKING IN CALVES - KAPPEL - 2025\Pen 3 - Group 1\WEANING\Day 1\ch04_20250927090249.mp4,ch04_20250927090249.mp4,5550.620334,8327.675001,1523.530666,1546.924666,Pen 3 - Group 1/WEANING/Day 1/0529.zip
464,549,CS_0530_WEAN_d1_p3_cowO_27092025_ch04-20250927090249_7109_7173.mp4,Pen 3 - Group 1\WEANING\Day 1\CS_0530_WEAN_d1_p3_cowO_27092025_ch04-20250927090249_7109_7173.mp4,E:\cross_sucking\Pen 3 - Group 1\WEANING\Day 1\CS_0530_WEAN_d1_p3_cowO_27092025_ch04-20250927090249_7109_7173.mp4,skipped_existing,1,1,Pen_3_WEAN_Day_1_27092025,Pen 3 - Group 1,WEAN,1,3,27092025,O,grain feeder|A|None|behind,7109.875,7173.89,7109.875,7173.89,G:\MONITORING CROSS SUCKING IN CALVES - KAPPEL - 2025\Pen 3 - Group 1\WEANING\Day 1\ch04_20250927090249.mp4,ch04_20250927090249.mp4,5550.620334,8327.675001,1559.254666,1623.269666,Pen 3 - Group 1/WEANING/Day 1/0530.zip
465,550,CS_0531_WEAN_d1_p3_cowO_27092025_ch04-20250927090249_7187_7227.mp4,Pen 3 - Group 1\WEANING\Day 1\CS_0531_WEAN_d1_p3_cowO_27092025_ch04-20250927090249_7187_7227.mp4,E:\cross_sucking\Pen 3 - Group 1\WEANING\Day 1\CS_0531_WEAN_d1_p3_cowO_27092025_ch04-20250927090249_7187_7227.mp4,skipped_existing,1,1,Pen_3_WEAN_Day_1_27092025,Pen 3 - Group 1,WEAN,1,3,27092025,O,grain feeder|A|None|behind,7187.367,7227.84,7187.367,7227.84,G:\MONITORING CROSS SUCKING IN CALVES - KAPPEL - 2025\Pen 3 - Group 1\WEANING\Day 1\ch04_20250927090249.mp4,ch04_20250927090249.mp4,5550.620334,8327.675001,1636.746666,1677.219666,Pen 3 - Group 1/WEANING/Day 1/0531.zip
466,551,CS_0532_WEAN_d1_p3_cow7_27092025_ch04-20250927094946_8838_8980.mp4,Pen 3 - Group 1\WEANING\Day 1\CS_0532_WEAN_d1_p3_cow7_27092025_ch04-20250927094946_8838_8980.mp4,E:\cross_sucking\Pen 3 - Group 1\WEANING\Day 1\CS_0532_WEAN_d1_p3_cow7_27092025_ch04-20250927094946_8838_8980.mp4,skipped_existing,1,1,Pen_3_WEAN_Day_1_27092025,Pen 3 - Group 1,WEAN,1,3,27092025,7,other|A|None|side,8838.843,8980.181,8838.843,8980.181,G:\MONITORING CROSS SUCKING IN CALVES - KAPPEL - 2025\Pen 3 - Group 1\WEANING\Day 1\ch04_20250927094946.mp4,ch04_20250927094946.mp4,8327.675001,11102.231668,511.167999,652.505999,Pen 3 - Group 1/WEANING/Day 1/0532.zip
467,552,CS_0533_WEAN_d1_p3_cow3_27092025_ch04-20250927094946_9042_9066.mp4,Pen 3 - Group 1\WEANING\Day 1\CS_0533_WEAN_d1_p3_cow3_27092025_ch04-20250927094946_9042_9066.mp4,E:\cross_sucking\Pen 3 - Group 1\WEANING\Day 1\CS_0533_WEAN_d1_p3_cow3_27092025_ch04-20250927094946_9042_9066.mp4,skipped_existing,1,1,Pen_3_WEAN_Day_1_27092025,Pen 3 - Group 1,WEAN,1,3,27092025,3,other|2|None|side,9042.018,9066.234,9042.018,9066.234,G:\MONITORING CROSS SUCKING IN CALVES - KAPPEL - 2025\Pen 3 - Group 1\WEANING\Day 1\ch04_20250927094946.mp4,ch04_20250927094946.mp4,8327.675001,11102.231668,714.342999,738.558999,Pen 3 - Group 1/WEANING/Day 1/0533.zip
468,554,CS_0535_WEAN_d1_p3_cow3_27092025_ch04-20250927094946_9069_9162.mp4,Pen 3 - Group 1\WEANING\Day 1\CS_0535_WEAN_d1_p3_cow3_27092025_ch04-20250927094946_9069_9162.mp4,E:\cross_sucking\Pen 3 - Group 1\WEANING\Day 1\CS_0535_WEAN_d1_p3_cow3_27092025_ch04-20250927094946_9069_9162.mp4,skipped_existing,1,1,Pen_3_WEAN_Day_1_27092025,Pen 3 - Group 1,WEAN,1,3,27092025,3,other|2|reciprocal|side,9069.699,9162.001,9069.699,9162.001,G:\MONITORING CROSS SUCKING IN CALVES - KAPPEL - 2025\Pen 3 - Group 1\WEANING\Day 1\ch04_20250927094946.mp4,ch04_20250927094946.mp4,8327.675001,11102.231668,742.023999,834.325999,Pen 3 - Group 1/WEANING/Day 1/0535.zip
469,557,CS_0538_WEAN_d1_p3_cow1_27092025_ch04-20250927094946_9196_9575.mp4,Pen 3 - Group 1\WEANING\Day 1\CS_0538_WEAN_d1_p3_cow1_27092025_ch04-20250927094946_9196_9575.mp4,E:\cross_sucking\Pen 3 - Group 1\WEANING\Day 1\CS_0538_WEAN_d1_p3_cow1_27092025_ch04-20250927094946_9196_9575.mp4,skipped_existing,1,1,Pen_3_WEAN_Day_1_27092025,Pen 3 - Group 1,WEAN,1,3,27092025,1,other|2|reciprocal|side,9196.512,9575.436,9196.512,9575.436,G:\MONITORING CROSS SUCKING IN CALVES - KAPPEL - 2025\Pen 3 - Group 1\WEANING\Day 1\ch04_20250927094946.mp4,ch04_20250927094946.mp4,8327.675001,11102.231668,868.836999,1247.760999,Pen 3 - Group 1/WEANING/Day 1/0538.zip
470,562,CS_0543_WEAN_d1_p3_cow3_27092025_ch04-20250927094946_10416_10465.mp4,Pen 3 - Group 1\WEANING\Day 1\CS_0543_WEAN_d1_p3_cow3_27092025_ch04-20250927094946_10416_10465.mp4,E:\cross_sucking\Pen 3 - Group 1\WEANING\Day 1\CS_0543_WEAN_d1_p3_cow3_27092025_ch04-20250927094946_10416_10465.mp4,skipped_existing,1,1,Pen_3_WEAN_Day_1_27092025,Pen 3 - Group 1,WEAN,1,3,27092025,3,other|1|reciprocal|side,10416.977,10465.487,10416.977,10465.487,G:\MONITORING CROSS SUCKING IN CALVES - KAPPEL - 2025\Pen 3 - Group 1\WEANING\Day 1\ch04_20250927094946.mp4,ch04_20250927094946.mp4,8327.675001,11102.231668,2089.301999,2137.811999,Pen 3 - Group 1/WEANING/Day 1/0543.zip
471,563,CS_0544_WEAN_d1_p3_cowT_27092025_ch04-20250927125728_21623_21640.mp4,Pen 3 - Group 1\WEANING\Day 1\CS_0544_WEAN_d1_p3_cowT_27092025_ch04-20250927125728_21623_21640.mp4,E:\cross_sucking\Pen 3 - Group 1\WEANING\Day 1\CS_0544_WEAN_d1_p3_cowT_27092025_ch04-20250927125728_21623_21640.mp4,skipped_existing,1,1,Pen_3_WEAN_Day_1_27092025,Pen 3 - Group 1,WEAN,1,3,27092025,T,milk feeder|3|None|behind,21623.785,21640.085,21623.785,21640.085,G:\MONITORING CROSS SUCKING IN CALVES - KAPPEL - 2025\Pen 3 - Group 1\WEANING\Day 1\ch04_20250927125728.mp4,ch04_20250927125728.mp4,19430.309669,22206.463336,2193.475331,2209.775331,Pen 3 - Group 1/WEANING/Day 1/0544.zip
472,565,CS_0546_WEAN_d1_p3_cow3_27092025_ch04-20250927134424_23059_23066.mp4,Pen 3 - Group 1\WEANING\Day 1\CS_0546_WEAN_d1_p3_cow3_27092025_ch04-20250927134424_23059_23066.mp4,E:\cross_sucking\Pen 3 - Group 1\WEANING\Day 1\CS_0546_WEAN_d1_p3_cow3_27092025_ch04-20250927134424_23059_23066.mp4,skipped_existing,1,1,Pen_3_WEAN_Day_1_27092025,Pen 3 - Group 1,WEAN,1,3,27092025,3,other|1|reciprocal|side,23059.048,23066.114,23059.048,23066.114,G:\MONITORING CROSS SUCKING IN CALVES - KAPPEL - 2025\Pen 3 - Group 1\WEANING\Day 1\ch04_20250927134424.mp4,ch04_20250927134424.mp4,22206.463336,24981.153003,852.584664,859.650664,Pen 3 - Group 1/WEANING/Day 1/0546.zip
473,566,CS_0547_WEAN_d1_p3_cow7_27092025_ch04-20250927165204_34008_34028.mp4,Pen 3 - Group 1\WEANING\Day 1\CS_0547_WEAN_d1_p3_cow7_27092025_ch04-20250927165204_34008_34028.mp4,E:\cross_sucking\Pen 3 - Group 1\WEANING\Day 1\CS_0547_WEAN_d1_p3_cow7_27092025_ch04-20250927165204_34008_34028.mp4,skipped_existing,1,1,Pen_3_WEAN_Day_1_27092025,Pen 3 - Group 1,WEAN,1,3,27092025,7,hay|1|None|behind,34008.379,34028.245,34008.379,34028.245,G:\MONITORING CROSS SUCKING IN CALVES - KAPPEL - 2025\Pen 3 - Group 1\WEANING\Day 1\ch04_20250927165204.mp4,ch04_20250927165204.mp4,33308.683004,36085.024671,699.695996,719.561996,Pen 3 - Group 1/WEANING/Day 1/0547.zip
474,567,CS_0548_WEAN_d1_p3_cow7_27092025_ch04-20250927165204_34076_34089.mp4,Pen 3 - Group 1\WEANING\Day 1\CS_0548_WEAN_d1_p3_cow7_27092025_ch04-20250927165204_34076_34089.mp4,E:\cross_sucking\Pen 3 - Group 1\WEANING\Day 1\CS_0548_WEAN_d1_p3_cow7_27092025_ch04-20250927165204_34076_34089.mp4,skipped_existing,1,1,Pen_3_WEAN_Day_1_27092025,Pen 3 - Group 1,WEAN,1,3,27092025,7,hay|2|None|behind,34076.593,34089.611,34076.593,34089.611,G:\MONITORING CROSS SUCKING IN CALVES - KAPPEL - 2025\Pen 3 - Group 1\WEANING\Day 1\ch04_20250927165204.mp4,ch04_20250927165204.mp4,33308.683004,36085.024671,767.909996,780.927996,Pen 3 - Group 1/WEANING/Day 1/0548.zip
475,568,CS_0549_WEAN_d1_p3_cowA_27092025_ch04-20250927191252_44337_44370.mp4,Pen 3 - Group 1\WEANING\Day 1\CS_0549_WEAN_d1_p3_cowA_27092025_ch04-20250927191252_44337_44370.mp4,E:\cross_sucking\Pen 3 - Group 1\WEANING\Day 1\CS_0549_WEAN_d1_p3_cowA_27092025_ch04-20250927191252_44337_44370.mp4,skipped_existing,1,1,Pen_3_WEAN_Day_1_27092025,Pen 3 - Group 1,WEAN,1,3,27092025,A,grain feeder|6|None|behind,44337.629,44370.932,44337.629,44370.932,G:\MONITORING CROSS SUCKING IN CALVES - KAPPEL - 2025\Pen 3 - Group 1\WEANING\Day 1\ch04_20250927191252.mp4,ch04_20250927191252.mp4,41637.175005,44412.295672,2700.453995,2733.756995,Pen 3 - Group 1/WEANING/Day 1/0549.zip
476,569,CS_0550_WEAN_d1_p3_cowA_27092025_ch04-20250927195946_44436_44467.mp4,Pen 3 - Group 1\WEANING\Day 1\CS_0550_WEAN_d1_p3_cowA_27092025_ch04-20250927195946_44436_44467.mp4,E:\cross_sucking\Pen 3 - Group 1\WEANING\Day 1\CS_0550_WEAN_d1_p3_cowA_27092025_ch04-20250927195946_44436_44467.mp4,skipped_existing,1,1,Pen_3_WEAN_Day_1_27092025,Pen 3 - Group 1,WEAN,1,3,27092025,A,other|6|None|behind,44436.227,44467.063,44436.227,44467.063,G:\MONITORING CROSS SUCKING IN CALVES - KAPPEL - 2025\Pen 3 - Group 1\WEANING\Day 1\ch04_20250927195946.mp4,ch04_20250927195946.mp4,44412.295672,47188.806339,23.931328,54.767328,Pen 3 - Group 1/WEANING/Day 1/0550.zip
477,570,CS_0551_WEAN_d1_p3_cowO_27092025_ch04-20250927195946_44819_44830.mp4,Pen 3 - Group 1\WEANING\Day 1\CS_0551_WEAN_d1_p3_cowO_27092025_ch04-20250927195946_44819_44830.mp4,E:\cross_sucking\Pen 3 - Group 1\WEANING\Day 1\CS_0551_WEAN_d1_p3_cowO_27092025_ch04-20250927195946_44819_44830.mp4,skipped_existing,1,1,Pen_3_WEAN_Day_1_27092025,Pen 3 - Group 1,WEAN,1,3,27092025,O,grain feeder|6|None|side,44819.58,44830.432,44819.58,44830.432,G:\MONITORING CROSS SUCKING IN CALVES - KAPPEL - 2025\Pen 3 - Group 1\WEANING\Day 1\ch04_20250927195946.mp4,ch04_20250927195946.mp4,44412.295672,47188.806339,407.284328,418.136328,Pen 3 - Group 1/WEANING/Day 1/0551.zip
478,571,CS_0552_WEAN_d1_p3_cow7_27092025_ch04-20250927213339_51609_51626.mp4,Pen 3 - Group 1\WEANING\Day 1\CS_0552_WEAN_d1_p3_cow7_27092025_ch04-20250927213339_51609_51626.mp4,E:\cross_sucking\Pen 3 - Group 1\WEANING\Day 1\CS_0552_WEAN_d1_p3_cow7_27092025_ch04-20250927213339_51609_51626.mp4,skipped_existing,1,1,Pen_3_WEAN_Day_1_27092025,Pen 3 - Group 1,WEAN,1,3,27092025,7,hay|T|None|side,51609.168,51626.886,51609.168,51626.886,G:\MONITORING CROSS SUCKING IN CALVES - KAPPEL - 2025\Pen 3 - Group 1\WEANING\Day 1\ch04_20250927213339.mp4,ch04_20250927213339.mp4,49965.749006,52742.404673,1643.418994,1661.136994,Pen 3 - Group 1/WEANING/Day 1/0552.zip
479,572,CS_0553_WEAN_d1_p3_cow3_27092025_ch04-20250927213339_51897_51903.mp4,Pen 3 - Group 1\WEANING\Day 1\CS_0553_WEAN_d1_p3_cow3_27092025_ch04-20250927213339_51897_51903.mp4,E:\cross_sucking\Pen 3 - Group 1\WEANING\Day 1\CS_0553_WEAN_d1_p3_cow3_27092025_ch04-20250927213339_51897_51903.mp4,skipped_existing,1,1,Pen_3_WEAN_Day_1_27092025,Pen 3 - Group 1,WEAN,1,3,27092025,3,milk feeder|A|None|behind,51897.146,51903.748,51897.146,51903.748,G:\MONITORING CROSS SUCKING IN CALVES - KAPPEL - 2025\Pen 3 - Group 1\WEANING\Day 1\ch04_20250927213339.mp4,ch04_20250927213339.mp4,49965.749006,52742.404673,1931.396994,1937.998994,Pen 3 - Group 1/WEANING/Day 1/0553.zip
480,573,CS_0554_WEAN_d1_p3_cow3_27092025_ch04-20250927213339_52036_52036.mp4,Pen 3 - Group 1\WEANING\Day 1\CS_0554_WEAN_d1_p3_cow3_27092025_ch04-20250927213339_52036_52036.mp4,E:\cross_sucking\Pen 3 - Group 1\WEANING\Day 1\CS_0554_WEAN_d1_p3_cow3_27092025_ch04-20250927213339_52036_52036.mp4,skipped_existing,1,1,Pen_3_WEAN_Day_1_27092025,Pen 3 - Group 1,WEAN,1,3,27092025,3,milk feeder|6|None|behind,52036.226,52036.661,52036.226,52036.661,G:\MONITORING CROSS SUCKING IN CALVES - KAPPEL - 2025\Pen 3 - Group 1\WEANING\Day 1\ch04_20250927213339.mp4,ch04_20250927213339.mp4,49965.749006,52742.404673,2070.476994,2070.911994,Pen 3 - Group 1/WEANING/Day 1/0554.zip
481,574,CS_0555_WEAN_d1_p3_cow3_27092025_ch04-20250927213339_52040_52041.mp4,Pen 3 - Group 1\WEANING\Day 1\CS_0555_WEAN_d1_p3_cow3_27092025_ch04-20250927213339_52040_52041.mp4,E:\cross_sucking\Pen 3 - Group 1\WEANING\Day 1\CS_0555_WEAN_d1_p3_cow3_27092025_ch04-20250927213339_52040_52041.mp4,skipped_existing,1,1,Pen_3_WEAN_Day_1_27092025,Pen 3 - Group 1,WEAN,1,3,27092025,3,milk feeder|6|None|behind,52040.998,52041.632,52040.998,52041.632,G:\MONITORING CROSS SUCKING IN CALVES - KAPPEL - 2025\Pen 3 - Group 1\WEANING\Day 1\ch04_20250927213339.mp4,ch04_20250927213339.mp4,49965.749006,52742.404673,2075.248994,2075.882994,Pen 3 - Group 1/WEANING/Day 1/0555.zip
482,575,CS_0556_WEAN_d1_p3_cow3_27092025_ch04-20250927213339_52050_52100.mp4,Pen 3 - Group 1\WEANING\Day 1\CS_0556_WEAN_d1_p3_cow3_27092025_ch04-20250927213339_52050_52100.mp4,E:\cross_sucking\Pen 3 - Group 1\WEANING\Day 1\CS_0556_WEAN_d1_p3_cow3_27092025_ch04-20250927213339_52050_52100.mp4,skipped_existing,1,1,Pen_3_WEAN_Day_1_27092025,Pen 3 - Group 1,WEAN,1,3,27092025,3,milk feeder|6|None|behind,52050.003,52100.521,52050.003,52100.521,G:\MONITORING CROSS SUCKING IN CALVES - KAPPEL - 2025\Pen 3 - Group 1\WEANING\Day 1\ch04_20250927213339.mp4,ch04_20250927213339.mp4,49965.749006,52742.404673,2084.253994,2134.771994,Pen 3 - Group 1/WEANING/Day 1/0556.zip
483,576,CS_0557_WEAN_d1_p3_cow3_27092025_ch04-20250927213339_52100_52100.mp4,Pen 3 - Group 1\WEANING\Day 1\CS_0557_WEAN_d1_p3_cow3_27092025_ch04-20250927213339_52100_52100.mp4,E:\cross_sucking\Pen 3 - Group 1\WEANING\Day 1\CS_0557_WEAN_d1_p3_cow3_27092025_ch04-20250927213339_52100_52100.mp4,skipped_existing,1,1,Pen_3_WEAN_Day_1_27092025,Pen 3 - Group 1,WEAN,1,3,27092025,3,milk feeder|6|None|behind,52100.522,52100.853,52100.522,52100.853,G:\MONITORING CROSS SUCKING IN CALVES - KAPPEL - 2025\Pen 3 - Group 1\WEANING\Day 1\ch04_20250927213339.mp4,ch04_20250927213339.mp4,49965.749006,52742.404673,2134.772994,2135.103994,Pen 3 - Group 1/WEANING/Day 1/0557.zip
484,577,CS_0558_WEAN_d1_p3_cow3_27092025_ch04-20250927213339_52617_52675.mp4,Pen 3 - Group 1\WEANING\Day 1\CS_0558_WEAN_d1_p3_cow3_27092025_ch04-20250927213339_52617_52675.mp4,E:\cross_sucking\Pen 3 - Group 1\WEANING\Day 1\CS_0558_WEAN_d1_p3_cow3_27092025_ch04-20250927213339_52617_52675.mp4,skipped_existing,1,1,Pen_3_WEAN_Day_1_27092025,Pen 3 - Group 1,WEAN,1,3,27092025,3,hay|A|None|behind,52617.447,52675.309,52617.447,52675.309,G:\MONITORING CROSS SUCKING IN CALVES - KAPPEL - 2025\Pen 3 - Group 1\WEANING\Day 1\ch04_20250927213339.mp4,ch04_20250927213339.mp4,49965.749006,52742.404673,2651.697994,2709.559994,Pen 3 - Group 1/WEANING/Day 1/0558.zip
485,578,CS_0559_WEAN_d1_p3_cow2_27092025_ch04-20250927230729_57434_57449.mp4,Pen 3 - Group 1\WEANING\Day 1\CS_0559_WEAN_d1_p3_cow2_27092025_ch04-20250927230729_57434_57449.mp4,E:\cross_sucking\Pen 3 - Group 1\WEANING\Day 1\CS_0559_WEAN_d1_p3_cow2_27092025_ch04-20250927230729_57434_57449.mp4,skipped_existing,1,1,Pen_3_WEAN_Day_1_27092025,Pen 3 - Group 1,WEAN,1,3,27092025,2,grain feeder|T|None|behind,57434.153,57449.075,57434.153,57449.075,G:\MONITORING CROSS SUCKING IN CALVES - KAPPEL - 2025\Pen 3 - Group 1\WEANING\Day 1\ch04_20250927230729.mp4,ch04_20250927230729.mp4,55517.85634,58293.424007,1916.29666,1931.21866,Pen 3 - Group 1/WEANING/Day 1/0559.zip
486,579,CS_0560_WEAN_d1_p3_cow2_27092025_ch04-20250927230729_57459_57461.mp4,Pen 3 - Group 1\WEANING\Day 1\CS_0560_WEAN_d1_p3_cow2_27092025_ch04-20250927230729_57459_57461.mp4,E:\cross_sucking\Pen 3 - Group 1\WEANING\Day 1\CS_0560_WEAN_d1_p3_cow2_27092025_ch04-20250927230729_57459_57461.mp4,skipped_existing,1,1,Pen_3_WEAN_Day_1_27092025,Pen 3 - Group 1,WEAN,1,3,27092025,2,grain feeder|T|None|behind,57459.36,57461.726,57459.36,57461.726,G:\MONITORING CROSS SUCKING IN CALVES - KAPPEL - 2025\Pen 3 - Group 1\WEANING\Day 1\ch04_20250927230729.mp4,ch04_20250927230729.mp4,55517.85634,58293.424007,1941.50366,1943.86966,Pen 3 - Group 1/WEANING/Day 1/0560.zip
487,580,CS_0561_WEAN_d1_p3_cow6_27092025_ch04-20250927230729_57788_57844.mp4,Pen 3 - Group 1\WEANING\Day 1\CS_0561_WEAN_d1_p3_cow6_27092025_ch04-20250927230729_57788_57844.mp4,E:\cross_sucking\Pen 3 - Group 1\WEANING\Day 1\CS_0561_WEAN_d1_p3_cow6_27092025_ch04-20250927230729_57788_57844.mp4,skipped_existing,1,1,Pen_3_WEAN_Day_1_27092025,Pen 3 - Group 1,WEAN,1,3,27092025,6,other|A|None|behind,57788.529,57844.294,57788.529,57844.294,G:\MONITORING CROSS SUCKING IN CALVES - KAPPEL - 2025\Pen 3 - Group 1\WEANING\Day 1\ch04_20250927230729.mp4,ch04_20250927230729.mp4,55517.85634,58293.424007,2270.67266,2326.43766,Pen 3 - Group 1/WEANING/Day 1/0561.zip
488,581,CS_0562_WEAN_d1_p3_cow3_27092025_ch04-20250927235425_59859_59862.mp4,Pen 3 - Group 1\WEANING\Day 1\CS_0562_WEAN_d1_p3_cow3_27092025_ch04-20250927235425_59859_59862.mp4,E:\cross_sucking\Pen 3 - Group 1\WEANING\Day 1\CS_0562_WEAN_d1_p3_cow3_27092025_ch04-20250927235425_59859_59862.mp4,skipped_existing,1,1,Pen_3_WEAN_Day_1_27092025,Pen 3 - Group 1,WEAN,1,3,27092025,3,hay|6|None|behind,59859.767,59862.919,59859.767,59862.919,G:\MONITORING CROSS SUCKING IN CALVES - KAPPEL - 2025\Pen 3 - Group 1\WEANING\Day 1\ch04_20250927235425.mp4,ch04_20250927235425.mp4,58293.424007,61068.785674,1566.342993,1569.494993,Pen 3 - Group 1/WEANING/Day 1/0562.zip
489,583,CS_0564_WEAN_d1_p3_cow2_27092025_ch04-20250928065643_84588_84685.mp4,Pen 3 - Group 1\WEANING\Day 1\CS_0564_WEAN_d1_p3_cow2_27092025_ch04-20250928065643_84588_84685.mp4,E:\cross_sucking\Pen 3 - Group 1\WEANING\Day 1\CS_0564_WEAN_d1_p3_cow2_27092025_ch04-20250928065643_84588_84685.mp4,skipped_existing,1,1,Pen_3_WEAN_Day_1_27092025,Pen 3 - Group 1,WEAN,1,3,27092025,2,other|1|reciprocal|side,84588.96,84685.76,84588.96,84685.76,G:\MONITORING CROSS SUCKING IN CALVES - KAPPEL - 2025\Pen 3 - Group 1\WEANING\Day 1\ch04_20250928065643.mp4,ch04_20250928065643.mp4,83275.96301,86052.280677,1312.99699,1409.79699,Pen 3 - Group 1/WEANING/Day 1/0564.zip
490,585,CS_0566_WEAN_d1_p3_cow2_27092025_ch04-20250928065643_84690_84747.mp4,Pen 3 - Group 1\WEANING\Day 1\CS_0566_WEAN_d1_p3_cow2_27092025_ch04-20250928065643_84690_84747.mp4,E:\cross_sucking\Pen 3 - Group 1\WEANING\Day 1\CS_0566_WEAN_d1_p3_cow2_27092025_ch04-20250928065643_84690_84747.mp4,skipped_existing,1,1,Pen_3_WEAN_Day_1_27092025,Pen 3 - Group 1,WEAN,1,3,27092025,2,other|1|None|side,84690.1,84747.852,84690.1,84747.852,G:\MONITORING CROSS SUCKING IN CALVES - KAPPEL - 2025\Pen 3 - Group 1\WEANING\Day 1\ch04_20250928065643.mp4,ch04_20250928065643.mp4,83275.96301,86052.280677,1414.13699,1471.88899,Pen 3 - Group 1/WEANING/Day 1/0566.zip
491,714,CS_0690_POSTWEAN_d1_p5_cowO_14112025_ch05-20251114075822_2773_2927_part01.mp4,Pen 5 - Group 3\POSTWEANING\Day 1\CS_0690_POSTWEAN_d1_p5_cowO_14112025_ch05-20251114075822_2773_2927_part01.mp4,E:\cross_sucking\Pen 5 - Group 3\POSTWEANING\Day 1\CS_0690_POSTWEAN_d1_p5_cowO_14112025_ch05-20251114075822_2773_2927_part01.mp4,skipped_existing,1,2,Pen_5_POSTWEAN_Day_1_14112025,Pen 5 - Group 3,POSTWEAN,1,5,14112025,O,other|8|reciprocal|side,2773.333,2927.937,2773.333,2802.781578,G:\MONITORING CROSS SUCKING IN CALVES - KAPPEL - 2025\Pen 5 - Group 3\POSTWEANING\Day 1\ch05_20251114075822.mp4,ch05_20251114075822.mp4,1401.349289,2802.781578,1371.983711,1401.432289,Pen 5 - Group 3/POSTWEANING/Day 1/0690_part1.zip
492,715,CS_0690_POSTWEAN_d1_p5_cowO_14112025_ch05-20251114075822_2773_2927_part02.mp4,Pen 5 - Group 3\POSTWEANING\Day 1\CS_0690_POSTWEAN_d1_p5_cowO_14112025_ch05-20251114075822_2773_2927_part02.mp4,E:\cross_sucking\Pen 5 - Group 3\POSTWEANING\Day 1\CS_0690_POSTWEAN_d1_p5_cowO_14112025_ch05-20251114075822_2773_2927_part02.mp4,skipped_existing,2,2,Pen_5_POSTWEAN_Day_1_14112025,Pen 5 - Group 3,POSTWEAN,1,5,14112025,O,other|8|reciprocal|side,2773.333,2927.937,2802.781578,2927.937,G:\MONITORING CROSS SUCKING IN CALVES - KAPPEL - 2025\Pen 5 - Group 3\POSTWEANING\Day 1\ch05_20251114082154.mp4,ch05_20251114082154.mp4,2802.781578,4204.139867,0.0,125.155422,Pen 5 - Group 3/POSTWEANING/Day 1/0690_part2.zip
493,720,CS_0694_POSTWEAN_d1_p5_cow8_14112025_ch05-20251114082154_2939_3072.mp4,Pen 5 - Group 3\POSTWEANING\Day 1\CS_0694_POSTWEAN_d1_p5_cow8_14112025_ch05-20251114082154_2939_3072.mp4,E:\cross_sucking\Pen 5 - Group 3\POSTWEANING\Day 1\CS_0694_POSTWEAN_d1_p5_cow8_14112025_ch05-20251114082154_2939_3072.mp4,skipped_existing,1,1,Pen_5_POSTWEAN_Day_1_14112025,Pen 5 - Group 3,POSTWEAN,1,5,14112025,8,other|O|reciprocal|side,2939.119,3072.722,2939.119,3072.722,G:\MONITORING CROSS SUCKING IN CALVES - KAPPEL - 2025\Pen 5 - Group 3\POSTWEANING\Day 1\ch05_20251114082154.mp4,ch05_20251114082154.mp4,2802.781578,4204.139867,136.337422,269.940422,Pen 5 - Group 3/POSTWEANING/Day 1/0694.zip
494,722,CS_0696_POSTWEAN_d1_p5_cowO_14112025_ch05-20251114082154_3072_3080.mp4,Pen 5 - Group 3\POSTWEANING\Day 1\CS_0696_POSTWEAN_d1_p5_cowO_14112025_ch05-20251114082154_3072_3080.mp4,E:\cross_sucking\Pen 5 - Group 3\POSTWEANING\Day 1\CS_0696_POSTWEAN_d1_p5_cowO_14112025_ch05-20251114082154_3072_3080.mp4,skipped_existing,1,1,Pen_5_POSTWEAN_Day_1_14112025,Pen 5 - Group 3,POSTWEAN,1,5,14112025,O,other|8|None|side,3072.722,3080.657,3072.722,3080.657,G:\MONITORING CROSS SUCKING IN CALVES - KAPPEL - 2025\Pen 5 - Group 3\POSTWEANING\Day 1\ch05_20251114082154.mp4,ch05_20251114082154.mp4,2802.781578,4204.139867,269.940422,277.875422,Pen 5 - Group 3/POSTWEANING/Day 1/0696.zip
495,723,CS_0697_POSTWEAN_d1_p5_cowO_14112025_ch05-20251114082154_3088_3094.mp4,Pen 5 - Group 3\POSTWEANING\Day 1\CS_0697_POSTWEAN_d1_p5_cowO_14112025_ch05-20251114082154_3088_3094.mp4,E:\cross_sucking\Pen 5 - Group 3\POSTWEANING\Day 1\CS_0697_POSTWEAN_d1_p5_cowO_14112025_ch05-20251114082154_3088_3094.mp4,skipped_existing,1,1,Pen_5_POSTWEAN_Day_1_14112025,Pen 5 - Group 3,POSTWEAN,1,5,14112025,O,other|8|None|side,3088.528,3094.814,3088.528,3094.814,G:\MONITORING CROSS SUCKING IN CALVES - KAPPEL - 2025\Pen 5 - Group 3\POSTWEANING\Day 1\ch05_20251114082154.mp4,ch05_20251114082154.mp4,2802.781578,4204.139867,285.746422,292.032422,Pen 5 - Group 3/POSTWEANING/Day 1/0697.zip
496,724,CS_0698_POSTWEAN_d1_p5_cow8_14112025_ch05-20251114082154_3118_3125.mp4,Pen 5 - Group 3\POSTWEANING\Day 1\CS_0698_POSTWEAN_d1_p5_cow8_14112025_ch05-20251114082154_3118_3125.mp4,E:\cross_sucking\Pen 5 - Group 3\POSTWEANING\Day 1\CS_0698_POSTWEAN_d1_p5_cow8_14112025_ch05-20251114082154_3118_3125.mp4,skipped_existing,1,1,Pen_5_POSTWEAN_Day_1_14112025,Pen 5 - Group 3,POSTWEAN,1,5,14112025,8,other|O|None|side,3118.629,3125.381,3118.629,3125.381,G:\MONITORING CROSS SUCKING IN CALVES - KAPPEL - 2025\Pen 5 - Group 3\POSTWEANING\Day 1\ch05_20251114082154.mp4,ch05_20251114082154.mp4,2802.781578,4204.139867,315.847422,322.599422,Pen 5 - Group 3/POSTWEANING/Day 1/0698.zip
497,725,CS_0699_POSTWEAN_d1_p5_cow8_14112025_ch05-20251114082154_3143_3170.mp4,Pen 5 - Group 3\POSTWEANING\Day 1\CS_0699_POSTWEAN_d1_p5_cow8_14112025_ch05-20251114082154_3143_3170.mp4,E:\cross_sucking\Pen 5 - Group 3\POSTWEANING\Day 1\CS_0699_POSTWEAN_d1_p5_cow8_14112025_ch05-20251114082154_3143_3170.mp4,skipped_existing,1,1,Pen_5_POSTWEAN_Day_1_14112025,Pen 5 - Group 3,POSTWEAN,1,5,14112025,8,other|O|None|side,3143.906,3170.973,3143.906,3170.973,G:\MONITORING CROSS SUCKING IN CALVES - KAPPEL - 2025\Pen 5 - Group 3\POSTWEANING\Day 1\ch05_20251114082154.mp4,ch05_20251114082154.mp4,2802.781578,4204.139867,341.124422,368.191422,Pen 5 - Group 3/POSTWEANING/Day 1/0699.zip
498,726,CS_0700_POSTWEAN_d1_p5_cowT_14112025_ch05-20251114101933_10764_10779.mp4,Pen 5 - Group 3\POSTWEANING\Day 1\CS_0700_POSTWEAN_d1_p5_cowT_14112025_ch05-20251114101933_10764_10779.mp4,E:\cross_sucking\Pen 5 - Group 3\POSTWEANING\Day 1\CS_0700_POSTWEAN_d1_p5_cowT_14112025_ch05-20251114101933_10764_10779.mp4,skipped_existing,1,1,Pen_5_POSTWEAN_Day_1_14112025,Pen 5 - Group 3,POSTWEAN,1,5,14112025,T,other|O|None|side,10764.974,10779.593,10764.974,10779.593,G:\MONITORING CROSS SUCKING IN CALVES - KAPPEL - 2025\Pen 5 - Group 3\POSTWEANING\Day 1\ch05_20251114101933.mp4,ch05_20251114101933.mp4,9809.066667,11210.539956,955.907333,970.526333,Pen 5 - Group 3/POSTWEANING/Day 1/0700.zip
499,727,CS_0701_POSTWEAN_d1_p5_cowA_14112025_ch05-20251114101933_10816_10950.mp4,Pen 5 - Group 3\POSTWEANING\Day 1\CS_0701_POSTWEAN_d1_p5_cowA_14112025_ch05-20251114101933_10816_10950.mp4,E:\cross_sucking\Pen 5 - Group 3\POSTWEANING\Day 1\CS_0701_POSTWEAN_d1_p5_cowA_14112025_ch05-20251114101933_10816_10950.mp4,skipped_existing,1,1,Pen_5_POSTWEAN_Day_1_14112025,Pen 5 - Group 3,POSTWEAN,1,5,14112025,A,other|1|None|side,10816.255,10950.44,10816.255,10950.44,G:\MONITORING CROSS SUCKING IN CALVES - KAPPEL - 2025\Pen 5 - Group 3\POSTWEANING\Day 1\ch05_20251114101933.mp4,ch05_20251114101933.mp4,9809.066667,11210.539956,1007.188333,1141.373333,Pen 5 - Group 3/POSTWEANING/Day 1/0701.zip
500,730,CS_0704_POSTWEAN_d1_p5_cowA_14112025_ch05-20251114101933_10957_10977.mp4,Pen 5 - Group 3\POSTWEANING\Day 1\CS_0704_POSTWEAN_d1_p5_cowA_14112025_ch05-20251114101933_10957_10977.mp4,E:\cross_sucking\Pen 5 - Group 3\POSTWEANING\Day 1\CS_0704_POSTWEAN_d1_p5_cowA_14112025_ch05-20251114101933_10957_10977.mp4,skipped_existing,1,1,Pen_5_POSTWEAN_Day_1_14112025,Pen 5 - Group 3,POSTWEAN,1,5,14112025,A,other|1|None|side,10957.712,10977.09,10957.712,10977.09,G:\MONITORING CROSS SUCKING IN CALVES - KAPPEL - 2025\Pen 5 - Group 3\POSTWEANING\Day 1\ch05_20251114101933.mp4,ch05_20251114101933.mp4,9809.066667,11210.539956,1148.645333,1168.023333,Pen 5 - Group 3/POSTWEANING/Day 1/0704.zip
501,733,CS_0707_POSTWEAN_d1_p5_cowA_14112025_ch05-20251114101933_10991_11052.mp4,Pen 5 - Group 3\POSTWEANING\Day 1\CS_0707_POSTWEAN_d1_p5_cowA_14112025_ch05-20251114101933_10991_11052.mp4,E:\cross_sucking\Pen 5 - Group 3\POSTWEANING\Day 1\CS_0707_POSTWEAN_d1_p5_cowA_14112025_ch05-20251114101933_10991_11052.mp4,skipped_existing,1,1,Pen_5_POSTWEAN_Day_1_14112025,Pen 5 - Group 3,POSTWEAN,1,5,14112025,A,other|1|reciprocal|side,10991.246,11052.979,10991.246,11052.979,G:\MONITORING CROSS SUCKING IN CALVES - KAPPEL - 2025\Pen 5 - Group 3\POSTWEANING\Day 1\ch05_20251114101933.mp4,ch05_20251114101933.mp4,9809.066667,11210.539956,1182.179333,1243.912333,Pen 5 - Group 3/POSTWEANING/Day 1/0707.zip
502,734,CS_0708_POSTWEAN_d1_p5_cowA_14112025_ch05-20251114101933_11052_11182.mp4,Pen 5 - Group 3\POSTWEANING\Day 1\CS_0708_POSTWEAN_d1_p5_cowA_14112025_ch05-20251114101933_11052_11182.mp4,E:\cross_sucking\Pen 5 - Group 3\POSTWEANING\Day 1\CS_0708_POSTWEAN_d1_p5_cowA_14112025_ch05-20251114101933_11052_11182.mp4,skipped_existing,1,1,Pen_5_POSTWEAN_Day_1_14112025,Pen 5 - Group 3,POSTWEAN,1,5,14112025,A,other|1|None|side,11052.98,11182.272,11052.98,11182.272,G:\MONITORING CROSS SUCKING IN CALVES - KAPPEL - 2025\Pen 5 - Group 3\POSTWEANING\Day 1\ch05_20251114101933.mp4,ch05_20251114101933.mp4,9809.066667,11210.539956,1243.913333,1373.205333,Pen 5 - Group 3/POSTWEANING/Day 1/0708.zip
503,736,CS_0710_POSTWEAN_d1_p5_cow2_14112025_ch05-20251114104305_11602_11617.mp4,Pen 5 - Group 3\POSTWEANING\Day 1\CS_0710_POSTWEAN_d1_p5_cow2_14112025_ch05-20251114104305_11602_11617.mp4,E:\cross_sucking\Pen 5 - Group 3\POSTWEANING\Day 1\CS_0710_POSTWEAN_d1_p5_cow2_14112025_ch05-20251114104305_11602_11617.mp4,skipped_existing,1,1,Pen_5_POSTWEAN_Day_1_14112025,Pen 5 - Group 3,POSTWEAN,1,5,14112025,2,other|O|None|side,11602.451,11617.138,11602.451,11617.138,G:\MONITORING CROSS SUCKING IN CALVES - KAPPEL - 2025\Pen 5 - Group 3\POSTWEANING\Day 1\ch05_20251114104305.mp4,ch05_20251114104305.mp4,11210.539956,12612.057245,391.911044,406.598044,Pen 5 - Group 3/POSTWEANING/Day 1/0710.zip
504,737,CS_0711_POSTWEAN_d1_p5_cowA_14112025_ch05-20251114104305_12341_12355.mp4,Pen 5 - Group 3\POSTWEANING\Day 1\CS_0711_POSTWEAN_d1_p5_cowA_14112025_ch05-20251114104305_12341_12355.mp4,E:\cross_sucking\Pen 5 - Group 3\POSTWEANING\Day 1\CS_0711_POSTWEAN_d1_p5_cowA_14112025_ch05-20251114104305_12341_12355.mp4,skipped_existing,1,1,Pen_5_POSTWEAN_Day_1_14112025,Pen 5 - Group 3,POSTWEAN,1,5,14112025,A,other|6|None|side,12341.493,12355.385,12341.493,12355.385,G:\MONITORING CROSS SUCKING IN CALVES - KAPPEL - 2025\Pen 5 - Group 3\POSTWEANING\Day 1\ch05_20251114104305.mp4,ch05_20251114104305.mp4,11210.539956,12612.057245,1130.953044,1144.845044,Pen 5 - Group 3/POSTWEANING/Day 1/0711.zip
505,738,CS_0712_POSTWEAN_d1_p5_cow6_14112025_ch05-20251114104305_12342_12362.mp4,Pen 5 - Group 3\POSTWEANING\Day 1\CS_0712_POSTWEAN_d1_p5_cow6_14112025_ch05-20251114104305_12342_12362.mp4,E:\cross_sucking\Pen 5 - Group 3\POSTWEANING\Day 1\CS_0712_POSTWEAN_d1_p5_cow6_14112025_ch05-20251114104305_12342_12362.mp4,skipped_existing,1,1,Pen_5_POSTWEAN_Day_1_14112025,Pen 5 - Group 3,POSTWEAN,1,5,14112025,6,other|A|reciprocal|side,12342.287,12362.728,12342.287,12362.728,G:\MONITORING CROSS SUCKING IN CALVES - KAPPEL - 2025\Pen 5 - Group 3\POSTWEANING\Day 1\ch05_20251114104305.mp4,ch05_20251114104305.mp4,11210.539956,12612.057245,1131.747044,1152.188044,Pen 5 - Group 3/POSTWEANING/Day 1/0712.zip
506,739,CS_0713_POSTWEAN_d1_p5_cow8_14112025_ch05-20251114110637_12630_12672.mp4,Pen 5 - Group 3\POSTWEANING\Day 1\CS_0713_POSTWEAN_d1_p5_cow8_14112025_ch05-20251114110637_12630_12672.mp4,E:\cross_sucking\Pen 5 - Group 3\POSTWEANING\Day 1\CS_0713_POSTWEAN_d1_p5_cow8_14112025_ch05-20251114110637_12630_12672.mp4,skipped_existing,1,1,Pen_5_POSTWEAN_Day_1_14112025,Pen 5 - Group 3,POSTWEAN,1,5,14112025,8,other|1|None|behind,12630.97,12672.395,12630.97,12672.395,G:\MONITORING CROSS SUCKING IN CALVES - KAPPEL - 2025\Pen 5 - Group 3\POSTWEANING\Day 1\ch05_20251114110637.mp4,ch05_20251114110637.mp4,12612.057245,14012.404534,18.912755,60.337755,Pen 5 - Group 3/POSTWEANING/Day 1/0713.zip
507,740,CS_0714_POSTWEAN_d1_p5_cow2_14112025_ch05-20251114110637_12826_12868.mp4,Pen 5 - Group 3\POSTWEANING\Day 1\CS_0714_POSTWEAN_d1_p5_cow2_14112025_ch05-20251114110637_12826_12868.mp4,E:\cross_sucking\Pen 5 - Group 3\POSTWEANING\Day 1\CS_0714_POSTWEAN_d1_p5_cow2_14112025_ch05-20251114110637_12826_12868.mp4,skipped_existing,1,1,Pen_5_POSTWEAN_Day_1_14112025,Pen 5 - Group 3,POSTWEAN,1,5,14112025,2,other|8|None|side,12826.959,12868.517,12826.959,12868.517,G:\MONITORING CROSS SUCKING IN CALVES - KAPPEL - 2025\Pen 5 - Group 3\POSTWEANING\Day 1\ch05_20251114110637.mp4,ch05_20251114110637.mp4,12612.057245,14012.404534,214.901755,256.459755,Pen 5 - Group 3/POSTWEANING/Day 1/0714.zip
508,741,CS_0715_POSTWEAN_d1_p5_cowT_14112025_ch05-20251114163604_32341_32351.mp4,Pen 5 - Group 3\POSTWEANING\Day 1\CS_0715_POSTWEAN_d1_p5_cowT_14112025_ch05-20251114163604_32341_32351.mp4,E:\cross_sucking\Pen 5 - Group 3\POSTWEANING\Day 1\CS_0715_POSTWEAN_d1_p5_cowT_14112025_ch05-20251114163604_32341_32351.mp4,skipped_existing,1,1,Pen_5_POSTWEAN_Day_1_14112025,Pen 5 - Group 3,POSTWEAN,1,5,14112025,T,grain feeder|1|None|side,32341.027,32351.954,32341.027,32351.954,G:\MONITORING CROSS SUCKING IN CALVES - KAPPEL - 2025\Pen 5 - Group 3\POSTWEANING\Day 1\ch05_20251114163604.mp4,ch05_20251114163604.mp4,32230.854935,33632.397224,110.172065,121.099065,Pen 5 - Group 3/POSTWEANING/Day 1/0715.zip
509,742,CS_0716_POSTWEAN_d1_p5_cowT_14112025_ch05-20251114163604_32353_32376.mp4,Pen 5 - Group 3\POSTWEANING\Day 1\CS_0716_POSTWEAN_d1_p5_cowT_14112025_ch05-20251114163604_32353_32376.mp4,E:\cross_sucking\Pen 5 - Group 3\POSTWEANING\Day 1\CS_0716_POSTWEAN_d1_p5_cowT_14112025_ch05-20251114163604_32353_32376.mp4,skipped_existing,1,1,Pen_5_POSTWEAN_Day_1_14112025,Pen 5 - Group 3,POSTWEAN,1,5,14112025,T,grain feeder|1|None|behind,32353.796,32376.688,32353.796,32376.688,G:\MONITORING CROSS SUCKING IN CALVES - KAPPEL - 2025\Pen 5 - Group 3\POSTWEANING\Day 1\ch05_20251114163604.mp4,ch05_20251114163604.mp4,32230.854935,33632.397224,122.941065,145.833065,Pen 5 - Group 3/POSTWEANING/Day 1/0716.zip
510,743,CS_0717_POSTWEAN_d1_p5_cowT_14112025_ch05-20251114165936_34144_34162.mp4,Pen 5 - Group 3\POSTWEANING\Day 1\CS_0717_POSTWEAN_d1_p5_cowT_14112025_ch05-20251114165936_34144_34162.mp4,E:\cross_sucking\Pen 5 - Group 3\POSTWEANING\Day 1\CS_0717_POSTWEAN_d1_p5_cowT_14112025_ch05-20251114165936_34144_34162.mp4,skipped_existing,1,1,Pen_5_POSTWEAN_Day_1_14112025,Pen 5 - Group 3,POSTWEAN,1,5,14112025,T,other|O|None|side,34144.655,34162.055,34144.655,34162.055,G:\MONITORING CROSS SUCKING IN CALVES - KAPPEL - 2025\Pen 5 - Group 3\POSTWEANING\Day 1\ch05_20251114165936.mp4,ch05_20251114165936.mp4,33632.397224,35033.948513,512.257776,529.657776,Pen 5 - Group 3/POSTWEANING/Day 1/0717.zip
511,744,CS_0718_POSTWEAN_d1_p5_cowslash_14112025_ch05-20251114165936_34718_34765.mp4,Pen 5 - Group 3\POSTWEANING\Day 1\CS_0718_POSTWEAN_d1_p5_cowslash_14112025_ch05-20251114165936_34718_34765.mp4,E:\cross_sucking\Pen 5 - Group 3\POSTWEANING\Day 1\CS_0718_POSTWEAN_d1_p5_cowslash_14112025_ch05-20251114165936_34718_34765.mp4,skipped_existing,1,1,Pen_5_POSTWEAN_Day_1_14112025,Pen 5 - Group 3,POSTWEAN,1,5,14112025,/,other|1|None|side,34718.403,34765.768,34718.403,34765.768,G:\MONITORING CROSS SUCKING IN CALVES - KAPPEL - 2025\Pen 5 - Group 3\POSTWEANING\Day 1\ch05_20251114165936.mp4,ch05_20251114165936.mp4,33632.397224,35033.948513,1086.005776,1133.370776,Pen 5 - Group 3/POSTWEANING/Day 1/0718.zip
512,747,CS_0721_POSTWEAN_d1_p5_cow1_14112025_ch05-20251114165936_34765_34893.mp4,Pen 5 - Group 3\POSTWEANING\Day 1\CS_0721_POSTWEAN_d1_p5_cow1_14112025_ch05-20251114165936_34765_34893.mp4,E:\cross_sucking\Pen 5 - Group 3\POSTWEANING\Day 1\CS_0721_POSTWEAN_d1_p5_cow1_14112025_ch05-20251114165936_34765_34893.mp4,skipped_existing,1,1,Pen_5_POSTWEAN_Day_1_14112025,Pen 5 - Group 3,POSTWEAN,1,5,14112025,1,other|O|None|side,34765.636,34893.396,34765.636,34893.396,G:\MONITORING CROSS SUCKING IN CALVES - KAPPEL - 2025\Pen 5 - Group 3\POSTWEANING\Day 1\ch05_20251114165936.mp4,ch05_20251114165936.mp4,33632.397224,35033.948513,1133.238776,1260.998776,Pen 5 - Group 3/POSTWEANING/Day 1/0721.zip
513,749,CS_0723_POSTWEAN_d1_p5_cowO_14112025_ch05-20251114165936_34900_34942.mp4,Pen 5 - Group 3\POSTWEANING\Day 1\CS_0723_POSTWEAN_d1_p5_cowO_14112025_ch05-20251114165936_34900_34942.mp4,E:\cross_sucking\Pen 5 - Group 3\POSTWEANING\Day 1\CS_0723_POSTWEAN_d1_p5_cowO_14112025_ch05-20251114165936_34900_34942.mp4,skipped_existing,1,1,Pen_5_POSTWEAN_Day_1_14112025,Pen 5 - Group 3,POSTWEAN,1,5,14112025,O,other|8|None|side,34900.274,34942.281,34900.274,34942.281,G:\MONITORING CROSS SUCKING IN CALVES - KAPPEL - 2025\Pen 5 - Group 3\POSTWEANING\Day 1\ch05_20251114165936.mp4,ch05_20251114165936.mp4,33632.397224,35033.948513,1267.876776,1309.883776,Pen 5 - Group 3/POSTWEANING/Day 1/0723.zip
514,751,CS_0725_POSTWEAN_d1_p5_cowslash_14112025_ch05-20251114165936_34907_34954.mp4,Pen 5 - Group 3\POSTWEANING\Day 1\CS_0725_POSTWEAN_d1_p5_cowslash_14112025_ch05-20251114165936_34907_34954.mp4,E:\cross_sucking\Pen 5 - Group 3\POSTWEANING\Day 1\CS_0725_POSTWEAN_d1_p5_cowslash_14112025_ch05-20251114165936_34907_34954.mp4,skipped_existing,1,1,Pen_5_POSTWEAN_Day_1_14112025,Pen 5 - Group 3,POSTWEAN,1,5,14112025,/,hay|1|None|behind,34907.486,34954.261,34907.486,34954.261,G:\MONITORING CROSS SUCKING IN CALVES - KAPPEL - 2025\Pen 5 - Group 3\POSTWEANING\Day 1\ch05_20251114165936.mp4,ch05_20251114165936.mp4,33632.397224,35033.948513,1275.088776,1321.863776,Pen 5 - Group 3/POSTWEANING/Day 1/0725.zip
515,752,CS_0726_POSTWEAN_d1_p5_cow8_14112025_ch05-20251114165936_34965_34968.mp4,Pen 5 - Group 3\POSTWEANING\Day 1\CS_0726_POSTWEAN_d1_p5_cow8_14112025_ch05-20251114165936_34965_34968.mp4,E:\cross_sucking\Pen 5 - Group 3\POSTWEANING\Day 1\CS_0726_POSTWEAN_d1_p5_cow8_14112025_ch05-20251114165936_34965_34968.mp4,skipped_existing,1,1,Pen_5_POSTWEAN_Day_1_14112025,Pen 5 - Group 3,POSTWEAN,1,5,14112025,8,other|O|None|side,34965.446,34968.155,34965.446,34968.155,G:\MONITORING CROSS SUCKING IN CALVES - KAPPEL - 2025\Pen 5 - Group 3\POSTWEANING\Day 1\ch05_20251114165936.mp4,ch05_20251114165936.mp4,33632.397224,35033.948513,1333.048776,1335.757776,Pen 5 - Group 3/POSTWEANING/Day 1/0726.zip
516,753,CS_0727_POSTWEAN_d1_p5_cow8_14112025_ch05-20251114165936_34981_35022.mp4,Pen 5 - Group 3\POSTWEANING\Day 1\CS_0727_POSTWEAN_d1_p5_cow8_14112025_ch05-20251114165936_34981_35022.mp4,E:\cross_sucking\Pen 5 - Group 3\POSTWEANING\Day 1\CS_0727_POSTWEAN_d1_p5_cow8_14112025_ch05-20251114165936_34981_35022.mp4,skipped_existing,1,1,Pen_5_POSTWEAN_Day_1_14112025,Pen 5 - Group 3,POSTWEAN,1,5,14112025,8,other|O|None|side,34981.13,35022.885,34981.13,35022.885,G:\MONITORING CROSS SUCKING IN CALVES - KAPPEL - 2025\Pen 5 - Group 3\POSTWEANING\Day 1\ch05_20251114165936.mp4,ch05_20251114165936.mp4,33632.397224,35033.948513,1348.732776,1390.487776,Pen 5 - Group 3/POSTWEANING/Day 1/727.zip
517,757,CS_0731_POSTWEAN_d1_p5_cowO_14112025_ch05-20251114165936_35033_35046_part01.mp4,Pen 5 - Group 3\POSTWEANING\Day 1\CS_0731_POSTWEAN_d1_p5_cowO_14112025_ch05-20251114165936_35033_35046_part01.mp4,E:\cross_sucking\Pen 5 - Group 3\POSTWEANING\Day 1\CS_0731_POSTWEAN_d1_p5_cowO_14112025_ch05-20251114165936_35033_35046_part01.mp4,skipped_existing,1,2,Pen_5_POSTWEAN_Day_1_14112025,Pen 5 - Group 3,POSTWEAN,1,5,14112025,O,grain feeder|/|None|side,35033.075,35046.972,35033.075,35033.948513,G:\MONITORING CROSS SUCKING IN CALVES - KAPPEL - 2025\Pen 5 - Group 3\POSTWEANING\Day 1\ch05_20251114165936.mp4,ch05_20251114165936.mp4,33632.397224,35033.948513,1400.677776,1401.551289,Pen 5 - Group 3/POSTWEANING/Day 1/0731_part1.zip
518,758,CS_0731_POSTWEAN_d1_p5_cowO_14112025_ch05-20251114165936_35033_35046_part02.mp4,Pen 5 - Group 3\POSTWEANING\Day 1\CS_0731_POSTWEAN_d1_p5_cowO_14112025_ch05-20251114165936_35033_35046_part02.mp4,E:\cross_sucking\Pen 5 - Group 3\POSTWEANING\Day 1\CS_0731_POSTWEAN_d1_p5_cowO_14112025_ch05-20251114165936_35033_35046_part02.mp4,skipped_existing,2,2,Pen_5_POSTWEAN_Day_1_14112025,Pen 5 - Group 3,POSTWEAN,1,5,14112025,O,grain feeder|/|None|side,35033.075,35046.972,35033.948513,35046.972,G:\MONITORING CROSS SUCKING IN CALVES - KAPPEL - 2025\Pen 5 - Group 3\POSTWEANING\Day 1\ch05_20251114172308.mp4,ch05_20251114172308.mp4,35033.948513,36435.400802,0.0,13.023487,Pen 5 - Group 3/POSTWEANING/Day 1/0731_part2.zip
519,759,CS_0732_POSTWEAN_d1_p5_cowslash_14112025_ch05-20251114172308_35043_35056.mp4,Pen 5 - Group 3\POSTWEANING\Day 1\CS_0732_POSTWEAN_d1_p5_cowslash_14112025_ch05-20251114172308_35043_35056.mp4,E:\cross_sucking\Pen 5 - Group 3\POSTWEANING\Day 1\CS_0732_POSTWEAN_d1_p5_cowslash_14112025_ch05-20251114172308_35043_35056.mp4,skipped_existing,1,1,Pen_5_POSTWEAN_Day_1_14112025,Pen 5 - Group 3,POSTWEAN,1,5,14112025,/,grain feeder|O|reciprocal|side,35043.464,35056.631,35043.464,35056.631,G:\MONITORING CROSS SUCKING IN CALVES - KAPPEL - 2025\Pen 5 - Group 3\POSTWEANING\Day 1\ch05_20251114172308.mp4,ch05_20251114172308.mp4,35033.948513,36435.400802,9.515487,22.682487,Pen 5 - Group 3/POSTWEANING/Day 1/0732.zip
520,760,CS_0733_POSTWEAN_d1_p5_cowslash_14112025_ch05-20251114172308_35068_35074.mp4,Pen 5 - Group 3\POSTWEANING\Day 1\CS_0733_POSTWEAN_d1_p5_cowslash_14112025_ch05-20251114172308_35068_35074.mp4,E:\cross_sucking\Pen 5 - Group 3\POSTWEANING\Day 1\CS_0733_POSTWEAN_d1_p5_cowslash_14112025_ch05-20251114172308_35068_35074.mp4,skipped_existing,1,1,Pen_5_POSTWEAN_Day_1_14112025,Pen 5 - Group 3,POSTWEAN,1,5,14112025,/,grain feeder|O|None|behind,35068.009,35074.424,35068.009,35074.424,G:\MONITORING CROSS SUCKING IN CALVES - KAPPEL - 2025\Pen 5 - Group 3\POSTWEANING\Day 1\ch05_20251114172308.mp4,ch05_20251114172308.mp4,35033.948513,36435.400802,34.060487,40.475487,Pen 5 - Group 3/POSTWEANING/Day 1/0733.zip
521,761,CS_0734_POSTWEAN_d1_p5_cowslash_14112025_ch05-20251114172308_35100_35122.mp4,Pen 5 - Group 3\POSTWEANING\Day 1\CS_0734_POSTWEAN_d1_p5_cowslash_14112025_ch05-20251114172308_35100_35122.mp4,E:\cross_sucking\Pen 5 - Group 3\POSTWEANING\Day 1\CS_0734_POSTWEAN_d1_p5_cowslash_14112025_ch05-20251114172308_35100_35122.mp4,skipped_existing,1,1,Pen_5_POSTWEAN_Day_1_14112025,Pen 5 - Group 3,POSTWEAN,1,5,14112025,/,grain feeder|O|None|side,35100.029,35122.266,35100.029,35122.266,G:\MONITORING CROSS SUCKING IN CALVES - KAPPEL - 2025\Pen 5 - Group 3\POSTWEANING\Day 1\ch05_20251114172308.mp4,ch05_20251114172308.mp4,35033.948513,36435.400802,66.080487,88.317487,Pen 5 - Group 3/POSTWEANING/Day 1/0734.zip
522,762,CS_0735_POSTWEAN_d1_p5_cow1_14112025_ch05-20251114222904_53978_54076.mp4,Pen 5 - Group 3\POSTWEANING\Day 1\CS_0735_POSTWEAN_d1_p5_cow1_14112025_ch05-20251114222904_53978_54076.mp4,E:\cross_sucking\Pen 5 - Group 3\POSTWEANING\Day 1\CS_0735_POSTWEAN_d1_p5_cow1_14112025_ch05-20251114222904_53978_54076.mp4,skipped_existing,1,1,Pen_5_POSTWEAN_Day_1_14112025,Pen 5 - Group 3,POSTWEAN,1,5,14112025,1,other|A|None|side,53978.267,54076.912,53978.267,54076.912,G:\MONITORING CROSS SUCKING IN CALVES - KAPPEL - 2025\Pen 5 - Group 3\POSTWEANING\Day 1\ch05_20251114222904.mp4,ch05_20251114222904.mp4,53253.58127,54654.997559,724.68573,823.33073,Pen 5 - Group 3/POSTWEANING/Day 1/0735.zip
523,764,CS_0737_POSTWEAN_d1_p5_cowA_14112025_ch05-20251114222904_54096_54106.mp4,Pen 5 - Group 3\POSTWEANING\Day 1\CS_0737_POSTWEAN_d1_p5_cowA_14112025_ch05-20251114222904_54096_54106.mp4,E:\cross_sucking\Pen 5 - Group 3\POSTWEANING\Day 1\CS_0737_POSTWEAN_d1_p5_cowA_14112025_ch05-20251114222904_54096_54106.mp4,skipped_existing,1,1,Pen_5_POSTWEAN_Day_1_14112025,Pen 5 - Group 3,POSTWEAN,1,5,14112025,A,other|8|None|side,54096.636,54106.953,54096.636,54106.953,G:\MONITORING CROSS SUCKING IN CALVES - KAPPEL - 2025\Pen 5 - Group 3\POSTWEANING\Day 1\ch05_20251114222904.mp4,ch05_20251114222904.mp4,53253.58127,54654.997559,843.05473,853.37173,Pen 5 - Group 3/POSTWEANING/Day 1/0737.zip
524,767,CS_0740_POSTWEAN_d1_p5_cow8_14112025_ch05-20251114222904_54207_54216.mp4,Pen 5 - Group 3\POSTWEANING\Day 1\CS_0740_POSTWEAN_d1_p5_cow8_14112025_ch05-20251114222904_54207_54216.mp4,E:\cross_sucking\Pen 5 - Group 3\POSTWEANING\Day 1\CS_0740_POSTWEAN_d1_p5_cow8_14112025_ch05-20251114222904_54207_54216.mp4,skipped_existing,1,1,Pen_5_POSTWEAN_Day_1_14112025,Pen 5 - Group 3,POSTWEAN,1,5,14112025,8,other|1|None|behind,54207.961,54216.233,54207.961,54216.233,G:\MONITORING CROSS SUCKING IN CALVES - KAPPEL - 2025\Pen 5 - Group 3\POSTWEANING\Day 1\ch05_20251114222904.mp4,ch05_20251114222904.mp4,53253.58127,54654.997559,954.37973,962.65173,Pen 5 - Group 3/POSTWEANING/Day 1/0740.zip
525,768,CS_0741_POSTWEAN_d1_p5_cowA_14112025_ch05-20251114222904_54220_54259.mp4,Pen 5 - Group 3\POSTWEANING\Day 1\CS_0741_POSTWEAN_d1_p5_cowA_14112025_ch05-20251114222904_54220_54259.mp4,E:\cross_sucking\Pen 5 - Group 3\POSTWEANING\Day 1\CS_0741_POSTWEAN_d1_p5_cowA_14112025_ch05-20251114222904_54220_54259.mp4,skipped_existing,1,1,Pen_5_POSTWEAN_Day_1_14112025,Pen 5 - Group 3,POSTWEAN,1,5,14112025,A,None|1|None|side,54220.994,54259.236,54220.994,54259.236,G:\MONITORING CROSS SUCKING IN CALVES - KAPPEL - 2025\Pen 5 - Group 3\POSTWEANING\Day 1\ch05_20251114222904.mp4,ch05_20251114222904.mp4,53253.58127,54654.997559,967.41273,1005.65473,Pen 5 - Group 3/POSTWEANING/Day 1/0741.zip
526,769,CS_0742_POSTWEAN_d1_p5_cow1_14112025_ch05-20251114222904_54245_54261.mp4,Pen 5 - Group 3\POSTWEANING\Day 1\CS_0742_POSTWEAN_d1_p5_cow1_14112025_ch05-20251114222904_54245_54261.mp4,E:\cross_sucking\Pen 5 - Group 3\POSTWEANING\Day 1\CS_0742_POSTWEAN_d1_p5_cow1_14112025_ch05-20251114222904_54245_54261.mp4,skipped_existing,1,1,Pen_5_POSTWEAN_Day_1_14112025,Pen 5 - Group 3,POSTWEAN,1,5,14112025,1,other|A|reciprocal|side,54245.604,54261.354,54245.604,54261.354,G:\MONITORING CROSS SUCKING IN CALVES - KAPPEL - 2025\Pen 5 - Group 3\POSTWEANING\Day 1\ch05_20251114222904.mp4,ch05_20251114222904.mp4,53253.58127,54654.997559,992.02273,1007.77273,Pen 5 - Group 3/POSTWEANING/Day 1/0742.zip
527,770,CS_0743_POSTWEAN_d1_p5_cowslash_14112025_ch05-20251115044536_76892_76901.mp4,Pen 5 - Group 3\POSTWEANING\Day 1\CS_0743_POSTWEAN_d1_p5_cowslash_14112025_ch05-20251115044536_76892_76901.mp4,E:\cross_sucking\Pen 5 - Group 3\POSTWEANING\Day 1\CS_0743_POSTWEAN_d1_p5_cowslash_14112025_ch05-20251115044536_76892_76901.mp4,skipped_existing,1,1,Pen_5_POSTWEAN_Day_1_14112025,Pen 5 - Group 3,POSTWEAN,1,5,14112025,/,grain feeder|1|None|behind,76892.611,76901.013,76892.611,76901.013,G:\MONITORING CROSS SUCKING IN CALVES - KAPPEL - 2025\Pen 5 - Group 3\POSTWEANING\Day 1\ch05_20251115044536.mp4,ch05_20251115044536.mp4,75676.588538,77077.963827,1216.022462,1224.424462,Pen 5 - Group 3/POSTWEANING/Day 1/0743.zip
528,771,CS_0744_POSTWEAN_d1_p5_cowslash_14112025_ch05-20251115044536_76905_76962.mp4,Pen 5 - Group 3\POSTWEANING\Day 1\CS_0744_POSTWEAN_d1_p5_cowslash_14112025_ch05-20251115044536_76905_76962.mp4,E:\cross_sucking\Pen 5 - Group 3\POSTWEANING\Day 1\CS_0744_POSTWEAN_d1_p5_cowslash_14112025_ch05-20251115044536_76905_76962.mp4,skipped_existing,1,1,Pen_5_POSTWEAN_Day_1_14112025,Pen 5 - Group 3,POSTWEAN,1,5,14112025,/,grain feeder|1|None|behind,76905.245,76962.678,76905.245,76962.678,G:\MONITORING CROSS SUCKING IN CALVES - KAPPEL - 2025\Pen 5 - Group 3\POSTWEANING\Day 1\ch05_20251115044536.mp4,ch05_20251115044536.mp4,75676.588538,77077.963827,1228.656462,1286.089462,Pen 5 - Group 3/POSTWEANING/Day 1/0744.zip
529,772,CS_0745_POSTWEAN_d2_p5_cowO_15112025_ch05-20251115090426_5560_5588.mp4,Pen 5 - Group 3\POSTWEANING\Day 2\CS_0745_POSTWEAN_d2_p5_cowO_15112025_ch05-20251115090426_5560_5588.mp4,E:\cross_sucking\Pen 5 - Group 3\POSTWEANING\Day 2\CS_0745_POSTWEAN_d2_p5_cowO_15112025_ch05-20251115090426_5560_5588.mp4,skipped_existing,1,1,Pen_5_POSTWEAN_Day_2_15112025,Pen 5 - Group 3,POSTWEAN,2,5,15112025,O,other|8|None|side,5560.435,5588.693,5560.435,5588.693,G:\MONITORING CROSS SUCKING IN CALVES - KAPPEL - 2025\Pen 5 - Group 3\POSTWEANING\Day 2\ch05_20251115090426.mp4,ch05_20251115090426.mp4,4203.107511,5604.5228,1357.327489,1385.585489,Pen 5 - Group 3/POSTWEANING/Day 2/0745.zip
530,775,CS_0748_POSTWEAN_d2_p5_cowO_15112025_ch05-20251115090426_5593_5601.mp4,Pen 5 - Group 3\POSTWEANING\Day 2\CS_0748_POSTWEAN_d2_p5_cowO_15112025_ch05-20251115090426_5593_5601.mp4,E:\cross_sucking\Pen 5 - Group 3\POSTWEANING\Day 2\CS_0748_POSTWEAN_d2_p5_cowO_15112025_ch05-20251115090426_5593_5601.mp4,skipped_existing,1,1,Pen_5_POSTWEAN_Day_2_15112025,Pen 5 - Group 3,POSTWEAN,2,5,15112025,O,other|8|None|side,5593.126,5601.666,5593.126,5601.666,G:\MONITORING CROSS SUCKING IN CALVES - KAPPEL - 2025\Pen 5 - Group 3\POSTWEANING\Day 2\ch05_20251115090426.mp4,ch05_20251115090426.mp4,4203.107511,5604.5228,1390.018489,1398.558489,Pen 5 - Group 3/POSTWEANING/Day 2/0748.zip
531,776,CS_0749_POSTWEAN_d2_p5_cow8_15112025_ch05-20251115090426_5595_5604_part01.mp4,Pen 5 - Group 3\POSTWEANING\Day 2\CS_0749_POSTWEAN_d2_p5_cow8_15112025_ch05-20251115090426_5595_5604_part01.mp4,E:\cross_sucking\Pen 5 - Group 3\POSTWEANING\Day 2\CS_0749_POSTWEAN_d2_p5_cow8_15112025_ch05-20251115090426_5595_5604_part01.mp4,skipped_existing,1,2,Pen_5_POSTWEAN_Day_2_15112025,Pen 5 - Group 3,POSTWEAN,2,5,15112025,8,other|O|reciprocal|side,5595.773,5604.839,5595.773,5604.5228,G:\MONITORING CROSS SUCKING IN CALVES - KAPPEL - 2025\Pen 5 - Group 3\POSTWEANING\Day 2\ch05_20251115090426.mp4,ch05_20251115090426.mp4,4203.107511,5604.5228,1392.665489,1401.415289,Pen 5 - Group 3/POSTWEANING/Day 2/0749_part1.zip
532,778,CS_0750_POSTWEAN_d2_p5_cowO_15112025_ch05-20251115092758_5629_5650.mp4,Pen 5 - Group 3\POSTWEANING\Day 2\CS_0750_POSTWEAN_d2_p5_cowO_15112025_ch05-20251115092758_5629_5650.mp4,E:\cross_sucking\Pen 5 - Group 3\POSTWEANING\Day 2\CS_0750_POSTWEAN_d2_p5_cowO_15112025_ch05-20251115092758_5629_5650.mp4,skipped_existing,1,1,Pen_5_POSTWEAN_Day_2_15112025,Pen 5 - Group 3,POSTWEAN,2,5,15112025,O,other|8|None|side,5629.256,5650.822,5629.256,5650.822,G:\MONITORING CROSS SUCKING IN CALVES - KAPPEL - 2025\Pen 5 - Group 3\POSTWEANING\Day 2\ch05_20251115092758.mp4,ch05_20251115092758.mp4,5604.5228,7005.973089,24.7332,46.2992,Pen 5 - Group 3/POSTWEANING/Day 2/0750.zip
533,779,CS_0751_POSTWEAN_d2_p5_cow8_15112025_ch05-20251115092758_5683_5719.mp4,Pen 5 - Group 3\POSTWEANING\Day 2\CS_0751_POSTWEAN_d2_p5_cow8_15112025_ch05-20251115092758_5683_5719.mp4,E:\cross_sucking\Pen 5 - Group 3\POSTWEANING\Day 2\CS_0751_POSTWEAN_d2_p5_cow8_15112025_ch05-20251115092758_5683_5719.mp4,skipped_existing,1,1,Pen_5_POSTWEAN_Day_2_15112025,Pen 5 - Group 3,POSTWEAN,2,5,15112025,8,other|O|None|side,5683.971,5719.502,5683.971,5719.502,G:\MONITORING CROSS SUCKING IN CALVES - KAPPEL - 2025\Pen 5 - Group 3\POSTWEANING\Day 2\ch05_20251115092758.mp4,ch05_20251115092758.mp4,5604.5228,7005.973089,79.4482,114.9792,Pen 5 - Group 3/POSTWEANING/Day 2/0751.zip
534,781,CS_0753_POSTWEAN_d2_p5_cowA_15112025_ch05-20251115092758_6024_6056.mp4,Pen 5 - Group 3\POSTWEANING\Day 2\CS_0753_POSTWEAN_d2_p5_cowA_15112025_ch05-20251115092758_6024_6056.mp4,E:\cross_sucking\Pen 5 - Group 3\POSTWEANING\Day 2\CS_0753_POSTWEAN_d2_p5_cowA_15112025_ch05-20251115092758_6024_6056.mp4,skipped_existing,1,1,Pen_5_POSTWEAN_Day_2_15112025,Pen 5 - Group 3,POSTWEAN,2,5,15112025,A,other|1|None|side,6024.163,6056.842,6024.163,6056.842,G:\MONITORING CROSS SUCKING IN CALVES - KAPPEL - 2025\Pen 5 - Group 3\POSTWEANING\Day 2\ch05_20251115092758.mp4,ch05_20251115092758.mp4,5604.5228,7005.973089,419.6402,452.3192,Pen 5 - Group 3/POSTWEANING/Day 2/0753.zip
535,783,CS_0755_POSTWEAN_d2_p5_cowO_15112025_ch05-20251115092758_6053_6067.mp4,Pen 5 - Group 3\POSTWEANING\Day 2\CS_0755_POSTWEAN_d2_p5_cowO_15112025_ch05-20251115092758_6053_6067.mp4,E:\cross_sucking\Pen 5 - Group 3\POSTWEANING\Day 2\CS_0755_POSTWEAN_d2_p5_cowO_15112025_ch05-20251115092758_6053_6067.mp4,skipped_existing,1,1,Pen_5_POSTWEAN_Day_2_15112025,Pen 5 - Group 3,POSTWEAN,2,5,15112025,O,other|1|three|side,6053.735,6067.826,6053.735,6067.826,G:\MONITORING CROSS SUCKING IN CALVES - KAPPEL - 2025\Pen 5 - Group 3\POSTWEANING\Day 2\ch05_20251115092758.mp4,ch05_20251115092758.mp4,5604.5228,7005.973089,449.2122,463.3032,Pen 5 - Group 3/POSTWEANING/Day 2/0755.zip
536,785,CS_0757_POSTWEAN_d2_p5_cowO_15112025_ch05-20251115092758_6075_6118.mp4,Pen 5 - Group 3\POSTWEANING\Day 2\CS_0757_POSTWEAN_d2_p5_cowO_15112025_ch05-20251115092758_6075_6118.mp4,E:\cross_sucking\Pen 5 - Group 3\POSTWEANING\Day 2\CS_0757_POSTWEAN_d2_p5_cowO_15112025_ch05-20251115092758_6075_6118.mp4,skipped_existing,1,1,Pen_5_POSTWEAN_Day_2_15112025,Pen 5 - Group 3,POSTWEAN,2,5,15112025,O,other|1|None|side,6075.372,6118.316,6075.372,6118.316,G:\MONITORING CROSS SUCKING IN CALVES - KAPPEL - 2025\Pen 5 - Group 3\POSTWEANING\Day 2\ch05_20251115092758.mp4,ch05_20251115092758.mp4,5604.5228,7005.973089,470.8492,513.7932,Pen 5 - Group 3/POSTWEANING/Day 2/0757.zip
537,786,CS_0758_POSTWEAN_d2_p5_cow1_15112025_ch05-20251115092758_6086_6125.mp4,Pen 5 - Group 3\POSTWEANING\Day 2\CS_0758_POSTWEAN_d2_p5_cow1_15112025_ch05-20251115092758_6086_6125.mp4,E:\cross_sucking\Pen 5 - Group 3\POSTWEANING\Day 2\CS_0758_POSTWEAN_d2_p5_cow1_15112025_ch05-20251115092758_6086_6125.mp4,skipped_existing,1,1,Pen_5_POSTWEAN_Day_2_15112025,Pen 5 - Group 3,POSTWEAN,2,5,15112025,1,other|1|reciprocal|side,6086.891,6125.929,6086.891,6125.929,G:\MONITORING CROSS SUCKING IN CALVES - KAPPEL - 2025\Pen 5 - Group 3\POSTWEANING\Day 2\ch05_20251115092758.mp4,ch05_20251115092758.mp4,5604.5228,7005.973089,482.3682,521.4062,Pen 5 - Group 3/POSTWEANING/Day 2/0758.zip
538,787,CS_0759_POSTWEAN_d2_p5_cowA_15112025_ch05-20251115092758_6143_6182.mp4,Pen 5 - Group 3\POSTWEANING\Day 2\CS_0759_POSTWEAN_d2_p5_cowA_15112025_ch05-20251115092758_6143_6182.mp4,E:\cross_sucking\Pen 5 - Group 3\POSTWEANING\Day 2\CS_0759_POSTWEAN_d2_p5_cowA_15112025_ch05-20251115092758_6143_6182.mp4,skipped_existing,1,1,Pen_5_POSTWEAN_Day_2_15112025,Pen 5 - Group 3,POSTWEAN,2,5,15112025,A,other|1|None|side,6143.0,6182.973,6143.0,6182.973,G:\MONITORING CROSS SUCKING IN CALVES - KAPPEL - 2025\Pen 5 - Group 3\POSTWEANING\Day 2\ch05_20251115092758.mp4,ch05_20251115092758.mp4,5604.5228,7005.973089,538.4772,578.4502,Pen 5 - Group 3/POSTWEANING/Day 2/0759.zip
539,789,CS_0761_POSTWEAN_d2_p5_cowA_15112025_ch05-20251115092758_6190_6223.mp4,Pen 5 - Group 3\POSTWEANING\Day 2\CS_0761_POSTWEAN_d2_p5_cowA_15112025_ch05-20251115092758_6190_6223.mp4,E:\cross_sucking\Pen 5 - Group 3\POSTWEANING\Day 2\CS_0761_POSTWEAN_d2_p5_cowA_15112025_ch05-20251115092758_6190_6223.mp4,skipped_existing,1,1,Pen_5_POSTWEAN_Day_2_15112025,Pen 5 - Group 3,POSTWEAN,2,5,15112025,A,other|1|None|side,6190.848,6223.205,6190.848,6223.205,G:\MONITORING CROSS SUCKING IN CALVES - KAPPEL - 2025\Pen 5 - Group 3\POSTWEANING\Day 2\ch05_20251115092758.mp4,ch05_20251115092758.mp4,5604.5228,7005.973089,586.3252,618.6822,Pen 5 - Group 3/POSTWEANING/Day 2/0761.zip
540,790,CS_0762_POSTWEAN_d2_p5_cowA_15112025_ch05-20251115092758_6291_6511.mp4,Pen 5 - Group 3\POSTWEANING\Day 2\CS_0762_POSTWEAN_d2_p5_cowA_15112025_ch05-20251115092758_6291_6511.mp4,E:\cross_sucking\Pen 5 - Group 3\POSTWEANING\Day 2\CS_0762_POSTWEAN_d2_p5_cowA_15112025_ch05-20251115092758_6291_6511.mp4,skipped_existing,1,1,Pen_5_POSTWEAN_Day_2_15112025,Pen 5 - Group 3,POSTWEAN,2,5,15112025,A,other|1|None|side,6291.757,6511.082,6291.757,6511.082,G:\MONITORING CROSS SUCKING IN CALVES - KAPPEL - 2025\Pen 5 - Group 3\POSTWEANING\Day 2\ch05_20251115092758.mp4,ch05_20251115092758.mp4,5604.5228,7005.973089,687.2342,906.5592,Pen 5 - Group 3/POSTWEANING/Day 2/0762.zip
541,793,CS_0765_POSTWEAN_d2_p5_cow6_15112025_ch05-20251115092758_6718_6740.mp4,Pen 5 - Group 3\POSTWEANING\Day 2\CS_0765_POSTWEAN_d2_p5_cow6_15112025_ch05-20251115092758_6718_6740.mp4,E:\cross_sucking\Pen 5 - Group 3\POSTWEANING\Day 2\CS_0765_POSTWEAN_d2_p5_cow6_15112025_ch05-20251115092758_6718_6740.mp4,skipped_existing,1,1,Pen_5_POSTWEAN_Day_2_15112025,Pen 5 - Group 3,POSTWEAN,2,5,15112025,6,other|O|None|lying down,6718.901,6740.474,6718.901,6740.474,G:\MONITORING CROSS SUCKING IN CALVES - KAPPEL - 2025\Pen 5 - Group 3\POSTWEANING\Day 2\ch05_20251115092758.mp4,ch05_20251115092758.mp4,5604.5228,7005.973089,1114.3782,1135.9512,Pen 5 - Group 3/POSTWEANING/Day 2/0765.zip
542,795,CS_0767_POSTWEAN_d2_p5_cow6_15112025_ch05-20251115092758_6801_6919.mp4,Pen 5 - Group 3\POSTWEANING\Day 2\CS_0767_POSTWEAN_d2_p5_cow6_15112025_ch05-20251115092758_6801_6919.mp4,E:\cross_sucking\Pen 5 - Group 3\POSTWEANING\Day 2\CS_0767_POSTWEAN_d2_p5_cow6_15112025_ch05-20251115092758_6801_6919.mp4,skipped_existing,1,1,Pen_5_POSTWEAN_Day_2_15112025,Pen 5 - Group 3,POSTWEAN,2,5,15112025,6,other|O|None|lying down,6801.443,6919.939,6801.443,6919.939,G:\MONITORING CROSS SUCKING IN CALVES - KAPPEL - 2025\Pen 5 - Group 3\POSTWEANING\Day 2\ch05_20251115092758.mp4,ch05_20251115092758.mp4,5604.5228,7005.973089,1196.9202,1315.4162,Pen 5 - Group 3/POSTWEANING/Day 2/0767.zip
543,796,CS_0768_POSTWEAN_d2_p5_cow8_15112025_ch05-20251115095130_7012_7046.mp4,Pen 5 - Group 3\POSTWEANING\Day 2\CS_0768_POSTWEAN_d2_p5_cow8_15112025_ch05-20251115095130_7012_7046.mp4,E:\cross_sucking\Pen 5 - Group 3\POSTWEANING\Day 2\CS_0768_POSTWEAN_d2_p5_cow8_15112025_ch05-20251115095130_7012_7046.mp4,skipped_existing,1,1,Pen_5_POSTWEAN_Day_2_15112025,Pen 5 - Group 3,POSTWEAN,2,5,15112025,8,other|O|None|side,7012.312,7046.86,7012.312,7046.86,G:\MONITORING CROSS SUCKING IN CALVES - KAPPEL - 2025\Pen 5 - Group 3\POSTWEANING\Day 2\ch05_20251115095130.mp4,ch05_20251115095130.mp4,7005.973089,8407.593378,6.338911,40.886911,Pen 5 - Group 3/POSTWEANING/Day 2/0768.zip
544,797,CS_0769_POSTWEAN_d2_p5_cowO_15112025_ch05-20251115095130_7018_7067.mp4,Pen 5 - Group 3\POSTWEANING\Day 2\CS_0769_POSTWEAN_d2_p5_cowO_15112025_ch05-20251115095130_7018_7067.mp4,E:\cross_sucking\Pen 5 - Group 3\POSTWEANING\Day 2\CS_0769_POSTWEAN_d2_p5_cowO_15112025_ch05-20251115095130_7018_7067.mp4,skipped_existing,1,1,Pen_5_POSTWEAN_Day_2_15112025,Pen 5 - Group 3,POSTWEAN,2,5,15112025,O,other|8|None|side,7018.536,7067.443,7018.536,7067.443,G:\MONITORING CROSS SUCKING IN CALVES - KAPPEL - 2025\Pen 5 - Group 3\POSTWEANING\Day 2\ch05_20251115095130.mp4,ch05_20251115095130.mp4,7005.973089,8407.593378,12.562911,61.469911,Pen 5 - Group 3/POSTWEANING/Day 2/0769.zip
545,798,CS_0770_POSTWEAN_d2_p5_cow8_15112025_ch05-20251115095130_7055_7083.mp4,Pen 5 - Group 3\POSTWEANING\Day 2\CS_0770_POSTWEAN_d2_p5_cow8_15112025_ch05-20251115095130_7055_7083.mp4,E:\cross_sucking\Pen 5 - Group 3\POSTWEANING\Day 2\CS_0770_POSTWEAN_d2_p5_cow8_15112025_ch05-20251115095130_7055_7083.mp4,skipped_existing,1,1,Pen_5_POSTWEAN_Day_2_15112025,Pen 5 - Group 3,POSTWEAN,2,5,15112025,8,other|O|None|side,7055.331,7083.853,7055.331,7083.853,G:\MONITORING CROSS SUCKING IN CALVES - KAPPEL - 2025\Pen 5 - Group 3\POSTWEANING\Day 2\ch05_20251115095130.mp4,ch05_20251115095130.mp4,7005.973089,8407.593378,49.357911,77.879911,Pen 5 - Group 3/POSTWEANING/Day 2/0770.zip
546,799,CS_0771_POSTWEAN_d2_p5_cow8_15112025_ch05-20251115095130_7089_7129.mp4,Pen 5 - Group 3\POSTWEANING\Day 2\CS_0771_POSTWEAN_d2_p5_cow8_15112025_ch05-20251115095130_7089_7129.mp4,E:\cross_sucking\Pen 5 - Group 3\POSTWEANING\Day 2\CS_0771_POSTWEAN_d2_p5_cow8_15112025_ch05-20251115095130_7089_7129.mp4,skipped_existing,1,1,Pen_5_POSTWEAN_Day_2_15112025,Pen 5 - Group 3,POSTWEAN,2,5,15112025,8,other|O|None|side,7089.015,7129.904,7089.015,7129.904,G:\MONITORING CROSS SUCKING IN CALVES - KAPPEL - 2025\Pen 5 - Group 3\POSTWEANING\Day 2\ch05_20251115095130.mp4,ch05_20251115095130.mp4,7005.973089,8407.593378,83.041911,123.930911,Pen 5 - Group 3/POSTWEANING/Day 2/0771.zip
547,800,CS_0772_POSTWEAN_d2_p5_cowO_15112025_ch05-20251115095130_7674_7693.mp4,Pen 5 - Group 3\POSTWEANING\Day 2\CS_0772_POSTWEAN_d2_p5_cowO_15112025_ch05-20251115095130_7674_7693.mp4,E:\cross_sucking\Pen 5 - Group 3\POSTWEANING\Day 2\CS_0772_POSTWEAN_d2_p5_cowO_15112025_ch05-20251115095130_7674_7693.mp4,skipped_existing,1,1,Pen_5_POSTWEAN_Day_2_15112025,Pen 5 - Group 3,POSTWEAN,2,5,15112025,O,other|1|None|side,7674.219,7693.747,7674.219,7693.747,G:\MONITORING CROSS SUCKING IN CALVES - KAPPEL - 2025\Pen 5 - Group 3\POSTWEANING\Day 2\ch05_20251115095130.mp4,ch05_20251115095130.mp4,7005.973089,8407.593378,668.245911,687.773911,Pen 5 - Group 3/POSTWEANING/Day 2/0772.zip
548,801,CS_0773_POSTWEAN_d2_p5_cow2_15112025_ch05-20251115095130_8070_8090.mp4,Pen 5 - Group 3\POSTWEANING\Day 2\CS_0773_POSTWEAN_d2_p5_cow2_15112025_ch05-20251115095130_8070_8090.mp4,E:\cross_sucking\Pen 5 - Group 3\POSTWEANING\Day 2\CS_0773_POSTWEAN_d2_p5_cow2_15112025_ch05-20251115095130_8070_8090.mp4,skipped_existing,1,1,Pen_5_POSTWEAN_Day_2_15112025,Pen 5 - Group 3,POSTWEAN,2,5,15112025,2,other|1|None|side,8070.278,8090.396,8070.278,8090.396,G:\MONITORING CROSS SUCKING IN CALVES - KAPPEL - 2025\Pen 5 - Group 3\POSTWEANING\Day 2\ch05_20251115095130.mp4,ch05_20251115095130.mp4,7005.973089,8407.593378,1064.304911,1084.422911,Pen 5 - Group 3/POSTWEANING/Day 2/0773.zip
549,802,CS_0774_POSTWEAN_d2_p5_cowA_15112025_ch05-20251115160800_29684_29825.mp4,Pen 5 - Group 3\POSTWEANING\Day 2\CS_0774_POSTWEAN_d2_p5_cowA_15112025_ch05-20251115160800_29684_29825.mp4,E:\cross_sucking\Pen 5 - Group 3\POSTWEANING\Day 2\CS_0774_POSTWEAN_d2_p5_cowA_15112025_ch05-20251115160800_29684_29825.mp4,skipped_existing,1,1,Pen_5_POSTWEAN_Day_2_15112025,Pen 5 - Group 3,POSTWEAN,2,5,15112025,A,other|1|None|side,29684.943,29825.314,29684.943,29825.314,G:\MONITORING CROSS SUCKING IN CALVES - KAPPEL - 2025\Pen 5 - Group 3\POSTWEANING\Day 2\ch05_20251115160800.mp4,ch05_20251115160800.mp4,29428.701357,30830.233646,256.241643,396.612643,Pen 5 - Group 3/POSTWEANING/Day 2/0774.zip
550,805,CS_0777_POSTWEAN_d2_p5_cow2_15112025_ch05-20251115163131_30903_30909.mp4,Pen 5 - Group 3\POSTWEANING\Day 2\CS_0777_POSTWEAN_d2_p5_cow2_15112025_ch05-20251115163131_30903_30909.mp4,E:\cross_sucking\Pen 5 - Group 3\POSTWEANING\Day 2\CS_0777_POSTWEAN_d2_p5_cow2_15112025_ch05-20251115163131_30903_30909.mp4,skipped_existing,1,1,Pen_5_POSTWEAN_Day_2_15112025,Pen 5 - Group 3,POSTWEAN,2,5,15112025,2,other|8|None|side,30903.736,30909.16,30903.736,30909.16,G:\MONITORING CROSS SUCKING IN CALVES - KAPPEL - 2025\Pen 5 - Group 3\POSTWEANING\Day 2\ch05_20251115163131.mp4,ch05_20251115163131.mp4,30830.233646,32230.836935,73.502354,78.926354,Pen 5 - Group 3/POSTWEANING/Day 2/0777.zip
551,806,CS_0778_POSTWEAN_d2_p5_cow2_15112025_ch05-20251115163131_30944_30954.mp4,Pen 5 - Group 3\POSTWEANING\Day 2\CS_0778_POSTWEAN_d2_p5_cow2_15112025_ch05-20251115163131_30944_30954.mp4,E:\cross_sucking\Pen 5 - Group 3\POSTWEANING\Day 2\CS_0778_POSTWEAN_d2_p5_cow2_15112025_ch05-20251115163131_30944_30954.mp4,skipped_existing,1,1,Pen_5_POSTWEAN_Day_2_15112025,Pen 5 - Group 3,POSTWEAN,2,5,15112025,2,other|O|None|side,30944.165,30954.952,30944.165,30954.952,G:\MONITORING CROSS SUCKING IN CALVES - KAPPEL - 2025\Pen 5 - Group 3\POSTWEANING\Day 2\ch05_20251115163131.mp4,ch05_20251115163131.mp4,30830.233646,32230.836935,113.931354,124.718354,Pen 5 - Group 3/POSTWEANING/Day 2/0778.zip
552,809,CS_0780_POSTWEAN_d2_p5_cow8_15112025_ch05-20251115182911_39224_39443_part01.mp4,Pen 5 - Group 3\POSTWEANING\Day 2\CS_0780_POSTWEAN_d2_p5_cow8_15112025_ch05-20251115182911_39224_39443_part01.mp4,E:\cross_sucking\Pen 5 - Group 3\POSTWEANING\Day 2\CS_0780_POSTWEAN_d2_p5_cow8_15112025_ch05-20251115182911_39224_39443_part01.mp4,skipped_existing,1,2,Pen_5_POSTWEAN_Day_2_15112025,Pen 5 - Group 3,POSTWEAN,2,5,15112025,8,other|O|reciprocal|side,39224.59,39443.496,39224.59,39239.493024,G:\MONITORING CROSS SUCKING IN CALVES - KAPPEL - 2025\Pen 5 - Group 3\POSTWEANING\Day 2\ch05_20251115182911.mp4,ch05_20251115182911.mp4,37837.898735,39239.493024,1386.691265,1401.594289,Pen 5 - Group 3/POSTWEANING/Day 2/0780_part1.zip
553,810,CS_0780_POSTWEAN_d2_p5_cow8_15112025_ch05-20251115182911_39224_39443_part02.mp4,Pen 5 - Group 3\POSTWEANING\Day 2\CS_0780_POSTWEAN_d2_p5_cow8_15112025_ch05-20251115182911_39224_39443_part02.mp4,E:\cross_sucking\Pen 5 - Group 3\POSTWEANING\Day 2\CS_0780_POSTWEAN_d2_p5_cow8_15112025_ch05-20251115182911_39224_39443_part02.mp4,skipped_existing,2,2,Pen_5_POSTWEAN_Day_2_15112025,Pen 5 - Group 3,POSTWEAN,2,5,15112025,8,other|O|reciprocal|side,39224.59,39443.496,39239.493024,39443.496,G:\MONITORING CROSS SUCKING IN CALVES - KAPPEL - 2025\Pen 5 - Group 3\POSTWEANING\Day 2\ch05_20251115185243.mp4,ch05_20251115185243.mp4,39239.493024,40641.049313,0.0,204.002976,Pen 5 - Group 3/POSTWEANING/Day 2/0780_part2.zip
554,814,CS_0784_POSTWEAN_d2_p5_cow8_15112025_ch05-20251115185243_39445_39476.mp4,Pen 5 - Group 3\POSTWEANING\Day 2\CS_0784_POSTWEAN_d2_p5_cow8_15112025_ch05-20251115185243_39445_39476.mp4,E:\cross_sucking\Pen 5 - Group 3\POSTWEANING\Day 2\CS_0784_POSTWEAN_d2_p5_cow8_15112025_ch05-20251115185243_39445_39476.mp4,skipped_existing,1,1,Pen_5_POSTWEAN_Day_2_15112025,Pen 5 - Group 3,POSTWEAN,2,5,15112025,8,other|O|reciprocal|side,39445.283,39476.454,39445.283,39476.454,G:\MONITORING CROSS SUCKING IN CALVES - KAPPEL - 2025\Pen 5 - Group 3\POSTWEANING\Day 2\ch05_20251115185243.mp4,ch05_20251115185243.mp4,39239.493024,40641.049313,205.789976,236.960976,Pen 5 - Group 3/POSTWEANING/Day 2/0784.zip
555,817,CS_0787_POSTWEAN_d2_p5_cow1_15112025_ch05-20251115185243_39498_39551.mp4,Pen 5 - Group 3\POSTWEANING\Day 2\CS_0787_POSTWEAN_d2_p5_cow1_15112025_ch05-20251115185243_39498_39551.mp4,E:\cross_sucking\Pen 5 - Group 3\POSTWEANING\Day 2\CS_0787_POSTWEAN_d2_p5_cow1_15112025_ch05-20251115185243_39498_39551.mp4,skipped_existing,1,1,Pen_5_POSTWEAN_Day_2_15112025,Pen 5 - Group 3,POSTWEAN,2,5,15112025,1,other|O|reciprocal|side,39498.352,39551.678,39498.352,39551.678,G:\MONITORING CROSS SUCKING IN CALVES - KAPPEL - 2025\Pen 5 - Group 3\POSTWEANING\Day 2\ch05_20251115185243.mp4,ch05_20251115185243.mp4,39239.493024,40641.049313,258.858976,312.184976,Pen 5 - Group 3/POSTWEANING/Day 2/0787.zip
556,819,CS_0789_POSTWEAN_d2_p5_cow1_15112025_ch05-20251115185243_39557_39729.mp4,Pen 5 - Group 3\POSTWEANING\Day 2\CS_0789_POSTWEAN_d2_p5_cow1_15112025_ch05-20251115185243_39557_39729.mp4,E:\cross_sucking\Pen 5 - Group 3\POSTWEANING\Day 2\CS_0789_POSTWEAN_d2_p5_cow1_15112025_ch05-20251115185243_39557_39729.mp4,skipped_existing,1,1,Pen_5_POSTWEAN_Day_2_15112025,Pen 5 - Group 3,POSTWEAN,2,5,15112025,1,other|O|None|side,39557.305,39729.661,39557.305,39729.661,G:\MONITORING CROSS SUCKING IN CALVES - KAPPEL - 2025\Pen 5 - Group 3\POSTWEANING\Day 2\ch05_20251115185243.mp4,ch05_20251115185243.mp4,39239.493024,40641.049313,317.811976,490.167976,Pen 5 - Group 3/POSTWEANING/Day 2/0789.zip
557,821,CS_0791_POSTWEAN_d2_p5_cow8_15112025_ch05-20251115220100_50596_50617.mp4,Pen 5 - Group 3\POSTWEANING\Day 2\CS_0791_POSTWEAN_d2_p5_cow8_15112025_ch05-20251115220100_50596_50617.mp4,E:\cross_sucking\Pen 5 - Group 3\POSTWEANING\Day 2\CS_0791_POSTWEAN_d2_p5_cow8_15112025_ch05-20251115220100_50596_50617.mp4,skipped_existing,1,1,Pen_5_POSTWEAN_Day_2_15112025,Pen 5 - Group 3,POSTWEAN,2,5,15112025,8,grain feeder|O|None|side,50596.395,50617.169,50596.395,50617.169,G:\MONITORING CROSS SUCKING IN CALVES - KAPPEL - 2025\Pen 5 - Group 3\POSTWEANING\Day 2\ch05_20251115220100.mp4,ch05_20251115220100.mp4,50451.620336,51853.123625,144.774664,165.548664,Pen 5 - Group 3/POSTWEANING/Day 2/0791.zip
558,822,CS_0792_POSTWEAN_d2_p5_cow2_15112025_ch05-20251115222431_52135_52177.mp4,Pen 5 - Group 3\POSTWEANING\Day 2\CS_0792_POSTWEAN_d2_p5_cow2_15112025_ch05-20251115222431_52135_52177.mp4,E:\cross_sucking\Pen 5 - Group 3\POSTWEANING\Day 2\CS_0792_POSTWEAN_d2_p5_cow2_15112025_ch05-20251115222431_52135_52177.mp4,skipped_existing,1,1,Pen_5_POSTWEAN_Day_2_15112025,Pen 5 - Group 3,POSTWEAN,2,5,15112025,2,grain feeder|A|None|behind,52135.306,52177.723,52135.306,52177.723,G:\MONITORING CROSS SUCKING IN CALVES - KAPPEL - 2025\Pen 5 - Group 3\POSTWEANING\Day 2\ch05_20251115222431.mp4,ch05_20251115222431.mp4,51853.123625,53254.610558,282.182375,324.599375,Pen 5 - Group 3/POSTWEANING/Day 2/0792.zip
559,823,CS_0793_POSTWEAN_d2_p5_cowslash_15112025_ch05-20251116021951_66464_66571.mp4,Pen 5 - Group 3\POSTWEANING\Day 2\CS_0793_POSTWEAN_d2_p5_cowslash_15112025_ch05-20251116021951_66464_66571.mp4,E:\cross_sucking\Pen 5 - Group 3\POSTWEANING\Day 2\CS_0793_POSTWEAN_d2_p5_cowslash_15112025_ch05-20251116021951_66464_66571.mp4,skipped_existing,1,1,Pen_5_POSTWEAN_Day_2_15112025,Pen 5 - Group 3,POSTWEAN,2,5,15112025,/,other|1|None|side,66464.64,66571.702,66464.64,66571.702,G:\MONITORING CROSS SUCKING IN CALVES - KAPPEL - 2025\Pen 5 - Group 3\POSTWEANING\Day 2\ch05_20251116021951.mp4,ch05_20251116021951.mp4,65868.086803,67269.558092,596.553197,703.615197,Pen 5 - Group 3/POSTWEANING/Day 2/0793.zip
560,826,CS_0796_POSTWEAN_d2_p5_cowslash_15112025_ch05-20251116021951_66588_66776.mp4,Pen 5 - Group 3\POSTWEANING\Day 2\CS_0796_POSTWEAN_d2_p5_cowslash_15112025_ch05-20251116021951_66588_66776.mp4,E:\cross_sucking\Pen 5 - Group 3\POSTWEANING\Day 2\CS_0796_POSTWEAN_d2_p5_cowslash_15112025_ch05-20251116021951_66588_66776.mp4,skipped_existing,1,1,Pen_5_POSTWEAN_Day_2_15112025,Pen 5 - Group 3,POSTWEAN,2,5,15112025,/,hay|1|None|behind,66588.112,66776.024,66588.112,66776.024,G:\MONITORING CROSS SUCKING IN CALVES - KAPPEL - 2025\Pen 5 - Group 3\POSTWEANING\Day 2\ch05_20251116021951.mp4,ch05_20251116021951.mp4,65868.086803,67269.558092,720.025197,907.937197,Pen 5 - Group 3/POSTWEANING/Day 2/0796.zip
561,827,CS_0797_POSTWEAN_d3_p5_cow6_16112025_ch05-20251116094658_7736_7756.mp4,Pen 5 - Group 3\POSTWEANING\Day 3\CS_0797_POSTWEAN_d3_p5_cow6_16112025_ch05-20251116094658_7736_7756.mp4,E:\cross_sucking\Pen 5 - Group 3\POSTWEANING\Day 3\CS_0797_POSTWEAN_d3_p5_cow6_16112025_ch05-20251116094658_7736_7756.mp4,skipped_existing,1,1,Pen_5_POSTWEAN_Day_3_16112025,Pen 5 - Group 3,POSTWEAN,3,5,16112025,6,hay|A|None|side,7736.146,7756.521,7736.146,7756.521,G:\MONITORING CROSS SUCKING IN CALVES - KAPPEL - 2025\Pen 5 - Group 3\POSTWEANING\Day 3\ch05_20251116094658.mp4,ch05_20251116094658.mp4,7005.853445,8407.300734,730.292555,750.667555,Pen 5 - Group 3/POSTWEANING/Day 3/0797.zip
562,828,CS_0798_POSTWEAN_d3_p5_cow6_16112025_ch05-20251116094658_7766_7789.mp4,Pen 5 - Group 3\POSTWEANING\Day 3\CS_0798_POSTWEAN_d3_p5_cow6_16112025_ch05-20251116094658_7766_7789.mp4,E:\cross_sucking\Pen 5 - Group 3\POSTWEANING\Day 3\CS_0798_POSTWEAN_d3_p5_cow6_16112025_ch05-20251116094658_7766_7789.mp4,skipped_existing,1,1,Pen_5_POSTWEAN_Day_3_16112025,Pen 5 - Group 3,POSTWEAN,3,5,16112025,6,None|A|None|side,7766.191,7789.475,7766.191,7789.475,G:\MONITORING CROSS SUCKING IN CALVES - KAPPEL - 2025\Pen 5 - Group 3\POSTWEANING\Day 3\ch05_20251116094658.mp4,ch05_20251116094658.mp4,7005.853445,8407.300734,760.337555,783.621555,Pen 5 - Group 3/POSTWEANING/Day 3/0798.zip
563,829,CS_0799_POSTWEAN_d3_p5_cowA_16112025_ch05-20251116094658_7784_7792.mp4,Pen 5 - Group 3\POSTWEANING\Day 3\CS_0799_POSTWEAN_d3_p5_cowA_16112025_ch05-20251116094658_7784_7792.mp4,E:\cross_sucking\Pen 5 - Group 3\POSTWEANING\Day 3\CS_0799_POSTWEAN_d3_p5_cowA_16112025_ch05-20251116094658_7784_7792.mp4,skipped_existing,1,1,Pen_5_POSTWEAN_Day_3_16112025,Pen 5 - Group 3,POSTWEAN,3,5,16112025,A,hay|8|None|side,7784.322,7792.584,7784.322,7792.584,G:\MONITORING CROSS SUCKING IN CALVES - KAPPEL - 2025\Pen 5 - Group 3\POSTWEANING\Day 3\ch05_20251116094658.mp4,ch05_20251116094658.mp4,7005.853445,8407.300734,778.468555,786.730555,Pen 5 - Group 3/POSTWEANING/Day 3/0799.zip
564,830,CS_0800_POSTWEAN_d3_p5_cow6_16112025_ch05-20251116094658_7794_7871.mp4,Pen 5 - Group 3\POSTWEANING\Day 3\CS_0800_POSTWEAN_d3_p5_cow6_16112025_ch05-20251116094658_7794_7871.mp4,E:\cross_sucking\Pen 5 - Group 3\POSTWEANING\Day 3\CS_0800_POSTWEAN_d3_p5_cow6_16112025_ch05-20251116094658_7794_7871.mp4,skipped_existing,1,1,Pen_5_POSTWEAN_Day_3_16112025,Pen 5 - Group 3,POSTWEAN,3,5,16112025,6,other|A|None|side,7794.914,7871.852,7794.914,7871.852,G:\MONITORING CROSS SUCKING IN CALVES - KAPPEL - 2025\Pen 5 - Group 3\POSTWEANING\Day 3\ch05_20251116094658.mp4,ch05_20251116094658.mp4,7005.853445,8407.300734,789.060555,865.998555,Pen 5 - Group 3/POSTWEANING/Day 3/0800.zip
565,832,CS_0802_POSTWEAN_d3_p5_cow6_16112025_ch05-20251116094658_7884_7896.mp4,Pen 5 - Group 3\POSTWEANING\Day 3\CS_0802_POSTWEAN_d3_p5_cow6_16112025_ch05-20251116094658_7884_7896.mp4,E:\cross_sucking\Pen 5 - Group 3\POSTWEANING\Day 3\CS_0802_POSTWEAN_d3_p5_cow6_16112025_ch05-20251116094658_7884_7896.mp4,skipped_existing,1,1,Pen_5_POSTWEAN_Day_3_16112025,Pen 5 - Group 3,POSTWEAN,3,5,16112025,6,other|A|None|side,7884.026,7896.397,7884.026,7896.397,G:\MONITORING CROSS SUCKING IN CALVES - KAPPEL - 2025\Pen 5 - Group 3\POSTWEANING\Day 3\ch05_20251116094658.mp4,ch05_20251116094658.mp4,7005.853445,8407.300734,878.172555,890.543555,Pen 5 - Group 3/POSTWEANING/Day 3/0802.zip
566,834,CS_0804_POSTWEAN_d3_p5_cow6_16112025_ch05-20251116094658_7908_7919.mp4,Pen 5 - Group 3\POSTWEANING\Day 3\CS_0804_POSTWEAN_d3_p5_cow6_16112025_ch05-20251116094658_7908_7919.mp4,E:\cross_sucking\Pen 5 - Group 3\POSTWEANING\Day 3\CS_0804_POSTWEAN_d3_p5_cow6_16112025_ch05-20251116094658_7908_7919.mp4,skipped_existing,1,1,Pen_5_POSTWEAN_Day_3_16112025,Pen 5 - Group 3,POSTWEAN,3,5,16112025,6,other|A|reciprocal|side,7908.763,7919.957,7908.763,7919.957,G:\MONITORING CROSS SUCKING IN CALVES - KAPPEL - 2025\Pen 5 - Group 3\POSTWEANING\Day 3\ch05_20251116094658.mp4,ch05_20251116094658.mp4,7005.853445,8407.300734,902.909555,914.103555,Pen 5 - Group 3/POSTWEANING/Day 3/0804.zip
567,835,CS_0805_POSTWEAN_d3_p5_cowA_16112025_ch05-20251116094658_7916_7920.mp4,Pen 5 - Group 3\POSTWEANING\Day 3\CS_0805_POSTWEAN_d3_p5_cowA_16112025_ch05-20251116094658_7916_7920.mp4,E:\cross_sucking\Pen 5 - Group 3\POSTWEANING\Day 3\CS_0805_POSTWEAN_d3_p5_cowA_16112025_ch05-20251116094658_7916_7920.mp4,skipped_existing,1,1,Pen_5_POSTWEAN_Day_3_16112025,Pen 5 - Group 3,POSTWEAN,3,5,16112025,A,other|6|None|side,7916.439,7920.145,7916.439,7920.145,G:\MONITORING CROSS SUCKING IN CALVES - KAPPEL - 2025\Pen 5 - Group 3\POSTWEANING\Day 3\ch05_20251116094658.mp4,ch05_20251116094658.mp4,7005.853445,8407.300734,910.585555,914.291555,Pen 5 - Group 3/POSTWEANING/Day 3/0805.zip
568,836,CS_0806_POSTWEAN_d3_p5_cowA_16112025_ch05-20251116094658_7925_7940.mp4,Pen 5 - Group 3\POSTWEANING\Day 3\CS_0806_POSTWEAN_d3_p5_cowA_16112025_ch05-20251116094658_7925_7940.mp4,E:\cross_sucking\Pen 5 - Group 3\POSTWEANING\Day 3\CS_0806_POSTWEAN_d3_p5_cowA_16112025_ch05-20251116094658_7925_7940.mp4,skipped_existing,1,1,Pen_5_POSTWEAN_Day_3_16112025,Pen 5 - Group 3,POSTWEAN,3,5,16112025,A,other|6|None|side,7925.705,7940.998,7925.705,7940.998,G:\MONITORING CROSS SUCKING IN CALVES - KAPPEL - 2025\Pen 5 - Group 3\POSTWEANING\Day 3\ch05_20251116094658.mp4,ch05_20251116094658.mp4,7005.853445,8407.300734,919.851555,935.144555,Pen 5 - Group 3/POSTWEANING/Day 3/0806.zip
569,838,CS_0808_POSTWEAN_d3_p5_cow6_16112025_ch05-20251116094658_7943_7966.mp4,Pen 5 - Group 3\POSTWEANING\Day 3\CS_0808_POSTWEAN_d3_p5_cow6_16112025_ch05-20251116094658_7943_7966.mp4,E:\cross_sucking\Pen 5 - Group 3\POSTWEANING\Day 3\CS_0808_POSTWEAN_d3_p5_cow6_16112025_ch05-20251116094658_7943_7966.mp4,skipped_existing,1,1,Pen_5_POSTWEAN_Day_3_16112025,Pen 5 - Group 3,POSTWEAN,3,5,16112025,6,other|A|None|side,7943.18,7966.2,7943.18,7966.2,G:\MONITORING CROSS SUCKING IN CALVES - KAPPEL - 2025\Pen 5 - Group 3\POSTWEANING\Day 3\ch05_20251116094658.mp4,ch05_20251116094658.mp4,7005.853445,8407.300734,937.326555,960.346555,Pen 5 - Group 3/POSTWEANING/Day 3/0808.zip
570,840,CS_0810_POSTWEAN_d3_p5_cowT_16112025_ch05-20251116125510_18705_18720.mp4,Pen 5 - Group 3\POSTWEANING\Day 3\CS_0810_POSTWEAN_d3_p5_cowT_16112025_ch05-20251116125510_18705_18720.mp4,E:\cross_sucking\Pen 5 - Group 3\POSTWEANING\Day 3\CS_0810_POSTWEAN_d3_p5_cowT_16112025_ch05-20251116125510_18705_18720.mp4,skipped_existing,1,1,Pen_5_POSTWEAN_Day_3_16112025,Pen 5 - Group 3,POSTWEAN,3,5,16112025,T,other|O|None|side,18705.299,18720.318,18705.299,18720.318,G:\MONITORING CROSS SUCKING IN CALVES - KAPPEL - 2025\Pen 5 - Group 3\POSTWEANING\Day 3\ch05_20251116125510.mp4,ch05_20251116125510.mp4,18212.996757,19614.404046,492.302243,507.321243,Pen 5 - Group 3/POSTWEANING/Day 3/0810.zip
571,842,CS_0812_POSTWEAN_d3_p5_cowO_16112025_ch05-20251116125510_18723_18773.mp4,Pen 5 - Group 3\POSTWEANING\Day 3\CS_0812_POSTWEAN_d3_p5_cowO_16112025_ch05-20251116125510_18723_18773.mp4,E:\cross_sucking\Pen 5 - Group 3\POSTWEANING\Day 3\CS_0812_POSTWEAN_d3_p5_cowO_16112025_ch05-20251116125510_18723_18773.mp4,skipped_existing,1,1,Pen_5_POSTWEAN_Day_3_16112025,Pen 5 - Group 3,POSTWEAN,3,5,16112025,O,other|8|reciprocal|side,18723.625,18773.525,18723.625,18773.525,G:\MONITORING CROSS SUCKING IN CALVES - KAPPEL - 2025\Pen 5 - Group 3\POSTWEANING\Day 3\ch05_20251116125510.mp4,ch05_20251116125510.mp4,18212.996757,19614.404046,510.628243,560.528243,Pen 5 - Group 3/POSTWEANING/Day 3/0812.zip
572,843,CS_0813_POSTWEAN_d3_p5_cowO_16112025_ch05-20251116125510_18777_18835.mp4,Pen 5 - Group 3\POSTWEANING\Day 3\CS_0813_POSTWEAN_d3_p5_cowO_16112025_ch05-20251116125510_18777_18835.mp4,E:\cross_sucking\Pen 5 - Group 3\POSTWEANING\Day 3\CS_0813_POSTWEAN_d3_p5_cowO_16112025_ch05-20251116125510_18777_18835.mp4,skipped_existing,1,1,Pen_5_POSTWEAN_Day_3_16112025,Pen 5 - Group 3,POSTWEAN,3,5,16112025,O,other|8|None|side,18777.299,18835.196,18777.299,18835.196,G:\MONITORING CROSS SUCKING IN CALVES - KAPPEL - 2025\Pen 5 - Group 3\POSTWEANING\Day 3\ch05_20251116125510.mp4,ch05_20251116125510.mp4,18212.996757,19614.404046,564.302243,622.199243,Pen 5 - Group 3/POSTWEANING/Day 3/0813.zip
573,845,CS_0815_POSTWEAN_d3_p5_cowO_16112025_ch05-20251116125510_18842_18852.mp4,Pen 5 - Group 3\POSTWEANING\Day 3\CS_0815_POSTWEAN_d3_p5_cowO_16112025_ch05-20251116125510_18842_18852.mp4,E:\cross_sucking\Pen 5 - Group 3\POSTWEANING\Day 3\CS_0815_POSTWEAN_d3_p5_cowO_16112025_ch05-20251116125510_18842_18852.mp4,skipped_existing,1,1,Pen_5_POSTWEAN_Day_3_16112025,Pen 5 - Group 3,POSTWEAN,3,5,16112025,O,other|8|None|side,18842.012,18852.857,18842.012,18852.857,G:\MONITORING CROSS SUCKING IN CALVES - KAPPEL - 2025\Pen 5 - Group 3\POSTWEANING\Day 3\ch05_20251116125510.mp4,ch05_20251116125510.mp4,18212.996757,19614.404046,629.015243,639.860243,Pen 5 - Group 3/POSTWEANING/Day 3/0815.zip
574,846,CS_0816_POSTWEAN_d3_p5_cowO_16112025_ch05-20251116125510_18894_18924.mp4,Pen 5 - Group 3\POSTWEANING\Day 3\CS_0816_POSTWEAN_d3_p5_cowO_16112025_ch05-20251116125510_18894_18924.mp4,E:\cross_sucking\Pen 5 - Group 3\POSTWEANING\Day 3\CS_0816_POSTWEAN_d3_p5_cowO_16112025_ch05-20251116125510_18894_18924.mp4,skipped_existing,1,1,Pen_5_POSTWEAN_Day_3_16112025,Pen 5 - Group 3,POSTWEAN,3,5,16112025,O,other|8|None|side,18894.667,18924.588,18894.667,18924.588,G:\MONITORING CROSS SUCKING IN CALVES - KAPPEL - 2025\Pen 5 - Group 3\POSTWEANING\Day 3\ch05_20251116125510.mp4,ch05_20251116125510.mp4,18212.996757,19614.404046,681.670243,711.591243,Pen 5 - Group 3/POSTWEANING/Day 3/0816.zip
575,847,CS_0817_POSTWEAN_d3_p5_cowO_16112025_ch05-20251116125510_18929_18935.mp4,Pen 5 - Group 3\POSTWEANING\Day 3\CS_0817_POSTWEAN_d3_p5_cowO_16112025_ch05-20251116125510_18929_18935.mp4,E:\cross_sucking\Pen 5 - Group 3\POSTWEANING\Day 3\CS_0817_POSTWEAN_d3_p5_cowO_16112025_ch05-20251116125510_18929_18935.mp4,skipped_existing,1,1,Pen_5_POSTWEAN_Day_3_16112025,Pen 5 - Group 3,POSTWEAN,3,5,16112025,O,other|8|None|side,18929.273,18935.359,18929.273,18935.359,G:\MONITORING CROSS SUCKING IN CALVES - KAPPEL - 2025\Pen 5 - Group 3\POSTWEANING\Day 3\ch05_20251116125510.mp4,ch05_20251116125510.mp4,18212.996757,19614.404046,716.276243,722.362243,Pen 5 - Group 3/POSTWEANING/Day 3/0817.zip
576,849,CS_0819_POSTWEAN_d3_p5_cowO_16112025_ch05-20251116125510_18969_19057.mp4,Pen 5 - Group 3\POSTWEANING\Day 3\CS_0819_POSTWEAN_d3_p5_cowO_16112025_ch05-20251116125510_18969_19057.mp4,E:\cross_sucking\Pen 5 - Group 3\POSTWEANING\Day 3\CS_0819_POSTWEAN_d3_p5_cowO_16112025_ch05-20251116125510_18969_19057.mp4,skipped_existing,1,1,Pen_5_POSTWEAN_Day_3_16112025,Pen 5 - Group 3,POSTWEAN,3,5,16112025,O,other|O|reciprocal|side,18969.317,19057.386,18969.317,19057.386,G:\MONITORING CROSS SUCKING IN CALVES - KAPPEL - 2025\Pen 5 - Group 3\POSTWEANING\Day 3\ch05_20251116125510.mp4,ch05_20251116125510.mp4,18212.996757,19614.404046,756.320243,844.389243,Pen 5 - Group 3/POSTWEANING/Day 3/0819.zip
577,850,CS_0820_POSTWEAN_d3_p5_cow8_16112025_ch05-20251116125510_19039_19072.mp4,Pen 5 - Group 3\POSTWEANING\Day 3\CS_0820_POSTWEAN_d3_p5_cow8_16112025_ch05-20251116125510_19039_19072.mp4,E:\cross_sucking\Pen 5 - Group 3\POSTWEANING\Day 3\CS_0820_POSTWEAN_d3_p5_cow8_16112025_ch05-20251116125510_19039_19072.mp4,skipped_existing,1,1,Pen_5_POSTWEAN_Day_3_16112025,Pen 5 - Group 3,POSTWEAN,3,5,16112025,8,other|O|reciprocal|side,19039.733,19072.671,19039.733,19072.671,G:\MONITORING CROSS SUCKING IN CALVES - KAPPEL - 2025\Pen 5 - Group 3\POSTWEANING\Day 3\ch05_20251116125510.mp4,ch05_20251116125510.mp4,18212.996757,19614.404046,826.736243,859.674243,Pen 5 - Group 3/POSTWEANING/Day 3/0820.zip
578,851,CS_0821_POSTWEAN_d3_p5_cow8_16112025_ch05-20251116125510_19102_19115.mp4,Pen 5 - Group 3\POSTWEANING\Day 3\CS_0821_POSTWEAN_d3_p5_cow8_16112025_ch05-20251116125510_19102_19115.mp4,E:\cross_sucking\Pen 5 - Group 3\POSTWEANING\Day 3\CS_0821_POSTWEAN_d3_p5_cow8_16112025_ch05-20251116125510_19102_19115.mp4,skipped_existing,1,1,Pen_5_POSTWEAN_Day_3_16112025,Pen 5 - Group 3,POSTWEAN,3,5,16112025,8,other|O|None|side,19102.312,19115.086,19102.312,19115.086,G:\MONITORING CROSS SUCKING IN CALVES - KAPPEL - 2025\Pen 5 - Group 3\POSTWEANING\Day 3\ch05_20251116125510.mp4,ch05_20251116125510.mp4,18212.996757,19614.404046,889.315243,902.089243,Pen 5 - Group 3/POSTWEANING/Day 3/0821.zip
579,852,CS_0822_POSTWEAN_d3_p5_cowslash_16112025_ch05-20251116140545_22661_22804.mp4,Pen 5 - Group 3\POSTWEANING\Day 3\CS_0822_POSTWEAN_d3_p5_cowslash_16112025_ch05-20251116140545_22661_22804.mp4,E:\cross_sucking\Pen 5 - Group 3\POSTWEANING\Day 3\CS_0822_POSTWEAN_d3_p5_cowslash_16112025_ch05-20251116140545_22661_22804.mp4,skipped_existing,1,1,Pen_5_POSTWEAN_Day_3_16112025,Pen 5 - Group 3,POSTWEAN,3,5,16112025,/,other|1|None|side,22661.961,22804.545,22661.961,22804.545,G:\MONITORING CROSS SUCKING IN CALVES - KAPPEL - 2025\Pen 5 - Group 3\POSTWEANING\Day 3\ch05_20251116140545.mp4,ch05_20251116140545.mp4,22417.115624,23818.506913,244.845376,387.429376,Pen 5 - Group 3/POSTWEANING/Day 3/0822.zip
580,855,CS_0825_POSTWEAN_d3_p5_cowslash_16112025_ch05-20251116140545_22814_22867.mp4,Pen 5 - Group 3\POSTWEANING\Day 3\CS_0825_POSTWEAN_d3_p5_cowslash_16112025_ch05-20251116140545_22814_22867.mp4,E:\cross_sucking\Pen 5 - Group 3\POSTWEANING\Day 3\CS_0825_POSTWEAN_d3_p5_cowslash_16112025_ch05-20251116140545_22814_22867.mp4,skipped_existing,1,1,Pen_5_POSTWEAN_Day_3_16112025,Pen 5 - Group 3,POSTWEAN,3,5,16112025,/,other|1|reciprocal|side,22814.601,22867.88,22814.601,22867.88,G:\MONITORING CROSS SUCKING IN CALVES - KAPPEL - 2025\Pen 5 - Group 3\POSTWEANING\Day 3\ch05_20251116140545.mp4,ch05_20251116140545.mp4,22417.115624,23818.506913,397.485376,450.764376,Pen 5 - Group 3/POSTWEANING/Day 3/0825.zip
581,857,CS_0827_POSTWEAN_d3_p5_cowslash_16112025_ch05-20251116140545_22881_22901.mp4,Pen 5 - Group 3\POSTWEANING\Day 3\CS_0827_POSTWEAN_d3_p5_cowslash_16112025_ch05-20251116140545_22881_22901.mp4,E:\cross_sucking\Pen 5 - Group 3\POSTWEANING\Day 3\CS_0827_POSTWEAN_d3_p5_cowslash_16112025_ch05-20251116140545_22881_22901.mp4,skipped_existing,1,1,Pen_5_POSTWEAN_Day_3_16112025,Pen 5 - Group 3,POSTWEAN,3,5,16112025,/,other|1|None|side,22881.118,22901.306,22881.118,22901.306,G:\MONITORING CROSS SUCKING IN CALVES - KAPPEL - 2025\Pen 5 - Group 3\POSTWEANING\Day 3\ch05_20251116140545.mp4,ch05_20251116140545.mp4,22417.115624,23818.506913,464.002376,484.190376,Pen 5 - Group 3/POSTWEANING/Day 3/0827.zip
582,858,CS_0828_POSTWEAN_d3_p5_cowslash_16112025_ch05-20251116140545_22914_23007.mp4,Pen 5 - Group 3\POSTWEANING\Day 3\CS_0828_POSTWEAN_d3_p5_cowslash_16112025_ch05-20251116140545_22914_23007.mp4,E:\cross_sucking\Pen 5 - Group 3\POSTWEANING\Day 3\CS_0828_POSTWEAN_d3_p5_cowslash_16112025_ch05-20251116140545_22914_23007.mp4,skipped_existing,1,1,Pen_5_POSTWEAN_Day_3_16112025,Pen 5 - Group 3,POSTWEAN,3,5,16112025,/,other|1|reciprocal|side,22914.476,23007.571,22914.476,23007.571,G:\MONITORING CROSS SUCKING IN CALVES - KAPPEL - 2025\Pen 5 - Group 3\POSTWEANING\Day 3\ch05_20251116140545.mp4,ch05_20251116140545.mp4,22417.115624,23818.506913,497.360376,590.455376,Pen 5 - Group 3/POSTWEANING/Day 3/0828.zip
583,860,CS_0830_POSTWEAN_d3_p5_cowslash_16112025_ch05-20251116140545_23024_23033.mp4,Pen 5 - Group 3\POSTWEANING\Day 3\CS_0830_POSTWEAN_d3_p5_cowslash_16112025_ch05-20251116140545_23024_23033.mp4,E:\cross_sucking\Pen 5 - Group 3\POSTWEANING\Day 3\CS_0830_POSTWEAN_d3_p5_cowslash_16112025_ch05-20251116140545_23024_23033.mp4,skipped_existing,1,1,Pen_5_POSTWEAN_Day_3_16112025,Pen 5 - Group 3,POSTWEAN,3,5,16112025,/,grain feeder|T|None|side,23024.776,23033.315,23024.776,23033.315,G:\MONITORING CROSS SUCKING IN CALVES - KAPPEL - 2025\Pen 5 - Group 3\POSTWEANING\Day 3\ch05_20251116140545.mp4,ch05_20251116140545.mp4,22417.115624,23818.506913,607.660376,616.199376,Pen 5 - Group 3/POSTWEANING/Day 3/0830.zip
584,861,CS_0831_POSTWEAN_d3_p5_cowA_16112025_ch05-20251116153953_28757_28819.mp4,Pen 5 - Group 3\POSTWEANING\Day 3\CS_0831_POSTWEAN_d3_p5_cowA_16112025_ch05-20251116153953_28757_28819.mp4,E:\cross_sucking\Pen 5 - Group 3\POSTWEANING\Day 3\CS_0831_POSTWEAN_d3_p5_cowA_16112025_ch05-20251116153953_28757_28819.mp4,skipped_existing,1,1,Pen_5_POSTWEAN_Day_3_16112025,Pen 5 - Group 3,POSTWEAN,3,5,16112025,A,other|1|None|side,28757.978,28819.324,28757.978,28819.324,G:\MONITORING CROSS SUCKING IN CALVES - KAPPEL - 2025\Pen 5 - Group 3\POSTWEANING\Day 3\ch05_20251116153953.mp4,ch05_20251116153953.mp4,28022.815424,29424.249713,735.162576,796.508576,Pen 5 - Group 3/POSTWEANING/Day 3/0831.zip
585,862,CS_0832_POSTWEAN_d3_p5_cowA_16112025_ch05-20251116182437_38530_38536.mp4,Pen 5 - Group 3\POSTWEANING\Day 3\CS_0832_POSTWEAN_d3_p5_cowA_16112025_ch05-20251116182437_38530_38536.mp4,E:\cross_sucking\Pen 5 - Group 3\POSTWEANING\Day 3\CS_0832_POSTWEAN_d3_p5_cowA_16112025_ch05-20251116182437_38530_38536.mp4,skipped_existing,1,1,Pen_5_POSTWEAN_Day_3_16112025,Pen 5 - Group 3,POSTWEAN,3,5,16112025,A,grain feeder|O|None|side,38530.881,38536.708,38530.881,38536.708,G:\MONITORING CROSS SUCKING IN CALVES - KAPPEL - 2025\Pen 5 - Group 3\POSTWEANING\Day 3\ch05_20251116182437.mp4,ch05_20251116182437.mp4,37832.552447,39233.931736,698.328553,704.155553,Pen 5 - Group 3/POSTWEANING/Day 3/0832.zip
586,863,CS_0833_POSTWEAN_d3_p5_cowO_16112025_ch05-20251116182437_38588_38645.mp4,Pen 5 - Group 3\POSTWEANING\Day 3\CS_0833_POSTWEAN_d3_p5_cowO_16112025_ch05-20251116182437_38588_38645.mp4,E:\cross_sucking\Pen 5 - Group 3\POSTWEANING\Day 3\CS_0833_POSTWEAN_d3_p5_cowO_16112025_ch05-20251116182437_38588_38645.mp4,skipped_existing,1,1,Pen_5_POSTWEAN_Day_3_16112025,Pen 5 - Group 3,POSTWEAN,3,5,16112025,O,other|8|None|side,38588.182,38645.738,38588.182,38645.738,G:\MONITORING CROSS SUCKING IN CALVES - KAPPEL - 2025\Pen 5 - Group 3\POSTWEANING\Day 3\ch05_20251116182437.mp4,ch05_20251116182437.mp4,37832.552447,39233.931736,755.629553,813.185553,Pen 5 - Group 3/POSTWEANING/Day 3/0833.zip
587,866,CS_0836_POSTWEAN_d3_p5_cow8_16112025_ch05-20251116224329_53555_53639.mp4,Pen 5 - Group 3\POSTWEANING\Day 3\CS_0836_POSTWEAN_d3_p5_cow8_16112025_ch05-20251116224329_53555_53639.mp4,E:\cross_sucking\Pen 5 - Group 3\POSTWEANING\Day 3\CS_0836_POSTWEAN_d3_p5_cow8_16112025_ch05-20251116224329_53555_53639.mp4,skipped_existing,1,1,Pen_5_POSTWEAN_Day_3_16112025,Pen 5 - Group 3,POSTWEAN,3,5,16112025,8,other|O|reciprocal|side,53555.074,53639.041,53555.074,53639.041,G:\MONITORING CROSS SUCKING IN CALVES - KAPPEL - 2025\Pen 5 - Group 3\POSTWEANING\Day 3\ch05_20251116224329.mp4,ch05_20251116224329.mp4,53247.518626,54648.874915,307.555374,391.522374,Pen 5 - Group 3/POSTWEANING/Day 3/0836.zip
588,867,CS_0837_POSTWEAN_d3_p5_cow1_16112025_ch05-20251116224329_53644_53753.mp4,Pen 5 - Group 3\POSTWEANING\Day 3\CS_0837_POSTWEAN_d3_p5_cow1_16112025_ch05-20251116224329_53644_53753.mp4,E:\cross_sucking\Pen 5 - Group 3\POSTWEANING\Day 3\CS_0837_POSTWEAN_d3_p5_cow1_16112025_ch05-20251116224329_53644_53753.mp4,skipped_existing,1,1,Pen_5_POSTWEAN_Day_3_16112025,Pen 5 - Group 3,POSTWEAN,3,5,16112025,1,other|O|reciprocal|side,53644.998,53753.276,53644.998,53753.276,G:\MONITORING CROSS SUCKING IN CALVES - KAPPEL - 2025\Pen 5 - Group 3\POSTWEANING\Day 3\ch05_20251116224329.mp4,ch05_20251116224329.mp4,53247.518626,54648.874915,397.479374,505.757374,Pen 5 - Group 3/POSTWEANING/Day 3/0837.zip
589,869,CS_0839_POSTWEAN_d3_p5_cow8_16112025_ch05-20251116224329_53772_53927.mp4,Pen 5 - Group 3\POSTWEANING\Day 3\CS_0839_POSTWEAN_d3_p5_cow8_16112025_ch05-20251116224329_53772_53927.mp4,E:\cross_sucking\Pen 5 - Group 3\POSTWEANING\Day 3\CS_0839_POSTWEAN_d3_p5_cow8_16112025_ch05-20251116224329_53772_53927.mp4,skipped_existing,1,1,Pen_5_POSTWEAN_Day_3_16112025,Pen 5 - Group 3,POSTWEAN,3,5,16112025,8,other|1|None|side,53772.594,53927.159,53772.594,53927.159,G:\MONITORING CROSS SUCKING IN CALVES - KAPPEL - 2025\Pen 5 - Group 3\POSTWEANING\Day 3\ch05_20251116224329.mp4,ch05_20251116224329.mp4,53247.518626,54648.874915,525.075374,679.640374,Pen 5 - Group 3/POSTWEANING/Day 3/0839.zip
590,871,CS_0841_POSTWEAN_d3_p5_cowT_16112025_ch05-20251117032553_70779_70784.mp4,Pen 5 - Group 3\POSTWEANING\Day 3\CS_0841_POSTWEAN_d3_p5_cowT_16112025_ch05-20251117032553_70779_70784.mp4,E:\cross_sucking\Pen 5 - Group 3\POSTWEANING\Day 3\CS_0841_POSTWEAN_d3_p5_cowT_16112025_ch05-20251117032553_70779_70784.mp4,skipped_existing,1,1,Pen_5_POSTWEAN_Day_3_16112025,Pen 5 - Group 3,POSTWEAN,3,5,16112025,T,other|1|None|lying down,70779.689,70784.51,70779.689,70784.51,G:\MONITORING CROSS SUCKING IN CALVES - KAPPEL - 2025\Pen 5 - Group 3\POSTWEANING\Day 3\ch05_20251117032553.mp4,ch05_20251117032553.mp4,70064.174738,71465.557027,715.514262,720.335262,Pen 5 - Group 3/POSTWEANING/Day 3/0841.zip
591,872,CS_0842_POSTWEAN_d3_p5_cow8_16112025_ch05-20251117054706_79508_79523.mp4,Pen 5 - Group 3\POSTWEANING\Day 3\CS_0842_POSTWEAN_d3_p5_cow8_16112025_ch05-20251117054706_79508_79523.mp4,E:\cross_sucking\Pen 5 - Group 3\POSTWEANING\Day 3\CS_0842_POSTWEAN_d3_p5_cow8_16112025_ch05-20251117054706_79508_79523.mp4,skipped_existing,1,1,Pen_5_POSTWEAN_Day_3_16112025,Pen 5 - Group 3,POSTWEAN,3,5,16112025,8,other|/|None|behind,79508.144,79523.488,79508.144,79523.488,G:\MONITORING CROSS SUCKING IN CALVES - KAPPEL - 2025\Pen 5 - Group 3\POSTWEANING\Day 3\ch05_20251117054706.mp4,ch05_20251117054706.mp4,78473.452472,79874.705761,1034.691528,1050.035528,Pen 5 - Group 3/POSTWEANING/Day 3/0842.zip
592,873,CS_0843_POSTWEAN_d3_p5_cowO_16112025_ch05-20251117054706_79731_79815.mp4,Pen 5 - Group 3\POSTWEANING\Day 3\CS_0843_POSTWEAN_d3_p5_cowO_16112025_ch05-20251117054706_79731_79815.mp4,E:\cross_sucking\Pen 5 - Group 3\POSTWEANING\Day 3\CS_0843_POSTWEAN_d3_p5_cowO_16112025_ch05-20251117054706_79731_79815.mp4,skipped_existing,1,1,Pen_5_POSTWEAN_Day_3_16112025,Pen 5 - Group 3,POSTWEAN,3,5,16112025,O,other|1|reciprocal|side,79731.209,79815.092,79731.209,79815.092,G:\MONITORING CROSS SUCKING IN CALVES - KAPPEL - 2025\Pen 5 - Group 3\POSTWEANING\Day 3\ch05_20251117054706.mp4,ch05_20251117054706.mp4,78473.452472,79874.705761,1257.756528,1341.639528,Pen 5 - Group 3/POSTWEANING/Day 3/0843.zip
812,1175,CS_1134_WEAN_d1_p5_cowT_23102025_ch05-20251023082308_2269_2284.mp4,Pen 5 - Group 3\WEANING\Day 1\CS_1134_WEAN_d1_p5_cowT_23102025_ch05-20251023082308_2269_2284.mp4,E:\cross_sucking\Pen 5 - Group 3\WEANING\Day 1\CS_1134_WEAN_d1_p5_cowT_23102025_ch05-20251023082308_2269_2284.mp4,created,1,1,Pen_5_WEAN_Day_1_23102025,Pen 5 - Group 3,WEAN,1,5,23102025,T,other|A|None|side,2269.598,2284.824,2269.598,2284.824,G:\MONITORING CROSS SUCKING IN CALVES - KAPPEL - 2025\Pen 5 - Group 3\WEANING\Day 1\ch05_20251023082308.mp4,ch05_20251023082308.mp4,1401.600289,2803.139578,867.997711,883.223711,Pen 5 - Group 3/WEANING/Day 1/1134.zip
813,1176,CS_1135_WEAN_d1_p5_cowA_23102025_ch05-20251023082308_2291_2295.mp4,Pen 5 - Group 3\WEANING\Day 1\CS_1135_WEAN_d1_p5_cowA_23102025_ch05-20251023082308_2291_2295.mp4,E:\cross_sucking\Pen 5 - Group 3\WEANING\Day 1\CS_1135_WEAN_d1_p5_cowA_23102025_ch05-20251023082308_2291_2295.mp4,created,1,1,Pen_5_WEAN_Day_1_23102025,Pen 5 - Group 3,WEAN,1,5,23102025,A,other|O|None|side,2291.043,2295.141,2291.043,2295.141,G:\MONITORING CROSS SUCKING IN CALVES - KAPPEL - 2025\Pen 5 - Group 3\WEANING\Day 1\ch05_20251023082308.mp4,ch05_20251023082308.mp4,1401.600289,2803.139578,889.442711,893.540711,Pen 5 - Group 3/WEANING/Day 1/1135.zip
814,1178,CS_1137_WEAN_d1_p5_cowT_23102025_ch05-20251023082308_2307_2331.mp4,Pen 5 - Group 3\WEANING\Day 1\CS_1137_WEAN_d1_p5_cowT_23102025_ch05-20251023082308_2307_2331.mp4,E:\cross_sucking\Pen 5 - Group 3\WEANING\Day 1\CS_1137_WEAN_d1_p5_cowT_23102025_ch05-20251023082308_2307_2331.mp4,created,1,1,Pen_5_WEAN_Day_1_23102025,Pen 5 - Group 3,WEAN,1,5,23102025,T,other|O|None|side,2307.649,2331.8,2307.649,2331.8,G:\MONITORING CROSS SUCKING IN CALVES - KAPPEL - 2025\Pen 5 - Group 3\WEANING\Day 1\ch05_20251023082308.mp4,ch05_20251023082308.mp4,1401.600289,2803.139578,906.048711,930.199711,Pen 5 - Group 3/WEANING/Day 1/1137.zip
815,1180,CS_1139_WEAN_d1_p5_cowT_23102025_ch05-20251023082308_2420_2432.mp4,Pen 5 - Group 3\WEANING\Day 1\CS_1139_WEAN_d1_p5_cowT_23102025_ch05-20251023082308_2420_2432.mp4,E:\cross_sucking\Pen 5 - Group 3\WEANING\Day 1\CS_1139_WEAN_d1_p5_cowT_23102025_ch05-20251023082308_2420_2432.mp4,created,1,1,Pen_5_WEAN_Day_1_23102025,Pen 5 - Group 3,WEAN,1,5,23102025,T,hay|O|None|side,2420.204,2432.382,2420.204,2432.382,G:\MONITORING CROSS SUCKING IN CALVES - KAPPEL - 2025\Pen 5 - Group 3\WEANING\Day 1\ch05_20251023082308.mp4,ch05_20251023082308.mp4,1401.600289,2803.139578,1018.603711,1030.781711,Pen 5 - Group 3/WEANING/Day 1/1139.zip
816,1181,CS_1140_WEAN_d1_p5_cowO_23102025_ch05-20251023084640_3008_3020.mp4,Pen 5 - Group 3\WEANING\Day 1\CS_1140_WEAN_d1_p5_cowO_23102025_ch05-20251023084640_3008_3020.mp4,E:\cross_sucking\Pen 5 - Group 3\WEANING\Day 1\CS_1140_WEAN_d1_p5_cowO_23102025_ch05-20251023084640_3008_3020.mp4,created,1,1,Pen_5_WEAN_Day_1_23102025,Pen 5 - Group 3,WEAN,1,5,23102025,O,other|2|None|side,3008.796,3020.777,3008.796,3020.777,G:\MONITORING CROSS SUCKING IN CALVES - KAPPEL - 2025\Pen 5 - Group 3\WEANING\Day 1\ch05_20251023084640.mp4,ch05_20251023084640.mp4,2803.139578,4204.784867,205.656422,217.637422,Pen 5 - Group 3/WEANING/Day 1/1140.zip
817,1182,CS_1141_WEAN_d1_p5_cow2_23102025_ch05-20251023084640_3010_3022.mp4,Pen 5 - Group 3\WEANING\Day 1\CS_1141_WEAN_d1_p5_cow2_23102025_ch05-20251023084640_3010_3022.mp4,E:\cross_sucking\Pen 5 - Group 3\WEANING\Day 1\CS_1141_WEAN_d1_p5_cow2_23102025_ch05-20251023084640_3010_3022.mp4,created,1,1,Pen_5_WEAN_Day_1_23102025,Pen 5 - Group 3,WEAN,1,5,23102025,2,other|O|reciprocal|side,3010.119,3022.695,3010.119,3022.695,G:\MONITORING CROSS SUCKING IN CALVES - KAPPEL - 2025\Pen 5 - Group 3\WEANING\Day 1\ch05_20251023084640.mp4,ch05_20251023084640.mp4,2803.139578,4204.784867,206.979422,219.555422,Pen 5 - Group 3/WEANING/Day 1/1141.zip
818,1183,CS_1142_WEAN_d1_p5_cow2_23102025_ch05-20251023084640_3049_3068.mp4,Pen 5 - Group 3\WEANING\Day 1\CS_1142_WEAN_d1_p5_cow2_23102025_ch05-20251023084640_3049_3068.mp4,E:\cross_sucking\Pen 5 - Group 3\WEANING\Day 1\CS_1142_WEAN_d1_p5_cow2_23102025_ch05-20251023084640_3049_3068.mp4,created,1,1,Pen_5_WEAN_Day_1_23102025,Pen 5 - Group 3,WEAN,1,5,23102025,2,other|A|None|side,3049.965,3068.098,3049.965,3068.098,G:\MONITORING CROSS SUCKING IN CALVES - KAPPEL - 2025\Pen 5 - Group 3\WEANING\Day 1\ch05_20251023084640.mp4,ch05_20251023084640.mp4,2803.139578,4204.784867,246.825422,264.958422,Pen 5 - Group 3/WEANING/Day 1/1142.zip
819,1184,CS_1143_WEAN_d1_p5_cow1_23102025_ch05-20251023084640_3300_3336.mp4,Pen 5 - Group 3\WEANING\Day 1\CS_1143_WEAN_d1_p5_cow1_23102025_ch05-20251023084640_3300_3336.mp4,E:\cross_sucking\Pen 5 - Group 3\WEANING\Day 1\CS_1143_WEAN_d1_p5_cow1_23102025_ch05-20251023084640_3300_3336.mp4,created,1,1,Pen_5_WEAN_Day_1_23102025,Pen 5 - Group 3,WEAN,1,5,23102025,1,other|2|None|side,3300.147,3336.268,3300.147,3336.268,G:\MONITORING CROSS SUCKING IN CALVES - KAPPEL - 2025\Pen 5 - Group 3\WEANING\Day 1\ch05_20251023084640.mp4,ch05_20251023084640.mp4,2803.139578,4204.784867,497.007422,533.128422,Pen 5 - Group 3/WEANING/Day 1/1143.zip
820,1186,CS_1145_WEAN_d1_p5_cow2_23102025_ch05-20251023084640_3329_3351.mp4,Pen 5 - Group 3\WEANING\Day 1\CS_1145_WEAN_d1_p5_cow2_23102025_ch05-20251023084640_3329_3351.mp4,E:\cross_sucking\Pen 5 - Group 3\WEANING\Day 1\CS_1145_WEAN_d1_p5_cow2_23102025_ch05-20251023084640_3329_3351.mp4,created,1,1,Pen_5_WEAN_Day_1_23102025,Pen 5 - Group 3,WEAN,1,5,23102025,2,other|1|reciprocal|side,3329.714,3351.095,3329.714,3351.095,G:\MONITORING CROSS SUCKING IN CALVES - KAPPEL - 2025\Pen 5 - Group 3\WEANING\Day 1\ch05_20251023084640.mp4,ch05_20251023084640.mp4,2803.139578,4204.784867,526.574422,547.955422,Pen 5 - Group 3/WEANING/Day 1/1145.zip
821,1187,CS_1146_WEAN_d1_p5_cow8_23102025_ch05-20251023084640_3855_4152.mp4,Pen 5 - Group 3\WEANING\Day 1\CS_1146_WEAN_d1_p5_cow8_23102025_ch05-20251023084640_3855_4152.mp4,E:\cross_sucking\Pen 5 - Group 3\WEANING\Day 1\CS_1146_WEAN_d1_p5_cow8_23102025_ch05-20251023084640_3855_4152.mp4,created,1,1,Pen_5_WEAN_Day_1_23102025,Pen 5 - Group 3,WEAN,1,5,23102025,8,other|1|None|side,3855.976,4152.303,3855.976,4152.303,G:\MONITORING CROSS SUCKING IN CALVES - KAPPEL - 2025\Pen 5 - Group 3\WEANING\Day 1\ch05_20251023084640.mp4,ch05_20251023084640.mp4,2803.139578,4204.784867,1052.836422,1349.163422,Pen 5 - Group 3/WEANING/Day 1/1146.zip
822,1190,CS_1149_WEAN_d1_p5_cow1_23102025_ch05-20251023084640_4144_4192.mp4,Pen 5 - Group 3\WEANING\Day 1\CS_1149_WEAN_d1_p5_cow1_23102025_ch05-20251023084640_4144_4192.mp4,E:\cross_sucking\Pen 5 - Group 3\WEANING\Day 1\CS_1149_WEAN_d1_p5_cow1_23102025_ch05-20251023084640_4144_4192.mp4,created,1,1,Pen_5_WEAN_Day_1_23102025,Pen 5 - Group 3,WEAN,1,5,23102025,1,other|8|reciprocal|side,4144.362,4192.469,4144.362,4192.469,G:\MONITORING CROSS SUCKING IN CALVES - KAPPEL - 2025\Pen 5 - Group 3\WEANING\Day 1\ch05_20251023084640.mp4,ch05_20251023084640.mp4,2803.139578,4204.784867,1341.222422,1389.329422,Pen 5 - Group 3/WEANING/Day 1/1149.zip
823,1192,CS_1151_WEAN_d1_p5_cowT_23102025_ch05-20251023091012_4982_4997.mp4,Pen 5 - Group 3\WEANING\Day 1\CS_1151_WEAN_d1_p5_cowT_23102025_ch05-20251023091012_4982_4997.mp4,E:\cross_sucking\Pen 5 - Group 3\WEANING\Day 1\CS_1151_WEAN_d1_p5_cowT_23102025_ch05-20251023091012_4982_4997.mp4,created,1,1,Pen_5_WEAN_Day_1_23102025,Pen 5 - Group 3,WEAN,1,5,23102025,T,other|O|None|side,4982.032,4997.644,4982.032,4997.644,G:\MONITORING CROSS SUCKING IN CALVES - KAPPEL - 2025\Pen 5 - Group 3\WEANING\Day 1\ch05_20251023091012.mp4,ch05_20251023091012.mp4,4204.784867,5605.350156,777.247133,792.859133,Pen 5 - Group 3/WEANING/Day 1/1151.zip
824,1193,CS_1152_WEAN_d1_p5_cowT_23102025_ch05-20251023093343_6367_6373.mp4,Pen 5 - Group 3\WEANING\Day 1\CS_1152_WEAN_d1_p5_cowT_23102025_ch05-20251023093343_6367_6373.mp4,E:\cross_sucking\Pen 5 - Group 3\WEANING\Day 1\CS_1152_WEAN_d1_p5_cowT_23102025_ch05-20251023093343_6367_6373.mp4,created,1,1,Pen_5_WEAN_Day_1_23102025,Pen 5 - Group 3,WEAN,1,5,23102025,T,other|A|None|side,6367.965,6373.195,6367.965,6373.195,G:\MONITORING CROSS SUCKING IN CALVES - KAPPEL - 2025\Pen 5 - Group 3\WEANING\Day 1\ch05_20251023093343.mp4,ch05_20251023093343.mp4,5605.350156,7006.901445,762.614844,767.844844,Pen 5 - Group 3/WEANING/Day 1/1152.zip
825,1194,CS_1153_WEAN_d1_p5_cowT_23102025_ch05-20251023104419_10390_10399.mp4,Pen 5 - Group 3\WEANING\Day 1\CS_1153_WEAN_d1_p5_cowT_23102025_ch05-20251023104419_10390_10399.mp4,E:\cross_sucking\Pen 5 - Group 3\WEANING\Day 1\CS_1153_WEAN_d1_p5_cowT_23102025_ch05-20251023104419_10390_10399.mp4,created,1,1,Pen_5_WEAN_Day_1_23102025,Pen 5 - Group 3,WEAN,1,5,23102025,T,milk feeder|O|None|behind,10390.633,10399.888,10390.633,10399.888,G:\MONITORING CROSS SUCKING IN CALVES - KAPPEL - 2025\Pen 5 - Group 3\WEANING\Day 1\ch05_20251023104419.mp4,ch05_20251023104419.mp4,9809.811023,11211.403312,580.821977,590.076977,Pen 5 - Group 3/WEANING/Day 1/1153.zip
826,1195,CS_1154_WEAN_d1_p5_cowT_23102025_ch05-20251023104419_10418_10425.mp4,Pen 5 - Group 3\WEANING\Day 1\CS_1154_WEAN_d1_p5_cowT_23102025_ch05-20251023104419_10418_10425.mp4,E:\cross_sucking\Pen 5 - Group 3\WEANING\Day 1\CS_1154_WEAN_d1_p5_cowT_23102025_ch05-20251023104419_10418_10425.mp4,created,1,1,Pen_5_WEAN_Day_1_23102025,Pen 5 - Group 3,WEAN,1,5,23102025,T,milk feeder|O|None|behind,10418.745,10425.821,10418.745,10425.821,G:\MONITORING CROSS SUCKING IN CALVES - KAPPEL - 2025\Pen 5 - Group 3\WEANING\Day 1\ch05_20251023104419.mp4,ch05_20251023104419.mp4,9809.811023,11211.403312,608.933977,616.009977,Pen 5 - Group 3/WEANING/Day 1/1154.zip
827,1197,CS_1156_WEAN_d1_p5_cowT_23102025_ch05-20251023104419_10805_10810.mp4,Pen 5 - Group 3\WEANING\Day 1\CS_1156_WEAN_d1_p5_cowT_23102025_ch05-20251023104419_10805_10810.mp4,E:\cross_sucking\Pen 5 - Group 3\WEANING\Day 1\CS_1156_WEAN_d1_p5_cowT_23102025_ch05-20251023104419_10805_10810.mp4,created,1,1,Pen_5_WEAN_Day_1_23102025,Pen 5 - Group 3,WEAN,1,5,23102025,T,other|O|None|side,10805.474,10810.963,10805.474,10810.963,G:\MONITORING CROSS SUCKING IN CALVES - KAPPEL - 2025\Pen 5 - Group 3\WEANING\Day 1\ch05_20251023104419.mp4,ch05_20251023104419.mp4,9809.811023,11211.403312,995.662977,1001.151977,Pen 5 - Group 3/WEANING/Day 1/1156.zip
828,1198,CS_1157_WEAN_d1_p5_cow6_23102025_ch05-20251023121827_16631_16649.mp4,Pen 5 - Group 3\WEANING\Day 1\CS_1157_WEAN_d1_p5_cow6_23102025_ch05-20251023121827_16631_16649.mp4,E:\cross_sucking\Pen 5 - Group 3\WEANING\Day 1\CS_1157_WEAN_d1_p5_cow6_23102025_ch05-20251023121827_16631_16649.mp4,created,1,1,Pen_5_WEAN_Day_1_23102025,Pen 5 - Group 3,WEAN,1,5,23102025,6,milk feeder|A|None|behind,16631.598,16649.264,16631.598,16649.264,G:\MONITORING CROSS SUCKING IN CALVES - KAPPEL - 2025\Pen 5 - Group 3\WEANING\Day 1\ch05_20251023121827.mp4,ch05_20251023121827.mp4,15416.150179,16817.720468,1215.447821,1233.113821,Pen 5 - Group 3/WEANING/Day 1/1157.zip
829,1199,CS_1158_WEAN_d1_p5_cow6_23102025_ch05-20251023121827_16668_16715.mp4,Pen 5 - Group 3\WEANING\Day 1\CS_1158_WEAN_d1_p5_cow6_23102025_ch05-20251023121827_16668_16715.mp4,E:\cross_sucking\Pen 5 - Group 3\WEANING\Day 1\CS_1158_WEAN_d1_p5_cow6_23102025_ch05-20251023121827_16668_16715.mp4,created,1,1,Pen_5_WEAN_Day_1_23102025,Pen 5 - Group 3,WEAN,1,5,23102025,6,milk feeder|A|None|behind,16668.795,16715.227,16668.795,16715.227,G:\MONITORING CROSS SUCKING IN CALVES - KAPPEL - 2025\Pen 5 - Group 3\WEANING\Day 1\ch05_20251023121827.mp4,ch05_20251023121827.mp4,15416.150179,16817.720468,1252.644821,1299.076821,Pen 5 - Group 3/WEANING/Day 1/1158.zip
830,1200,CS_1159_WEAN_d1_p5_cow6_23102025_ch05-20251023124159_16837_16964.mp4,Pen 5 - Group 3\WEANING\Day 1\CS_1159_WEAN_d1_p5_cow6_23102025_ch05-20251023124159_16837_16964.mp4,E:\cross_sucking\Pen 5 - Group 3\WEANING\Day 1\CS_1159_WEAN_d1_p5_cow6_23102025_ch05-20251023124159_16837_16964.mp4,created,1,1,Pen_5_WEAN_Day_1_23102025,Pen 5 - Group 3,WEAN,1,5,23102025,6,milk feeder|A|None|behind,16837.49,16964.352,16837.49,16964.352,G:\MONITORING CROSS SUCKING IN CALVES - KAPPEL - 2025\Pen 5 - Group 3\WEANING\Day 1\ch05_20251023124159.mp4,ch05_20251023124159.mp4,16817.720468,18218.281757,19.769532,146.631532,Pen 5 - Group 3/WEANING/Day 1/1159.zip
831,1201,CS_1160_WEAN_d1_p5_cow6_23102025_ch05-20251023124159_16971_17006.mp4,Pen 5 - Group 3\WEANING\Day 1\CS_1160_WEAN_d1_p5_cow6_23102025_ch05-20251023124159_16971_17006.mp4,E:\cross_sucking\Pen 5 - Group 3\WEANING\Day 1\CS_1160_WEAN_d1_p5_cow6_23102025_ch05-20251023124159_16971_17006.mp4,created,1,1,Pen_5_WEAN_Day_1_23102025,Pen 5 - Group 3,WEAN,1,5,23102025,6,milk feeder|A|None|behind,16971.236,17006.176,16971.236,17006.176,G:\MONITORING CROSS SUCKING IN CALVES - KAPPEL - 2025\Pen 5 - Group 3\WEANING\Day 1\ch05_20251023124159.mp4,ch05_20251023124159.mp4,16817.720468,18218.281757,153.515532,188.455532,Pen 5 - Group 3/WEANING/Day 1/1160.zip
832,1202,CS_1161_WEAN_d1_p5_cow6_23102025_ch05-20251023124159_17011_17017.mp4,Pen 5 - Group 3\WEANING\Day 1\CS_1161_WEAN_d1_p5_cow6_23102025_ch05-20251023124159_17011_17017.mp4,E:\cross_sucking\Pen 5 - Group 3\WEANING\Day 1\CS_1161_WEAN_d1_p5_cow6_23102025_ch05-20251023124159_17011_17017.mp4,created,1,1,Pen_5_WEAN_Day_1_23102025,Pen 5 - Group 3,WEAN,1,5,23102025,6,other|O|None|side,17011.203,17017.026,17011.203,17017.026,G:\MONITORING CROSS SUCKING IN CALVES - KAPPEL - 2025\Pen 5 - Group 3\WEANING\Day 1\ch05_20251023124159.mp4,ch05_20251023124159.mp4,16817.720468,18218.281757,193.482532,199.305532,Pen 5 - Group 3/WEANING/Day 1/1161.zip
833,1203,CS_1162_WEAN_d1_p5_cow6_23102025_ch05-20251023124159_17061_17070.mp4,Pen 5 - Group 3\WEANING\Day 1\CS_1162_WEAN_d1_p5_cow6_23102025_ch05-20251023124159_17061_17070.mp4,E:\cross_sucking\Pen 5 - Group 3\WEANING\Day 1\CS_1162_WEAN_d1_p5_cow6_23102025_ch05-20251023124159_17061_17070.mp4,created,1,1,Pen_5_WEAN_Day_1_23102025,Pen 5 - Group 3,WEAN,1,5,23102025,6,milk feeder|O|None|behind,17061.091,17070.485,17061.091,17070.485,G:\MONITORING CROSS SUCKING IN CALVES - KAPPEL - 2025\Pen 5 - Group 3\WEANING\Day 1\ch05_20251023124159.mp4,ch05_20251023124159.mp4,16817.720468,18218.281757,243.370532,252.764532,Pen 5 - Group 3/WEANING/Day 1/1162.zip
834,1204,CS_1163_WEAN_d1_p5_cowA_23102025_ch05-20251023124159_17082_17168.mp4,Pen 5 - Group 3\WEANING\Day 1\CS_1163_WEAN_d1_p5_cowA_23102025_ch05-20251023124159_17082_17168.mp4,E:\cross_sucking\Pen 5 - Group 3\WEANING\Day 1\CS_1163_WEAN_d1_p5_cowA_23102025_ch05-20251023124159_17082_17168.mp4,created,1,1,Pen_5_WEAN_Day_1_23102025,Pen 5 - Group 3,WEAN,1,5,23102025,A,other|6|None|side,17082.331,17168.424,17082.331,17168.424,G:\MONITORING CROSS SUCKING IN CALVES - KAPPEL - 2025\Pen 5 - Group 3\WEANING\Day 1\ch05_20251023124159.mp4,ch05_20251023124159.mp4,16817.720468,18218.281757,264.610532,350.703532,Pen 5 - Group 3/WEANING/Day 1/1163.zip
835,1207,CS_1166_WEAN_d1_p5_cowA_23102025_ch05-20251023124159_17171_17331.mp4,Pen 5 - Group 3\WEANING\Day 1\CS_1166_WEAN_d1_p5_cowA_23102025_ch05-20251023124159_17171_17331.mp4,E:\cross_sucking\Pen 5 - Group 3\WEANING\Day 1\CS_1166_WEAN_d1_p5_cowA_23102025_ch05-20251023124159_17171_17331.mp4,created,1,1,Pen_5_WEAN_Day_1_23102025,Pen 5 - Group 3,WEAN,1,5,23102025,A,other|6|None|side,17171.533,17331.071,17171.533,17331.071,G:\MONITORING CROSS SUCKING IN CALVES - KAPPEL - 2025\Pen 5 - Group 3\WEANING\Day 1\ch05_20251023124159.mp4,ch05_20251023124159.mp4,16817.720468,18218.281757,353.812532,513.350532,Pen 5 - Group 3/WEANING/Day 1/1166.zip
836,1210,CS_1169_WEAN_d1_p5_cowA_23102025_ch05-20251023124159_17397_17405.mp4,Pen 5 - Group 3\WEANING\Day 1\CS_1169_WEAN_d1_p5_cowA_23102025_ch05-20251023124159_17397_17405.mp4,E:\cross_sucking\Pen 5 - Group 3\WEANING\Day 1\CS_1169_WEAN_d1_p5_cowA_23102025_ch05-20251023124159_17397_17405.mp4,created,1,1,Pen_5_WEAN_Day_1_23102025,Pen 5 - Group 3,WEAN,1,5,23102025,A,grain feeder|8|None|behind,17397.912,17405.654,17397.912,17405.654,G:\MONITORING CROSS SUCKING IN CALVES - KAPPEL - 2025\Pen 5 - Group 3\WEANING\Day 1\ch05_20251023124159.mp4,ch05_20251023124159.mp4,16817.720468,18218.281757,580.191532,587.933532,Pen 5 - Group 3/WEANING/Day 1/1169.zip
837,1211,CS_1170_WEAN_d1_p5_cowA_23102025_ch05-20251023124159_17430_17439.mp4,Pen 5 - Group 3\WEANING\Day 1\CS_1170_WEAN_d1_p5_cowA_23102025_ch05-20251023124159_17430_17439.mp4,E:\cross_sucking\Pen 5 - Group 3\WEANING\Day 1\CS_1170_WEAN_d1_p5_cowA_23102025_ch05-20251023124159_17430_17439.mp4,created,1,1,Pen_5_WEAN_Day_1_23102025,Pen 5 - Group 3,WEAN,1,5,23102025,A,grain feeder|8|None|behind,17430.265,17439.077,17430.265,17439.077,G:\MONITORING CROSS SUCKING IN CALVES - KAPPEL - 2025\Pen 5 - Group 3\WEANING\Day 1\ch05_20251023124159.mp4,ch05_20251023124159.mp4,16817.720468,18218.281757,612.544532,621.356532,Pen 5 - Group 3/WEANING/Day 1/1170.zip
838,1212,CS_1171_WEAN_d1_p5_cowA_23102025_ch05-20251023124159_17465_17555.mp4,Pen 5 - Group 3\WEANING\Day 1\CS_1171_WEAN_d1_p5_cowA_23102025_ch05-20251023124159_17465_17555.mp4,E:\cross_sucking\Pen 5 - Group 3\WEANING\Day 1\CS_1171_WEAN_d1_p5_cowA_23102025_ch05-20251023124159_17465_17555.mp4,created,1,1,Pen_5_WEAN_Day_1_23102025,Pen 5 - Group 3,WEAN,1,5,23102025,A,grain feeder|8|None|behind,17465.336,17555.136,17465.336,17555.136,G:\MONITORING CROSS SUCKING IN CALVES - KAPPEL - 2025\Pen 5 - Group 3\WEANING\Day 1\ch05_20251023124159.mp4,ch05_20251023124159.mp4,16817.720468,18218.281757,647.615532,737.415532,Pen 5 - Group 3/WEANING/Day 1/1171.zip
839,1213,CS_1172_WEAN_d1_p5_cowO_23102025_ch05-20251023124159_17771_17788.mp4,Pen 5 - Group 3\WEANING\Day 1\CS_1172_WEAN_d1_p5_cowO_23102025_ch05-20251023124159_17771_17788.mp4,E:\cross_sucking\Pen 5 - Group 3\WEANING\Day 1\CS_1172_WEAN_d1_p5_cowO_23102025_ch05-20251023124159_17771_17788.mp4,created,1,1,Pen_5_WEAN_Day_1_23102025,Pen 5 - Group 3,WEAN,1,5,23102025,O,milk feeder|6|None|behind,17771.169,17788.905,17771.169,17788.905,G:\MONITORING CROSS SUCKING IN CALVES - KAPPEL - 2025\Pen 5 - Group 3\WEANING\Day 1\ch05_20251023124159.mp4,ch05_20251023124159.mp4,16817.720468,18218.281757,953.448532,971.184532,Pen 5 - Group 3/WEANING/Day 1/1172.zip
840,1214,CS_1173_WEAN_d1_p5_cow2_23102025_ch05-20251023130530_19039_19055.mp4,Pen 5 - Group 3\WEANING\Day 1\CS_1173_WEAN_d1_p5_cow2_23102025_ch05-20251023130530_19039_19055.mp4,E:\cross_sucking\Pen 5 - Group 3\WEANING\Day 1\CS_1173_WEAN_d1_p5_cow2_23102025_ch05-20251023130530_19039_19055.mp4,created,1,1,Pen_5_WEAN_Day_1_23102025,Pen 5 - Group 3,WEAN,1,5,23102025,2,milk feeder|A|None|behind,19039.656,19055.666,19039.656,19055.666,G:\MONITORING CROSS SUCKING IN CALVES - KAPPEL - 2025\Pen 5 - Group 3\WEANING\Day 1\ch05_20251023130530.mp4,ch05_20251023130530.mp4,18218.281757,19619.747046,821.374243,837.384243,Pen 5 - Group 3/WEANING/Day 1/1173.zip
841,1215,CS_1174_WEAN_d1_p5_cowA_23102025_ch05-20251023130530_19471_19483.mp4,Pen 5 - Group 3\WEANING\Day 1\CS_1174_WEAN_d1_p5_cowA_23102025_ch05-20251023130530_19471_19483.mp4,E:\cross_sucking\Pen 5 - Group 3\WEANING\Day 1\CS_1174_WEAN_d1_p5_cowA_23102025_ch05-20251023130530_19471_19483.mp4,created,1,1,Pen_5_WEAN_Day_1_23102025,Pen 5 - Group 3,WEAN,1,5,23102025,A,other|2|None|side,19471.054,19483.567,19471.054,19483.567,G:\MONITORING CROSS SUCKING IN CALVES - KAPPEL - 2025\Pen 5 - Group 3\WEANING\Day 1\ch05_20251023130530.mp4,ch05_20251023130530.mp4,18218.281757,19619.747046,1252.772243,1265.285243,Pen 5 - Group 3/WEANING/Day 1/1174.zip
842,1216,CS_1175_WEAN_d1_p5_cowT_23102025_ch05-20251023132902_19891_19966.mp4,Pen 5 - Group 3\WEANING\Day 1\CS_1175_WEAN_d1_p5_cowT_23102025_ch05-20251023132902_19891_19966.mp4,E:\cross_sucking\Pen 5 - Group 3\WEANING\Day 1\CS_1175_WEAN_d1_p5_cowT_23102025_ch05-20251023132902_19891_19966.mp4,created,1,1,Pen_5_WEAN_Day_1_23102025,Pen 5 - Group 3,WEAN,1,5,23102025,T,other|O|None|side,19891.556,19966.582,19891.556,19966.582,G:\MONITORING CROSS SUCKING IN CALVES - KAPPEL - 2025\Pen 5 - Group 3\WEANING\Day 1\ch05_20251023132902.mp4,ch05_20251023132902.mp4,19619.747046,21021.266335,271.808954,346.834954,Pen 5 - Group 3/WEANING/Day 1/1175.zip
843,1219,CS_1178_WEAN_d1_p5_cowT_23102025_ch05-20251023135234_21095_21108.mp4,Pen 5 - Group 3\WEANING\Day 1\CS_1178_WEAN_d1_p5_cowT_23102025_ch05-20251023135234_21095_21108.mp4,E:\cross_sucking\Pen 5 - Group 3\WEANING\Day 1\CS_1178_WEAN_d1_p5_cowT_23102025_ch05-20251023135234_21095_21108.mp4,created,1,1,Pen_5_WEAN_Day_1_23102025,Pen 5 - Group 3,WEAN,1,5,23102025,T,other|O|None|side,21095.032,21108.266,21095.032,21108.266,G:\MONITORING CROSS SUCKING IN CALVES - KAPPEL - 2025\Pen 5 - Group 3\WEANING\Day 1\ch05_20251023135234.mp4,ch05_20251023135234.mp4,21021.266335,22422.851624,73.765665,86.999665,Pen 5 - Group 3/WEANING/Day 1/1178.zip
844,1221,CS_1180_WEAN_d1_p5_cow2_23102025_ch05-20251023135234_21605_21628.mp4,Pen 5 - Group 3\WEANING\Day 1\CS_1180_WEAN_d1_p5_cow2_23102025_ch05-20251023135234_21605_21628.mp4,E:\cross_sucking\Pen 5 - Group 3\WEANING\Day 1\CS_1180_WEAN_d1_p5_cow2_23102025_ch05-20251023135234_21605_21628.mp4,created,1,1,Pen_5_WEAN_Day_1_23102025,Pen 5 - Group 3,WEAN,1,5,23102025,2,other|A|None|behind,21605.93,21628.245,21605.93,21628.245,G:\MONITORING CROSS SUCKING IN CALVES - KAPPEL - 2025\Pen 5 - Group 3\WEANING\Day 1\ch05_20251023135234.mp4,ch05_20251023135234.mp4,21021.266335,22422.851624,584.663665,606.978665,Pen 5 - Group 3/WEANING/Day 1/1180.zip
845,1224,CS_1183_WEAN_d1_p5_cow8_23102025_ch05-20251023143937_25071_25103.mp4,Pen 5 - Group 3\WEANING\Day 1\CS_1183_WEAN_d1_p5_cow8_23102025_ch05-20251023143937_25071_25103.mp4,E:\cross_sucking\Pen 5 - Group 3\WEANING\Day 1\CS_1183_WEAN_d1_p5_cow8_23102025_ch05-20251023143937_25071_25103.mp4,created,1,1,Pen_5_WEAN_Day_1_23102025,Pen 5 - Group 3,WEAN,1,5,23102025,8,other|/|None|lying down,25071.177,25103.665,25071.177,25103.665,G:\MONITORING CROSS SUCKING IN CALVES - KAPPEL - 2025\Pen 5 - Group 3\WEANING\Day 1\ch05_20251023143937.mp4,ch05_20251023143937.mp4,23824.429913,25225.974846,1246.747087,1279.235087,Pen 5 - Group 3/WEANING/Day 1/1183.zip
846,1225,CS_1184_WEAN_d1_p5_cowT_23102025_ch05-20251023155014_29161_29180.mp4,Pen 5 - Group 3\WEANING\Day 1\CS_1184_WEAN_d1_p5_cowT_23102025_ch05-20251023155014_29161_29180.mp4,E:\cross_sucking\Pen 5 - Group 3\WEANING\Day 1\CS_1184_WEAN_d1_p5_cowT_23102025_ch05-20251023155014_29161_29180.mp4,created,1,1,Pen_5_WEAN_Day_1_23102025,Pen 5 - Group 3,WEAN,1,5,23102025,T,other|8|None|side,29161.128,29180.643,29161.128,29180.643,G:\MONITORING CROSS SUCKING IN CALVES - KAPPEL - 2025\Pen 5 - Group 3\WEANING\Day 1\ch05_20251023155014.mp4,ch05_20251023155014.mp4,28028.914424,29429.437713,1132.213576,1151.728576,Pen 5 - Group 3/WEANING/Day 1/1184.zip
847,1227,CS_1186_WEAN_d1_p5_cowT_23102025_ch05-20251023161344_29772_29804.mp4,Pen 5 - Group 3\WEANING\Day 1\CS_1186_WEAN_d1_p5_cowT_23102025_ch05-20251023161344_29772_29804.mp4,E:\cross_sucking\Pen 5 - Group 3\WEANING\Day 1\CS_1186_WEAN_d1_p5_cowT_23102025_ch05-20251023161344_29772_29804.mp4,created,1,1,Pen_5_WEAN_Day_1_23102025,Pen 5 - Group 3,WEAN,1,5,23102025,T,grain feeder|1|None|behind,29772.514,29804.337,29772.514,29804.337,G:\MONITORING CROSS SUCKING IN CALVES - KAPPEL - 2025\Pen 5 - Group 3\WEANING\Day 1\ch05_20251023161344.mp4,ch05_20251023161344.mp4,29429.437713,30830.743002,343.076287,374.899287,Pen 5 - Group 3/WEANING/Day 1/1186.zip
848,1228,CS_1187_WEAN_d1_p5_cowT_23102025_ch05-20251023183457_38400_38440.mp4,Pen 5 - Group 3\WEANING\Day 1\CS_1187_WEAN_d1_p5_cowT_23102025_ch05-20251023183457_38400_38440.mp4,E:\cross_sucking\Pen 5 - Group 3\WEANING\Day 1\CS_1187_WEAN_d1_p5_cowT_23102025_ch05-20251023183457_38400_38440.mp4,created,1,1,Pen_5_WEAN_Day_1_23102025,Pen 5 - Group 3,WEAN,1,5,23102025,T,hay|6|None|side,38400.626,38440.916,38400.626,38440.916,G:\MONITORING CROSS SUCKING IN CALVES - KAPPEL - 2025\Pen 5 - Group 3\WEANING\Day 1\ch05_20251023183457.mp4,ch05_20251023183457.mp4,37837.876447,39239.314736,562.749553,603.039553,Pen 5 - Group 3/WEANING/Day 1/1187.zip
849,1229,CS_1188_WEAN_d1_p5_cowA_23102025_ch05-20251023194533_43329_43405.mp4,Pen 5 - Group 3\WEANING\Day 1\CS_1188_WEAN_d1_p5_cowA_23102025_ch05-20251023194533_43329_43405.mp4,E:\cross_sucking\Pen 5 - Group 3\WEANING\Day 1\CS_1188_WEAN_d1_p5_cowA_23102025_ch05-20251023194533_43329_43405.mp4,created,1,1,Pen_5_WEAN_Day_1_23102025,Pen 5 - Group 3,WEAN,1,5,23102025,A,milk feeder|T|None|behind,43329.651,43405.273,43329.651,43405.273,G:\MONITORING CROSS SUCKING IN CALVES - KAPPEL - 2025\Pen 5 - Group 3\WEANING\Day 1\ch05_20251023194533.mp4,ch05_20251023194533.mp4,42042.195958,43443.674247,1287.455042,1363.077042,Pen 5 - Group 3/WEANING/Day 1/1188.zip
850,1230,CS_1189_WEAN_d1_p5_cowA_23102025_ch05-20251023200905_43446_43478.mp4,Pen 5 - Group 3\WEANING\Day 1\CS_1189_WEAN_d1_p5_cowA_23102025_ch05-20251023200905_43446_43478.mp4,E:\cross_sucking\Pen 5 - Group 3\WEANING\Day 1\CS_1189_WEAN_d1_p5_cowA_23102025_ch05-20251023200905_43446_43478.mp4,created,1,1,Pen_5_WEAN_Day_1_23102025,Pen 5 - Group 3,WEAN,1,5,23102025,A,milk feeder|T|None|behind,43446.37,43478.923,43446.37,43478.923,G:\MONITORING CROSS SUCKING IN CALVES - KAPPEL - 2025\Pen 5 - Group 3\WEANING\Day 1\ch05_20251023200905.mp4,ch05_20251023200905.mp4,43443.674247,44845.093536,2.695753,35.248753,Pen 5 - Group 3/WEANING/Day 1/1189.zip
851,1231,CS_1190_WEAN_d1_p5_cowA_23102025_ch05-20251023200905_43480_43541.mp4,Pen 5 - Group 3\WEANING\Day 1\CS_1190_WEAN_d1_p5_cowA_23102025_ch05-20251023200905_43480_43541.mp4,E:\cross_sucking\Pen 5 - Group 3\WEANING\Day 1\CS_1190_WEAN_d1_p5_cowA_23102025_ch05-20251023200905_43480_43541.mp4,created,1,1,Pen_5_WEAN_Day_1_23102025,Pen 5 - Group 3,WEAN,1,5,23102025,A,grain feeder|O|None|side,43480.905,43541.458,43480.905,43541.458,G:\MONITORING CROSS SUCKING IN CALVES - KAPPEL - 2025\Pen 5 - Group 3\WEANING\Day 1\ch05_20251023200905.mp4,ch05_20251023200905.mp4,43443.674247,44845.093536,37.230753,97.783753,Pen 5 - Group 3/WEANING/Day 1/1190.zip
852,1232,CS_1191_WEAN_d1_p5_cow6_23102025_ch05-20251023200905_43920_43975.mp4,Pen 5 - Group 3\WEANING\Day 1\CS_1191_WEAN_d1_p5_cow6_23102025_ch05-20251023200905_43920_43975.mp4,E:\cross_sucking\Pen 5 - Group 3\WEANING\Day 1\CS_1191_WEAN_d1_p5_cow6_23102025_ch05-20251023200905_43920_43975.mp4,created,1,1,Pen_5_WEAN_Day_1_23102025,Pen 5 - Group 3,WEAN,1,5,23102025,6,milk feeder|/|None|behind,43920.952,43975.683,43920.952,43975.683,G:\MONITORING CROSS SUCKING IN CALVES - KAPPEL - 2025\Pen 5 - Group 3\WEANING\Day 1\ch05_20251023200905.mp4,ch05_20251023200905.mp4,43443.674247,44845.093536,477.277753,532.008753,Pen 5 - Group 3/WEANING/Day 1/1191.zip
853,1233,CS_1192_WEAN_d1_p5_cow6_23102025_ch05-20251023200905_44088_44099.mp4,Pen 5 - Group 3\WEANING\Day 1\CS_1192_WEAN_d1_p5_cow6_23102025_ch05-20251023200905_44088_44099.mp4,E:\cross_sucking\Pen 5 - Group 3\WEANING\Day 1\CS_1192_WEAN_d1_p5_cow6_23102025_ch05-20251023200905_44088_44099.mp4,created,1,1,Pen_5_WEAN_Day_1_23102025,Pen 5 - Group 3,WEAN,1,5,23102025,6,milk feeder|A|None|behind,44088.698,44099.286,44088.698,44099.286,G:\MONITORING CROSS SUCKING IN CALVES - KAPPEL - 2025\Pen 5 - Group 3\WEANING\Day 1\ch05_20251023200905.mp4,ch05_20251023200905.mp4,43443.674247,44845.093536,645.023753,655.611753,Pen 5 - Group 3/WEANING/Day 1/1192.zip
854,1234,CS_1193_WEAN_d1_p5_cowO_23102025_ch05-20251023211941_48158_48165.mp4,Pen 5 - Group 3\WEANING\Day 1\CS_1193_WEAN_d1_p5_cowO_23102025_ch05-20251023211941_48158_48165.mp4,E:\cross_sucking\Pen 5 - Group 3\WEANING\Day 1\CS_1193_WEAN_d1_p5_cowO_23102025_ch05-20251023211941_48158_48165.mp4,created,1,1,Pen_5_WEAN_Day_1_23102025,Pen 5 - Group 3,WEAN,1,5,23102025,O,milk feeder|T|None|behind,48158.278,48165.222,48158.278,48165.222,G:\MONITORING CROSS SUCKING IN CALVES - KAPPEL - 2025\Pen 5 - Group 3\WEANING\Day 1\ch05_20251023211941.mp4,ch05_20251023211941.mp4,47648.034114,49049.400403,510.243886,517.187886,Pen 5 - Group 3/WEANING/Day 1/1193.zip
855,1235,CS_1194_WEAN_d1_p5_cow8_23102025_ch05-20251023225348_53534_53546.mp4,Pen 5 - Group 3\WEANING\Day 1\CS_1194_WEAN_d1_p5_cow8_23102025_ch05-20251023225348_53534_53546.mp4,E:\cross_sucking\Pen 5 - Group 3\WEANING\Day 1\CS_1194_WEAN_d1_p5_cow8_23102025_ch05-20251023225348_53534_53546.mp4,created,1,1,Pen_5_WEAN_Day_1_23102025,Pen 5 - Group 3,WEAN,1,5,23102025,8,other|/|None|behind,53534.644,53546.224,53534.644,53546.224,G:\MONITORING CROSS SUCKING IN CALVES - KAPPEL - 2025\Pen 5 - Group 3\WEANING\Day 1\ch05_20251023225348.mp4,ch05_20251023225348.mp4,53253.61127,54655.004559,281.03273,292.61273,Pen 5 - Group 3/WEANING/Day 1/1194.zip
856,1236,CS_1195_WEAN_d1_p5_cow8_23102025_ch05-20251023225348_53565_53622.mp4,Pen 5 - Group 3\WEANING\Day 1\CS_1195_WEAN_d1_p5_cow8_23102025_ch05-20251023225348_53565_53622.mp4,E:\cross_sucking\Pen 5 - Group 3\WEANING\Day 1\CS_1195_WEAN_d1_p5_cow8_23102025_ch05-20251023225348_53565_53622.mp4,created,1,1,Pen_5_WEAN_Day_1_23102025,Pen 5 - Group 3,WEAN,1,5,23102025,8,other|/|None|behind,53565.215,53622.966,53565.215,53622.966,G:\MONITORING CROSS SUCKING IN CALVES - KAPPEL - 2025\Pen 5 - Group 3\WEANING\Day 1\ch05_20251023225348.mp4,ch05_20251023225348.mp4,53253.61127,54655.004559,311.60373,369.35473,Pen 5 - Group 3/WEANING/Day 1/1195.zip
857,1237,CS_1196_WEAN_d1_p5_cow8_23102025_ch05-20251023225348_53641_53672.mp4,Pen 5 - Group 3\WEANING\Day 1\CS_1196_WEAN_d1_p5_cow8_23102025_ch05-20251023225348_53641_53672.mp4,E:\cross_sucking\Pen 5 - Group 3\WEANING\Day 1\CS_1196_WEAN_d1_p5_cow8_23102025_ch05-20251023225348_53641_53672.mp4,created,1,1,Pen_5_WEAN_Day_1_23102025,Pen 5 - Group 3,WEAN,1,5,23102025,8,other|/|None|behind,53641.763,53672.462,53641.763,53672.462,G:\MONITORING CROSS SUCKING IN CALVES - KAPPEL - 2025\Pen 5 - Group 3\WEANING\Day 1\ch05_20251023225348.mp4,ch05_20251023225348.mp4,53253.61127,54655.004559,388.15173,418.85073,Pen 5 - Group 3/WEANING/Day 1/1196.zip
858,1238,CS_1197_WEAN_d1_p5_cowA_23102025_ch05-20251023225348_54335_54338.mp4,Pen 5 - Group 3\WEANING\Day 1\CS_1197_WEAN_d1_p5_cowA_23102025_ch05-20251023225348_54335_54338.mp4,E:\cross_sucking\Pen 5 - Group 3\WEANING\Day 1\CS_1197_WEAN_d1_p5_cowA_23102025_ch05-20251023225348_54335_54338.mp4,created,1,1,Pen_5_WEAN_Day_1_23102025,Pen 5 - Group 3,WEAN,1,5,23102025,A,grain feeder|2|None|behind,54335.898,54338.612,54335.898,54338.612,G:\MONITORING CROSS SUCKING IN CALVES - KAPPEL - 2025\Pen 5 - Group 3\WEANING\Day 1\ch05_20251023225348.mp4,ch05_20251023225348.mp4,53253.61127,54655.004559,1082.28673,1085.00073,Pen 5 - Group 3/WEANING/Day 1/1197.zip
859,1239,CS_1198_WEAN_d1_p5_cow2_23102025_ch05-20251023231720_55103_55117.mp4,Pen 5 - Group 3\WEANING\Day 1\CS_1198_WEAN_d1_p5_cow2_23102025_ch05-20251023231720_55103_55117.mp4,E:\cross_sucking\Pen 5 - Group 3\WEANING\Day 1\CS_1198_WEAN_d1_p5_cow2_23102025_ch05-20251023231720_55103_55117.mp4,created,1,1,Pen_5_WEAN_Day_1_23102025,Pen 5 - Group 3,WEAN,1,5,23102025,2,other|A|None|behind,55103.514,55117.014,55103.514,55117.014,G:\MONITORING CROSS SUCKING IN CALVES - KAPPEL - 2025\Pen 5 - Group 3\WEANING\Day 1\ch05_20251023231720.mp4,ch05_20251023231720.mp4,54655.004559,56056.359848,448.509441,462.009441,Pen 5 - Group 3/WEANING/Day 1/1198.zip
860,1240,CS_1199_WEAN_d1_p5_cow1_23102025_ch05-20251023231720_55490_55492.mp4,Pen 5 - Group 3\WEANING\Day 1\CS_1199_WEAN_d1_p5_cow1_23102025_ch05-20251023231720_55490_55492.mp4,E:\cross_sucking\Pen 5 - Group 3\WEANING\Day 1\CS_1199_WEAN_d1_p5_cow1_23102025_ch05-20251023231720_55490_55492.mp4,created,1,1,Pen_5_WEAN_Day_1_23102025,Pen 5 - Group 3,WEAN,1,5,23102025,1,other|8|None|side,55490.431,55492.352,55490.431,55492.352,G:\MONITORING CROSS SUCKING IN CALVES - KAPPEL - 2025\Pen 5 - Group 3\WEANING\Day 1\ch05_20251023231720.mp4,ch05_20251023231720.mp4,54655.004559,56056.359848,835.426441,837.347441,Pen 5 - Group 3/WEANING/Day 1/1199.zip
861,1241,CS_1200_WEAN_d1_p5_cow1_23102025_ch05-20251023231720_55493_55495.mp4,Pen 5 - Group 3\WEANING\Day 1\CS_1200_WEAN_d1_p5_cow1_23102025_ch05-20251023231720_55493_55495.mp4,E:\cross_sucking\Pen 5 - Group 3\WEANING\Day 1\CS_1200_WEAN_d1_p5_cow1_23102025_ch05-20251023231720_55493_55495.mp4,created,1,1,Pen_5_WEAN_Day_1_23102025,Pen 5 - Group 3,WEAN,1,5,23102025,1,other|8|None|side,55493.939,55495.924,55493.939,55495.924,G:\MONITORING CROSS SUCKING IN CALVES - KAPPEL - 2025\Pen 5 - Group 3\WEANING\Day 1\ch05_20251023231720.mp4,ch05_20251023231720.mp4,54655.004559,56056.359848,838.934441,840.919441,Pen 5 - Group 3/WEANING/Day 1/1200.zip
862,1242,CS_1201_WEAN_d1_p5_cow1_23102025_ch05-20251023231720_55566_55606.mp4,Pen 5 - Group 3\WEANING\Day 1\CS_1201_WEAN_d1_p5_cow1_23102025_ch05-20251023231720_55566_55606.mp4,E:\cross_sucking\Pen 5 - Group 3\WEANING\Day 1\CS_1201_WEAN_d1_p5_cow1_23102025_ch05-20251023231720_55566_55606.mp4,created,1,1,Pen_5_WEAN_Day_1_23102025,Pen 5 - Group 3,WEAN,1,5,23102025,1,other|2|reciprocal|side,55566.734,55606.288,55566.734,55606.288,G:\MONITORING CROSS SUCKING IN CALVES - KAPPEL - 2025\Pen 5 - Group 3\WEANING\Day 1\ch05_20251023231720.mp4,ch05_20251023231720.mp4,54655.004559,56056.359848,911.729441,951.283441,Pen 5 - Group 3/WEANING/Day 1/1201.zip
863,1244,CS_1203_WEAN_d1_p5_cowO_23102025_ch05-20251024024907_68562_68572.mp4,Pen 5 - Group 3\WEANING\Day 1\CS_1203_WEAN_d1_p5_cowO_23102025_ch05-20251024024907_68562_68572.mp4,E:\cross_sucking\Pen 5 - Group 3\WEANING\Day 1\CS_1203_WEAN_d1_p5_cowO_23102025_ch05-20251024024907_68562_68572.mp4,created,1,1,Pen_5_WEAN_Day_1_23102025,Pen 5 - Group 3,WEAN,1,5,23102025,O,milk feeder|T|None|behind,68562.826,68572.623,68562.826,68572.623,G:\MONITORING CROSS SUCKING IN CALVES - KAPPEL - 2025\Pen 5 - Group 3\WEANING\Day 1\ch05_20251024024907.mp4,ch05_20251024024907.mp4,67266.247448,68667.508381,1296.578552,1306.375552,Pen 5 - Group 3/WEANING/Day 1/1203.zip
864,1245,CS_1204_WEAN_d1_p5_cowO_23102025_ch05-20251024024907_68596_68631.mp4,Pen 5 - Group 3\WEANING\Day 1\CS_1204_WEAN_d1_p5_cowO_23102025_ch05-20251024024907_68596_68631.mp4,E:\cross_sucking\Pen 5 - Group 3\WEANING\Day 1\CS_1204_WEAN_d1_p5_cowO_23102025_ch05-20251024024907_68596_68631.mp4,created,1,1,Pen_5_WEAN_Day_1_23102025,Pen 5 - Group 3,WEAN,1,5,23102025,O,milk feeder|T|None|behind,68596.044,68631.898,68596.044,68631.898,G:\MONITORING CROSS SUCKING IN CALVES - KAPPEL - 2025\Pen 5 - Group 3\WEANING\Day 1\ch05_20251024024907.mp4,ch05_20251024024907.mp4,67266.247448,68667.508381,1329.796552,1365.650552,Pen 5 - Group 3/WEANING/Day 1/1204.zip
865,1246,CS_1205_WEAN_d1_p5_cowO_23102025_ch05-20251024031239_68694_68699.mp4,Pen 5 - Group 3\WEANING\Day 1\CS_1205_WEAN_d1_p5_cowO_23102025_ch05-20251024031239_68694_68699.mp4,E:\cross_sucking\Pen 5 - Group 3\WEANING\Day 1\CS_1205_WEAN_d1_p5_cowO_23102025_ch05-20251024031239_68694_68699.mp4,created,1,1,Pen_5_WEAN_Day_1_23102025,Pen 5 - Group 3,WEAN,1,5,23102025,O,other|T|None|behind,68694.82,68699.851,68694.82,68699.851,G:\MONITORING CROSS SUCKING IN CALVES - KAPPEL - 2025\Pen 5 - Group 3\WEANING\Day 1\ch05_20251024031239.mp4,ch05_20251024031239.mp4,68667.508381,70068.78067,27.311619,32.342619,Pen 5 - Group 3/WEANING/Day 1/1205.zip
866,1247,CS_1206_WEAN_d1_p5_cow2_23102025_ch05-20251024064427_81374_81390.mp4,Pen 5 - Group 3\WEANING\Day 1\CS_1206_WEAN_d1_p5_cow2_23102025_ch05-20251024064427_81374_81390.mp4,E:\cross_sucking\Pen 5 - Group 3\WEANING\Day 1\CS_1206_WEAN_d1_p5_cow2_23102025_ch05-20251024064427_81374_81390.mp4,created,1,1,Pen_5_WEAN_Day_1_23102025,Pen 5 - Group 3,WEAN,1,5,23102025,2,milk feeder|/|None|behind,81374.245,81390.732,81374.245,81390.732,G:\MONITORING CROSS SUCKING IN CALVES - KAPPEL - 2025\Pen 5 - Group 3\WEANING\Day 1\ch05_20251024064427.mp4,ch05_20251024064427.mp4,81279.601982,82680.992271,94.643018,111.130018,Pen 5 - Group 3/WEANING/Day 1/1206.zip
867,1248,CS_1207_WEAN_d1_p5_cowA_23102025_ch05-20251024073131_84588_84593.mp4,Pen 5 - Group 3\WEANING\Day 1\CS_1207_WEAN_d1_p5_cowA_23102025_ch05-20251024073131_84588_84593.mp4,E:\cross_sucking\Pen 5 - Group 3\WEANING\Day 1\CS_1207_WEAN_d1_p5_cowA_23102025_ch05-20251024073131_84588_84593.mp4,created,1,1,Pen_5_WEAN_Day_1_23102025,Pen 5 - Group 3,WEAN,1,5,23102025,A,milk feeder|T|None|behind,84588.797,84593.829,84588.797,84593.829,G:\MONITORING CROSS SUCKING IN CALVES - KAPPEL - 2025\Pen 5 - Group 3\WEANING\Day 1\ch05_20251024073131.mp4,ch05_20251024073131.mp4,84082.34956,85482.719849,506.44744,511.47944,Pen 5 - Group 3/WEANING/Day 1/1207.zip
868,1249,CS_1208_WEAN_d1_p5_cowA_23102025_ch05-20251024073131_84990_85186.mp4,Pen 5 - Group 3\WEANING\Day 1\CS_1208_WEAN_d1_p5_cowA_23102025_ch05-20251024073131_84990_85186.mp4,E:\cross_sucking\Pen 5 - Group 3\WEANING\Day 1\CS_1208_WEAN_d1_p5_cowA_23102025_ch05-20251024073131_84990_85186.mp4,created,1,1,Pen_5_WEAN_Day_1_23102025,Pen 5 - Group 3,WEAN,1,5,23102025,A,grain feeder|6|None|behind,84990.639,85186.666,84990.639,85186.666,G:\MONITORING CROSS SUCKING IN CALVES - KAPPEL - 2025\Pen 5 - Group 3\WEANING\Day 1\ch05_20251024073131.mp4,ch05_20251024073131.mp4,84082.34956,85482.719849,908.28944,1104.31644,Pen 5 - Group 3/WEANING/Day 1/1208.zip
869,1250,CS_1209_WEAN_d1_p5_cowA_23102025_ch05-20251024073131_85190_85194.mp4,Pen 5 - Group 3\WEANING\Day 1\CS_1209_WEAN_d1_p5_cowA_23102025_ch05-20251024073131_85190_85194.mp4,E:\cross_sucking\Pen 5 - Group 3\WEANING\Day 1\CS_1209_WEAN_d1_p5_cowA_23102025_ch05-20251024073131_85190_85194.mp4,created,1,1,Pen_5_WEAN_Day_1_23102025,Pen 5 - Group 3,WEAN,1,5,23102025,A,grain feeder|6|None|behind,85190.84,85194.674,85190.84,85194.674,G:\MONITORING CROSS SUCKING IN CALVES - KAPPEL - 2025\Pen 5 - Group 3\WEANING\Day 1\ch05_20251024073131.mp4,ch05_20251024073131.mp4,84082.34956,85482.719849,1108.49044,1112.32444,Pen 5 - Group 3/WEANING/Day 1/1209.zip
870,1251,CS_1210_WEAN_d2_p5_cow6_24102025_ch05-20251024075502_1283_1291.mp4,Pen 5 - Group 3\WEANING\Day 2\CS_1210_WEAN_d2_p5_cow6_24102025_ch05-20251024075502_1283_1291.mp4,E:\cross_sucking\Pen 5 - Group 3\WEANING\Day 2\CS_1210_WEAN_d2_p5_cow6_24102025_ch05-20251024075502_1283_1291.mp4,created,1,1,Pen_5_WEAN_Day_2_24102025,Pen 5 - Group 3,WEAN,2,5,24102025,6,other|A|None|behind,1283.747,1291.558,1283.747,1291.558,G:\MONITORING CROSS SUCKING IN CALVES - KAPPEL - 2025\Pen 5 - Group 3\WEANING\Day 2\ch05_20251024075502.mp4,ch05_20251024075502.mp4,0.0,1401.376289,1283.747,1291.558,Pen 5 - Group 3/WEANING/Day 2/1210.zip
871,1252,CS_1211_WEAN_d2_p5_cow8_24102025_ch05-20251024084205_3243_3257.mp4,Pen 5 - Group 3\WEANING\Day 2\CS_1211_WEAN_d2_p5_cow8_24102025_ch05-20251024084205_3243_3257.mp4,E:\cross_sucking\Pen 5 - Group 3\WEANING\Day 2\CS_1211_WEAN_d2_p5_cow8_24102025_ch05-20251024084205_3243_3257.mp4,created,1,1,Pen_5_WEAN_Day_2_24102025,Pen 5 - Group 3,WEAN,2,5,24102025,8,other|2|None|side,3243.303,3257.797,3243.303,3257.797,G:\MONITORING CROSS SUCKING IN CALVES - KAPPEL - 2025\Pen 5 - Group 3\WEANING\Day 2\ch05_20251024084205.mp4,ch05_20251024084205.mp4,2802.816578,4204.163867,440.486422,454.980422,Pen 5 - Group 3/WEANING/Day 2/1211.zip
872,1253,CS_1212_WEAN_d2_p5_cowT_24102025_ch05-20251024110317_12176_12179.mp4,Pen 5 - Group 3\WEANING\Day 2\CS_1212_WEAN_d2_p5_cowT_24102025_ch05-20251024110317_12176_12179.mp4,E:\cross_sucking\Pen 5 - Group 3\WEANING\Day 2\CS_1212_WEAN_d2_p5_cowT_24102025_ch05-20251024110317_12176_12179.mp4,created,1,1,Pen_5_WEAN_Day_2_24102025,Pen 5 - Group 3,WEAN,2,5,24102025,T,milk feeder|None|None|behind,12176.632,12179.739,12176.632,12179.739,G:\MONITORING CROSS SUCKING IN CALVES - KAPPEL - 2025\Pen 5 - Group 3\WEANING\Day 2\ch05_20251024110317.mp4,ch05_20251024110317.mp4,11209.923312,12611.264601,966.708688,969.815688,Pen 5 - Group 3/WEANING/Day 2/1212.zip
873,1254,CS_1213_WEAN_d2_p5_cowT_24102025_ch05-20251024112649_12812_12822.mp4,Pen 5 - Group 3\WEANING\Day 2\CS_1213_WEAN_d2_p5_cowT_24102025_ch05-20251024112649_12812_12822.mp4,E:\cross_sucking\Pen 5 - Group 3\WEANING\Day 2\CS_1213_WEAN_d2_p5_cowT_24102025_ch05-20251024112649_12812_12822.mp4,created,1,1,Pen_5_WEAN_Day_2_24102025,Pen 5 - Group 3,WEAN,2,5,24102025,T,grain feeder|None|None|side,12812.792,12822.449,12812.792,12822.449,G:\MONITORING CROSS SUCKING IN CALVES - KAPPEL - 2025\Pen 5 - Group 3\WEANING\Day 2\ch05_20251024112649.mp4,ch05_20251024112649.mp4,12611.264601,14011.53989,201.527399,211.184399,Pen 5 - Group 3/WEANING/Day 2/1213.zip
874,1255,CS_1214_WEAN_d2_p5_cowT_24102025_ch05-20251024112649_12836_12841.mp4,Pen 5 - Group 3\WEANING\Day 2\CS_1214_WEAN_d2_p5_cowT_24102025_ch05-20251024112649_12836_12841.mp4,E:\cross_sucking\Pen 5 - Group 3\WEANING\Day 2\CS_1214_WEAN_d2_p5_cowT_24102025_ch05-20251024112649_12836_12841.mp4,created,1,1,Pen_5_WEAN_Day_2_24102025,Pen 5 - Group 3,WEAN,2,5,24102025,T,grain feeder|None|None|side,12836.604,12841.563,12836.604,12841.563,G:\MONITORING CROSS SUCKING IN CALVES - KAPPEL - 2025\Pen 5 - Group 3\WEANING\Day 2\ch05_20251024112649.mp4,ch05_20251024112649.mp4,12611.264601,14011.53989,225.339399,230.298399,Pen 5 - Group 3/WEANING/Day 2/1214.zip
875,1256,CS_1215_WEAN_d2_p5_cowT_24102025_ch05-20251024115020_15238_15246.mp4,Pen 5 - Group 3\WEANING\Day 2\CS_1215_WEAN_d2_p5_cowT_24102025_ch05-20251024115020_15238_15246.mp4,E:\cross_sucking\Pen 5 - Group 3\WEANING\Day 2\CS_1215_WEAN_d2_p5_cowT_24102025_ch05-20251024115020_15238_15246.mp4,created,1,1,Pen_5_WEAN_Day_2_24102025,Pen 5 - Group 3,WEAN,2,5,24102025,T,milk feeder|1|None|behind,15238.168,15246.618,15238.168,15246.618,G:\MONITORING CROSS SUCKING IN CALVES - KAPPEL - 2025\Pen 5 - Group 3\WEANING\Day 2\ch05_20251024115020.mp4,ch05_20251024115020.mp4,14011.53989,15412.947823,1226.62811,1235.07811,Pen 5 - Group 3/WEANING/Day 2/1215.zip
876,1257,CS_1216_WEAN_d2_p5_cow8_24102025_ch05-20251024134758_21223_21248.mp4,Pen 5 - Group 3\WEANING\Day 2\CS_1216_WEAN_d2_p5_cow8_24102025_ch05-20251024134758_21223_21248.mp4,E:\cross_sucking\Pen 5 - Group 3\WEANING\Day 2\CS_1216_WEAN_d2_p5_cow8_24102025_ch05-20251024134758_21223_21248.mp4,created,1,1,Pen_5_WEAN_Day_2_24102025,Pen 5 - Group 3,WEAN,2,5,24102025,8,other|A|None|side,21223.208,21248.009,21223.208,21248.009,G:\MONITORING CROSS SUCKING IN CALVES - KAPPEL - 2025\Pen 5 - Group 3\WEANING\Day 2\ch05_20251024134758.mp4,ch05_20251024134758.mp4,21017.284623,22418.584912,205.923377,230.724377,Pen 5 - Group 3/WEANING/Day 2/1216.zip
877,1258,CS_1217_WEAN_d2_p5_cowT_24102025_ch05-20251024143502_24685_24713.mp4,Pen 5 - Group 3\WEANING\Day 2\CS_1217_WEAN_d2_p5_cowT_24102025_ch05-20251024143502_24685_24713.mp4,E:\cross_sucking\Pen 5 - Group 3\WEANING\Day 2\CS_1217_WEAN_d2_p5_cowT_24102025_ch05-20251024143502_24685_24713.mp4,created,1,1,Pen_5_WEAN_Day_2_24102025,Pen 5 - Group 3,WEAN,2,5,24102025,T,milk feeder|O|None|behind,24685.685,24713.94,24685.685,24713.94,G:\MONITORING CROSS SUCKING IN CALVES - KAPPEL - 2025\Pen 5 - Group 3\WEANING\Day 2\ch05_20251024143502.mp4,ch05_20251024143502.mp4,23819.903201,25221.36949,865.781799,894.036799,Pen 5 - Group 3/WEANING/Day 2/1217.zip
878,1259,CS_1218_WEAN_d2_p5_cowA_24102025_ch05-20251024143502_24715_24816.mp4,Pen 5 - Group 3\WEANING\Day 2\CS_1218_WEAN_d2_p5_cowA_24102025_ch05-20251024143502_24715_24816.mp4,E:\cross_sucking\Pen 5 - Group 3\WEANING\Day 2\CS_1218_WEAN_d2_p5_cowA_24102025_ch05-20251024143502_24715_24816.mp4,created,1,1,Pen_5_WEAN_Day_2_24102025,Pen 5 - Group 3,WEAN,2,5,24102025,A,milk feeder|O|None|behind,24715.263,24816.74,24715.263,24816.74,G:\MONITORING CROSS SUCKING IN CALVES - KAPPEL - 2025\Pen 5 - Group 3\WEANING\Day 2\ch05_20251024143502.mp4,ch05_20251024143502.mp4,23819.903201,25221.36949,895.359799,996.836799,Pen 5 - Group 3/WEANING/Day 2/1218.zip
879,1260,CS_1219_WEAN_d2_p5_cowT_24102025_ch05-20251024143502_24822_24832.mp4,Pen 5 - Group 3\WEANING\Day 2\CS_1219_WEAN_d2_p5_cowT_24102025_ch05-20251024143502_24822_24832.mp4,E:\cross_sucking\Pen 5 - Group 3\WEANING\Day 2\CS_1219_WEAN_d2_p5_cowT_24102025_ch05-20251024143502_24822_24832.mp4,created,1,1,Pen_5_WEAN_Day_2_24102025,Pen 5 - Group 3,WEAN,2,5,24102025,T,grain feeder|O|None|behind,24822.958,24832.885,24822.958,24832.885,G:\MONITORING CROSS SUCKING IN CALVES - KAPPEL - 2025\Pen 5 - Group 3\WEANING\Day 2\ch05_20251024143502.mp4,ch05_20251024143502.mp4,23819.903201,25221.36949,1003.054799,1012.981799,Pen 5 - Group 3/WEANING/Day 2/1219.zip
880,1261,CS_1220_WEAN_d2_p5_cowT_24102025_ch05-20251024143502_24837_24857.mp4,Pen 5 - Group 3\WEANING\Day 2\CS_1220_WEAN_d2_p5_cowT_24102025_ch05-20251024143502_24837_24857.mp4,E:\cross_sucking\Pen 5 - Group 3\WEANING\Day 2\CS_1220_WEAN_d2_p5_cowT_24102025_ch05-20251024143502_24837_24857.mp4,created,1,1,Pen_5_WEAN_Day_2_24102025,Pen 5 - Group 3,WEAN,2,5,24102025,T,grain feeder|O|None|side,24837.316,24857.17,24837.316,24857.17,G:\MONITORING CROSS SUCKING IN CALVES - KAPPEL - 2025\Pen 5 - Group 3\WEANING\Day 2\ch05_20251024143502.mp4,ch05_20251024143502.mp4,23819.903201,25221.36949,1017.412799,1037.266799,Pen 5 - Group 3/WEANING/Day 2/1220.zip
881,1262,CS_1221_WEAN_d2_p5_cowO_24102025_ch05-20251024143502_24839_24861.mp4,Pen 5 - Group 3\WEANING\Day 2\CS_1221_WEAN_d2_p5_cowO_24102025_ch05-20251024143502_24839_24861.mp4,E:\cross_sucking\Pen 5 - Group 3\WEANING\Day 2\CS_1221_WEAN_d2_p5_cowO_24102025_ch05-20251024143502_24839_24861.mp4,created,1,1,Pen_5_WEAN_Day_2_24102025,Pen 5 - Group 3,WEAN,2,5,24102025,O,grain feeder|T|reciprocal|side,24839.897,24861.602,24839.897,24861.602,G:\MONITORING CROSS SUCKING IN CALVES - KAPPEL - 2025\Pen 5 - Group 3\WEANING\Day 2\ch05_20251024143502.mp4,ch05_20251024143502.mp4,23819.903201,25221.36949,1019.993799,1041.698799,Pen 5 - Group 3/WEANING/Day 2/1221.zip
882,1263,CS_1222_WEAN_d2_p5_cowO_24102025_ch05-20251024143502_24868_24871.mp4,Pen 5 - Group 3\WEANING\Day 2\CS_1222_WEAN_d2_p5_cowO_24102025_ch05-20251024143502_24868_24871.mp4,E:\cross_sucking\Pen 5 - Group 3\WEANING\Day 2\CS_1222_WEAN_d2_p5_cowO_24102025_ch05-20251024143502_24868_24871.mp4,created,1,1,Pen_5_WEAN_Day_2_24102025,Pen 5 - Group 3,WEAN,2,5,24102025,O,other|T|None|side,24868.613,24871.126,24868.613,24871.126,G:\MONITORING CROSS SUCKING IN CALVES - KAPPEL - 2025\Pen 5 - Group 3\WEANING\Day 2\ch05_20251024143502.mp4,ch05_20251024143502.mp4,23819.903201,25221.36949,1048.709799,1051.222799,Pen 5 - Group 3/WEANING/Day 2/1222.zip
883,1264,CS_1223_WEAN_d2_p5_cowO_24102025_ch05-20251024143502_24873_24886.mp4,Pen 5 - Group 3\WEANING\Day 2\CS_1223_WEAN_d2_p5_cowO_24102025_ch05-20251024143502_24873_24886.mp4,E:\cross_sucking\Pen 5 - Group 3\WEANING\Day 2\CS_1223_WEAN_d2_p5_cowO_24102025_ch05-20251024143502_24873_24886.mp4,created,1,1,Pen_5_WEAN_Day_2_24102025,Pen 5 - Group 3,WEAN,2,5,24102025,O,other|T|reciprocal|side,24873.507,24886.078,24873.507,24886.078,G:\MONITORING CROSS SUCKING IN CALVES - KAPPEL - 2025\Pen 5 - Group 3\WEANING\Day 2\ch05_20251024143502.mp4,ch05_20251024143502.mp4,23819.903201,25221.36949,1053.603799,1066.174799,Pen 5 - Group 3/WEANING/Day 2/1223.zip
884,1266,CS_1225_WEAN_d2_p5_cowO_24102025_ch05-20251024143502_24889_25032.mp4,Pen 5 - Group 3\WEANING\Day 2\CS_1225_WEAN_d2_p5_cowO_24102025_ch05-20251024143502_24889_25032.mp4,E:\cross_sucking\Pen 5 - Group 3\WEANING\Day 2\CS_1225_WEAN_d2_p5_cowO_24102025_ch05-20251024143502_24889_25032.mp4,created,1,1,Pen_5_WEAN_Day_2_24102025,Pen 5 - Group 3,WEAN,2,5,24102025,O,other|T|reciprocal|side,24889.65,25032.65,24889.65,25032.65,G:\MONITORING CROSS SUCKING IN CALVES - KAPPEL - 2025\Pen 5 - Group 3\WEANING\Day 2\ch05_20251024143502.mp4,ch05_20251024143502.mp4,23819.903201,25221.36949,1069.746799,1212.746799,Pen 5 - Group 3/WEANING/Day 2/1225.zip
885,1268,CS_1227_WEAN_d2_p5_cowT_24102025_ch05-20251024143502_24922_25076.mp4,Pen 5 - Group 3\WEANING\Day 2\CS_1227_WEAN_d2_p5_cowT_24102025_ch05-20251024143502_24922_25076.mp4,E:\cross_sucking\Pen 5 - Group 3\WEANING\Day 2\CS_1227_WEAN_d2_p5_cowT_24102025_ch05-20251024143502_24922_25076.mp4,created,1,1,Pen_5_WEAN_Day_2_24102025,Pen 5 - Group 3,WEAN,2,5,24102025,T,other|O|reciprocal|side,24922.933,25076.913,24922.933,25076.913,G:\MONITORING CROSS SUCKING IN CALVES - KAPPEL - 2025\Pen 5 - Group 3\WEANING\Day 2\ch05_20251024143502.mp4,ch05_20251024143502.mp4,23819.903201,25221.36949,1103.029799,1257.009799,Pen 5 - Group 3/WEANING/Day 2/1227.zip
886,1271,CS_1230_WEAN_d2_p5_cowT_24102025_ch05-20251024143502_25080_25088.mp4,Pen 5 - Group 3\WEANING\Day 2\CS_1230_WEAN_d2_p5_cowT_24102025_ch05-20251024143502_25080_25088.mp4,E:\cross_sucking\Pen 5 - Group 3\WEANING\Day 2\CS_1230_WEAN_d2_p5_cowT_24102025_ch05-20251024143502_25080_25088.mp4,created,1,1,Pen_5_WEAN_Day_2_24102025,Pen 5 - Group 3,WEAN,2,5,24102025,T,other|O|None|side,25080.36,25088.493,25080.36,25088.493,G:\MONITORING CROSS SUCKING IN CALVES - KAPPEL - 2025\Pen 5 - Group 3\WEANING\Day 2\ch05_20251024143502.mp4,ch05_20251024143502.mp4,23819.903201,25221.36949,1260.456799,1268.589799,Pen 5 - Group 3/WEANING/Day 2/1230.zip
887,1272,CS_1231_WEAN_d2_p5_cow1_24102025_ch05-20251024145834_25947_25999.mp4,Pen 5 - Group 3\WEANING\Day 2\CS_1231_WEAN_d2_p5_cow1_24102025_ch05-20251024145834_25947_25999.mp4,E:\cross_sucking\Pen 5 - Group 3\WEANING\Day 2\CS_1231_WEAN_d2_p5_cow1_24102025_ch05-20251024145834_25947_25999.mp4,created,1,1,Pen_5_WEAN_Day_2_24102025,Pen 5 - Group 3,WEAN,2,5,24102025,1,other|8|reciprocal|side,25947.747,25999.838,25947.747,25999.838,G:\MONITORING CROSS SUCKING IN CALVES - KAPPEL - 2025\Pen 5 - Group 3\WEANING\Day 2\ch05_20251024145834.mp4,ch05_20251024145834.mp4,25221.36949,26622.869779,726.37751,778.46851,Pen 5 - Group 3/WEANING/Day 2/1231.zip
888,1273,CS_1232_WEAN_d2_p5_cow1_24102025_ch05-20251024145834_26005_26009.mp4,Pen 5 - Group 3\WEANING\Day 2\CS_1232_WEAN_d2_p5_cow1_24102025_ch05-20251024145834_26005_26009.mp4,E:\cross_sucking\Pen 5 - Group 3\WEANING\Day 2\CS_1232_WEAN_d2_p5_cow1_24102025_ch05-20251024145834_26005_26009.mp4,created,1,1,Pen_5_WEAN_Day_2_24102025,Pen 5 - Group 3,WEAN,2,5,24102025,1,other|8|None|side,26005.325,26009.095,26005.325,26009.095,G:\MONITORING CROSS SUCKING IN CALVES - KAPPEL - 2025\Pen 5 - Group 3\WEANING\Day 2\ch05_20251024145834.mp4,ch05_20251024145834.mp4,25221.36949,26622.869779,783.95551,787.72551,Pen 5 - Group 3/WEANING/Day 2/1232.zip
889,1274,CS_1233_WEAN_d2_p5_cowT_24102025_ch05-20251024145834_26535_26551.mp4,Pen 5 - Group 3\WEANING\Day 2\CS_1233_WEAN_d2_p5_cowT_24102025_ch05-20251024145834_26535_26551.mp4,E:\cross_sucking\Pen 5 - Group 3\WEANING\Day 2\CS_1233_WEAN_d2_p5_cowT_24102025_ch05-20251024145834_26535_26551.mp4,created,1,1,Pen_5_WEAN_Day_2_24102025,Pen 5 - Group 3,WEAN,2,5,24102025,T,other|O|None|side,26535.25,26551.784,26535.25,26551.784,G:\MONITORING CROSS SUCKING IN CALVES - KAPPEL - 2025\Pen 5 - Group 3\WEANING\Day 2\ch05_20251024145834.mp4,ch05_20251024145834.mp4,25221.36949,26622.869779,1313.88051,1330.41451,Pen 5 - Group 3/WEANING/Day 2/1233.zip
890,1275,CS_1234_WEAN_d2_p5_cowT_24102025_ch05-20251024145834_26576_26600.mp4,Pen 5 - Group 3\WEANING\Day 2\CS_1234_WEAN_d2_p5_cowT_24102025_ch05-20251024145834_26576_26600.mp4,E:\cross_sucking\Pen 5 - Group 3\WEANING\Day 2\CS_1234_WEAN_d2_p5_cowT_24102025_ch05-20251024145834_26576_26600.mp4,created,1,1,Pen_5_WEAN_Day_2_24102025,Pen 5 - Group 3,WEAN,2,5,24102025,T,other|O|None|side,26576.401,26600.152,26576.401,26600.152,G:\MONITORING CROSS SUCKING IN CALVES - KAPPEL - 2025\Pen 5 - Group 3\WEANING\Day 2\ch05_20251024145834.mp4,ch05_20251024145834.mp4,25221.36949,26622.869779,1355.03151,1378.78251,Pen 5 - Group 3/WEANING/Day 2/1234.zip
891,1276,CS_1235_WEAN_d2_p5_cow1_24102025_ch05-20251024152206_26753_26759.mp4,Pen 5 - Group 3\WEANING\Day 2\CS_1235_WEAN_d2_p5_cow1_24102025_ch05-20251024152206_26753_26759.mp4,E:\cross_sucking\Pen 5 - Group 3\WEANING\Day 2\CS_1235_WEAN_d2_p5_cow1_24102025_ch05-20251024152206_26753_26759.mp4,created,1,1,Pen_5_WEAN_Day_2_24102025,Pen 5 - Group 3,WEAN,2,5,24102025,1,other|/|None|side,26753.614,26759.098,26753.614,26759.098,G:\MONITORING CROSS SUCKING IN CALVES - KAPPEL - 2025\Pen 5 - Group 3\WEANING\Day 2\ch05_20251024152206.mp4,ch05_20251024152206.mp4,26622.869779,28024.280068,130.744221,136.228221,Pen 5 - Group 3/WEANING/Day 2/1235.zip
892,1277,CS_1236_WEAN_d2_p5_cow1_24102025_ch05-20251024152206_26759_26782.mp4,Pen 5 - Group 3\WEANING\Day 2\CS_1236_WEAN_d2_p5_cow1_24102025_ch05-20251024152206_26759_26782.mp4,E:\cross_sucking\Pen 5 - Group 3\WEANING\Day 2\CS_1236_WEAN_d2_p5_cow1_24102025_ch05-20251024152206_26759_26782.mp4,created,1,1,Pen_5_WEAN_Day_2_24102025,Pen 5 - Group 3,WEAN,2,5,24102025,1,other|1|reciprocal|side,26759.099,26782.057,26759.099,26782.057,G:\MONITORING CROSS SUCKING IN CALVES - KAPPEL - 2025\Pen 5 - Group 3\WEANING\Day 2\ch05_20251024152206.mp4,ch05_20251024152206.mp4,26622.869779,28024.280068,136.229221,159.187221,Pen 5 - Group 3/WEANING/Day 2/1236.zip
893,1278,CS_1237_WEAN_d2_p5_cow1_24102025_ch05-20251024152206_27130_27143.mp4,Pen 5 - Group 3\WEANING\Day 2\CS_1237_WEAN_d2_p5_cow1_24102025_ch05-20251024152206_27130_27143.mp4,E:\cross_sucking\Pen 5 - Group 3\WEANING\Day 2\CS_1237_WEAN_d2_p5_cow1_24102025_ch05-20251024152206_27130_27143.mp4,created,1,1,Pen_5_WEAN_Day_2_24102025,Pen 5 - Group 3,WEAN,2,5,24102025,1,other|8|None|side,27130.414,27143.453,27130.414,27143.453,G:\MONITORING CROSS SUCKING IN CALVES - KAPPEL - 2025\Pen 5 - Group 3\WEANING\Day 2\ch05_20251024152206.mp4,ch05_20251024152206.mp4,26622.869779,28024.280068,507.544221,520.583221,Pen 5 - Group 3/WEANING/Day 2/1237.zip
894,1279,CS_1238_WEAN_d2_p5_cow1_24102025_ch05-20251024152206_27167_27183.mp4,Pen 5 - Group 3\WEANING\Day 2\CS_1238_WEAN_d2_p5_cow1_24102025_ch05-20251024152206_27167_27183.mp4,E:\cross_sucking\Pen 5 - Group 3\WEANING\Day 2\CS_1238_WEAN_d2_p5_cow1_24102025_ch05-20251024152206_27167_27183.mp4,created,1,1,Pen_5_WEAN_Day_2_24102025,Pen 5 - Group 3,WEAN,2,5,24102025,1,other|8|None|side,27167.801,27183.211,27167.801,27183.211,G:\MONITORING CROSS SUCKING IN CALVES - KAPPEL - 2025\Pen 5 - Group 3\WEANING\Day 2\ch05_20251024152206.mp4,ch05_20251024152206.mp4,26622.869779,28024.280068,544.931221,560.341221,Pen 5 - Group 3/WEANING/Day 2/1238.zip
895,1280,CS_1239_WEAN_d2_p5_cow2_24102025_ch05-20251024180650_37092_37119.mp4,Pen 5 - Group 3\WEANING\Day 2\CS_1239_WEAN_d2_p5_cow2_24102025_ch05-20251024180650_37092_37119.mp4,E:\cross_sucking\Pen 5 - Group 3\WEANING\Day 2\CS_1239_WEAN_d2_p5_cow2_24102025_ch05-20251024180650_37092_37119.mp4,created,1,1,Pen_5_WEAN_Day_2_24102025,Pen 5 - Group 3,WEAN,2,5,24102025,2,milk feeder|T|None|behind,37092.101,37119.428,37092.101,37119.428,G:\MONITORING CROSS SUCKING IN CALVES - KAPPEL - 2025\Pen 5 - Group 3\WEANING\Day 2\ch05_20251024180650.mp4,ch05_20251024180650.mp4,36431.670802,37832.989091,660.430198,687.757198,Pen 5 - Group 3/WEANING/Day 2/1239.zip
896,1281,CS_1240_WEAN_d2_p5_cow2_24102025_ch05-20251024183022_38761_39021.mp4,Pen 5 - Group 3\WEANING\Day 2\CS_1240_WEAN_d2_p5_cow2_24102025_ch05-20251024183022_38761_39021.mp4,E:\cross_sucking\Pen 5 - Group 3\WEANING\Day 2\CS_1240_WEAN_d2_p5_cow2_24102025_ch05-20251024183022_38761_39021.mp4,created,1,1,Pen_5_WEAN_Day_2_24102025,Pen 5 - Group 3,WEAN,2,5,24102025,2,grain feeder|A|None|behind,38761.806,39021.199,38761.806,39021.199,G:\MONITORING CROSS SUCKING IN CALVES - KAPPEL - 2025\Pen 5 - Group 3\WEANING\Day 2\ch05_20251024183022.mp4,ch05_20251024183022.mp4,37832.989091,39234.31738,928.816909,1188.209909,Pen 5 - Group 3/WEANING/Day 2/1240.zip
897,1282,CS_1241_WEAN_d2_p5_cow2_24102025_ch05-20251024183022_39066_39122.mp4,Pen 5 - Group 3\WEANING\Day 2\CS_1241_WEAN_d2_p5_cow2_24102025_ch05-20251024183022_39066_39122.mp4,E:\cross_sucking\Pen 5 - Group 3\WEANING\Day 2\CS_1241_WEAN_d2_p5_cow2_24102025_ch05-20251024183022_39066_39122.mp4,created,1,1,Pen_5_WEAN_Day_2_24102025,Pen 5 - Group 3,WEAN,2,5,24102025,2,grain feeder|A|None|behind,39066.713,39122.357,39066.713,39122.357,G:\MONITORING CROSS SUCKING IN CALVES - KAPPEL - 2025\Pen 5 - Group 3\WEANING\Day 2\ch05_20251024183022.mp4,ch05_20251024183022.mp4,37832.989091,39234.31738,1233.723909,1289.367909,Pen 5 - Group 3/WEANING/Day 2/1241.zip
898,1283,CS_1242_WEAN_d2_p5_cow2_24102025_ch05-20251024183022_39146_39158.mp4,Pen 5 - Group 3\WEANING\Day 2\CS_1242_WEAN_d2_p5_cow2_24102025_ch05-20251024183022_39146_39158.mp4,E:\cross_sucking\Pen 5 - Group 3\WEANING\Day 2\CS_1242_WEAN_d2_p5_cow2_24102025_ch05-20251024183022_39146_39158.mp4,created,1,1,Pen_5_WEAN_Day_2_24102025,Pen 5 - Group 3,WEAN,2,5,24102025,2,grain feeder|A|None|behind,39146.234,39158.006,39146.234,39158.006,G:\MONITORING CROSS SUCKING IN CALVES - KAPPEL - 2025\Pen 5 - Group 3\WEANING\Day 2\ch05_20251024183022.mp4,ch05_20251024183022.mp4,37832.989091,39234.31738,1313.244909,1325.016909,Pen 5 - Group 3/WEANING/Day 2/1242.zip
899,1284,CS_1243_WEAN_d2_p5_cow2_24102025_ch05-20251024183022_39161_39196.mp4,Pen 5 - Group 3\WEANING\Day 2\CS_1243_WEAN_d2_p5_cow2_24102025_ch05-20251024183022_39161_39196.mp4,E:\cross_sucking\Pen 5 - Group 3\WEANING\Day 2\CS_1243_WEAN_d2_p5_cow2_24102025_ch05-20251024183022_39161_39196.mp4,created,1,1,Pen_5_WEAN_Day_2_24102025,Pen 5 - Group 3,WEAN,2,5,24102025,2,grain feeder|A|None|behind,39161.579,39196.641,39161.579,39196.641,G:\MONITORING CROSS SUCKING IN CALVES - KAPPEL - 2025\Pen 5 - Group 3\WEANING\Day 2\ch05_20251024183022.mp4,ch05_20251024183022.mp4,37832.989091,39234.31738,1328.589909,1363.651909,Pen 5 - Group 3/WEANING/Day 2/1243.zip
900,1285,CS_1244_WEAN_d2_p5_cowA_24102025_ch05-20251024191725_41569_41620.mp4,Pen 5 - Group 3\WEANING\Day 2\CS_1244_WEAN_d2_p5_cowA_24102025_ch05-20251024191725_41569_41620.mp4,E:\cross_sucking\Pen 5 - Group 3\WEANING\Day 2\CS_1244_WEAN_d2_p5_cowA_24102025_ch05-20251024191725_41569_41620.mp4,created,1,1,Pen_5_WEAN_Day_2_24102025,Pen 5 - Group 3,WEAN,2,5,24102025,A,other|8|reciprocal|side,41569.857,41620.732,41569.857,41620.732,G:\MONITORING CROSS SUCKING IN CALVES - KAPPEL - 2025\Pen 5 - Group 3\WEANING\Day 2\ch05_20251024191725.mp4,ch05_20251024191725.mp4,40635.756669,42037.190958,934.100331,984.975331,Pen 5 - Group 3/WEANING/Day 2/1244.zip
901,1287,CS_1246_WEAN_d2_p5_cowA_24102025_ch05-20251024191725_41624_41625.mp4,Pen 5 - Group 3\WEANING\Day 2\CS_1246_WEAN_d2_p5_cowA_24102025_ch05-20251024191725_41624_41625.mp4,E:\cross_sucking\Pen 5 - Group 3\WEANING\Day 2\CS_1246_WEAN_d2_p5_cowA_24102025_ch05-20251024191725_41624_41625.mp4,created,1,1,Pen_5_WEAN_Day_2_24102025,Pen 5 - Group 3,WEAN,2,5,24102025,A,other|8|None|side,41624.105,41625.03,41624.105,41625.03,G:\MONITORING CROSS SUCKING IN CALVES - KAPPEL - 2025\Pen 5 - Group 3\WEANING\Day 2\ch05_20251024191725.mp4,ch05_20251024191725.mp4,40635.756669,42037.190958,988.348331,989.273331,Pen 5 - Group 3/WEANING/Day 2/1246.zip
902,1288,CS_1247_WEAN_d2_p5_cowA_24102025_ch05-20251024191725_41625_41741.mp4,Pen 5 - Group 3\WEANING\Day 2\CS_1247_WEAN_d2_p5_cowA_24102025_ch05-20251024191725_41625_41741.mp4,E:\cross_sucking\Pen 5 - Group 3\WEANING\Day 2\CS_1247_WEAN_d2_p5_cowA_24102025_ch05-20251024191725_41625_41741.mp4,created,1,1,Pen_5_WEAN_Day_2_24102025,Pen 5 - Group 3,WEAN,2,5,24102025,A,other|8|reciprocal|side,41625.031,41741.882,41625.031,41741.882,G:\MONITORING CROSS SUCKING IN CALVES - KAPPEL - 2025\Pen 5 - Group 3\WEANING\Day 2\ch05_20251024191725.mp4,ch05_20251024191725.mp4,40635.756669,42037.190958,989.274331,1106.125331,Pen 5 - Group 3/WEANING/Day 2/1247.zip
903,1290,CS_1249_WEAN_d2_p5_cow8_24102025_ch05-20251024191725_41657_41800.mp4,Pen 5 - Group 3\WEANING\Day 2\CS_1249_WEAN_d2_p5_cow8_24102025_ch05-20251024191725_41657_41800.mp4,E:\cross_sucking\Pen 5 - Group 3\WEANING\Day 2\CS_1249_WEAN_d2_p5_cow8_24102025_ch05-20251024191725_41657_41800.mp4,created,1,1,Pen_5_WEAN_Day_2_24102025,Pen 5 - Group 3,WEAN,2,5,24102025,8,other|A|reciprocal|side,41657.786,41800.704,41657.786,41800.704,G:\MONITORING CROSS SUCKING IN CALVES - KAPPEL - 2025\Pen 5 - Group 3\WEANING\Day 2\ch05_20251024191725.mp4,ch05_20251024191725.mp4,40635.756669,42037.190958,1022.029331,1164.947331,Pen 5 - Group 3/WEANING/Day 2/1249.zip
904,1292,CS_1251_WEAN_d2_p5_cowA_24102025_ch05-20251024191725_41771_42003.mp4,Pen 5 - Group 3\WEANING\Day 2\CS_1251_WEAN_d2_p5_cowA_24102025_ch05-20251024191725_41771_42003.mp4,E:\cross_sucking\Pen 5 - Group 3\WEANING\Day 2\CS_1251_WEAN_d2_p5_cowA_24102025_ch05-20251024191725_41771_42003.mp4,created,1,1,Pen_5_WEAN_Day_2_24102025,Pen 5 - Group 3,WEAN,2,5,24102025,A,other|8|reciprocal|side,41771.327,42003.092,41771.327,42003.092,G:\MONITORING CROSS SUCKING IN CALVES - KAPPEL - 2025\Pen 5 - Group 3\WEANING\Day 2\ch05_20251024191725.mp4,ch05_20251024191725.mp4,40635.756669,42037.190958,1135.570331,1367.335331,Pen 5 - Group 3/WEANING/Day 2/1251.zip
905,1293,CS_1252_WEAN_d2_p5_cowT_24102025_ch05-20251024194058_42082_42091.mp4,Pen 5 - Group 3\WEANING\Day 2\CS_1252_WEAN_d2_p5_cowT_24102025_ch05-20251024194058_42082_42091.mp4,E:\cross_sucking\Pen 5 - Group 3\WEANING\Day 2\CS_1252_WEAN_d2_p5_cowT_24102025_ch05-20251024194058_42082_42091.mp4,created,1,1,Pen_5_WEAN_Day_2_24102025,Pen 5 - Group 3,WEAN,2,5,24102025,T,other|8|None|side,42082.29,42091.484,42082.29,42091.484,G:\MONITORING CROSS SUCKING IN CALVES - KAPPEL - 2025\Pen 5 - Group 3\WEANING\Day 2\ch05_20251024194058.mp4,ch05_20251024194058.mp4,42037.190958,43438.577247,45.099042,54.293042,Pen 5 - Group 3/WEANING/Day 2/1252.zip
906,1294,CS_1253_WEAN_d2_p5_cowT_24102025_ch05-20251024194058_42148_42158.mp4,Pen 5 - Group 3\WEANING\Day 2\CS_1253_WEAN_d2_p5_cowT_24102025_ch05-20251024194058_42148_42158.mp4,E:\cross_sucking\Pen 5 - Group 3\WEANING\Day 2\CS_1253_WEAN_d2_p5_cowT_24102025_ch05-20251024194058_42148_42158.mp4,created,1,1,Pen_5_WEAN_Day_2_24102025,Pen 5 - Group 3,WEAN,2,5,24102025,T,other|A|None|side,42148.719,42158.052,42148.719,42158.052,G:\MONITORING CROSS SUCKING IN CALVES - KAPPEL - 2025\Pen 5 - Group 3\WEANING\Day 2\ch05_20251024194058.mp4,ch05_20251024194058.mp4,42037.190958,43438.577247,111.528042,120.861042,Pen 5 - Group 3/WEANING/Day 2/1253.zip
907,1295,CS_1254_WEAN_d2_p5_cowA_24102025_ch05-20251024194058_42156_42185.mp4,Pen 5 - Group 3\WEANING\Day 2\CS_1254_WEAN_d2_p5_cowA_24102025_ch05-20251024194058_42156_42185.mp4,E:\cross_sucking\Pen 5 - Group 3\WEANING\Day 2\CS_1254_WEAN_d2_p5_cowA_24102025_ch05-20251024194058_42156_42185.mp4,created,1,1,Pen_5_WEAN_Day_2_24102025,Pen 5 - Group 3,WEAN,2,5,24102025,A,other|T|reciprocal|side,42156.794,42185.241,42156.794,42185.241,G:\MONITORING CROSS SUCKING IN CALVES - KAPPEL - 2025\Pen 5 - Group 3\WEANING\Day 2\ch05_20251024194058.mp4,ch05_20251024194058.mp4,42037.190958,43438.577247,119.603042,148.050042,Pen 5 - Group 3/WEANING/Day 2/1254.zip
908,1297,CS_1256_WEAN_d2_p5_cowslash_24102025_ch05-20251024194058_43050_43073.mp4,Pen 5 - Group 3\WEANING\Day 2\CS_1256_WEAN_d2_p5_cowslash_24102025_ch05-20251024194058_43050_43073.mp4,E:\cross_sucking\Pen 5 - Group 3\WEANING\Day 2\CS_1256_WEAN_d2_p5_cowslash_24102025_ch05-20251024194058_43050_43073.mp4,created,1,1,Pen_5_WEAN_Day_2_24102025,Pen 5 - Group 3,WEAN,2,5,24102025,/,grain feeder|2|None|behind,43050.986,43073.618,43050.986,43073.618,G:\MONITORING CROSS SUCKING IN CALVES - KAPPEL - 2025\Pen 5 - Group 3\WEANING\Day 2\ch05_20251024194058.mp4,ch05_20251024194058.mp4,42037.190958,43438.577247,1013.795042,1036.427042,Pen 5 - Group 3/WEANING/Day 2/1256.zip
909,1298,CS_1257_WEAN_d2_p5_cowNA_24102025_ch05-20251024200430_43642_43690.mp4,Pen 5 - Group 3\WEANING\Day 2\CS_1257_WEAN_d2_p5_cowNA_24102025_ch05-20251024200430_43642_43690.mp4,E:\cross_sucking\Pen 5 - Group 3\WEANING\Day 2\CS_1257_WEAN_d2_p5_cowNA_24102025_ch05-20251024200430_43642_43690.mp4,created,1,1,Pen_5_WEAN_Day_2_24102025,Pen 5 - Group 3,WEAN,2,5,24102025,,other|A|None|side,43642.434,43690.929,43642.434,43690.929,G:\MONITORING CROSS SUCKING IN CALVES - KAPPEL - 2025\Pen 5 - Group 3\WEANING\Day 2\ch05_20251024200430.mp4,ch05_20251024200430.mp4,43438.577247,44839.970536,203.856753,252.351753,Pen 5 - Group 3/WEANING/Day 2/1257.zip
910,1299,CS_1258_WEAN_d2_p5_cowT_24102025_ch05-20251024222541_51873_51883.mp4,Pen 5 - Group 3\WEANING\Day 2\CS_1258_WEAN_d2_p5_cowT_24102025_ch05-20251024222541_51873_51883.mp4,E:\cross_sucking\Pen 5 - Group 3\WEANING\Day 2\CS_1258_WEAN_d2_p5_cowT_24102025_ch05-20251024222541_51873_51883.mp4,created,1,1,Pen_5_WEAN_Day_2_24102025,Pen 5 - Group 3,WEAN,2,5,24102025,T,milk feeder|A|None|behind,51873.052,51883.505,51873.052,51883.505,G:\MONITORING CROSS SUCKING IN CALVES - KAPPEL - 2025\Pen 5 - Group 3\WEANING\Day 2\ch05_20251024222541.mp4,ch05_20251024222541.mp4,51847.339625,53248.733914,25.712375,36.165375,Pen 5 - Group 3/WEANING/Day 2/1258.zip
911,1300,CS_1259_WEAN_d2_p5_cowT_24102025_ch05-20251024222541_51934_51941.mp4,Pen 5 - Group 3\WEANING\Day 2\CS_1259_WEAN_d2_p5_cowT_24102025_ch05-20251024222541_51934_51941.mp4,E:\cross_sucking\Pen 5 - Group 3\WEANING\Day 2\CS_1259_WEAN_d2_p5_cowT_24102025_ch05-20251024222541_51934_51941.mp4,created,1,1,Pen_5_WEAN_Day_2_24102025,Pen 5 - Group 3,WEAN,2,5,24102025,T,milk feeder|A|None|behind,51934.708,51941.061,51934.708,51941.061,G:\MONITORING CROSS SUCKING IN CALVES - KAPPEL - 2025\Pen 5 - Group 3\WEANING\Day 2\ch05_20251024222541.mp4,ch05_20251024222541.mp4,51847.339625,53248.733914,87.368375,93.721375,Pen 5 - Group 3/WEANING/Day 2/1259.zip
912,1301,CS_1260_WEAN_d2_p5_cowT_24102025_ch05-20251024222541_52239_52266.mp4,Pen 5 - Group 3\WEANING\Day 2\CS_1260_WEAN_d2_p5_cowT_24102025_ch05-20251024222541_52239_52266.mp4,E:\cross_sucking\Pen 5 - Group 3\WEANING\Day 2\CS_1260_WEAN_d2_p5_cowT_24102025_ch05-20251024222541_52239_52266.mp4,created,1,1,Pen_5_WEAN_Day_2_24102025,Pen 5 - Group 3,WEAN,2,5,24102025,T,grain feeder|A|None|behind,52239.994,52266.254,52239.994,52266.254,G:\MONITORING CROSS SUCKING IN CALVES - KAPPEL - 2025\Pen 5 - Group 3\WEANING\Day 2\ch05_20251024222541.mp4,ch05_20251024222541.mp4,51847.339625,53248.733914,392.654375,418.914375,Pen 5 - Group 3/WEANING/Day 2/1260.zip
913,1302,CS_1261_WEAN_d2_p5_cow6_24102025_ch05-20251024222541_52516_52603.mp4,Pen 5 - Group 3\WEANING\Day 2\CS_1261_WEAN_d2_p5_cow6_24102025_ch05-20251024222541_52516_52603.mp4,E:\cross_sucking\Pen 5 - Group 3\WEANING\Day 2\CS_1261_WEAN_d2_p5_cow6_24102025_ch05-20251024222541_52516_52603.mp4,created,1,1,Pen_5_WEAN_Day_2_24102025,Pen 5 - Group 3,WEAN,2,5,24102025,6,milk feeder|8|None|behind,52516.36,52603.623,52516.36,52603.623,G:\MONITORING CROSS SUCKING IN CALVES - KAPPEL - 2025\Pen 5 - Group 3\WEANING\Day 2\ch05_20251024222541.mp4,ch05_20251024222541.mp4,51847.339625,53248.733914,669.020375,756.283375,Pen 5 - Group 3/WEANING/Day 2/1261.zip
914,1303,CS_1262_WEAN_d2_p5_cow8_24102025_ch05-20251024222541_52736_52762.mp4,Pen 5 - Group 3\WEANING\Day 2\CS_1262_WEAN_d2_p5_cow8_24102025_ch05-20251024222541_52736_52762.mp4,E:\cross_sucking\Pen 5 - Group 3\WEANING\Day 2\CS_1262_WEAN_d2_p5_cow8_24102025_ch05-20251024222541_52736_52762.mp4,created,1,1,Pen_5_WEAN_Day_2_24102025,Pen 5 - Group 3,WEAN,2,5,24102025,8,other|A|None|side,52736.002,52762.401,52736.002,52762.401,G:\MONITORING CROSS SUCKING IN CALVES - KAPPEL - 2025\Pen 5 - Group 3\WEANING\Day 2\ch05_20251024222541.mp4,ch05_20251024222541.mp4,51847.339625,53248.733914,888.662375,915.061375,Pen 5 - Group 3/WEANING/Day 2/1262.zip
915,1304,CS_1263_WEAN_d2_p5_cowA_24102025_ch05-20251024222541_52757_52772.mp4,Pen 5 - Group 3\WEANING\Day 2\CS_1263_WEAN_d2_p5_cowA_24102025_ch05-20251024222541_52757_52772.mp4,E:\cross_sucking\Pen 5 - Group 3\WEANING\Day 2\CS_1263_WEAN_d2_p5_cowA_24102025_ch05-20251024222541_52757_52772.mp4,created,1,1,Pen_5_WEAN_Day_2_24102025,Pen 5 - Group 3,WEAN,2,5,24102025,A,other|8|reciprocal|side,52757.84,52772.781,52757.84,52772.781,G:\MONITORING CROSS SUCKING IN CALVES - KAPPEL - 2025\Pen 5 - Group 3\WEANING\Day 2\ch05_20251024222541.mp4,ch05_20251024222541.mp4,51847.339625,53248.733914,910.500375,925.441375,Pen 5 - Group 3/WEANING/Day 2/1263.zip
916,1305,CS_1264_WEAN_d2_p5_cow8_24102025_ch05-20251024222541_52773_52831.mp4,Pen 5 - Group 3\WEANING\Day 2\CS_1264_WEAN_d2_p5_cow8_24102025_ch05-20251024222541_52773_52831.mp4,E:\cross_sucking\Pen 5 - Group 3\WEANING\Day 2\CS_1264_WEAN_d2_p5_cow8_24102025_ch05-20251024222541_52773_52831.mp4,created,1,1,Pen_5_WEAN_Day_2_24102025,Pen 5 - Group 3,WEAN,2,5,24102025,8,other|A|None|side,52773.709,52831.42,52773.709,52831.42,G:\MONITORING CROSS SUCKING IN CALVES - KAPPEL - 2025\Pen 5 - Group 3\WEANING\Day 2\ch05_20251024222541.mp4,ch05_20251024222541.mp4,51847.339625,53248.733914,926.369375,984.080375,Pen 5 - Group 3/WEANING/Day 2/1264.zip
917,1307,CS_1266_WEAN_d2_p5_cowA_24102025_ch05-20251024235949_58311_58334.mp4,Pen 5 - Group 3\WEANING\Day 2\CS_1266_WEAN_d2_p5_cowA_24102025_ch05-20251024235949_58311_58334.mp4,E:\cross_sucking\Pen 5 - Group 3\WEANING\Day 2\CS_1266_WEAN_d2_p5_cowA_24102025_ch05-20251024235949_58311_58334.mp4,created,1,1,Pen_5_WEAN_Day_2_24102025,Pen 5 - Group 3,WEAN,2,5,24102025,A,other|6|None|behind,58311.623,58334.45,58311.623,58334.45,G:\MONITORING CROSS SUCKING IN CALVES - KAPPEL - 2025\Pen 5 - Group 3\WEANING\Day 2\ch05_20251024235949.mp4,ch05_20251024235949.mp4,57453.214781,58854.66907,858.408219,881.235219,Pen 5 - Group 3/WEANING/Day 2/1266.zip
918,1308,CS_1267_WEAN_d2_p5_cow2_24102025_ch05-20251025033136_70705_70710.mp4,Pen 5 - Group 3\WEANING\Day 2\CS_1267_WEAN_d2_p5_cow2_24102025_ch05-20251025033136_70705_70710.mp4,E:\cross_sucking\Pen 5 - Group 3\WEANING\Day 2\CS_1267_WEAN_d2_p5_cow2_24102025_ch05-20251025033136_70705_70710.mp4,created,1,1,Pen_5_WEAN_Day_2_24102025,Pen 5 - Group 3,WEAN,2,5,24102025,2,milk feeder|1|None|behind,70705.446,70710.739,70705.446,70710.739,G:\MONITORING CROSS SUCKING IN CALVES - KAPPEL - 2025\Pen 5 - Group 3\WEANING\Day 2\ch05_20251025033136.mp4,ch05_20251025033136.mp4,70066.035026,71467.560959,639.410974,644.703974,Pen 5 - Group 3/WEANING/Day 2/1267.zip
919,1309,CS_1268_WEAN_d2_p5_cow2_24102025_ch05-20251025033136_70766_70776.mp4,Pen 5 - Group 3\WEANING\Day 2\CS_1268_WEAN_d2_p5_cow2_24102025_ch05-20251025033136_70766_70776.mp4,E:\cross_sucking\Pen 5 - Group 3\WEANING\Day 2\CS_1268_WEAN_d2_p5_cow2_24102025_ch05-20251025033136_70766_70776.mp4,created,1,1,Pen_5_WEAN_Day_2_24102025,Pen 5 - Group 3,WEAN,2,5,24102025,2,milk feeder|1|None|behind,70766.441,70776.172,70766.441,70776.172,G:\MONITORING CROSS SUCKING IN CALVES - KAPPEL - 2025\Pen 5 - Group 3\WEANING\Day 2\ch05_20251025033136.mp4,ch05_20251025033136.mp4,70066.035026,71467.560959,700.405974,710.136974,Pen 5 - Group 3/WEANING/Day 2/1268.zip
920,1310,CS_1269_WEAN_d2_p5_cow2_24102025_ch05-20251025033136_71318_71576_part01.mp4,Pen 5 - Group 3\WEANING\Day 2\CS_1269_WEAN_d2_p5_cow2_24102025_ch05-20251025033136_71318_71576_part01.mp4,E:\cross_sucking\Pen 5 - Group 3\WEANING\Day 2\CS_1269_WEAN_d2_p5_cow2_24102025_ch05-20251025033136_71318_71576_part01.mp4,created,1,2,Pen_5_WEAN_Day_2_24102025,Pen 5 - Group 3,WEAN,2,5,24102025,2,milk feeder|A|None|behind,71318.619,71576.734,71318.619,71467.560959,G:\MONITORING CROSS SUCKING IN CALVES - KAPPEL - 2025\Pen 5 - Group 3\WEANING\Day 2\ch05_20251025033136.mp4,ch05_20251025033136.mp4,70066.035026,71467.560959,1252.583974,1401.525933,Pen 5 - Group 3/WEANING/Day 2/1269_part01.zip
921,1311,CS_1269_WEAN_d2_p5_cow2_24102025_ch05-20251025033136_71318_71576_part02.mp4,Pen 5 - Group 3\WEANING\Day 2\CS_1269_WEAN_d2_p5_cow2_24102025_ch05-20251025033136_71318_71576_part02.mp4,E:\cross_sucking\Pen 5 - Group 3\WEANING\Day 2\CS_1269_WEAN_d2_p5_cow2_24102025_ch05-20251025033136_71318_71576_part02.mp4,created,2,2,Pen_5_WEAN_Day_2_24102025,Pen 5 - Group 3,WEAN,2,5,24102025,2,milk feeder|A|None|behind,71318.619,71576.734,71467.560959,71576.734,G:\MONITORING CROSS SUCKING IN CALVES - KAPPEL - 2025\Pen 5 - Group 3\WEANING\Day 2\ch05_20251025035508.mp4,ch05_20251025035508.mp4,71467.560959,72869.140248,0.0,109.173041,Pen 5 - Group 3/WEANING/Day 2/1269_part02.zip
922,1312,CS_1270_WEAN_d2_p5_cowT_24102025_ch05-20251025035508_71649_71664.mp4,Pen 5 - Group 3\WEANING\Day 2\CS_1270_WEAN_d2_p5_cowT_24102025_ch05-20251025035508_71649_71664.mp4,E:\cross_sucking\Pen 5 - Group 3\WEANING\Day 2\CS_1270_WEAN_d2_p5_cowT_24102025_ch05-20251025035508_71649_71664.mp4,created,1,1,Pen_5_WEAN_Day_2_24102025,Pen 5 - Group 3,WEAN,2,5,24102025,T,milk feeder|A|None|behind,71649.696,71664.98,71649.696,71664.98,G:\MONITORING CROSS SUCKING IN CALVES - KAPPEL - 2025\Pen 5 - Group 3\WEANING\Day 2\ch05_20251025035508.mp4,ch05_20251025035508.mp4,71467.560959,72869.140248,182.135041,197.419041,Pen 5 - Group 3/WEANING/Day 2/1270.zip
923,1313,CS_1271_WEAN_d2_p5_cowT_24102025_ch05-20251025035508_71720_71731.mp4,Pen 5 - Group 3\WEANING\Day 2\CS_1271_WEAN_d2_p5_cowT_24102025_ch05-20251025035508_71720_71731.mp4,E:\cross_sucking\Pen 5 - Group 3\WEANING\Day 2\CS_1271_WEAN_d2_p5_cowT_24102025_ch05-20251025035508_71720_71731.mp4,created,1,1,Pen_5_WEAN_Day_2_24102025,Pen 5 - Group 3,WEAN,2,5,24102025,T,milk feeder|A|None|behind,71720.627,71731.547,71720.627,71731.547,G:\MONITORING CROSS SUCKING IN CALVES - KAPPEL - 2025\Pen 5 - Group 3\WEANING\Day 2\ch05_20251025035508.mp4,ch05_20251025035508.mp4,71467.560959,72869.140248,253.066041,263.986041,Pen 5 - Group 3/WEANING/Day 2/1271.zip
924,1315,CS_1273_WEAN_d2_p5_cowO_24102025_ch05-20251025035508_71748_71911.mp4,Pen 5 - Group 3\WEANING\Day 2\CS_1273_WEAN_d2_p5_cowO_24102025_ch05-20251025035508_71748_71911.mp4,E:\cross_sucking\Pen 5 - Group 3\WEANING\Day 2\CS_1273_WEAN_d2_p5_cowO_24102025_ch05-20251025035508_71748_71911.mp4,created,1,1,Pen_5_WEAN_Day_2_24102025,Pen 5 - Group 3,WEAN,2,5,24102025,O,other|T|reciprocal|side,71748.809,71911.926,71748.809,71911.926,G:\MONITORING CROSS SUCKING IN CALVES - KAPPEL - 2025\Pen 5 - Group 3\WEANING\Day 2\ch05_20251025035508.mp4,ch05_20251025035508.mp4,71467.560959,72869.140248,281.248041,444.365041,Pen 5 - Group 3/WEANING/Day 2/1273.zip
925,1316,CS_1274_WEAN_d2_p5_cowT_24102025_ch05-20251025035508_71907_71927.mp4,Pen 5 - Group 3\WEANING\Day 2\CS_1274_WEAN_d2_p5_cowT_24102025_ch05-20251025035508_71907_71927.mp4,E:\cross_sucking\Pen 5 - Group 3\WEANING\Day 2\CS_1274_WEAN_d2_p5_cowT_24102025_ch05-20251025035508_71907_71927.mp4,created,1,1,Pen_5_WEAN_Day_2_24102025,Pen 5 - Group 3,WEAN,2,5,24102025,T,other|A|None|side,71907.691,71927.008,71907.691,71927.008,G:\MONITORING CROSS SUCKING IN CALVES - KAPPEL - 2025\Pen 5 - Group 3\WEANING\Day 2\ch05_20251025035508.mp4,ch05_20251025035508.mp4,71467.560959,72869.140248,440.130041,459.447041,Pen 5 - Group 3/WEANING/Day 2/1274.zip
926,1317,CS_1275_WEAN_d2_p5_cowT_24102025_ch05-20251025035508_71934_71941.mp4,Pen 5 - Group 3\WEANING\Day 2\CS_1275_WEAN_d2_p5_cowT_24102025_ch05-20251025035508_71934_71941.mp4,E:\cross_sucking\Pen 5 - Group 3\WEANING\Day 2\CS_1275_WEAN_d2_p5_cowT_24102025_ch05-20251025035508_71934_71941.mp4,created,1,1,Pen_5_WEAN_Day_2_24102025,Pen 5 - Group 3,WEAN,2,5,24102025,T,milk feeder|O|None|behind,71934.218,71941.562,71934.218,71941.562,G:\MONITORING CROSS SUCKING IN CALVES - KAPPEL - 2025\Pen 5 - Group 3\WEANING\Day 2\ch05_20251025035508.mp4,ch05_20251025035508.mp4,71467.560959,72869.140248,466.657041,474.001041,Pen 5 - Group 3/WEANING/Day 2/1275.zip
927,1318,CS_1276_WEAN_d2_p5_cowT_24102025_ch05-20251025035508_71948_71961.mp4,Pen 5 - Group 3\WEANING\Day 2\CS_1276_WEAN_d2_p5_cowT_24102025_ch05-20251025035508_71948_71961.mp4,E:\cross_sucking\Pen 5 - Group 3\WEANING\Day 2\CS_1276_WEAN_d2_p5_cowT_24102025_ch05-20251025035508_71948_71961.mp4,created,1,1,Pen_5_WEAN_Day_2_24102025,Pen 5 - Group 3,WEAN,2,5,24102025,T,other|A|None|side,71948.77,71961.275,71948.77,71961.275,G:\MONITORING CROSS SUCKING IN CALVES - KAPPEL - 2025\Pen 5 - Group 3\WEANING\Day 2\ch05_20251025035508.mp4,ch05_20251025035508.mp4,71467.560959,72869.140248,481.209041,493.714041,Pen 5 - Group 3/WEANING/Day 2/1276.zip
928,1319,CS_1277_WEAN_d2_p5_cowT_24102025_ch05-20251025035508_71973_72014.mp4,Pen 5 - Group 3\WEANING\Day 2\CS_1277_WEAN_d2_p5_cowT_24102025_ch05-20251025035508_71973_72014.mp4,E:\cross_sucking\Pen 5 - Group 3\WEANING\Day 2\CS_1277_WEAN_d2_p5_cowT_24102025_ch05-20251025035508_71973_72014.mp4,created,1,1,Pen_5_WEAN_Day_2_24102025,Pen 5 - Group 3,WEAN,2,5,24102025,T,other|A|None|side,71973.987,72014.671,71973.987,72014.671,G:\MONITORING CROSS SUCKING IN CALVES - KAPPEL - 2025\Pen 5 - Group 3\WEANING\Day 2\ch05_20251025035508.mp4,ch05_20251025035508.mp4,71467.560959,72869.140248,506.426041,547.110041,Pen 5 - Group 3/WEANING/Day 2/1277.zip
929,1320,CS_1278_WEAN_d2_p5_cowT_24102025_ch05-20251025035508_72086_72152.mp4,Pen 5 - Group 3\WEANING\Day 2\CS_1278_WEAN_d2_p5_cowT_24102025_ch05-20251025035508_72086_72152.mp4,E:\cross_sucking\Pen 5 - Group 3\WEANING\Day 2\CS_1278_WEAN_d2_p5_cowT_24102025_ch05-20251025035508_72086_72152.mp4,created,1,1,Pen_5_WEAN_Day_2_24102025,Pen 5 - Group 3,WEAN,2,5,24102025,T,milk feeder|O|None|side,72086.409,72152.965,72086.409,72152.965,G:\MONITORING CROSS SUCKING IN CALVES - KAPPEL - 2025\Pen 5 - Group 3\WEANING\Day 2\ch05_20251025035508.mp4,ch05_20251025035508.mp4,71467.560959,72869.140248,618.848041,685.404041,Pen 5 - Group 3/WEANING/Day 2/1278.zip
930,1322,CS_1280_WEAN_d3_p5_cow8_25102025_ch05-20251025081359_2412_2447.mp4,Pen 5 - Group 3\WEANING\Day 3\CS_1280_WEAN_d3_p5_cow8_25102025_ch05-20251025081359_2412_2447.mp4,E:\cross_sucking\Pen 5 - Group 3\WEANING\Day 3\CS_1280_WEAN_d3_p5_cow8_25102025_ch05-20251025081359_2412_2447.mp4,created,1,1,Pen_5_WEAN_Day_3_25102025,Pen 5 - Group 3,WEAN,3,5,25102025,8,hay|O|None|side,2412.473,2447.482,2412.473,2447.482,G:\MONITORING CROSS SUCKING IN CALVES - KAPPEL - 2025\Pen 5 - Group 3\WEANING\Day 3\ch05_20251025081359.mp4,ch05_20251025081359.mp4,1401.407289,2802.871578,1011.065711,1046.074711,Pen 5 - Group 3/WEANING/Day 3/1280.zip
931,1323,CS_1281_WEAN_d3_p5_cowO_25102025_ch05-20251025081359_2447_2564.mp4,Pen 5 - Group 3\WEANING\Day 3\CS_1281_WEAN_d3_p5_cowO_25102025_ch05-20251025081359_2447_2564.mp4,E:\cross_sucking\Pen 5 - Group 3\WEANING\Day 3\CS_1281_WEAN_d3_p5_cowO_25102025_ch05-20251025081359_2447_2564.mp4,created,1,1,Pen_5_WEAN_Day_3_25102025,Pen 5 - Group 3,WEAN,3,5,25102025,O,hay|8|None|side,2447.274,2564.596,2447.274,2564.596,G:\MONITORING CROSS SUCKING IN CALVES - KAPPEL - 2025\Pen 5 - Group 3\WEANING\Day 3\ch05_20251025081359.mp4,ch05_20251025081359.mp4,1401.407289,2802.871578,1045.866711,1163.188711,Pen 5 - Group 3/WEANING/Day 3/1281.zip
932,1326,CS_1284_WEAN_d3_p5_cow1_25102025_ch05-20251025083730_4120_4185.mp4,Pen 5 - Group 3\WEANING\Day 3\CS_1284_WEAN_d3_p5_cow1_25102025_ch05-20251025083730_4120_4185.mp4,E:\cross_sucking\Pen 5 - Group 3\WEANING\Day 3\CS_1284_WEAN_d3_p5_cow1_25102025_ch05-20251025083730_4120_4185.mp4,created,1,1,Pen_5_WEAN_Day_3_25102025,Pen 5 - Group 3,WEAN,3,5,25102025,1,milk feeder|8|None|side,4120.681,4185.584,4120.681,4185.584,G:\MONITORING CROSS SUCKING IN CALVES - KAPPEL - 2025\Pen 5 - Group 3\WEANING\Day 3\ch05_20251025083730.mp4,ch05_20251025083730.mp4,2802.871578,4204.250867,1317.809422,1382.712422,Pen 5 - Group 3/WEANING/Day 3/1284.zip
933,1327,CS_1285_WEAN_d3_p5_cow1_25102025_ch05-20251025083730_4188_4213_part01.mp4,Pen 5 - Group 3\WEANING\Day 3\CS_1285_WEAN_d3_p5_cow1_25102025_ch05-20251025083730_4188_4213_part01.mp4,E:\cross_sucking\Pen 5 - Group 3\WEANING\Day 3\CS_1285_WEAN_d3_p5_cow1_25102025_ch05-20251025083730_4188_4213_part01.mp4,created,1,2,Pen_5_WEAN_Day_3_25102025,Pen 5 - Group 3,WEAN,3,5,25102025,1,milk feeder|8|None|side,4188.033,4213.031,4188.033,4204.250867,G:\MONITORING CROSS SUCKING IN CALVES - KAPPEL - 2025\Pen 5 - Group 3\WEANING\Day 3\ch05_20251025083730.mp4,ch05_20251025083730.mp4,2802.871578,4204.250867,1385.161422,1401.379289,Pen 5 - Group 3/WEANING/Day 3/1285p1.zip
934,1328,CS_1285_WEAN_d3_p5_cow1_25102025_ch05-20251025083730_4188_4213_part02.mp4,Pen 5 - Group 3\WEANING\Day 3\CS_1285_WEAN_d3_p5_cow1_25102025_ch05-20251025083730_4188_4213_part02.mp4,E:\cross_sucking\Pen 5 - Group 3\WEANING\Day 3\CS_1285_WEAN_d3_p5_cow1_25102025_ch05-20251025083730_4188_4213_part02.mp4,created,2,2,Pen_5_WEAN_Day_3_25102025,Pen 5 - Group 3,WEAN,3,5,25102025,1,milk feeder|8|None|side,4188.033,4213.031,4204.250867,4213.031,G:\MONITORING CROSS SUCKING IN CALVES - KAPPEL - 2025\Pen 5 - Group 3\WEANING\Day 3\ch05_20251025090102.mp4,ch05_20251025090102.mp4,4204.250867,5605.764156,0.0,8.780133,Pen 5 - Group 3/WEANING/Day 3/1285p2.zip
935,1329,CS_1286_WEAN_d3_p5_cowO_25102025_ch05-20251025092434_6074_6088.mp4,Pen 5 - Group 3\WEANING\Day 3\CS_1286_WEAN_d3_p5_cowO_25102025_ch05-20251025092434_6074_6088.mp4,E:\cross_sucking\Pen 5 - Group 3\WEANING\Day 3\CS_1286_WEAN_d3_p5_cowO_25102025_ch05-20251025092434_6074_6088.mp4,created,1,1,Pen_5_WEAN_Day_3_25102025,Pen 5 - Group 3,WEAN,3,5,25102025,O,milk feeder|1|None|behind,6074.142,6088.637,6074.142,6088.637,G:\MONITORING CROSS SUCKING IN CALVES - KAPPEL - 2025\Pen 5 - Group 3\WEANING\Day 3\ch05_20251025092434.mp4,ch05_20251025092434.mp4,5605.764156,7007.225445,468.377844,482.872844,Pen 5 - Group 3/WEANING/Day 3/1286.zip
936,1330,CS_1287_WEAN_d3_p5_cowO_25102025_ch05-20251025092434_6289_6298.mp4,Pen 5 - Group 3\WEANING\Day 3\CS_1287_WEAN_d3_p5_cowO_25102025_ch05-20251025092434_6289_6298.mp4,E:\cross_sucking\Pen 5 - Group 3\WEANING\Day 3\CS_1287_WEAN_d3_p5_cowO_25102025_ch05-20251025092434_6289_6298.mp4,created,1,1,Pen_5_WEAN_Day_3_25102025,Pen 5 - Group 3,WEAN,3,5,25102025,O,milk feeder|T|None|behind,6289.635,6298.51,6289.635,6298.51,G:\MONITORING CROSS SUCKING IN CALVES - KAPPEL - 2025\Pen 5 - Group 3\WEANING\Day 3\ch05_20251025092434.mp4,ch05_20251025092434.mp4,5605.764156,7007.225445,683.870844,692.745844,Pen 5 - Group 3/WEANING/Day 3/1287.zip
937,1331,CS_1288_WEAN_d3_p5_cowO_25102025_ch05-20251025092434_6420_6430.mp4,Pen 5 - Group 3\WEANING\Day 3\CS_1288_WEAN_d3_p5_cowO_25102025_ch05-20251025092434_6420_6430.mp4,E:\cross_sucking\Pen 5 - Group 3\WEANING\Day 3\CS_1288_WEAN_d3_p5_cowO_25102025_ch05-20251025092434_6420_6430.mp4,created,1,1,Pen_5_WEAN_Day_3_25102025,Pen 5 - Group 3,WEAN,3,5,25102025,O,milk feeder|T|None|behind,6420.102,6430.032,6420.102,6430.032,G:\MONITORING CROSS SUCKING IN CALVES - KAPPEL - 2025\Pen 5 - Group 3\WEANING\Day 3\ch05_20251025092434.mp4,ch05_20251025092434.mp4,5605.764156,7007.225445,814.337844,824.267844,Pen 5 - Group 3/WEANING/Day 3/1288.zip
938,1332,CS_1289_WEAN_d3_p5_cowA_25102025_ch05-20251025092434_6529_6593.mp4,Pen 5 - Group 3\WEANING\Day 3\CS_1289_WEAN_d3_p5_cowA_25102025_ch05-20251025092434_6529_6593.mp4,E:\cross_sucking\Pen 5 - Group 3\WEANING\Day 3\CS_1289_WEAN_d3_p5_cowA_25102025_ch05-20251025092434_6529_6593.mp4,created,1,1,Pen_5_WEAN_Day_3_25102025,Pen 5 - Group 3,WEAN,3,5,25102025,A,milk feeder|T|None|behind,6529.483,6593.861,6529.483,6593.861,G:\MONITORING CROSS SUCKING IN CALVES - KAPPEL - 2025\Pen 5 - Group 3\WEANING\Day 3\ch05_20251025092434.mp4,ch05_20251025092434.mp4,5605.764156,7007.225445,923.718844,988.096844,Pen 5 - Group 3/WEANING/Day 3/1289.zip
939,1333,CS_1290_WEAN_d3_p5_cowA_25102025_ch05-20251025092434_6605_6736.mp4,Pen 5 - Group 3\WEANING\Day 3\CS_1290_WEAN_d3_p5_cowA_25102025_ch05-20251025092434_6605_6736.mp4,E:\cross_sucking\Pen 5 - Group 3\WEANING\Day 3\CS_1290_WEAN_d3_p5_cowA_25102025_ch05-20251025092434_6605_6736.mp4,created,1,1,Pen_5_WEAN_Day_3_25102025,Pen 5 - Group 3,WEAN,3,5,25102025,A,milk feeder|T|None|behind,6605.37,6736.376,6605.37,6736.376,G:\MONITORING CROSS SUCKING IN CALVES - KAPPEL - 2025\Pen 5 - Group 3\WEANING\Day 3\ch05_20251025092434.mp4,ch05_20251025092434.mp4,5605.764156,7007.225445,999.605844,1130.611844,Pen 5 - Group 3/WEANING/Day 3/1290.zip
940,1334,CS_1291_WEAN_d3_p5_cow2_25102025_ch05-20251025092434_6762_6873.mp4,Pen 5 - Group 3\WEANING\Day 3\CS_1291_WEAN_d3_p5_cow2_25102025_ch05-20251025092434_6762_6873.mp4,E:\cross_sucking\Pen 5 - Group 3\WEANING\Day 3\CS_1291_WEAN_d3_p5_cow2_25102025_ch05-20251025092434_6762_6873.mp4,created,1,1,Pen_5_WEAN_Day_3_25102025,Pen 5 - Group 3,WEAN,3,5,25102025,2,milk feeder|A|None|behind,6762.71,6873.275,6762.71,6873.275,G:\MONITORING CROSS SUCKING IN CALVES - KAPPEL - 2025\Pen 5 - Group 3\WEANING\Day 3\ch05_20251025092434.mp4,ch05_20251025092434.mp4,5605.764156,7007.225445,1156.945844,1267.510844,Pen 5 - Group 3/WEANING/Day 3/1291.zip
941,1335,CS_1292_WEAN_d3_p5_cow2_25102025_ch05-20251025092434_6880_6998.mp4,Pen 5 - Group 3\WEANING\Day 3\CS_1292_WEAN_d3_p5_cow2_25102025_ch05-20251025092434_6880_6998.mp4,E:\cross_sucking\Pen 5 - Group 3\WEANING\Day 3\CS_1292_WEAN_d3_p5_cow2_25102025_ch05-20251025092434_6880_6998.mp4,created,1,1,Pen_5_WEAN_Day_3_25102025,Pen 5 - Group 3,WEAN,3,5,25102025,2,milk feeder|A|None|behind,6880.749,6998.413,6880.749,6998.413,G:\MONITORING CROSS SUCKING IN CALVES - KAPPEL - 2025\Pen 5 - Group 3\WEANING\Day 3\ch05_20251025092434.mp4,ch05_20251025092434.mp4,5605.764156,7007.225445,1274.984844,1392.648844,Pen 5 - Group 3/WEANING/Day 3/1292.zip
942,1336,CS_1293_WEAN_d3_p5_cow2_25102025_ch05-20251025094806_7071_7095.mp4,Pen 5 - Group 3\WEANING\Day 3\CS_1293_WEAN_d3_p5_cow2_25102025_ch05-20251025094806_7071_7095.mp4,E:\cross_sucking\Pen 5 - Group 3\WEANING\Day 3\CS_1293_WEAN_d3_p5_cow2_25102025_ch05-20251025094806_7071_7095.mp4,created,1,1,Pen_5_WEAN_Day_3_25102025,Pen 5 - Group 3,WEAN,3,5,25102025,2,milk feeder|A|None|behind,7071.92,7095.404,7071.92,7095.404,G:\MONITORING CROSS SUCKING IN CALVES - KAPPEL - 2025\Pen 5 - Group 3\WEANING\Day 3\ch05_20251025094806.mp4,ch05_20251025094806.mp4,7007.225445,8408.709734,64.694555,88.178555,Pen 5 - Group 3/WEANING/Day 3/1293.zip
943,1337,CS_1294_WEAN_d3_p5_cowA_25102025_ch05-20251025094806_7311_7326.mp4,Pen 5 - Group 3\WEANING\Day 3\CS_1294_WEAN_d3_p5_cowA_25102025_ch05-20251025094806_7311_7326.mp4,E:\cross_sucking\Pen 5 - Group 3\WEANING\Day 3\CS_1294_WEAN_d3_p5_cowA_25102025_ch05-20251025094806_7311_7326.mp4,created,1,1,Pen_5_WEAN_Day_3_25102025,Pen 5 - Group 3,WEAN,3,5,25102025,A,grain feeder|1|None|behind,7311.404,7326.29,7311.404,7326.29,G:\MONITORING CROSS SUCKING IN CALVES - KAPPEL - 2025\Pen 5 - Group 3\WEANING\Day 3\ch05_20251025094806.mp4,ch05_20251025094806.mp4,7007.225445,8408.709734,304.178555,319.064555,Pen 5 - Group 3/WEANING/Day 3/1294.zip
944,1338,CS_1295_WEAN_d3_p5_cowA_25102025_ch05-20251025094806_7337_7349.mp4,Pen 5 - Group 3\WEANING\Day 3\CS_1295_WEAN_d3_p5_cowA_25102025_ch05-20251025094806_7337_7349.mp4,E:\cross_sucking\Pen 5 - Group 3\WEANING\Day 3\CS_1295_WEAN_d3_p5_cowA_25102025_ch05-20251025094806_7337_7349.mp4,created,1,1,Pen_5_WEAN_Day_3_25102025,Pen 5 - Group 3,WEAN,3,5,25102025,A,grain feeder|1|None|behind,7337.749,7349.449,7337.749,7349.449,G:\MONITORING CROSS SUCKING IN CALVES - KAPPEL - 2025\Pen 5 - Group 3\WEANING\Day 3\ch05_20251025094806.mp4,ch05_20251025094806.mp4,7007.225445,8408.709734,330.523555,342.223555,Pen 5 - Group 3/WEANING/Day 3/1295.zip
945,1339,CS_1296_WEAN_d3_p5_cowA_25102025_ch05-20251025094806_7361_7374.mp4,Pen 5 - Group 3\WEANING\Day 3\CS_1296_WEAN_d3_p5_cowA_25102025_ch05-20251025094806_7361_7374.mp4,E:\cross_sucking\Pen 5 - Group 3\WEANING\Day 3\CS_1296_WEAN_d3_p5_cowA_25102025_ch05-20251025094806_7361_7374.mp4,created,1,1,Pen_5_WEAN_Day_3_25102025,Pen 5 - Group 3,WEAN,3,5,25102025,A,grain feeder|1|None|behind,7361.03,7374.473,7361.03,7374.473,G:\MONITORING CROSS SUCKING IN CALVES - KAPPEL - 2025\Pen 5 - Group 3\WEANING\Day 3\ch05_20251025094806.mp4,ch05_20251025094806.mp4,7007.225445,8408.709734,353.804555,367.247555,Pen 5 - Group 3/WEANING/Day 3/1296.zip
946,1340,CS_1297_WEAN_d3_p5_cow2_25102025_ch05-20251025094806_7385_7400.mp4,Pen 5 - Group 3\WEANING\Day 3\CS_1297_WEAN_d3_p5_cow2_25102025_ch05-20251025094806_7385_7400.mp4,E:\cross_sucking\Pen 5 - Group 3\WEANING\Day 3\CS_1297_WEAN_d3_p5_cow2_25102025_ch05-20251025094806_7385_7400.mp4,created,1,1,Pen_5_WEAN_Day_3_25102025,Pen 5 - Group 3,WEAN,3,5,25102025,2,milk feeder|O|None|behind,7385.843,7400.866,7385.843,7400.866,G:\MONITORING CROSS SUCKING IN CALVES - KAPPEL - 2025\Pen 5 - Group 3\WEANING\Day 3\ch05_20251025094806.mp4,ch05_20251025094806.mp4,7007.225445,8408.709734,378.617555,393.640555,Pen 5 - Group 3/WEANING/Day 3/1297.zip
947,1341,CS_1298_WEAN_d3_p5_cowA_25102025_ch05-20251025094806_7393_7401.mp4,Pen 5 - Group 3\WEANING\Day 3\CS_1298_WEAN_d3_p5_cowA_25102025_ch05-20251025094806_7393_7401.mp4,E:\cross_sucking\Pen 5 - Group 3\WEANING\Day 3\CS_1298_WEAN_d3_p5_cowA_25102025_ch05-20251025094806_7393_7401.mp4,created,1,1,Pen_5_WEAN_Day_3_25102025,Pen 5 - Group 3,WEAN,3,5,25102025,A,other|2|None|side,7393.985,7401.859,7393.985,7401.859,G:\MONITORING CROSS SUCKING IN CALVES - KAPPEL - 2025\Pen 5 - Group 3\WEANING\Day 3\ch05_20251025094806.mp4,ch05_20251025094806.mp4,7007.225445,8408.709734,386.759555,394.633555,Pen 5 - Group 3/WEANING/Day 3/1298.zip
948,1342,CS_1299_WEAN_d3_p5_cow2_25102025_ch05-20251025114545_14068_14105.mp4,Pen 5 - Group 3\WEANING\Day 3\CS_1299_WEAN_d3_p5_cow2_25102025_ch05-20251025114545_14068_14105.mp4,E:\cross_sucking\Pen 5 - Group 3\WEANING\Day 3\CS_1299_WEAN_d3_p5_cow2_25102025_ch05-20251025114545_14068_14105.mp4,created,1,1,Pen_5_WEAN_Day_3_25102025,Pen 5 - Group 3,WEAN,3,5,25102025,2,other|A|None|side,14068.221,14105.81,14068.221,14105.81,G:\MONITORING CROSS SUCKING IN CALVES - KAPPEL - 2025\Pen 5 - Group 3\WEANING\Day 3\ch05_20251025114545.mp4,ch05_20251025114545.mp4,14013.24489,15414.716179,54.97611,92.56511,Pen 5 - Group 3/WEANING/Day 3/1299.zip
949,1346,CS_1303_WEAN_d3_p5_cow8_25102025_ch05-20251025120917_16591_16597.mp4,Pen 5 - Group 3\WEANING\Day 3\CS_1303_WEAN_d3_p5_cow8_25102025_ch05-20251025120917_16591_16597.mp4,E:\cross_sucking\Pen 5 - Group 3\WEANING\Day 3\CS_1303_WEAN_d3_p5_cow8_25102025_ch05-20251025120917_16591_16597.mp4,created,1,1,Pen_5_WEAN_Day_3_25102025,Pen 5 - Group 3,WEAN,3,5,25102025,8,other|A|None|side,16591.515,16597.677,16591.515,16597.677,G:\MONITORING CROSS SUCKING IN CALVES - KAPPEL - 2025\Pen 5 - Group 3\WEANING\Day 3\ch05_20251025120917.mp4,ch05_20251025120917.mp4,15414.716179,16816.088468,1176.798821,1182.960821,Pen 5 - Group 3/WEANING/Day 3/1303.zip
950,1347,CS_1304_WEAN_d3_p5_cowA_25102025_ch05-20251025120917_16601_16605.mp4,Pen 5 - Group 3\WEANING\Day 3\CS_1304_WEAN_d3_p5_cowA_25102025_ch05-20251025120917_16601_16605.mp4,E:\cross_sucking\Pen 5 - Group 3\WEANING\Day 3\CS_1304_WEAN_d3_p5_cowA_25102025_ch05-20251025120917_16601_16605.mp4,created,1,1,Pen_5_WEAN_Day_3_25102025,Pen 5 - Group 3,WEAN,3,5,25102025,A,other|8|None|side,16601.172,16605.278,16601.172,16605.278,G:\MONITORING CROSS SUCKING IN CALVES - KAPPEL - 2025\Pen 5 - Group 3\WEANING\Day 3\ch05_20251025120917.mp4,ch05_20251025120917.mp4,15414.716179,16816.088468,1186.455821,1190.561821,Pen 5 - Group 3/WEANING/Day 3/1304.zip
951,1348,CS_1305_WEAN_d3_p5_cow8_25102025_ch05-20251025120917_16602_16626.mp4,Pen 5 - Group 3\WEANING\Day 3\CS_1305_WEAN_d3_p5_cow8_25102025_ch05-20251025120917_16602_16626.mp4,E:\cross_sucking\Pen 5 - Group 3\WEANING\Day 3\CS_1305_WEAN_d3_p5_cow8_25102025_ch05-20251025120917_16602_16626.mp4,created,1,1,Pen_5_WEAN_Day_3_25102025,Pen 5 - Group 3,WEAN,3,5,25102025,8,other|A|None|side,16602.699,16626.388,16602.699,16626.388,G:\MONITORING CROSS SUCKING IN CALVES - KAPPEL - 2025\Pen 5 - Group 3\WEANING\Day 3\ch05_20251025120917.mp4,ch05_20251025120917.mp4,15414.716179,16816.088468,1187.982821,1211.671821,Pen 5 - Group 3/WEANING/Day 3/1305.zip
952,1349,CS_1306_WEAN_d3_p5_cowT_25102025_ch05-20251025120917_16707_16717.mp4,Pen 5 - Group 3\WEANING\Day 3\CS_1306_WEAN_d3_p5_cowT_25102025_ch05-20251025120917_16707_16717.mp4,E:\cross_sucking\Pen 5 - Group 3\WEANING\Day 3\CS_1306_WEAN_d3_p5_cowT_25102025_ch05-20251025120917_16707_16717.mp4,created,1,1,Pen_5_WEAN_Day_3_25102025,Pen 5 - Group 3,WEAN,3,5,25102025,T,other|8|None|side,16707.631,16717.824,16707.631,16717.824,G:\MONITORING CROSS SUCKING IN CALVES - KAPPEL - 2025\Pen 5 - Group 3\WEANING\Day 3\ch05_20251025120917.mp4,ch05_20251025120917.mp4,15414.716179,16816.088468,1292.914821,1303.107821,Pen 5 - Group 3/WEANING/Day 3/1306.zip
953,1350,CS_1307_WEAN_d3_p5_cowT_25102025_ch05-20251025123249_16896_16907.mp4,Pen 5 - Group 3\WEANING\Day 3\CS_1307_WEAN_d3_p5_cowT_25102025_ch05-20251025123249_16896_16907.mp4,E:\cross_sucking\Pen 5 - Group 3\WEANING\Day 3\CS_1307_WEAN_d3_p5_cowT_25102025_ch05-20251025123249_16896_16907.mp4,created,1,1,Pen_5_WEAN_Day_3_25102025,Pen 5 - Group 3,WEAN,3,5,25102025,T,other|O|None|side,16896.194,16907.045,16896.194,16907.045,G:\MONITORING CROSS SUCKING IN CALVES - KAPPEL - 2025\Pen 5 - Group 3\WEANING\Day 3\ch05_20251025123249.mp4,ch05_20251025123249.mp4,16816.088468,18217.482757,80.105532,90.956532,Pen 5 - Group 3/WEANING/Day 3/1307.zip
954,1351,CS_1308_WEAN_d3_p5_cowT_25102025_ch05-20251025123249_16951_16957.mp4,Pen 5 - Group 3\WEANING\Day 3\CS_1308_WEAN_d3_p5_cowT_25102025_ch05-20251025123249_16951_16957.mp4,E:\cross_sucking\Pen 5 - Group 3\WEANING\Day 3\CS_1308_WEAN_d3_p5_cowT_25102025_ch05-20251025123249_16951_16957.mp4,created,1,1,Pen_5_WEAN_Day_3_25102025,Pen 5 - Group 3,WEAN,3,5,25102025,T,other|O|None|side,16951.3,16957.189,16951.3,16957.189,G:\MONITORING CROSS SUCKING IN CALVES - KAPPEL - 2025\Pen 5 - Group 3\WEANING\Day 3\ch05_20251025123249.mp4,ch05_20251025123249.mp4,16816.088468,18217.482757,135.211532,141.100532,Pen 5 - Group 3/WEANING/Day 3/1308.zip
955,1352,CS_1309_WEAN_d3_p5_cow6_25102025_ch05-20251025123249_17168_17208.mp4,Pen 5 - Group 3\WEANING\Day 3\CS_1309_WEAN_d3_p5_cow6_25102025_ch05-20251025123249_17168_17208.mp4,E:\cross_sucking\Pen 5 - Group 3\WEANING\Day 3\CS_1309_WEAN_d3_p5_cow6_25102025_ch05-20251025123249_17168_17208.mp4,created,1,1,Pen_5_WEAN_Day_3_25102025,Pen 5 - Group 3,WEAN,3,5,25102025,6,milk feeder|/|None|behind,17168.988,17208.346,17168.988,17208.346,G:\MONITORING CROSS SUCKING IN CALVES - KAPPEL - 2025\Pen 5 - Group 3\WEANING\Day 3\ch05_20251025123249.mp4,ch05_20251025123249.mp4,16816.088468,18217.482757,352.899532,392.257532,Pen 5 - Group 3/WEANING/Day 3/1309.zip
956,1353,CS_1310_WEAN_d3_p5_cow8_25102025_ch05-20251025123249_17298_17473.mp4,Pen 5 - Group 3\WEANING\Day 3\CS_1310_WEAN_d3_p5_cow8_25102025_ch05-20251025123249_17298_17473.mp4,E:\cross_sucking\Pen 5 - Group 3\WEANING\Day 3\CS_1310_WEAN_d3_p5_cow8_25102025_ch05-20251025123249_17298_17473.mp4,created,1,1,Pen_5_WEAN_Day_3_25102025,Pen 5 - Group 3,WEAN,3,5,25102025,8,hay|A|None|side,17298.12,17473.315,17298.12,17473.315,G:\MONITORING CROSS SUCKING IN CALVES - KAPPEL - 2025\Pen 5 - Group 3\WEANING\Day 3\ch05_20251025123249.mp4,ch05_20251025123249.mp4,16816.088468,18217.482757,482.031532,657.226532,Pen 5 - Group 3/WEANING/Day 3/1310.zip
957,1355,CS_1312_WEAN_d3_p5_cowslash_25102025_ch05-20251025123249_17519_17528.mp4,Pen 5 - Group 3\WEANING\Day 3\CS_1312_WEAN_d3_p5_cowslash_25102025_ch05-20251025123249_17519_17528.mp4,E:\cross_sucking\Pen 5 - Group 3\WEANING\Day 3\CS_1312_WEAN_d3_p5_cowslash_25102025_ch05-20251025123249_17519_17528.mp4,created,1,1,Pen_5_WEAN_Day_3_25102025,Pen 5 - Group 3,WEAN,3,5,25102025,/,other|1|None|side,17519.884,17528.633,17519.884,17528.633,G:\MONITORING CROSS SUCKING IN CALVES - KAPPEL - 2025\Pen 5 - Group 3\WEANING\Day 3\ch05_20251025123249.mp4,ch05_20251025123249.mp4,16816.088468,18217.482757,703.795532,712.544532,Pen 5 - Group 3/WEANING/Day 3/1312.zip
958,1356,CS_1313_WEAN_d3_p5_cow2_25102025_ch05-20251025125621_18253_18272.mp4,Pen 5 - Group 3\WEANING\Day 3\CS_1313_WEAN_d3_p5_cow2_25102025_ch05-20251025125621_18253_18272.mp4,E:\cross_sucking\Pen 5 - Group 3\WEANING\Day 3\CS_1313_WEAN_d3_p5_cow2_25102025_ch05-20251025125621_18253_18272.mp4,created,1,1,Pen_5_WEAN_Day_3_25102025,Pen 5 - Group 3,WEAN,3,5,25102025,2,other|1|None|side,18253.275,18272.855,18253.275,18272.855,G:\MONITORING CROSS SUCKING IN CALVES - KAPPEL - 2025\Pen 5 - Group 3\WEANING\Day 3\ch05_20251025125621.mp4,ch05_20251025125621.mp4,18217.482757,19617.928046,35.792243,55.372243,Pen 5 - Group 3/WEANING/Day 3/1313.zip
959,1357,CS_1314_WEAN_d3_p5_cow6_25102025_ch05-20251025140656_23514_23532.mp4,Pen 5 - Group 3\WEANING\Day 3\CS_1314_WEAN_d3_p5_cow6_25102025_ch05-20251025140656_23514_23532.mp4,E:\cross_sucking\Pen 5 - Group 3\WEANING\Day 3\CS_1314_WEAN_d3_p5_cow6_25102025_ch05-20251025140656_23514_23532.mp4,created,1,1,Pen_5_WEAN_Day_3_25102025,Pen 5 - Group 3,WEAN,3,5,25102025,6,milk feeder|8|None|behind,23514.496,23532.827,23514.496,23532.827,G:\MONITORING CROSS SUCKING IN CALVES - KAPPEL - 2025\Pen 5 - Group 3\WEANING\Day 3\ch05_20251025140656.mp4,ch05_20251025140656.mp4,22420.549624,23821.927913,1093.946376,1112.277376,Pen 5 - Group 3/WEANING/Day 3/1314.zip
960,1358,CS_1315_WEAN_d3_p5_cowO_25102025_ch05-20251025145400_25478_25484.mp4,Pen 5 - Group 3\WEANING\Day 3\CS_1315_WEAN_d3_p5_cowO_25102025_ch05-20251025145400_25478_25484.mp4,E:\cross_sucking\Pen 5 - Group 3\WEANING\Day 3\CS_1315_WEAN_d3_p5_cowO_25102025_ch05-20251025145400_25478_25484.mp4,created,1,1,Pen_5_WEAN_Day_3_25102025,Pen 5 - Group 3,WEAN,3,5,25102025,O,grain feeder|A|None|behind,25478.035,25484.585,25478.035,25484.585,G:\MONITORING CROSS SUCKING IN CALVES - KAPPEL - 2025\Pen 5 - Group 3\WEANING\Day 3\ch05_20251025145400.mp4,ch05_20251025145400.mp4,25223.300202,26624.657491,254.734798,261.284798,Pen 5 - Group 3/WEANING/Day 3/1315.zip
961,1359,CS_1316_WEAN_d3_p5_cowO_25102025_ch05-20251025145400_25487_25496.mp4,Pen 5 - Group 3\WEANING\Day 3\CS_1316_WEAN_d3_p5_cowO_25102025_ch05-20251025145400_25487_25496.mp4,E:\cross_sucking\Pen 5 - Group 3\WEANING\Day 3\CS_1316_WEAN_d3_p5_cowO_25102025_ch05-20251025145400_25487_25496.mp4,created,1,1,Pen_5_WEAN_Day_3_25102025,Pen 5 - Group 3,WEAN,3,5,25102025,O,grain feeder|A|None|side,25487.101,25496.56,25487.101,25496.56,G:\MONITORING CROSS SUCKING IN CALVES - KAPPEL - 2025\Pen 5 - Group 3\WEANING\Day 3\ch05_20251025145400.mp4,ch05_20251025145400.mp4,25223.300202,26624.657491,263.800798,273.259798,Pen 5 - Group 3/WEANING/Day 3/1316.zip
962,1360,CS_1317_WEAN_d3_p5_cowO_25102025_ch05-20251025145400_25497_25687.mp4,Pen 5 - Group 3\WEANING\Day 3\CS_1317_WEAN_d3_p5_cowO_25102025_ch05-20251025145400_25497_25687.mp4,E:\cross_sucking\Pen 5 - Group 3\WEANING\Day 3\CS_1317_WEAN_d3_p5_cowO_25102025_ch05-20251025145400_25497_25687.mp4,created,1,1,Pen_5_WEAN_Day_3_25102025,Pen 5 - Group 3,WEAN,3,5,25102025,O,grain feeder|A|None|behind,25497.354,25687.506,25497.354,25687.506,G:\MONITORING CROSS SUCKING IN CALVES - KAPPEL - 2025\Pen 5 - Group 3\WEANING\Day 3\ch05_20251025145400.mp4,ch05_20251025145400.mp4,25223.300202,26624.657491,274.053798,464.205798,Pen 5 - Group 3/WEANING/Day 3/1317.zip
963,1361,CS_1318_WEAN_d3_p5_cowO_25102025_ch05-20251025145400_25697_25711.mp4,Pen 5 - Group 3\WEANING\Day 3\CS_1318_WEAN_d3_p5_cowO_25102025_ch05-20251025145400_25697_25711.mp4,E:\cross_sucking\Pen 5 - Group 3\WEANING\Day 3\CS_1318_WEAN_d3_p5_cowO_25102025_ch05-20251025145400_25697_25711.mp4,created,1,1,Pen_5_WEAN_Day_3_25102025,Pen 5 - Group 3,WEAN,3,5,25102025,O,grain feeder|A|None|behind,25697.1,25711.066,25697.1,25711.066,G:\MONITORING CROSS SUCKING IN CALVES - KAPPEL - 2025\Pen 5 - Group 3\WEANING\Day 3\ch05_20251025145400.mp4,ch05_20251025145400.mp4,25223.300202,26624.657491,473.799798,487.765798,Pen 5 - Group 3/WEANING/Day 3/1318.zip
964,1362,CS_1319_WEAN_d3_p5_cowT_25102025_ch05-20251025154104_28285_28308.mp4,Pen 5 - Group 3\WEANING\Day 3\CS_1319_WEAN_d3_p5_cowT_25102025_ch05-20251025154104_28285_28308.mp4,E:\cross_sucking\Pen 5 - Group 3\WEANING\Day 3\CS_1319_WEAN_d3_p5_cowT_25102025_ch05-20251025154104_28285_28308.mp4,created,1,1,Pen_5_WEAN_Day_3_25102025,Pen 5 - Group 3,WEAN,3,5,25102025,T,other|/|None|side,28285.943,28308.903,28285.943,28308.903,G:\MONITORING CROSS SUCKING IN CALVES - KAPPEL - 2025\Pen 5 - Group 3\WEANING\Day 3\ch05_20251025154104.mp4,ch05_20251025154104.mp4,28026.10078,29427.572069,259.84222,282.80222,Pen 5 - Group 3/WEANING/Day 3/1319.zip
965,1363,CS_1320_WEAN_d3_p5_cowT_25102025_ch05-20251025154104_28327_28359.mp4,Pen 5 - Group 3\WEANING\Day 3\CS_1320_WEAN_d3_p5_cowT_25102025_ch05-20251025154104_28327_28359.mp4,E:\cross_sucking\Pen 5 - Group 3\WEANING\Day 3\CS_1320_WEAN_d3_p5_cowT_25102025_ch05-20251025154104_28327_28359.mp4,created,1,1,Pen_5_WEAN_Day_3_25102025,Pen 5 - Group 3,WEAN,3,5,25102025,T,other|1|None|side,28327.029,28359.39,28327.029,28359.39,G:\MONITORING CROSS SUCKING IN CALVES - KAPPEL - 2025\Pen 5 - Group 3\WEANING\Day 3\ch05_20251025154104.mp4,ch05_20251025154104.mp4,28026.10078,29427.572069,300.92822,333.28922,Pen 5 - Group 3/WEANING/Day 3/1320.zip
966,1364,CS_1321_WEAN_d3_p5_cow6_25102025_ch05-20251025160436_29850_29857.mp4,Pen 5 - Group 3\WEANING\Day 3\CS_1321_WEAN_d3_p5_cow6_25102025_ch05-20251025160436_29850_29857.mp4,E:\cross_sucking\Pen 5 - Group 3\WEANING\Day 3\CS_1321_WEAN_d3_p5_cow6_25102025_ch05-20251025160436_29850_29857.mp4,created,1,1,Pen_5_WEAN_Day_3_25102025,Pen 5 - Group 3,WEAN,3,5,25102025,6,other|8|None|side,29850.833,29857.186,29850.833,29857.186,G:\MONITORING CROSS SUCKING IN CALVES - KAPPEL - 2025\Pen 5 - Group 3\WEANING\Day 3\ch05_20251025160436.mp4,ch05_20251025160436.mp4,29427.572069,30829.000358,423.260931,429.613931,Pen 5 - Group 3/WEANING/Day 3/1321.zip
967,1365,CS_1322_WEAN_d3_p5_cowT_25102025_ch05-20251025160436_30075_30087.mp4,Pen 5 - Group 3\WEANING\Day 3\CS_1322_WEAN_d3_p5_cowT_25102025_ch05-20251025160436_30075_30087.mp4,E:\cross_sucking\Pen 5 - Group 3\WEANING\Day 3\CS_1322_WEAN_d3_p5_cowT_25102025_ch05-20251025160436_30075_30087.mp4,created,1,1,Pen_5_WEAN_Day_3_25102025,Pen 5 - Group 3,WEAN,3,5,25102025,T,other|O|None|side,30075.011,30087.515,30075.011,30087.515,G:\MONITORING CROSS SUCKING IN CALVES - KAPPEL - 2025\Pen 5 - Group 3\WEANING\Day 3\ch05_20251025160436.mp4,ch05_20251025160436.mp4,29427.572069,30829.000358,647.438931,659.942931,Pen 5 - Group 3/WEANING/Day 3/1322.zip
968,1366,CS_1323_WEAN_d3_p5_cowA_25102025_ch05-20251025160436_30277_30281.mp4,Pen 5 - Group 3\WEANING\Day 3\CS_1323_WEAN_d3_p5_cowA_25102025_ch05-20251025160436_30277_30281.mp4,E:\cross_sucking\Pen 5 - Group 3\WEANING\Day 3\CS_1323_WEAN_d3_p5_cowA_25102025_ch05-20251025160436_30277_30281.mp4,created,1,1,Pen_5_WEAN_Day_3_25102025,Pen 5 - Group 3,WEAN,3,5,25102025,A,other|T|None|side,30277.392,30281.758,30277.392,30281.758,G:\MONITORING CROSS SUCKING IN CALVES - KAPPEL - 2025\Pen 5 - Group 3\WEANING\Day 3\ch05_20251025160436.mp4,ch05_20251025160436.mp4,29427.572069,30829.000358,849.819931,854.185931,Pen 5 - Group 3/WEANING/Day 3/1323.zip
969,1367,CS_1324_WEAN_d3_p5_cowA_25102025_ch05-20251025160436_30284_30286.mp4,Pen 5 - Group 3\WEANING\Day 3\CS_1324_WEAN_d3_p5_cowA_25102025_ch05-20251025160436_30284_30286.mp4,E:\cross_sucking\Pen 5 - Group 3\WEANING\Day 3\CS_1324_WEAN_d3_p5_cowA_25102025_ch05-20251025160436_30284_30286.mp4,created,1,1,Pen_5_WEAN_Day_3_25102025,Pen 5 - Group 3,WEAN,3,5,25102025,A,other|T|None|side,30284.408,30286.789,30284.408,30286.789,G:\MONITORING CROSS SUCKING IN CALVES - KAPPEL - 2025\Pen 5 - Group 3\WEANING\Day 3\ch05_20251025160436.mp4,ch05_20251025160436.mp4,29427.572069,30829.000358,856.835931,859.216931,Pen 5 - Group 3/WEANING/Day 3/1324.zip
970,1368,CS_1325_WEAN_d3_p5_cowT_25102025_ch05-20251025162808_30890_30918.mp4,Pen 5 - Group 3\WEANING\Day 3\CS_1325_WEAN_d3_p5_cowT_25102025_ch05-20251025162808_30890_30918.mp4,E:\cross_sucking\Pen 5 - Group 3\WEANING\Day 3\CS_1325_WEAN_d3_p5_cowT_25102025_ch05-20251025162808_30890_30918.mp4,created,1,1,Pen_5_WEAN_Day_3_25102025,Pen 5 - Group 3,WEAN,3,5,25102025,T,other|O|None|behind,30890.198,30918.511,30890.198,30918.511,G:\MONITORING CROSS SUCKING IN CALVES - KAPPEL - 2025\Pen 5 - Group 3\WEANING\Day 3\ch05_20251025162808.mp4,ch05_20251025162808.mp4,30829.000358,32230.468647,61.197642,89.510642,Pen 5 - Group 3/WEANING/Day 3/1325.zip
971,1369,CS_1326_WEAN_d3_p5_cowT_25102025_ch05-20251025162808_30944_30980.mp4,Pen 5 - Group 3\WEANING\Day 3\CS_1326_WEAN_d3_p5_cowT_25102025_ch05-20251025162808_30944_30980.mp4,E:\cross_sucking\Pen 5 - Group 3\WEANING\Day 3\CS_1326_WEAN_d3_p5_cowT_25102025_ch05-20251025162808_30944_30980.mp4,created,1,1,Pen_5_WEAN_Day_3_25102025,Pen 5 - Group 3,WEAN,3,5,25102025,T,other|O|None|behind,30944.249,30980.853,30944.249,30980.853,G:\MONITORING CROSS SUCKING IN CALVES - KAPPEL - 2025\Pen 5 - Group 3\WEANING\Day 3\ch05_20251025162808.mp4,ch05_20251025162808.mp4,30829.000358,32230.468647,115.248642,151.852642,Pen 5 - Group 3/WEANING/Day 3/1326.zip
972,1370,CS_1327_WEAN_d3_p5_cowT_25102025_ch05-20251025162808_31503_31538.mp4,Pen 5 - Group 3\WEANING\Day 3\CS_1327_WEAN_d3_p5_cowT_25102025_ch05-20251025162808_31503_31538.mp4,E:\cross_sucking\Pen 5 - Group 3\WEANING\Day 3\CS_1327_WEAN_d3_p5_cowT_25102025_ch05-20251025162808_31503_31538.mp4,created,1,1,Pen_5_WEAN_Day_3_25102025,Pen 5 - Group 3,WEAN,3,5,25102025,T,other|1|None|side,31503.762,31538.585,31503.762,31538.585,G:\MONITORING CROSS SUCKING IN CALVES - KAPPEL - 2025\Pen 5 - Group 3\WEANING\Day 3\ch05_20251025162808.mp4,ch05_20251025162808.mp4,30829.000358,32230.468647,674.761642,709.584642,Pen 5 - Group 3/WEANING/Day 3/1327.zip
973,1371,CS_1328_WEAN_d3_p5_cow2_25102025_ch05-20251025165140_32503_32505.mp4,Pen 5 - Group 3\WEANING\Day 3\CS_1328_WEAN_d3_p5_cow2_25102025_ch05-20251025165140_32503_32505.mp4,E:\cross_sucking\Pen 5 - Group 3\WEANING\Day 3\CS_1328_WEAN_d3_p5_cow2_25102025_ch05-20251025165140_32503_32505.mp4,created,1,1,Pen_5_WEAN_Day_3_25102025,Pen 5 - Group 3,WEAN,3,5,25102025,2,other|O|None|side,32503.204,32505.986,32503.204,32505.986,G:\MONITORING CROSS SUCKING IN CALVES - KAPPEL - 2025\Pen 5 - Group 3\WEANING\Day 3\ch05_20251025165140.mp4,ch05_20251025165140.mp4,32230.468647,33631.91658,272.735353,275.517353,Pen 5 - Group 3/WEANING/Day 3/1328.zip
974,1372,CS_1329_WEAN_d3_p5_cowO_25102025_ch05-20251025165140_32618_32798.mp4,Pen 5 - Group 3\WEANING\Day 3\CS_1329_WEAN_d3_p5_cowO_25102025_ch05-20251025165140_32618_32798.mp4,E:\cross_sucking\Pen 5 - Group 3\WEANING\Day 3\CS_1329_WEAN_d3_p5_cowO_25102025_ch05-20251025165140_32618_32798.mp4,created,1,1,Pen_5_WEAN_Day_3_25102025,Pen 5 - Group 3,WEAN,3,5,25102025,O,other|1|None|side,32618.604,32798.518,32618.604,32798.518,G:\MONITORING CROSS SUCKING IN CALVES - KAPPEL - 2025\Pen 5 - Group 3\WEANING\Day 3\ch05_20251025165140.mp4,ch05_20251025165140.mp4,32230.468647,33631.91658,388.135353,568.049353,Pen 5 - Group 3/WEANING/Day 3/1329.zip
975,1374,CS_1331_WEAN_d3_p5_cowA_25102025_ch05-20251025211031_48004_48127.mp4,Pen 5 - Group 3\WEANING\Day 3\CS_1331_WEAN_d3_p5_cowA_25102025_ch05-20251025211031_48004_48127.mp4,E:\cross_sucking\Pen 5 - Group 3\WEANING\Day 3\CS_1331_WEAN_d3_p5_cowA_25102025_ch05-20251025211031_48004_48127.mp4,created,1,1,Pen_5_WEAN_Day_3_25102025,Pen 5 - Group 3,WEAN,3,5,25102025,A,milk feeder|6|None|behind,48004.766,48127.316,48004.766,48127.316,G:\MONITORING CROSS SUCKING IN CALVES - KAPPEL - 2025\Pen 5 - Group 3\WEANING\Day 3\ch05_20251025211031.mp4,ch05_20251025211031.mp4,47645.316114,49046.711403,359.449886,481.999886,Pen 5 - Group 3/WEANING/Day 3/1331.zip
976,1375,CS_1332_WEAN_d3_p5_cowA_25102025_ch05-20251025211031_48129_48146.mp4,Pen 5 - Group 3\WEANING\Day 3\CS_1332_WEAN_d3_p5_cowA_25102025_ch05-20251025211031_48129_48146.mp4,E:\cross_sucking\Pen 5 - Group 3\WEANING\Day 3\CS_1332_WEAN_d3_p5_cowA_25102025_ch05-20251025211031_48129_48146.mp4,created,1,1,Pen_5_WEAN_Day_3_25102025,Pen 5 - Group 3,WEAN,3,5,25102025,A,milk feeder|6|None|behind,48129.308,48146.507,48129.308,48146.507,G:\MONITORING CROSS SUCKING IN CALVES - KAPPEL - 2025\Pen 5 - Group 3\WEANING\Day 3\ch05_20251025211031.mp4,ch05_20251025211031.mp4,47645.316114,49046.711403,483.991886,501.190886,Pen 5 - Group 3/WEANING/Day 3/1332.zip
977,1376,CS_1333_WEAN_d3_p5_cowA_25102025_ch05-20251025211031_48160_48246.mp4,Pen 5 - Group 3\WEANING\Day 3\CS_1333_WEAN_d3_p5_cowA_25102025_ch05-20251025211031_48160_48246.mp4,E:\cross_sucking\Pen 5 - Group 3\WEANING\Day 3\CS_1333_WEAN_d3_p5_cowA_25102025_ch05-20251025211031_48160_48246.mp4,created,1,1,Pen_5_WEAN_Day_3_25102025,Pen 5 - Group 3,WEAN,3,5,25102025,A,milk feeder|T|None|behind,48160.326,48246.807,48160.326,48246.807,G:\MONITORING CROSS SUCKING IN CALVES - KAPPEL - 2025\Pen 5 - Group 3\WEANING\Day 3\ch05_20251025211031.mp4,ch05_20251025211031.mp4,47645.316114,49046.711403,515.009886,601.490886,Pen 5 - Group 3/WEANING/Day 3/1333.zip
978,1377,CS_1334_WEAN_d3_p5_cowA_25102025_ch05-20251025211031_48256_48335.mp4,Pen 5 - Group 3\WEANING\Day 3\CS_1334_WEAN_d3_p5_cowA_25102025_ch05-20251025211031_48256_48335.mp4,E:\cross_sucking\Pen 5 - Group 3\WEANING\Day 3\CS_1334_WEAN_d3_p5_cowA_25102025_ch05-20251025211031_48256_48335.mp4,created,1,1,Pen_5_WEAN_Day_3_25102025,Pen 5 - Group 3,WEAN,3,5,25102025,A,milk feeder|T|None|behind,48256.871,48335.19,48256.871,48335.19,G:\MONITORING CROSS SUCKING IN CALVES - KAPPEL - 2025\Pen 5 - Group 3\WEANING\Day 3\ch05_20251025211031.mp4,ch05_20251025211031.mp4,47645.316114,49046.711403,611.554886,689.873886,Pen 5 - Group 3/WEANING/Day 3/1334.zip
979,1378,CS_1335_WEAN_d3_p5_cowA_25102025_ch05-20251025211031_48345_48422.mp4,Pen 5 - Group 3\WEANING\Day 3\CS_1335_WEAN_d3_p5_cowA_25102025_ch05-20251025211031_48345_48422.mp4,E:\cross_sucking\Pen 5 - Group 3\WEANING\Day 3\CS_1335_WEAN_d3_p5_cowA_25102025_ch05-20251025211031_48345_48422.mp4,created,1,1,Pen_5_WEAN_Day_3_25102025,Pen 5 - Group 3,WEAN,3,5,25102025,A,milk feeder|T|None|behind,48345.312,48422.773,48345.312,48422.773,G:\MONITORING CROSS SUCKING IN CALVES - KAPPEL - 2025\Pen 5 - Group 3\WEANING\Day 3\ch05_20251025211031.mp4,ch05_20251025211031.mp4,47645.316114,49046.711403,699.995886,777.456886,Pen 5 - Group 3/WEANING/Day 3/1335.zip
980,1379,CS_1336_WEAN_d3_p5_cow8_25102025_ch05-20251025211031_48440_48443.mp4,Pen 5 - Group 3\WEANING\Day 3\CS_1336_WEAN_d3_p5_cow8_25102025_ch05-20251025211031_48440_48443.mp4,E:\cross_sucking\Pen 5 - Group 3\WEANING\Day 3\CS_1336_WEAN_d3_p5_cow8_25102025_ch05-20251025211031_48440_48443.mp4,created,1,1,Pen_5_WEAN_Day_3_25102025,Pen 5 - Group 3,WEAN,3,5,25102025,8,milk feeder|A|None|behind,48440.046,48443.227,48440.046,48443.227,G:\MONITORING CROSS SUCKING IN CALVES - KAPPEL - 2025\Pen 5 - Group 3\WEANING\Day 3\ch05_20251025211031.mp4,ch05_20251025211031.mp4,47645.316114,49046.711403,794.729886,797.910886,Pen 5 - Group 3/WEANING/Day 3/1336.zip
981,1380,CS_1337_WEAN_d3_p5_cowT_25102025_ch05-20251025211031_48520_48557.mp4,Pen 5 - Group 3\WEANING\Day 3\CS_1337_WEAN_d3_p5_cowT_25102025_ch05-20251025211031_48520_48557.mp4,E:\cross_sucking\Pen 5 - Group 3\WEANING\Day 3\CS_1337_WEAN_d3_p5_cowT_25102025_ch05-20251025211031_48520_48557.mp4,created,1,1,Pen_5_WEAN_Day_3_25102025,Pen 5 - Group 3,WEAN,3,5,25102025,T,milk feeder|A|None|behind,48520.71,48557.501,48520.71,48557.501,G:\MONITORING CROSS SUCKING IN CALVES - KAPPEL - 2025\Pen 5 - Group 3\WEANING\Day 3\ch05_20251025211031.mp4,ch05_20251025211031.mp4,47645.316114,49046.711403,875.393886,912.184886,Pen 5 - Group 3/WEANING/Day 3/1337.zip
982,1381,CS_1338_WEAN_d3_p5_cowT_25102025_ch05-20251025211031_48566_48569.mp4,Pen 5 - Group 3\WEANING\Day 3\CS_1338_WEAN_d3_p5_cowT_25102025_ch05-20251025211031_48566_48569.mp4,E:\cross_sucking\Pen 5 - Group 3\WEANING\Day 3\CS_1338_WEAN_d3_p5_cowT_25102025_ch05-20251025211031_48566_48569.mp4,created,1,1,Pen_5_WEAN_Day_3_25102025,Pen 5 - Group 3,WEAN,3,5,25102025,T,other|8|None|side,48566.369,48569.146,48566.369,48569.146,G:\MONITORING CROSS SUCKING IN CALVES - KAPPEL - 2025\Pen 5 - Group 3\WEANING\Day 3\ch05_20251025211031.mp4,ch05_20251025211031.mp4,47645.316114,49046.711403,921.052886,923.829886,Pen 5 - Group 3/WEANING/Day 3/1338.zip
983,1382,CS_1339_WEAN_d3_p5_cowT_25102025_ch05-20251025211031_48591_48600.mp4,Pen 5 - Group 3\WEANING\Day 3\CS_1339_WEAN_d3_p5_cowT_25102025_ch05-20251025211031_48591_48600.mp4,E:\cross_sucking\Pen 5 - Group 3\WEANING\Day 3\CS_1339_WEAN_d3_p5_cowT_25102025_ch05-20251025211031_48591_48600.mp4,created,1,1,Pen_5_WEAN_Day_3_25102025,Pen 5 - Group 3,WEAN,3,5,25102025,T,other|8|None|side,48591.705,48600.439,48591.705,48600.439,G:\MONITORING CROSS SUCKING IN CALVES - KAPPEL - 2025\Pen 5 - Group 3\WEANING\Day 3\ch05_20251025211031.mp4,ch05_20251025211031.mp4,47645.316114,49046.711403,946.388886,955.122886,Pen 5 - Group 3/WEANING/Day 3/1339.zip
984,1383,CS_1340_WEAN_d3_p5_cowT_25102025_ch05-20251025211031_48602_48641.mp4,Pen 5 - Group 3\WEANING\Day 3\CS_1340_WEAN_d3_p5_cowT_25102025_ch05-20251025211031_48602_48641.mp4,E:\cross_sucking\Pen 5 - Group 3\WEANING\Day 3\CS_1340_WEAN_d3_p5_cowT_25102025_ch05-20251025211031_48602_48641.mp4,created,1,1,Pen_5_WEAN_Day_3_25102025,Pen 5 - Group 3,WEAN,3,5,25102025,T,other|8|None|side,48602.225,48641.524,48602.225,48641.524,G:\MONITORING CROSS SUCKING IN CALVES - KAPPEL - 2025\Pen 5 - Group 3\WEANING\Day 3\ch05_20251025211031.mp4,ch05_20251025211031.mp4,47645.316114,49046.711403,956.908886,996.207886,Pen 5 - Group 3/WEANING/Day 3/1340.zip
985,1384,CS_1341_WEAN_d3_p5_cowT_25102025_ch05-20251025211031_48643_48668.mp4,Pen 5 - Group 3\WEANING\Day 3\CS_1341_WEAN_d3_p5_cowT_25102025_ch05-20251025211031_48643_48668.mp4,E:\cross_sucking\Pen 5 - Group 3\WEANING\Day 3\CS_1341_WEAN_d3_p5_cowT_25102025_ch05-20251025211031_48643_48668.mp4,created,1,1,Pen_5_WEAN_Day_3_25102025,Pen 5 - Group 3,WEAN,3,5,25102025,T,other|8|None|side,48643.972,48668.192,48643.972,48668.192,G:\MONITORING CROSS SUCKING IN CALVES - KAPPEL - 2025\Pen 5 - Group 3\WEANING\Day 3\ch05_20251025211031.mp4,ch05_20251025211031.mp4,47645.316114,49046.711403,998.655886,1022.875886,Pen 5 - Group 3/WEANING/Day 3/1341.zip
986,1385,CS_1342_WEAN_d3_p5_cowA_25102025_ch05-20251025211031_48716_48753.mp4,Pen 5 - Group 3\WEANING\Day 3\CS_1342_WEAN_d3_p5_cowA_25102025_ch05-20251025211031_48716_48753.mp4,E:\cross_sucking\Pen 5 - Group 3\WEANING\Day 3\CS_1342_WEAN_d3_p5_cowA_25102025_ch05-20251025211031_48716_48753.mp4,created,1,1,Pen_5_WEAN_Day_3_25102025,Pen 5 - Group 3,WEAN,3,5,25102025,A,other|6|None|side,48716.692,48753.478,48716.692,48753.478,G:\MONITORING CROSS SUCKING IN CALVES - KAPPEL - 2025\Pen 5 - Group 3\WEANING\Day 3\ch05_20251025211031.mp4,ch05_20251025211031.mp4,47645.316114,49046.711403,1071.375886,1108.161886,Pen 5 - Group 3/WEANING/Day 3/1342.zip
987,1386,CS_1343_WEAN_d3_p5_cowT_25102025_ch05-20251025211031_48735_48790.mp4,Pen 5 - Group 3\WEANING\Day 3\CS_1343_WEAN_d3_p5_cowT_25102025_ch05-20251025211031_48735_48790.mp4,E:\cross_sucking\Pen 5 - Group 3\WEANING\Day 3\CS_1343_WEAN_d3_p5_cowT_25102025_ch05-20251025211031_48735_48790.mp4,created,1,1,Pen_5_WEAN_Day_3_25102025,Pen 5 - Group 3,WEAN,3,5,25102025,T,other|2|None|side,48735.149,48790.976,48735.149,48790.976,G:\MONITORING CROSS SUCKING IN CALVES - KAPPEL - 2025\Pen 5 - Group 3\WEANING\Day 3\ch05_20251025211031.mp4,ch05_20251025211031.mp4,47645.316114,49046.711403,1089.832886,1145.659886,Pen 5 - Group 3/WEANING/Day 3/1343.zip
988,1388,CS_1345_WEAN_d3_p5_cowA_25102025_ch05-20251025211031_48756_48797.mp4,Pen 5 - Group 3\WEANING\Day 3\CS_1345_WEAN_d3_p5_cowA_25102025_ch05-20251025211031_48756_48797.mp4,E:\cross_sucking\Pen 5 - Group 3\WEANING\Day 3\CS_1345_WEAN_d3_p5_cowA_25102025_ch05-20251025211031_48756_48797.mp4,created,1,1,Pen_5_WEAN_Day_3_25102025,Pen 5 - Group 3,WEAN,3,5,25102025,A,other|6|None|side,48756.059,48797.727,48756.059,48797.727,G:\MONITORING CROSS SUCKING IN CALVES - KAPPEL - 2025\Pen 5 - Group 3\WEANING\Day 3\ch05_20251025211031.mp4,ch05_20251025211031.mp4,47645.316114,49046.711403,1110.742886,1152.410886,Pen 5 - Group 3/WEANING/Day 3/1345.zip
989,1390,CS_1347_WEAN_d3_p5_cowT_25102025_ch05-20251025211031_48799_48830.mp4,Pen 5 - Group 3\WEANING\Day 3\CS_1347_WEAN_d3_p5_cowT_25102025_ch05-20251025211031_48799_48830.mp4,E:\cross_sucking\Pen 5 - Group 3\WEANING\Day 3\CS_1347_WEAN_d3_p5_cowT_25102025_ch05-20251025211031_48799_48830.mp4,created,1,1,Pen_5_WEAN_Day_3_25102025,Pen 5 - Group 3,WEAN,3,5,25102025,T,other|2|None|side,48799.583,48830.813,48799.583,48830.813,G:\MONITORING CROSS SUCKING IN CALVES - KAPPEL - 2025\Pen 5 - Group 3\WEANING\Day 3\ch05_20251025211031.mp4,ch05_20251025211031.mp4,47645.316114,49046.711403,1154.266886,1185.496886,Pen 5 - Group 3/WEANING/Day 3/1347.zip
990,1391,CS_1348_WEAN_d3_p5_cowA_25102025_ch05-20251025211031_48802_48865.mp4,Pen 5 - Group 3\WEANING\Day 3\CS_1348_WEAN_d3_p5_cowA_25102025_ch05-20251025211031_48802_48865.mp4,E:\cross_sucking\Pen 5 - Group 3\WEANING\Day 3\CS_1348_WEAN_d3_p5_cowA_25102025_ch05-20251025211031_48802_48865.mp4,created,1,1,Pen_5_WEAN_Day_3_25102025,Pen 5 - Group 3,WEAN,3,5,25102025,A,other|6|None|side,48802.558,48865.542,48802.558,48865.542,G:\MONITORING CROSS SUCKING IN CALVES - KAPPEL - 2025\Pen 5 - Group 3\WEANING\Day 3\ch05_20251025211031.mp4,ch05_20251025211031.mp4,47645.316114,49046.711403,1157.241886,1220.225886,Pen 5 - Group 3/WEANING/Day 3/1348.zip
991,1392,CS_1349_WEAN_d3_p5_cowA_25102025_ch05-20251025211031_48887_48937.mp4,Pen 5 - Group 3\WEANING\Day 3\CS_1349_WEAN_d3_p5_cowA_25102025_ch05-20251025211031_48887_48937.mp4,E:\cross_sucking\Pen 5 - Group 3\WEANING\Day 3\CS_1349_WEAN_d3_p5_cowA_25102025_ch05-20251025211031_48887_48937.mp4,created,1,1,Pen_5_WEAN_Day_3_25102025,Pen 5 - Group 3,WEAN,3,5,25102025,A,other|6|None|side,48887.973,48937.2,48887.973,48937.2,G:\MONITORING CROSS SUCKING IN CALVES - KAPPEL - 2025\Pen 5 - Group 3\WEANING\Day 3\ch05_20251025211031.mp4,ch05_20251025211031.mp4,47645.316114,49046.711403,1242.656886,1291.883886,Pen 5 - Group 3/WEANING/Day 3/1349.zip
992,1393,CS_1350_WEAN_d3_p5_cowA_25102025_ch05-20251025211031_48945_49033.mp4,Pen 5 - Group 3\WEANING\Day 3\CS_1350_WEAN_d3_p5_cowA_25102025_ch05-20251025211031_48945_49033.mp4,E:\cross_sucking\Pen 5 - Group 3\WEANING\Day 3\CS_1350_WEAN_d3_p5_cowA_25102025_ch05-20251025211031_48945_49033.mp4,created,1,1,Pen_5_WEAN_Day_3_25102025,Pen 5 - Group 3,WEAN,3,5,25102025,A,other|6|None|side,48945.274,49033.26,48945.274,49033.26,G:\MONITORING CROSS SUCKING IN CALVES - KAPPEL - 2025\Pen 5 - Group 3\WEANING\Day 3\ch05_20251025211031.mp4,ch05_20251025211031.mp4,47645.316114,49046.711403,1299.957886,1387.943886,Pen 5 - Group 3/WEANING/Day 3/1350.zip
993,1394,CS_1351_WEAN_d3_p5_cowA_25102025_ch05-20251025213403_49066_49072.mp4,Pen 5 - Group 3\WEANING\Day 3\CS_1351_WEAN_d3_p5_cowA_25102025_ch05-20251025213403_49066_49072.mp4,E:\cross_sucking\Pen 5 - Group 3\WEANING\Day 3\CS_1351_WEAN_d3_p5_cowA_25102025_ch05-20251025213403_49066_49072.mp4,created,1,1,Pen_5_WEAN_Day_3_25102025,Pen 5 - Group 3,WEAN,3,5,25102025,A,other|8|None|side,49066.085,49072.766,49066.085,49072.766,G:\MONITORING CROSS SUCKING IN CALVES - KAPPEL - 2025\Pen 5 - Group 3\WEANING\Day 3\ch05_20251025213403.mp4,ch05_20251025213403.mp4,49046.711403,50448.045692,19.373597,26.054597,Pen 5 - Group 3/WEANING/Day 3/1351.zip
994,1395,CS_1352_WEAN_d3_p5_cowA_25102025_ch05-20251025213403_49081_49099.mp4,Pen 5 - Group 3\WEANING\Day 3\CS_1352_WEAN_d3_p5_cowA_25102025_ch05-20251025213403_49081_49099.mp4,E:\cross_sucking\Pen 5 - Group 3\WEANING\Day 3\CS_1352_WEAN_d3_p5_cowA_25102025_ch05-20251025213403_49081_49099.mp4,created,1,1,Pen_5_WEAN_Day_3_25102025,Pen 5 - Group 3,WEAN,3,5,25102025,A,other|8|None|side,49081.098,49099.157,49081.098,49099.157,G:\MONITORING CROSS SUCKING IN CALVES - KAPPEL - 2025\Pen 5 - Group 3\WEANING\Day 3\ch05_20251025213403.mp4,ch05_20251025213403.mp4,49046.711403,50448.045692,34.386597,52.445597,Pen 5 - Group 3/WEANING/Day 3/1352.zip
995,1396,CS_1353_WEAN_d3_p5_cow8_25102025_ch05-20251025213403_49537_49548.mp4,Pen 5 - Group 3\WEANING\Day 3\CS_1353_WEAN_d3_p5_cow8_25102025_ch05-20251025213403_49537_49548.mp4,E:\cross_sucking\Pen 5 - Group 3\WEANING\Day 3\CS_1353_WEAN_d3_p5_cow8_25102025_ch05-20251025213403_49537_49548.mp4,created,1,1,Pen_5_WEAN_Day_3_25102025,Pen 5 - Group 3,WEAN,3,5,25102025,8,other|/|None|behind,49537.637,49548.35,49537.637,49548.35,G:\MONITORING CROSS SUCKING IN CALVES - KAPPEL - 2025\Pen 5 - Group 3\WEANING\Day 3\ch05_20251025213403.mp4,ch05_20251025213403.mp4,49046.711403,50448.045692,490.925597,501.638597,Pen 5 - Group 3/WEANING/Day 3/1353.zip
996,1397,CS_1354_WEAN_d3_p5_cow2_25102025_ch05-20251025224439_53351_53367.mp4,Pen 5 - Group 3\WEANING\Day 3\CS_1354_WEAN_d3_p5_cow2_25102025_ch05-20251025224439_53351_53367.mp4,E:\cross_sucking\Pen 5 - Group 3\WEANING\Day 3\CS_1354_WEAN_d3_p5_cow2_25102025_ch05-20251025224439_53351_53367.mp4,created,1,1,Pen_5_WEAN_Day_3_25102025,Pen 5 - Group 3,WEAN,3,5,25102025,2,milk feeder|O|None|behind,53351.657,53367.208,53351.657,53367.208,G:\MONITORING CROSS SUCKING IN CALVES - KAPPEL - 2025\Pen 5 - Group 3\WEANING\Day 3\ch05_20251025224439.mp4,ch05_20251025224439.mp4,53250.78227,54652.289559,100.87473,116.42573,Pen 5 - Group 3/WEANING/Day 3/1354.zip
997,1398,CS_1355_WEAN_d3_p5_cowO_25102025_ch05-20251025224439_53758_53786.mp4,Pen 5 - Group 3\WEANING\Day 3\CS_1355_WEAN_d3_p5_cowO_25102025_ch05-20251025224439_53758_53786.mp4,E:\cross_sucking\Pen 5 - Group 3\WEANING\Day 3\CS_1355_WEAN_d3_p5_cowO_25102025_ch05-20251025224439_53758_53786.mp4,created,1,1,Pen_5_WEAN_Day_3_25102025,Pen 5 - Group 3,WEAN,3,5,25102025,O,grain feeder|2|None|behind,53758.061,53786.446,53758.061,53786.446,G:\MONITORING CROSS SUCKING IN CALVES - KAPPEL - 2025\Pen 5 - Group 3\WEANING\Day 3\ch05_20251025224439.mp4,ch05_20251025224439.mp4,53250.78227,54652.289559,507.27873,535.66373,Pen 5 - Group 3/WEANING/Day 3/1355.zip
998,1399,CS_1356_WEAN_d3_p5_cow8_25102025_ch05-20251026001847_58922_59020.mp4,Pen 5 - Group 3\WEANING\Day 3\CS_1356_WEAN_d3_p5_cow8_25102025_ch05-20251026001847_58922_59020.mp4,E:\cross_sucking\Pen 5 - Group 3\WEANING\Day 3\CS_1356_WEAN_d3_p5_cow8_25102025_ch05-20251026001847_58922_59020.mp4,created,1,1,Pen_5_WEAN_Day_3_25102025,Pen 5 - Group 3,WEAN,3,5,25102025,8,other|/|None|side,58922.183,59020.19,58922.183,59020.19,G:\MONITORING CROSS SUCKING IN CALVES - KAPPEL - 2025\Pen 5 - Group 3\WEANING\Day 3\ch05_20251026001847.mp4,ch05_20251026001847.mp4,58856.562426,60258.059715,65.620574,163.627574,Pen 5 - Group 3/WEANING/Day 3/1356.zip
999,1400,CS_1357_WEAN_d3_p5_cow6_25102025_ch05-20251026021626_66143_66232.mp4,Pen 5 - Group 3\WEANING\Day 3\CS_1357_WEAN_d3_p5_cow6_25102025_ch05-20251026021626_66143_66232.mp4,E:\cross_sucking\Pen 5 - Group 3\WEANING\Day 3\CS_1357_WEAN_d3_p5_cow6_25102025_ch05-20251026021626_66143_66232.mp4,created,1,1,Pen_5_WEAN_Day_3_25102025,Pen 5 - Group 3,WEAN,3,5,25102025,6,milk feeder|T|None|behind,66143.922,66232.646,66143.922,66232.646,G:\MONITORING CROSS SUCKING IN CALVES - KAPPEL - 2025\Pen 5 - Group 3\WEANING\Day 3\ch05_20251026021626.mp4,ch05_20251026021626.mp4,65863.988515,67265.463804,279.933485,368.657485,Pen 5 - Group 3/WEANING/Day 3/1357.zip
1000,1401,CS_1358_WEAN_d3_p5_cowslash_25102025_ch05-20251026023959_67492_67507.mp4,Pen 5 - Group 3\WEANING\Day 3\CS_1358_WEAN_d3_p5_cowslash_25102025_ch05-20251026023959_67492_67507.mp4,E:\cross_sucking\Pen 5 - Group 3\WEANING\Day 3\CS_1358_WEAN_d3_p5_cowslash_25102025_ch05-20251026023959_67492_67507.mp4,created,1,1,Pen_5_WEAN_Day_3_25102025,Pen 5 - Group 3,WEAN,3,5,25102025,/,milk feeder|1|None|behind,67492.066,67507.152,67492.066,67507.152,G:\MONITORING CROSS SUCKING IN CALVES - KAPPEL - 2025\Pen 5 - Group 3\WEANING\Day 3\ch05_20251026023959.mp4,ch05_20251026023959.mp4,67265.463804,68666.910737,226.602196,241.688196,Pen 5 - Group 3/WEANING/Day 3/1358.zip
1001,1402,CS_1359_WEAN_d3_p5_cowA_25102025_ch05-20251026023959_67507_67533.mp4,Pen 5 - Group 3\WEANING\Day 3\CS_1359_WEAN_d3_p5_cowA_25102025_ch05-20251026023959_67507_67533.mp4,E:\cross_sucking\Pen 5 - Group 3\WEANING\Day 3\CS_1359_WEAN_d3_p5_cowA_25102025_ch05-20251026023959_67507_67533.mp4,created,1,1,Pen_5_WEAN_Day_3_25102025,Pen 5 - Group 3,WEAN,3,5,25102025,A,milk feeder|1|None|behind,67507.152,67533.621,67507.152,67533.621,G:\MONITORING CROSS SUCKING IN CALVES - KAPPEL - 2025\Pen 5 - Group 3\WEANING\Day 3\ch05_20251026023959.mp4,ch05_20251026023959.mp4,67265.463804,68666.910737,241.688196,268.157196,Pen 5 - Group 3/WEANING/Day 3/1359.zip
1002,1403,CS_1360_WEAN_d3_p5_cow1_25102025_ch05-20251026023959_67580_67606.mp4,Pen 5 - Group 3\WEANING\Day 3\CS_1360_WEAN_d3_p5_cow1_25102025_ch05-20251026023959_67580_67606.mp4,E:\cross_sucking\Pen 5 - Group 3\WEANING\Day 3\CS_1360_WEAN_d3_p5_cow1_25102025_ch05-20251026023959_67580_67606.mp4,created,1,1,Pen_5_WEAN_Day_3_25102025,Pen 5 - Group 3,WEAN,3,5,25102025,1,milk feeder|A|None|behind,67580.726,67606.985,67580.726,67606.985,G:\MONITORING CROSS SUCKING IN CALVES - KAPPEL - 2025\Pen 5 - Group 3\WEANING\Day 3\ch05_20251026023959.mp4,ch05_20251026023959.mp4,67265.463804,68666.910737,315.262196,341.521196,Pen 5 - Group 3/WEANING/Day 3/1360.zip
1003,1404,CS_1361_WEAN_d3_p5_cowO_25102025_ch05-20251026052442_77423_77447.mp4,Pen 5 - Group 3\WEANING\Day 3\CS_1361_WEAN_d3_p5_cowO_25102025_ch05-20251026052442_77423_77447.mp4,E:\cross_sucking\Pen 5 - Group 3\WEANING\Day 3\CS_1361_WEAN_d3_p5_cowO_25102025_ch05-20251026052442_77423_77447.mp4,created,1,1,Pen_5_WEAN_Day_3_25102025,Pen 5 - Group 3,WEAN,3,5,25102025,O,milk feeder|T|None|behind,77423.534,77447.881,77423.534,77447.881,G:\MONITORING CROSS SUCKING IN CALVES - KAPPEL - 2025\Pen 5 - Group 3\WEANING\Day 3\ch05_20251026052442.mp4,ch05_20251026052442.mp4,77075.884471,78477.41676,347.649529,371.996529,Pen 5 - Group 3/WEANING/Day 3/1361.zip
1004,1405,CS_1362_WEAN_d3_p5_cowT_25102025_ch05-20251026052442_77539_77845.mp4,Pen 5 - Group 3\WEANING\Day 3\CS_1362_WEAN_d3_p5_cowT_25102025_ch05-20251026052442_77539_77845.mp4,E:\cross_sucking\Pen 5 - Group 3\WEANING\Day 3\CS_1362_WEAN_d3_p5_cowT_25102025_ch05-20251026052442_77539_77845.mp4,created,1,1,Pen_5_WEAN_Day_3_25102025,Pen 5 - Group 3,WEAN,3,5,25102025,T,other|O|None|side,77539.211,77845.902,77539.211,77845.902,G:\MONITORING CROSS SUCKING IN CALVES - KAPPEL - 2025\Pen 5 - Group 3\WEANING\Day 3\ch05_20251026052442.mp4,ch05_20251026052442.mp4,77075.884471,78477.41676,463.326529,770.017529,Pen 5 - Group 3/WEANING/Day 3/1362.zip
1005,1410,CS_1367_WEAN_d3_p5_cowT_25102025_ch05-20251026052442_77865_77911.mp4,Pen 5 - Group 3\WEANING\Day 3\CS_1367_WEAN_d3_p5_cowT_25102025_ch05-20251026052442_77865_77911.mp4,E:\cross_sucking\Pen 5 - Group 3\WEANING\Day 3\CS_1367_WEAN_d3_p5_cowT_25102025_ch05-20251026052442_77865_77911.mp4,created,1,1,Pen_5_WEAN_Day_3_25102025,Pen 5 - Group 3,WEAN,3,5,25102025,T,other|O|reciprocal|side,77865.877,77911.664,77865.877,77911.664,G:\MONITORING CROSS SUCKING IN CALVES - KAPPEL - 2025\Pen 5 - Group 3\WEANING\Day 3\ch05_20251026052442.mp4,ch05_20251026052442.mp4,77075.884471,78477.41676,789.992529,835.779529,Pen 5 - Group 3/WEANING/Day 3/1367.zip
1006,1412,CS_1369_WEAN_d3_p5_cowNA_25102025_ch05-20251026052442_77918_77937.mp4,Pen 5 - Group 3\WEANING\Day 3\CS_1369_WEAN_d3_p5_cowNA_25102025_ch05-20251026052442_77918_77937.mp4,E:\cross_sucking\Pen 5 - Group 3\WEANING\Day 3\CS_1369_WEAN_d3_p5_cowNA_25102025_ch05-20251026052442_77918_77937.mp4,created,1,1,Pen_5_WEAN_Day_3_25102025,Pen 5 - Group 3,WEAN,3,5,25102025,,milk feeder|O|None|behind,77918.479,77937.068,77918.479,77937.068,G:\MONITORING CROSS SUCKING IN CALVES - KAPPEL - 2025\Pen 5 - Group 3\WEANING\Day 3\ch05_20251026052442.mp4,ch05_20251026052442.mp4,77075.884471,78477.41676,842.594529,861.183529,Pen 5 - Group 3/WEANING/Day 3/1369.zip
1007,1413,CS_1370_WEAN_d3_p5_cowT_25102025_ch05-20251026052442_77946_77985.mp4,Pen 5 - Group 3\WEANING\Day 3\CS_1370_WEAN_d3_p5_cowT_25102025_ch05-20251026052442_77946_77985.mp4,E:\cross_sucking\Pen 5 - Group 3\WEANING\Day 3\CS_1370_WEAN_d3_p5_cowT_25102025_ch05-20251026052442_77946_77985.mp4,created,1,1,Pen_5_WEAN_Day_3_25102025,Pen 5 - Group 3,WEAN,3,5,25102025,T,milk feeder|O|None|behind,77946.067,77985.513,77946.067,77985.513,G:\MONITORING CROSS SUCKING IN CALVES - KAPPEL - 2025\Pen 5 - Group 3\WEANING\Day 3\ch05_20251026052442.mp4,ch05_20251026052442.mp4,77075.884471,78477.41676,870.182529,909.628529,Pen 5 - Group 3/WEANING/Day 3/1370.zip
1008,1414,CS_1371_WEAN_d3_p5_cowO_25102025_ch05-20251026052442_78191_78198.mp4,Pen 5 - Group 3\WEANING\Day 3\CS_1371_WEAN_d3_p5_cowO_25102025_ch05-20251026052442_78191_78198.mp4,E:\cross_sucking\Pen 5 - Group 3\WEANING\Day 3\CS_1371_WEAN_d3_p5_cowO_25102025_ch05-20251026052442_78191_78198.mp4,created,1,1,Pen_5_WEAN_Day_3_25102025,Pen 5 - Group 3,WEAN,3,5,25102025,O,grain feeder|A|None|behind,78191.476,78198.614,78191.476,78198.614,G:\MONITORING CROSS SUCKING IN CALVES - KAPPEL - 2025\Pen 5 - Group 3\WEANING\Day 3\ch05_20251026052442.mp4,ch05_20251026052442.mp4,77075.884471,78477.41676,1115.591529,1122.729529,Pen 5 - Group 3/WEANING/Day 3/1371.zip
1009,1415,CS_1372_WEAN_d3_p5_cowslash_25102025_ch05-20251026061146_80891_80899.mp4,Pen 5 - Group 3\WEANING\Day 3\CS_1372_WEAN_d3_p5_cowslash_25102025_ch05-20251026061146_80891_80899.mp4,E:\cross_sucking\Pen 5 - Group 3\WEANING\Day 3\CS_1372_WEAN_d3_p5_cowslash_25102025_ch05-20251026061146_80891_80899.mp4,created,1,1,Pen_5_WEAN_Day_3_25102025,Pen 5 - Group 3,WEAN,3,5,25102025,/,hay|8|None|side,80891.621,80899.694,80891.621,80899.694,G:\MONITORING CROSS SUCKING IN CALVES - KAPPEL - 2025\Pen 5 - Group 3\WEANING\Day 3\ch05_20251026061146.mp4,ch05_20251026061146.mp4,79878.895049,81280.357338,1012.725951,1020.798951,Pen 5 - Group 3/WEANING/Day 3/1372.zip
