,clip_name,clip_relative_path,clip_output_path,export_status,part_index,part_count,observation_id,group_name,phase,day,pen,obs_date_raw,subject,modifiers,interval_start_obs_sec,interval_end_obs_sec,part_start_obs_sec,part_end_obs_sec,source_video_path,source_video_basename,source_segment_obs_start_sec,source_segment_obs_end_sec,clip_start_in_source_sec,clip_end_in_source_sec
0,CS_0001_POSTWEAN_d1_p2_cow6_02112025_ch02-20251102075200_684_702.mp4,Pen 2 - Group 2\POSTWEANING\Day 1\CS_0001_POSTWEAN_d1_p2_cow6_02112025_ch02-20251102075200_684_702.mp4,E:\cross_sucking\Pen 2 - Group 2\POSTWEANING\Day 1\CS_0001_POSTWEAN_d1_p2_cow6_02112025_ch02-20251102075200_684_702.mp4,skipped_existing,1,1,Pen_2_POSTWEAN_Day_1_02112025,Pen 2 - Group 2,POSTWEAN,1,2,2112025,6,grain feeder|T|None|side,684.424,702.951,684.424,702.951,G:\MONITORING CROSS SUCKING IN CALVES - KAPPEL - 2025\Pen 2 - Group 2\POSTWEANING\Day 1\ch02_20251102075200.mp4,ch02_20251102075200.mp4,0.0,2810.680667,684.424,702.951
1,CS_0002_POSTWEAN_d1_p2_cowA_02112025_ch02-20251102083856_5174_5221.mp4,Pen 2 - Group 2\POSTWEANING\Day 1\CS_0002_POSTWEAN_d1_p2_cowA_02112025_ch02-20251102083856_5174_5221.mp4,E:\cross_sucking\Pen 2 - Group 2\POSTWEANING\Day 1\CS_0002_POSTWEAN_d1_p2_cowA_02112025_ch02-20251102083856_5174_5221.mp4,skipped_existing,1,1,Pen_2_POSTWEAN_Day_1_02112025,Pen 2 - Group 2,POSTWEAN,1,2,2112025,A,other|1|reciprocal|side,5174.871,5221.337,5174.871,5221.337,G:\MONITORING CROSS SUCKING IN CALVES - KAPPEL - 2025\Pen 2 - Group 2\POSTWEANING\Day 1\ch02_20251102083856.mp4,ch02_20251102083856.mp4,2810.680667,5622.760334,2364.190333,2410.656333
2,CS_0003_POSTWEAN_d1_p2_cowA_02112025_ch02-20251102083856_5276_5656_part01.mp4,Pen 2 - Group 2\POSTWEANING\Day 1\CS_0003_POSTWEAN_d1_p2_cowA_02112025_ch02-20251102083856_5276_5656_part01.mp4,E:\cross_sucking\Pen 2 - Group 2\POSTWEANING\Day 1\CS_0003_POSTWEAN_d1_p2_cowA_02112025_ch02-20251102083856_5276_5656_part01.mp4,skipped_existing,1,2,Pen_2_POSTWEAN_Day_1_02112025,Pen 2 - Group 2,POSTWEAN,1,2,2112025,A,other|O|reciprocal|side,5276.121,5656.266,5276.121,5622.760334,G:\MONITORING CROSS SUCKING IN CALVES - KAPPEL - 2025\Pen 2 - Group 2\POSTWEANING\Day 1\ch02_20251102083856.mp4,ch02_20251102083856.mp4,2810.680667,5622.760334,2465.440333,2812.079667
3,CS_0003_POSTWEAN_d1_p2_cowA_02112025_ch02-20251102083856_5276_5656_part02.mp4,Pen 2 - Group 2\POSTWEANING\Day 1\CS_0003_POSTWEAN_d1_p2_cowA_02112025_ch02-20251102083856_5276_5656_part02.mp4,E:\cross_sucking\Pen 2 - Group 2\POSTWEANING\Day 1\CS_0003_POSTWEAN_d1_p2_cowA_02112025_ch02-20251102083856_5276_5656_part02.mp4,skipped_existing,2,2,Pen_2_POSTWEAN_Day_1_02112025,Pen 2 - Group 2,POSTWEAN,1,2,2112025,A,other|O|reciprocal|side,5276.121,5656.266,5622.760334,5656.266,G:\MONITORING CROSS SUCKING IN CALVES - KAPPEL - 2025\Pen 2 - Group 2\POSTWEANING\Day 1\ch02_20251102092612.mp4,ch02_20251102092612.mp4,5622.760334,8423.500001,0.0,33.505666
4,CS_0004_POSTWEAN_d1_p2_cowO_02112025_ch02-20251102083856_5276_5436.mp4,Pen 2 - Group 2\POSTWEANING\Day 1\CS_0004_POSTWEAN_d1_p2_cowO_02112025_ch02-20251102083856_5276_5436.mp4,E:\cross_sucking\Pen 2 - Group 2\POSTWEANING\Day 1\CS_0004_POSTWEAN_d1_p2_cowO_02112025_ch02-20251102083856_5276_5436.mp4,skipped_existing,1,1,Pen_2_POSTWEAN_Day_1_02112025,Pen 2 - Group 2,POSTWEAN,1,2,2112025,O,other|A|reciprocal|side,5276.121,5436.053,5276.121,5436.053,G:\MONITORING CROSS SUCKING IN CALVES - KAPPEL - 2025\Pen 2 - Group 2\POSTWEANING\Day 1\ch02_20251102083856.mp4,ch02_20251102083856.mp4,2810.680667,5622.760334,2465.440333,2625.372333
5,CS_0005_POSTWEAN_d1_p2_cowT_02112025_ch02-20251102092612_7104_7337.mp4,Pen 2 - Group 2\POSTWEANING\Day 1\CS_0005_POSTWEAN_d1_p2_cowT_02112025_ch02-20251102092612_7104_7337.mp4,E:\cross_sucking\Pen 2 - Group 2\POSTWEANING\Day 1\CS_0005_POSTWEAN_d1_p2_cowT_02112025_ch02-20251102092612_7104_7337.mp4,skipped_existing,1,1,Pen_2_POSTWEAN_Day_1_02112025,Pen 2 - Group 2,POSTWEAN,1,2,2112025,T,other|8|None|side,7104.3,7337.292,7104.3,7337.292,G:\MONITORING CROSS SUCKING IN CALVES - KAPPEL - 2025\Pen 2 - Group 2\POSTWEANING\Day 1\ch02_20251102092612.mp4,ch02_20251102092612.mp4,5622.760334,8423.500001,1481.539666,1714.531666
6,CS_0006_POSTWEAN_d1_p2_cow8_02112025_ch02-20251102092612_7133_7228.mp4,Pen 2 - Group 2\POSTWEANING\Day 1\CS_0006_POSTWEAN_d1_p2_cow8_02112025_ch02-20251102092612_7133_7228.mp4,E:\cross_sucking\Pen 2 - Group 2\POSTWEANING\Day 1\CS_0006_POSTWEAN_d1_p2_cow8_02112025_ch02-20251102092612_7133_7228.mp4,skipped_existing,1,1,Pen_2_POSTWEAN_Day_1_02112025,Pen 2 - Group 2,POSTWEAN,1,2,2112025,8,other|T|reciprocal|side,7133.348,7228.624,7133.348,7228.624,G:\MONITORING CROSS SUCKING IN CALVES - KAPPEL - 2025\Pen 2 - Group 2\POSTWEANING\Day 1\ch02_20251102092612.mp4,ch02_20251102092612.mp4,5622.760334,8423.500001,1510.587666,1605.863666
7,CS_0007_POSTWEAN_d1_p2_cowT_02112025_ch02-20251102092612_7403_7452.mp4,Pen 2 - Group 2\POSTWEANING\Day 1\CS_0007_POSTWEAN_d1_p2_cowT_02112025_ch02-20251102092612_7403_7452.mp4,E:\cross_sucking\Pen 2 - Group 2\POSTWEANING\Day 1\CS_0007_POSTWEAN_d1_p2_cowT_02112025_ch02-20251102092612_7403_7452.mp4,skipped_existing,1,1,Pen_2_POSTWEAN_Day_1_02112025,Pen 2 - Group 2,POSTWEAN,1,2,2112025,T,other|3|None|behind,7403.922,7452.745,7403.922,7452.745,G:\MONITORING CROSS SUCKING IN CALVES - KAPPEL - 2025\Pen 2 - Group 2\POSTWEANING\Day 1\ch02_20251102092612.mp4,ch02_20251102092612.mp4,5622.760334,8423.500001,1781.161666,1829.984666
8,CS_0008_POSTWEAN_d1_p2_cow3_02112025_ch02-20251102092612_7405_7445.mp4,Pen 2 - Group 2\POSTWEANING\Day 1\CS_0008_POSTWEAN_d1_p2_cow3_02112025_ch02-20251102092612_7405_7445.mp4,E:\cross_sucking\Pen 2 - Group 2\POSTWEANING\Day 1\CS_0008_POSTWEAN_d1_p2_cow3_02112025_ch02-20251102092612_7405_7445.mp4,skipped_existing,1,1,Pen_2_POSTWEAN_Day_1_02112025,Pen 2 - Group 2,POSTWEAN,1,2,2112025,3,other|/|None|side,7405.438,7445.253,7405.438,7445.253,G:\MONITORING CROSS SUCKING IN CALVES - KAPPEL - 2025\Pen 2 - Group 2\POSTWEANING\Day 1\ch02_20251102092612.mp4,ch02_20251102092612.mp4,5622.760334,8423.500001,1782.677666,1822.492666
9,CS_0009_POSTWEAN_d1_p2_cow1_02112025_ch02-20251102101314_8715_8793.mp4,Pen 2 - Group 2\POSTWEANING\Day 1\CS_0009_POSTWEAN_d1_p2_cow1_02112025_ch02-20251102101314_8715_8793.mp4,E:\cross_sucking\Pen 2 - Group 2\POSTWEANING\Day 1\CS_0009_POSTWEAN_d1_p2_cow1_02112025_ch02-20251102101314_8715_8793.mp4,skipped_existing,1,1,Pen_2_POSTWEAN_Day_1_02112025,Pen 2 - Group 2,POSTWEAN,1,2,2112025,1,other|/|None|side,8715.858,8793.681,8715.858,8793.681,G:\MONITORING CROSS SUCKING IN CALVES - KAPPEL - 2025\Pen 2 - Group 2\POSTWEANING\Day 1\ch02_20251102101314.mp4,ch02_20251102101314.mp4,8423.500001,11256.687668,292.357999,370.180999
10,CS_0010_POSTWEAN_d1_p2_cowslash_02112025_ch02-20251102101314_8726_8777.mp4,Pen 2 - Group 2\POSTWEANING\Day 1\CS_0010_POSTWEAN_d1_p2_cowslash_02112025_ch02-20251102101314_8726_8777.mp4,E:\cross_sucking\Pen 2 - Group 2\POSTWEANING\Day 1\CS_0010_POSTWEAN_d1_p2_cowslash_02112025_ch02-20251102101314_8726_8777.mp4,skipped_existing,1,1,Pen_2_POSTWEAN_Day_1_02112025,Pen 2 - Group 2,POSTWEAN,1,2,2112025,/,other|1|reciprocal|side,8726.808,8777.604,8726.808,8777.604,G:\MONITORING CROSS SUCKING IN CALVES - KAPPEL - 2025\Pen 2 - Group 2\POSTWEANING\Day 1\ch02_20251102101314.mp4,ch02_20251102101314.mp4,8423.500001,11256.687668,303.307999,354.103999
11,CS_0011_POSTWEAN_d1_p2_cow1_02112025_ch02-20251102101314_8811_8880.mp4,Pen 2 - Group 2\POSTWEANING\Day 1\CS_0011_POSTWEAN_d1_p2_cow1_02112025_ch02-20251102101314_8811_8880.mp4,E:\cross_sucking\Pen 2 - Group 2\POSTWEANING\Day 1\CS_0011_POSTWEAN_d1_p2_cow1_02112025_ch02-20251102101314_8811_8880.mp4,skipped_existing,1,1,Pen_2_POSTWEAN_Day_1_02112025,Pen 2 - Group 2,POSTWEAN,1,2,2112025,1,other|/|reciprocal|side,8811.864,8880.333,8811.864,8880.333,G:\MONITORING CROSS SUCKING IN CALVES - KAPPEL - 2025\Pen 2 - Group 2\POSTWEANING\Day 1\ch02_20251102101314.mp4,ch02_20251102101314.mp4,8423.500001,11256.687668,388.363999,456.832999
12,CS_0012_POSTWEAN_d1_p2_cowslash_02112025_ch02-20251102101314_8815_8880.mp4,Pen 2 - Group 2\POSTWEANING\Day 1\CS_0012_POSTWEAN_d1_p2_cowslash_02112025_ch02-20251102101314_8815_8880.mp4,E:\cross_sucking\Pen 2 - Group 2\POSTWEANING\Day 1\CS_0012_POSTWEAN_d1_p2_cowslash_02112025_ch02-20251102101314_8815_8880.mp4,skipped_existing,1,1,Pen_2_POSTWEAN_Day_1_02112025,Pen 2 - Group 2,POSTWEAN,1,2,2112025,/,other|1|reciprocal|side,8815.222,8880.333,8815.222,8880.333,G:\MONITORING CROSS SUCKING IN CALVES - KAPPEL - 2025\Pen 2 - Group 2\POSTWEANING\Day 1\ch02_20251102101314.mp4,ch02_20251102101314.mp4,8423.500001,11256.687668,391.721999,456.832999
13,CS_0013_POSTWEAN_d1_p2_cow3_02112025_ch02-20251102162924_31120_31317.mp4,Pen 2 - Group 2\POSTWEANING\Day 1\CS_0013_POSTWEAN_d1_p2_cow3_02112025_ch02-20251102162924_31120_31317.mp4,E:\cross_sucking\Pen 2 - Group 2\POSTWEANING\Day 1\CS_0013_POSTWEAN_d1_p2_cow3_02112025_ch02-20251102162924_31120_31317.mp4,skipped_existing,1,1,Pen_2_POSTWEAN_Day_1_02112025,Pen 2 - Group 2,POSTWEAN,1,2,2112025,3,other|/|None|side,31120.505,31317.212,31120.505,31317.212,G:\MONITORING CROSS SUCKING IN CALVES - KAPPEL - 2025\Pen 2 - Group 2\POSTWEANING\Day 1\ch02_20251102162924.mp4,ch02_20251102162924.mp4,31041.819337,33890.398004,78.685663,275.392663
14,CS_0014_POSTWEAN_d1_p2_cowT_02112025_ch02-20251102162924_31342_31395.mp4,Pen 2 - Group 2\POSTWEANING\Day 1\CS_0014_POSTWEAN_d1_p2_cowT_02112025_ch02-20251102162924_31342_31395.mp4,E:\cross_sucking\Pen 2 - Group 2\POSTWEANING\Day 1\CS_0014_POSTWEAN_d1_p2_cowT_02112025_ch02-20251102162924_31342_31395.mp4,skipped_existing,1,1,Pen_2_POSTWEAN_Day_1_02112025,Pen 2 - Group 2,POSTWEAN,1,2,2112025,T,hay|1|None|side,31342.381,31395.518,31342.381,31395.518,G:\MONITORING CROSS SUCKING IN CALVES - KAPPEL - 2025\Pen 2 - Group 2\POSTWEANING\Day 1\ch02_20251102162924.mp4,ch02_20251102162924.mp4,31041.819337,33890.398004,300.561663,353.698663
15,CS_0015_POSTWEAN_d1_p2_cow3_02112025_ch02-20251102162924_31359_31452.mp4,Pen 2 - Group 2\POSTWEANING\Day 1\CS_0015_POSTWEAN_d1_p2_cow3_02112025_ch02-20251102162924_31359_31452.mp4,E:\cross_sucking\Pen 2 - Group 2\POSTWEANING\Day 1\CS_0015_POSTWEAN_d1_p2_cow3_02112025_ch02-20251102162924_31359_31452.mp4,skipped_existing,1,1,Pen_2_POSTWEAN_Day_1_02112025,Pen 2 - Group 2,POSTWEAN,1,2,2112025,3,other|/|None|side,31359.225,31452.545,31359.225,31452.545,G:\MONITORING CROSS SUCKING IN CALVES - KAPPEL - 2025\Pen 2 - Group 2\POSTWEANING\Day 1\ch02_20251102162924.mp4,ch02_20251102162924.mp4,31041.819337,33890.398004,317.405663,410.725663
16,CS_0016_POSTWEAN_d1_p2_cowslash_02112025_ch02-20251102162924_31365_31373.mp4,Pen 2 - Group 2\POSTWEANING\Day 1\CS_0016_POSTWEAN_d1_p2_cowslash_02112025_ch02-20251102162924_31365_31373.mp4,E:\cross_sucking\Pen 2 - Group 2\POSTWEANING\Day 1\CS_0016_POSTWEAN_d1_p2_cowslash_02112025_ch02-20251102162924_31365_31373.mp4,skipped_existing,1,1,Pen_2_POSTWEAN_Day_1_02112025,Pen 2 - Group 2,POSTWEAN,1,2,2112025,/,other|3|reciprocal|side,31365.602,31373.473,31365.602,31373.473,G:\MONITORING CROSS SUCKING IN CALVES - KAPPEL - 2025\Pen 2 - Group 2\POSTWEANING\Day 1\ch02_20251102162924.mp4,ch02_20251102162924.mp4,31041.819337,33890.398004,323.782663,331.653663
17,CS_0017_POSTWEAN_d1_p2_cow1_02112025_ch02-20251102162924_31395_31656.mp4,Pen 2 - Group 2\POSTWEANING\Day 1\CS_0017_POSTWEAN_d1_p2_cow1_02112025_ch02-20251102162924_31395_31656.mp4,E:\cross_sucking\Pen 2 - Group 2\POSTWEANING\Day 1\CS_0017_POSTWEAN_d1_p2_cow1_02112025_ch02-20251102162924_31395_31656.mp4,skipped_existing,1,1,Pen_2_POSTWEAN_Day_1_02112025,Pen 2 - Group 2,POSTWEAN,1,2,2112025,1,other|T|reciprocal|side,31395.519,31656.787,31395.519,31656.787,G:\MONITORING CROSS SUCKING IN CALVES - KAPPEL - 2025\Pen 2 - Group 2\POSTWEANING\Day 1\ch02_20251102162924.mp4,ch02_20251102162924.mp4,31041.819337,33890.398004,353.699663,614.967663
18,CS_0018_POSTWEAN_d1_p2_cowT_02112025_ch02-20251102162924_31395_31694.mp4,Pen 2 - Group 2\POSTWEANING\Day 1\CS_0018_POSTWEAN_d1_p2_cowT_02112025_ch02-20251102162924_31395_31694.mp4,E:\cross_sucking\Pen 2 - Group 2\POSTWEANING\Day 1\CS_0018_POSTWEAN_d1_p2_cowT_02112025_ch02-20251102162924_31395_31694.mp4,skipped_existing,1,1,Pen_2_POSTWEAN_Day_1_02112025,Pen 2 - Group 2,POSTWEAN,1,2,2112025,T,other|1|reciprocal|side,31395.519,31694.247,31395.519,31694.247,G:\MONITORING CROSS SUCKING IN CALVES - KAPPEL - 2025\Pen 2 - Group 2\POSTWEANING\Day 1\ch02_20251102162924.mp4,ch02_20251102162924.mp4,31041.819337,33890.398004,353.699663,652.427663
19,CS_0019_POSTWEAN_d1_p2_cowT_02112025_ch02-20251102162924_31706_31740.mp4,Pen 2 - Group 2\POSTWEANING\Day 1\CS_0019_POSTWEAN_d1_p2_cowT_02112025_ch02-20251102162924_31706_31740.mp4,E:\cross_sucking\Pen 2 - Group 2\POSTWEANING\Day 1\CS_0019_POSTWEAN_d1_p2_cowT_02112025_ch02-20251102162924_31706_31740.mp4,skipped_existing,1,1,Pen_2_POSTWEAN_Day_1_02112025,Pen 2 - Group 2,POSTWEAN,1,2,2112025,T,grain feeder|1|None|behind,31706.645,31740.177,31706.645,31740.177,G:\MONITORING CROSS SUCKING IN CALVES - KAPPEL - 2025\Pen 2 - Group 2\POSTWEANING\Day 1\ch02_20251102162924.mp4,ch02_20251102162924.mp4,31041.819337,33890.398004,664.825663,698.357663
20,CS_0020_POSTWEAN_d1_p2_cowA_02112025_ch02-20251102171626_35027_35308.mp4,Pen 2 - Group 2\POSTWEANING\Day 1\CS_0020_POSTWEAN_d1_p2_cowA_02112025_ch02-20251102171626_35027_35308.mp4,E:\cross_sucking\Pen 2 - Group 2\POSTWEANING\Day 1\CS_0020_POSTWEAN_d1_p2_cowA_02112025_ch02-20251102171626_35027_35308.mp4,skipped_existing,1,1,Pen_2_POSTWEAN_Day_1_02112025,Pen 2 - Group 2,POSTWEAN,1,2,2112025,A,other|O|reciprocal|side,35027.17,35308.553,35027.17,35308.553,G:\MONITORING CROSS SUCKING IN CALVES - KAPPEL - 2025\Pen 2 - Group 2\POSTWEANING\Day 1\ch02_20251102171626.mp4,ch02_20251102171626.mp4,33890.398004,36670.849671,1136.771996,1418.154996
21,CS_0021_POSTWEAN_d1_p2_cowO_02112025_ch02-20251102171626_35027_35290.mp4,Pen 2 - Group 2\POSTWEANING\Day 1\CS_0021_POSTWEAN_d1_p2_cowO_02112025_ch02-20251102171626_35027_35290.mp4,E:\cross_sucking\Pen 2 - Group 2\POSTWEANING\Day 1\CS_0021_POSTWEAN_d1_p2_cowO_02112025_ch02-20251102171626_35027_35290.mp4,skipped_existing,1,1,Pen_2_POSTWEAN_Day_1_02112025,Pen 2 - Group 2,POSTWEAN,1,2,2112025,O,other|A|reciprocal|side,35027.17,35290.37,35027.17,35290.37,G:\MONITORING CROSS SUCKING IN CALVES - KAPPEL - 2025\Pen 2 - Group 2\POSTWEANING\Day 1\ch02_20251102171626.mp4,ch02_20251102171626.mp4,33890.398004,36670.849671,1136.771996,1399.971996
22,CS_0022_POSTWEAN_d1_p2_cowT_02112025_ch02-20251102185101_40431_40469.mp4,Pen 2 - Group 2\POSTWEANING\Day 1\CS_0022_POSTWEAN_d1_p2_cowT_02112025_ch02-20251102185101_40431_40469.mp4,E:\cross_sucking\Pen 2 - Group 2\POSTWEANING\Day 1\CS_0022_POSTWEAN_d1_p2_cowT_02112025_ch02-20251102185101_40431_40469.mp4,skipped_existing,1,1,Pen_2_POSTWEAN_Day_1_02112025,Pen 2 - Group 2,POSTWEAN,1,2,2112025,T,grain feeder|/|None|behind,40431.476,40469.108,40431.476,40469.108,G:\MONITORING CROSS SUCKING IN CALVES - KAPPEL - 2025\Pen 2 - Group 2\POSTWEANING\Day 1\ch02_20251102185101.mp4,ch02_20251102185101.mp4,39471.960338,42284.761005,959.515662,997.147662
23,CS_0023_POSTWEAN_d1_p2_cowT_02112025_ch02-20251102185101_40609_40682.mp4,Pen 2 - Group 2\POSTWEANING\Day 1\CS_0023_POSTWEAN_d1_p2_cowT_02112025_ch02-20251102185101_40609_40682.mp4,E:\cross_sucking\Pen 2 - Group 2\POSTWEANING\Day 1\CS_0023_POSTWEAN_d1_p2_cowT_02112025_ch02-20251102185101_40609_40682.mp4,skipped_existing,1,1,Pen_2_POSTWEAN_Day_1_02112025,Pen 2 - Group 2,POSTWEAN,1,2,2112025,T,grain feeder|/|None|behind,40609.455,40682.607,40609.455,40682.607,G:\MONITORING CROSS SUCKING IN CALVES - KAPPEL - 2025\Pen 2 - Group 2\POSTWEANING\Day 1\ch02_20251102185101.mp4,ch02_20251102185101.mp4,39471.960338,42284.761005,1137.494662,1210.646662
24,CS_0024_POSTWEAN_d1_p2_cow6_02112025_ch02-20251102185101_41725_41754.mp4,Pen 2 - Group 2\POSTWEANING\Day 1\CS_0024_POSTWEAN_d1_p2_cow6_02112025_ch02-20251102185101_41725_41754.mp4,E:\cross_sucking\Pen 2 - Group 2\POSTWEANING\Day 1\CS_0024_POSTWEAN_d1_p2_cow6_02112025_ch02-20251102185101_41725_41754.mp4,skipped_existing,1,1,Pen_2_POSTWEAN_Day_1_02112025,Pen 2 - Group 2,POSTWEAN,1,2,2112025,6,grain feeder|8|None|side,41725.36,41754.521,41725.36,41754.521,G:\MONITORING CROSS SUCKING IN CALVES - KAPPEL - 2025\Pen 2 - Group 2\POSTWEANING\Day 1\ch02_20251102185101.mp4,ch02_20251102185101.mp4,39471.960338,42284.761005,2253.399662,2282.560662
25,CS_0025_POSTWEAN_d1_p2_cow6_02112025_ch02-20251102185101_41783_41816.mp4,Pen 2 - Group 2\POSTWEANING\Day 1\CS_0025_POSTWEAN_d1_p2_cow6_02112025_ch02-20251102185101_41783_41816.mp4,E:\cross_sucking\Pen 2 - Group 2\POSTWEANING\Day 1\CS_0025_POSTWEAN_d1_p2_cow6_02112025_ch02-20251102185101_41783_41816.mp4,skipped_existing,1,1,Pen_2_POSTWEAN_Day_1_02112025,Pen 2 - Group 2,POSTWEAN,1,2,2112025,6,grain feeder|8|None|behind,41783.281,41816.646,41783.281,41816.646,G:\MONITORING CROSS SUCKING IN CALVES - KAPPEL - 2025\Pen 2 - Group 2\POSTWEANING\Day 1\ch02_20251102185101.mp4,ch02_20251102185101.mp4,39471.960338,42284.761005,2311.320662,2344.685662
26,CS_0026_POSTWEAN_d1_p2_cow6_02112025_ch02-20251102185101_42041_42059.mp4,Pen 2 - Group 2\POSTWEANING\Day 1\CS_0026_POSTWEAN_d1_p2_cow6_02112025_ch02-20251102185101_42041_42059.mp4,E:\cross_sucking\Pen 2 - Group 2\POSTWEANING\Day 1\CS_0026_POSTWEAN_d1_p2_cow6_02112025_ch02-20251102185101_42041_42059.mp4,skipped_existing,1,1,Pen_2_POSTWEAN_Day_1_02112025,Pen 2 - Group 2,POSTWEAN,1,2,2112025,6,grain feeder|8|None|side,42041.795,42059.093,42041.795,42059.093,G:\MONITORING CROSS SUCKING IN CALVES - KAPPEL - 2025\Pen 2 - Group 2\POSTWEANING\Day 1\ch02_20251102185101.mp4,ch02_20251102185101.mp4,39471.960338,42284.761005,2569.834662,2587.132662
27,CS_0027_POSTWEAN_d1_p2_cow3_02112025_ch02-20251102211155_48187_48209.mp4,Pen 2 - Group 2\POSTWEANING\Day 1\CS_0027_POSTWEAN_d1_p2_cow3_02112025_ch02-20251102211155_48187_48209.mp4,E:\cross_sucking\Pen 2 - Group 2\POSTWEANING\Day 1\CS_0027_POSTWEAN_d1_p2_cow3_02112025_ch02-20251102211155_48187_48209.mp4,skipped_existing,1,1,Pen_2_POSTWEAN_Day_1_02112025,Pen 2 - Group 2,POSTWEAN,1,2,2112025,3,grain feeder|/|None|behind,48187.115,48209.51,48187.115,48209.51,G:\MONITORING CROSS SUCKING IN CALVES - KAPPEL - 2025\Pen 2 - Group 2\POSTWEANING\Day 1\ch02_20251102211155.mp4,ch02_20251102211155.mp4,47862.421339,50647.959006,324.693661,347.088661
28,CS_0028_POSTWEAN_d1_p2_cow1_02112025_ch02-20251102211155_50411_50493.mp4,Pen 2 - Group 2\POSTWEANING\Day 1\CS_0028_POSTWEAN_d1_p2_cow1_02112025_ch02-20251102211155_50411_50493.mp4,E:\cross_sucking\Pen 2 - Group 2\POSTWEANING\Day 1\CS_0028_POSTWEAN_d1_p2_cow1_02112025_ch02-20251102211155_50411_50493.mp4,skipped_existing,1,1,Pen_2_POSTWEAN_Day_1_02112025,Pen 2 - Group 2,POSTWEAN,1,2,2112025,1,other|3|reciprocal|side,50411.374,50493.151,50411.374,50493.151,G:\MONITORING CROSS SUCKING IN CALVES - KAPPEL - 2025\Pen 2 - Group 2\POSTWEANING\Day 1\ch02_20251102211155.mp4,ch02_20251102211155.mp4,47862.421339,50647.959006,2548.952661,2630.729661
29,CS_0029_POSTWEAN_d1_p2_cow3_02112025_ch02-20251102211155_50411_50736_part01.mp4,Pen 2 - Group 2\POSTWEANING\Day 1\CS_0029_POSTWEAN_d1_p2_cow3_02112025_ch02-20251102211155_50411_50736_part01.mp4,E:\cross_sucking\Pen 2 - Group 2\POSTWEANING\Day 1\CS_0029_POSTWEAN_d1_p2_cow3_02112025_ch02-20251102211155_50411_50736_part01.mp4,skipped_existing,1,2,Pen_2_POSTWEAN_Day_1_02112025,Pen 2 - Group 2,POSTWEAN,1,2,2112025,3,other|1|reciprocal|side,50411.374,50736.896,50411.374,50647.959006,G:\MONITORING CROSS SUCKING IN CALVES - KAPPEL - 2025\Pen 2 - Group 2\POSTWEANING\Day 1\ch02_20251102211155.mp4,ch02_20251102211155.mp4,47862.421339,50647.959006,2548.952661,2785.537667
30,CS_0029_POSTWEAN_d1_p2_cow3_02112025_ch02-20251102211155_50411_50736_part02.mp4,Pen 2 - Group 2\POSTWEANING\Day 1\CS_0029_POSTWEAN_d1_p2_cow3_02112025_ch02-20251102211155_50411_50736_part02.mp4,E:\cross_sucking\Pen 2 - Group 2\POSTWEANING\Day 1\CS_0029_POSTWEAN_d1_p2_cow3_02112025_ch02-20251102211155_50411_50736_part02.mp4,skipped_existing,2,2,Pen_2_POSTWEAN_Day_1_02112025,Pen 2 - Group 2,POSTWEAN,1,2,2112025,3,other|1|reciprocal|side,50411.374,50736.896,50647.959006,50736.896,G:\MONITORING CROSS SUCKING IN CALVES - KAPPEL - 2025\Pen 2 - Group 2\POSTWEANING\Day 1\ch02_20251102215859.mp4,ch02_20251102215859.mp4,50647.959006,53443.354673,0.0,88.936994
31,CS_0030_POSTWEAN_d1_p2_cow8_02112025_ch02-20251102224555_54077_54201.mp4,Pen 2 - Group 2\POSTWEANING\Day 1\CS_0030_POSTWEAN_d1_p2_cow8_02112025_ch02-20251102224555_54077_54201.mp4,E:\cross_sucking\Pen 2 - Group 2\POSTWEANING\Day 1\CS_0030_POSTWEAN_d1_p2_cow8_02112025_ch02-20251102224555_54077_54201.mp4,skipped_existing,1,1,Pen_2_POSTWEAN_Day_1_02112025,Pen 2 - Group 2,POSTWEAN,1,2,2112025,8,other|A|None|lying down,54077.328,54201.586,54077.328,54201.586,G:\MONITORING CROSS SUCKING IN CALVES - KAPPEL - 2025\Pen 2 - Group 2\POSTWEANING\Day 1\ch02_20251102224555.mp4,ch02_20251102224555.mp4,53443.354673,56291.99134,633.973327,758.231327
32,CS_0031_POSTWEAN_d1_p2_cow3_02112025_ch02-20251103001956_60818_60835.mp4,Pen 2 - Group 2\POSTWEANING\Day 1\CS_0031_POSTWEAN_d1_p2_cow3_02112025_ch02-20251103001956_60818_60835.mp4,E:\cross_sucking\Pen 2 - Group 2\POSTWEANING\Day 1\CS_0031_POSTWEAN_d1_p2_cow3_02112025_ch02-20251103001956_60818_60835.mp4,skipped_existing,1,1,Pen_2_POSTWEAN_Day_1_02112025,Pen 2 - Group 2,POSTWEAN,1,2,2112025,3,other|/|reciprocal|side,60818.146,60835.558,60818.146,60835.558,G:\MONITORING CROSS SUCKING IN CALVES - KAPPEL - 2025\Pen 2 - Group 2\POSTWEANING\Day 1\ch02_20251103001956.mp4,ch02_20251103001956.mp4,59088.030007,61874.547674,1730.115993,1747.527993
33,CS_0032_POSTWEAN_d1_p2_cow3_02112025_ch02-20251103001956_60835_61057.mp4,Pen 2 - Group 2\POSTWEANING\Day 1\CS_0032_POSTWEAN_d1_p2_cow3_02112025_ch02-20251103001956_60835_61057.mp4,E:\cross_sucking\Pen 2 - Group 2\POSTWEANING\Day 1\CS_0032_POSTWEAN_d1_p2_cow3_02112025_ch02-20251103001956_60835_61057.mp4,skipped_existing,1,1,Pen_2_POSTWEAN_Day_1_02112025,Pen 2 - Group 2,POSTWEAN,1,2,2112025,3,other|/|None|side,60835.559,61057.209,60835.559,61057.209,G:\MONITORING CROSS SUCKING IN CALVES - KAPPEL - 2025\Pen 2 - Group 2\POSTWEANING\Day 1\ch02_20251103001956.mp4,ch02_20251103001956.mp4,59088.030007,61874.547674,1747.528993,1969.178993
34,CS_0033_POSTWEAN_d1_p2_cow3_02112025_ch02-20251103001956_61073_61086.mp4,Pen 2 - Group 2\POSTWEANING\Day 1\CS_0033_POSTWEAN_d1_p2_cow3_02112025_ch02-20251103001956_61073_61086.mp4,E:\cross_sucking\Pen 2 - Group 2\POSTWEANING\Day 1\CS_0033_POSTWEAN_d1_p2_cow3_02112025_ch02-20251103001956_61073_61086.mp4,skipped_existing,1,1,Pen_2_POSTWEAN_Day_1_02112025,Pen 2 - Group 2,POSTWEAN,1,2,2112025,3,other|/|None|side,61073.069,61086.355,61073.069,61086.355,G:\MONITORING CROSS SUCKING IN CALVES - KAPPEL - 2025\Pen 2 - Group 2\POSTWEANING\Day 1\ch02_20251103001956.mp4,ch02_20251103001956.mp4,59088.030007,61874.547674,1985.038993,1998.324993
35,CS_0034_POSTWEAN_d1_p2_cow6_02112025_ch02-20251103001956_61299_61314.mp4,Pen 2 - Group 2\POSTWEANING\Day 1\CS_0034_POSTWEAN_d1_p2_cow6_02112025_ch02-20251103001956_61299_61314.mp4,E:\cross_sucking\Pen 2 - Group 2\POSTWEANING\Day 1\CS_0034_POSTWEAN_d1_p2_cow6_02112025_ch02-20251103001956_61299_61314.mp4,skipped_existing,1,1,Pen_2_POSTWEAN_Day_1_02112025,Pen 2 - Group 2,POSTWEAN,1,2,2112025,6,grain feeder|O|None|side,61299.547,61314.861,61299.547,61314.861,G:\MONITORING CROSS SUCKING IN CALVES - KAPPEL - 2025\Pen 2 - Group 2\POSTWEANING\Day 1\ch02_20251103001956.mp4,ch02_20251103001956.mp4,59088.030007,61874.547674,2211.516993,2226.830993
36,CS_0035_POSTWEAN_d1_p2_cowslash_02112025_ch02-20251103015356_65865_65931.mp4,Pen 2 - Group 2\POSTWEANING\Day 1\CS_0035_POSTWEAN_d1_p2_cowslash_02112025_ch02-20251103015356_65865_65931.mp4,E:\cross_sucking\Pen 2 - Group 2\POSTWEANING\Day 1\CS_0035_POSTWEAN_d1_p2_cowslash_02112025_ch02-20251103015356_65865_65931.mp4,skipped_existing,1,1,Pen_2_POSTWEAN_Day_1_02112025,Pen 2 - Group 2,POSTWEAN,1,2,2112025,/,grain feeder|1|None|behind,65865.622,65931.3,65865.622,65931.3,G:\MONITORING CROSS SUCKING IN CALVES - KAPPEL - 2025\Pen 2 - Group 2\POSTWEANING\Day 1\ch02_20251103015356.mp4,ch02_20251103015356.mp4,64669.191341,67464.445008,1196.430659,1262.108659
37,CS_0036_POSTWEAN_d1_p2_cow1_02112025_ch02-20251103015356_66512_66533.mp4,Pen 2 - Group 2\POSTWEANING\Day 1\CS_0036_POSTWEAN_d1_p2_cow1_02112025_ch02-20251103015356_66512_66533.mp4,E:\cross_sucking\Pen 2 - Group 2\POSTWEANING\Day 1\CS_0036_POSTWEAN_d1_p2_cow1_02112025_ch02-20251103015356_66512_66533.mp4,skipped_existing,1,1,Pen_2_POSTWEAN_Day_1_02112025,Pen 2 - Group 2,POSTWEAN,1,2,2112025,1,other|/|None|side,66512.82,66533.11,66512.82,66533.11,G:\MONITORING CROSS SUCKING IN CALVES - KAPPEL - 2025\Pen 2 - Group 2\POSTWEANING\Day 1\ch02_20251103015356.mp4,ch02_20251103015356.mp4,64669.191341,67464.445008,1843.628659,1863.918659
38,CS_0037_POSTWEAN_d1_p2_cowA_02112025_ch02-20251103024053_69046_69421.mp4,Pen 2 - Group 2\POSTWEANING\Day 1\CS_0037_POSTWEAN_d1_p2_cowA_02112025_ch02-20251103024053_69046_69421.mp4,E:\cross_sucking\Pen 2 - Group 2\POSTWEANING\Day 1\CS_0037_POSTWEAN_d1_p2_cowA_02112025_ch02-20251103024053_69046_69421.mp4,skipped_existing,1,1,Pen_2_POSTWEAN_Day_1_02112025,Pen 2 - Group 2,POSTWEAN,1,2,2112025,A,other|O|reciprocal|side,69046.891,69421.8,69046.891,69421.8,G:\MONITORING CROSS SUCKING IN CALVES - KAPPEL - 2025\Pen 2 - Group 2\POSTWEANING\Day 1\ch02_20251103024053.mp4,ch02_20251103024053.mp4,67464.445008,70291.477675,1582.445992,1957.354992
39,CS_0038_POSTWEAN_d1_p2_cowO_02112025_ch02-20251103024053_69056_69421.mp4,Pen 2 - Group 2\POSTWEANING\Day 1\CS_0038_POSTWEAN_d1_p2_cowO_02112025_ch02-20251103024053_69056_69421.mp4,E:\cross_sucking\Pen 2 - Group 2\POSTWEANING\Day 1\CS_0038_POSTWEAN_d1_p2_cowO_02112025_ch02-20251103024053_69056_69421.mp4,skipped_existing,1,1,Pen_2_POSTWEAN_Day_1_02112025,Pen 2 - Group 2,POSTWEAN,1,2,2112025,O,other|A|reciprocal|side,69056.823,69421.801,69056.823,69421.801,G:\MONITORING CROSS SUCKING IN CALVES - KAPPEL - 2025\Pen 2 - Group 2\POSTWEANING\Day 1\ch02_20251103024053.mp4,ch02_20251103024053.mp4,67464.445008,70291.477675,1592.377992,1957.355992
40,CS_0039_POSTWEAN_d1_p2_cowA_02112025_ch02-20251103024053_69421_69465.mp4,Pen 2 - Group 2\POSTWEANING\Day 1\CS_0039_POSTWEAN_d1_p2_cowA_02112025_ch02-20251103024053_69421_69465.mp4,E:\cross_sucking\Pen 2 - Group 2\POSTWEANING\Day 1\CS_0039_POSTWEAN_d1_p2_cowA_02112025_ch02-20251103024053_69421_69465.mp4,skipped_existing,1,1,Pen_2_POSTWEAN_Day_1_02112025,Pen 2 - Group 2,POSTWEAN,1,2,2112025,A,other|O|None|side,69421.801,69465.569,69421.801,69465.569,G:\MONITORING CROSS SUCKING IN CALVES - KAPPEL - 2025\Pen 2 - Group 2\POSTWEANING\Day 1\ch02_20251103024053.mp4,ch02_20251103024053.mp4,67464.445008,70291.477675,1957.355992,2001.123992
41,CS_0040_POSTWEAN_d1_p2_cowA_02112025_ch02-20251103024053_69465_69505.mp4,Pen 2 - Group 2\POSTWEANING\Day 1\CS_0040_POSTWEAN_d1_p2_cowA_02112025_ch02-20251103024053_69465_69505.mp4,E:\cross_sucking\Pen 2 - Group 2\POSTWEANING\Day 1\CS_0040_POSTWEAN_d1_p2_cowA_02112025_ch02-20251103024053_69465_69505.mp4,skipped_existing,1,1,Pen_2_POSTWEAN_Day_1_02112025,Pen 2 - Group 2,POSTWEAN,1,2,2112025,A,grain feeder|O|None|side,69465.57,69505.122,69465.57,69505.122,G:\MONITORING CROSS SUCKING IN CALVES - KAPPEL - 2025\Pen 2 - Group 2\POSTWEANING\Day 1\ch02_20251103024053.mp4,ch02_20251103024053.mp4,67464.445008,70291.477675,2001.124992,2040.676992
42,CS_0041_POSTWEAN_d1_p2_cowA_02112025_ch02-20251103024053_69583_69605.mp4,Pen 2 - Group 2\POSTWEANING\Day 1\CS_0041_POSTWEAN_d1_p2_cowA_02112025_ch02-20251103024053_69583_69605.mp4,E:\cross_sucking\Pen 2 - Group 2\POSTWEANING\Day 1\CS_0041_POSTWEAN_d1_p2_cowA_02112025_ch02-20251103024053_69583_69605.mp4,skipped_existing,1,1,Pen_2_POSTWEAN_Day_1_02112025,Pen 2 - Group 2,POSTWEAN,1,2,2112025,A,other|O|None|side,69583.171,69605.864,69583.171,69605.864,G:\MONITORING CROSS SUCKING IN CALVES - KAPPEL - 2025\Pen 2 - Group 2\POSTWEANING\Day 1\ch02_20251103024053.mp4,ch02_20251103024053.mp4,67464.445008,70291.477675,2118.725992,2141.418992
43,CS_0042_POSTWEAN_d1_p2_cow8_02112025_ch02-20251103032750_71627_72142.mp4,Pen 2 - Group 2\POSTWEANING\Day 1\CS_0042_POSTWEAN_d1_p2_cow8_02112025_ch02-20251103032750_71627_72142.mp4,E:\cross_sucking\Pen 2 - Group 2\POSTWEANING\Day 1\CS_0042_POSTWEAN_d1_p2_cow8_02112025_ch02-20251103032750_71627_72142.mp4,skipped_existing,1,1,Pen_2_POSTWEAN_Day_1_02112025,Pen 2 - Group 2,POSTWEAN,1,2,2112025,8,other|T|reciprocal|side,71627.518,72142.276,71627.518,72142.276,G:\MONITORING CROSS SUCKING IN CALVES - KAPPEL - 2025\Pen 2 - Group 2\POSTWEANING\Day 1\ch02_20251103032750.mp4,ch02_20251103032750.mp4,70291.477675,73087.297342,1336.040325,1850.798325
44,CS_0043_POSTWEAN_d1_p2_cowT_02112025_ch02-20251103032750_71627_72208.mp4,Pen 2 - Group 2\POSTWEANING\Day 1\CS_0043_POSTWEAN_d1_p2_cowT_02112025_ch02-20251103032750_71627_72208.mp4,E:\cross_sucking\Pen 2 - Group 2\POSTWEANING\Day 1\CS_0043_POSTWEAN_d1_p2_cowT_02112025_ch02-20251103032750_71627_72208.mp4,skipped_existing,1,1,Pen_2_POSTWEAN_Day_1_02112025,Pen 2 - Group 2,POSTWEAN,1,2,2112025,T,other|8|reciprocal|side,71627.518,72208.625,71627.518,72208.625,G:\MONITORING CROSS SUCKING IN CALVES - KAPPEL - 2025\Pen 2 - Group 2\POSTWEANING\Day 1\ch02_20251103032750.mp4,ch02_20251103032750.mp4,70291.477675,73087.297342,1336.040325,1917.147325
45,CS_0044_POSTWEAN_d1_p2_cow6_02112025_ch02-20251103041448_73628_73671.mp4,Pen 2 - Group 2\POSTWEANING\Day 1\CS_0044_POSTWEAN_d1_p2_cow6_02112025_ch02-20251103041448_73628_73671.mp4,E:\cross_sucking\Pen 2 - Group 2\POSTWEANING\Day 1\CS_0044_POSTWEAN_d1_p2_cow6_02112025_ch02-20251103041448_73628_73671.mp4,skipped_existing,1,1,Pen_2_POSTWEAN_Day_1_02112025,Pen 2 - Group 2,POSTWEAN,1,2,2112025,6,grain feeder|/|None|side,73628.26,73671.813,73628.26,73671.813,G:\MONITORING CROSS SUCKING IN CALVES - KAPPEL - 2025\Pen 2 - Group 2\POSTWEANING\Day 1\ch02_20251103041448.mp4,ch02_20251103041448.mp4,73087.297342,75866.167009,540.962658,584.515658
46,CS_0045_POSTWEAN_d2_p2_cow6_03112025_ch02-20251103081007_4992_5077.mp4,Pen 2 - Group 2\POSTWEANING\Day 2\CS_0045_POSTWEAN_d2_p2_cow6_03112025_ch02-20251103081007_4992_5077.mp4,E:\cross_sucking\Pen 2 - Group 2\POSTWEANING\Day 2\CS_0045_POSTWEAN_d2_p2_cow6_03112025_ch02-20251103081007_4992_5077.mp4,skipped_existing,1,1,Pen_2_POSTWEAN_Day_2_03112025,Pen 2 - Group 2,POSTWEAN,2,2,3112025,6,grain feeder|8|None|side,4992.975,5077.577,4992.975,5077.577,G:\MONITORING CROSS SUCKING IN CALVES - KAPPEL - 2025\Pen 2 - Group 2\POSTWEANING\Day 2\ch02_20251103081007.mp4,ch02_20251103081007.mp4,2817.106667,5643.994334,2175.868333,2260.470333
47,CS_0046_POSTWEAN_d2_p2_cow6_03112025_ch02-20251103085704_5821_5872.mp4,Pen 2 - Group 2\POSTWEANING\Day 2\CS_0046_POSTWEAN_d2_p2_cow6_03112025_ch02-20251103085704_5821_5872.mp4,E:\cross_sucking\Pen 2 - Group 2\POSTWEANING\Day 2\CS_0046_POSTWEAN_d2_p2_cow6_03112025_ch02-20251103085704_5821_5872.mp4,skipped_existing,1,1,Pen_2_POSTWEAN_Day_2_03112025,Pen 2 - Group 2,POSTWEAN,2,2,3112025,6,other|A|None|side,5821.011,5872.888,5821.011,5872.888,G:\MONITORING CROSS SUCKING IN CALVES - KAPPEL - 2025\Pen 2 - Group 2\POSTWEANING\Day 2\ch02_20251103085704.mp4,ch02_20251103085704.mp4,5643.994334,8423.867001,177.016666,228.893666
48,CS_0047_POSTWEAN_d2_p2_cowslash_03112025_ch02-20251103085704_6833_6873.mp4,Pen 2 - Group 2\POSTWEANING\Day 2\CS_0047_POSTWEAN_d2_p2_cowslash_03112025_ch02-20251103085704_6833_6873.mp4,E:\cross_sucking\Pen 2 - Group 2\POSTWEANING\Day 2\CS_0047_POSTWEAN_d2_p2_cowslash_03112025_ch02-20251103085704_6833_6873.mp4,skipped_existing,1,1,Pen_2_POSTWEAN_Day_2_03112025,Pen 2 - Group 2,POSTWEAN,2,2,3112025,/,other|1|None|side,6833.397,6873.712,6833.397,6873.712,G:\MONITORING CROSS SUCKING IN CALVES - KAPPEL - 2025\Pen 2 - Group 2\POSTWEANING\Day 2\ch02_20251103085704.mp4,ch02_20251103085704.mp4,5643.994334,8423.867001,1189.402666,1229.717666
49,CS_0048_POSTWEAN_d2_p2_cowslash_03112025_ch02-20251103085704_6983_7180.mp4,Pen 2 - Group 2\POSTWEANING\Day 2\CS_0048_POSTWEAN_d2_p2_cowslash_03112025_ch02-20251103085704_6983_7180.mp4,E:\cross_sucking\Pen 2 - Group 2\POSTWEANING\Day 2\CS_0048_POSTWEAN_d2_p2_cowslash_03112025_ch02-20251103085704_6983_7180.mp4,skipped_existing,1,1,Pen_2_POSTWEAN_Day_2_03112025,Pen 2 - Group 2,POSTWEAN,2,2,3112025,/,other|1|reciprocal|side,6983.698,7180.464,6983.698,7180.464,G:\MONITORING CROSS SUCKING IN CALVES - KAPPEL - 2025\Pen 2 - Group 2\POSTWEANING\Day 2\ch02_20251103085704.mp4,ch02_20251103085704.mp4,5643.994334,8423.867001,1339.703666,1536.469666
50,CS_0049_POSTWEAN_d2_p2_cow1_03112025_ch02-20251103085704_6983_7100.mp4,Pen 2 - Group 2\POSTWEANING\Day 2\CS_0049_POSTWEAN_d2_p2_cow1_03112025_ch02-20251103085704_6983_7100.mp4,E:\cross_sucking\Pen 2 - Group 2\POSTWEANING\Day 2\CS_0049_POSTWEAN_d2_p2_cow1_03112025_ch02-20251103085704_6983_7100.mp4,skipped_existing,1,1,Pen_2_POSTWEAN_Day_2_03112025,Pen 2 - Group 2,POSTWEAN,2,2,3112025,1,other|/|reciprocal|side,6983.698,7100.455,6983.698,7100.455,G:\MONITORING CROSS SUCKING IN CALVES - KAPPEL - 2025\Pen 2 - Group 2\POSTWEANING\Day 2\ch02_20251103085704.mp4,ch02_20251103085704.mp4,5643.994334,8423.867001,1339.703666,1456.460666
51,CS_0050_POSTWEAN_d2_p2_cowslash_03112025_ch02-20251103103122_13065_13142.mp4,Pen 2 - Group 2\POSTWEANING\Day 2\CS_0050_POSTWEAN_d2_p2_cowslash_03112025_ch02-20251103103122_13065_13142.mp4,E:\cross_sucking\Pen 2 - Group 2\POSTWEANING\Day 2\CS_0050_POSTWEAN_d2_p2_cowslash_03112025_ch02-20251103103122_13065_13142.mp4,skipped_existing,1,1,Pen_2_POSTWEAN_Day_2_03112025,Pen 2 - Group 2,POSTWEAN,2,2,3112025,/,other|3|reciprocal|side,13065.014,13142.041,13065.014,13142.041,G:\MONITORING CROSS SUCKING IN CALVES - KAPPEL - 2025\Pen 2 - Group 2\POSTWEANING\Day 2\ch02_20251103103122.mp4,ch02_20251103103122.mp4,11210.970668,14026.874335,1854.043332,1931.070332
52,CS_0051_POSTWEAN_d2_p2_cow3_03112025_ch02-20251103103122_13065_13314.mp4,Pen 2 - Group 2\POSTWEANING\Day 2\CS_0051_POSTWEAN_d2_p2_cow3_03112025_ch02-20251103103122_13065_13314.mp4,E:\cross_sucking\Pen 2 - Group 2\POSTWEANING\Day 2\CS_0051_POSTWEAN_d2_p2_cow3_03112025_ch02-20251103103122_13065_13314.mp4,skipped_existing,1,1,Pen_2_POSTWEAN_Day_2_03112025,Pen 2 - Group 2,POSTWEAN,2,2,3112025,3,other|/|reciprocal|side,13065.014,13314.997,13065.014,13314.997,G:\MONITORING CROSS SUCKING IN CALVES - KAPPEL - 2025\Pen 2 - Group 2\POSTWEANING\Day 2\ch02_20251103103122.mp4,ch02_20251103103122.mp4,11210.970668,14026.874335,1854.043332,2104.026332
53,CS_0052_POSTWEAN_d2_p2_cowT_03112025_ch02-20251103142616_28150_28212_part01.mp4,Pen 2 - Group 2\POSTWEANING\Day 2\CS_0052_POSTWEAN_d2_p2_cowT_03112025_ch02-20251103142616_28150_28212_part01.mp4,E:\cross_sucking\Pen 2 - Group 2\POSTWEANING\Day 2\CS_0052_POSTWEAN_d2_p2_cowT_03112025_ch02-20251103142616_28150_28212_part01.mp4,skipped_existing,1,2,Pen_2_POSTWEAN_Day_2_03112025,Pen 2 - Group 2,POSTWEAN,2,2,3112025,T,grain feeder|1|None|behind,28150.284,28212.633,28150.284,28151.19267,G:\MONITORING CROSS SUCKING IN CALVES - KAPPEL - 2025\Pen 2 - Group 2\POSTWEANING\Day 2\ch02_20251103142616.mp4,ch02_20251103142616.mp4,25306.328003,28151.19267,2843.955997,2844.864667
54,CS_0052_POSTWEAN_d2_p2_cowT_03112025_ch02-20251103142616_28150_28212_part02.mp4,Pen 2 - Group 2\POSTWEANING\Day 2\CS_0052_POSTWEAN_d2_p2_cowT_03112025_ch02-20251103142616_28150_28212_part02.mp4,E:\cross_sucking\Pen 2 - Group 2\POSTWEANING\Day 2\CS_0052_POSTWEAN_d2_p2_cowT_03112025_ch02-20251103142616_28150_28212_part02.mp4,skipped_existing,2,2,Pen_2_POSTWEAN_Day_2_03112025,Pen 2 - Group 2,POSTWEAN,2,2,3112025,T,grain feeder|1|None|behind,28150.284,28212.633,28151.19267,28212.633,G:\MONITORING CROSS SUCKING IN CALVES - KAPPEL - 2025\Pen 2 - Group 2\POSTWEANING\Day 2\ch02_20251103151315.mp4,ch02_20251103151315.mp4,28151.19267,30979.219337,0.0,61.44033
55,CS_0053_POSTWEAN_d2_p2_cow8_03112025_ch02-20251103151315_28729_28748.mp4,Pen 2 - Group 2\POSTWEANING\Day 2\CS_0053_POSTWEAN_d2_p2_cow8_03112025_ch02-20251103151315_28729_28748.mp4,E:\cross_sucking\Pen 2 - Group 2\POSTWEANING\Day 2\CS_0053_POSTWEAN_d2_p2_cow8_03112025_ch02-20251103151315_28729_28748.mp4,skipped_existing,1,1,Pen_2_POSTWEAN_Day_2_03112025,Pen 2 - Group 2,POSTWEAN,2,2,3112025,8,other|T|None|side,28729.291,28748.588,28729.291,28748.588,G:\MONITORING CROSS SUCKING IN CALVES - KAPPEL - 2025\Pen 2 - Group 2\POSTWEANING\Day 2\ch02_20251103151315.mp4,ch02_20251103151315.mp4,28151.19267,30979.219337,578.09833,597.39533
56,CS_0054_POSTWEAN_d2_p2_cowT_03112025_ch02-20251103151315_28736_28766.mp4,Pen 2 - Group 2\POSTWEANING\Day 2\CS_0054_POSTWEAN_d2_p2_cowT_03112025_ch02-20251103151315_28736_28766.mp4,E:\cross_sucking\Pen 2 - Group 2\POSTWEANING\Day 2\CS_0054_POSTWEAN_d2_p2_cowT_03112025_ch02-20251103151315_28736_28766.mp4,skipped_existing,1,1,Pen_2_POSTWEAN_Day_2_03112025,Pen 2 - Group 2,POSTWEAN,2,2,3112025,T,other|8|reciprocal|side,28736.916,28766.44,28736.916,28766.44,G:\MONITORING CROSS SUCKING IN CALVES - KAPPEL - 2025\Pen 2 - Group 2\POSTWEANING\Day 2\ch02_20251103151315.mp4,ch02_20251103151315.mp4,28151.19267,30979.219337,585.72333,615.24733
57,CS_0055_POSTWEAN_d2_p2_cowT_03112025_ch02-20251103151315_28766_28782.mp4,Pen 2 - Group 2\POSTWEANING\Day 2\CS_0055_POSTWEAN_d2_p2_cowT_03112025_ch02-20251103151315_28766_28782.mp4,E:\cross_sucking\Pen 2 - Group 2\POSTWEANING\Day 2\CS_0055_POSTWEAN_d2_p2_cowT_03112025_ch02-20251103151315_28766_28782.mp4,skipped_existing,1,1,Pen_2_POSTWEAN_Day_2_03112025,Pen 2 - Group 2,POSTWEAN,2,2,3112025,T,other|8|None|side,28766.441,28782.453,28766.441,28782.453,G:\MONITORING CROSS SUCKING IN CALVES - KAPPEL - 2025\Pen 2 - Group 2\POSTWEANING\Day 2\ch02_20251103151315.mp4,ch02_20251103151315.mp4,28151.19267,30979.219337,615.24833,631.26033
58,CS_0056_POSTWEAN_d2_p2_cowT_03112025_ch02-20251103151315_28819_28958.mp4,Pen 2 - Group 2\POSTWEANING\Day 2\CS_0056_POSTWEAN_d2_p2_cowT_03112025_ch02-20251103151315_28819_28958.mp4,E:\cross_sucking\Pen 2 - Group 2\POSTWEANING\Day 2\CS_0056_POSTWEAN_d2_p2_cowT_03112025_ch02-20251103151315_28819_28958.mp4,skipped_existing,1,1,Pen_2_POSTWEAN_Day_2_03112025,Pen 2 - Group 2,POSTWEAN,2,2,3112025,T,other|8|reciprocal|side,28819.849,28958.684,28819.849,28958.684,G:\MONITORING CROSS SUCKING IN CALVES - KAPPEL - 2025\Pen 2 - Group 2\POSTWEANING\Day 2\ch02_20251103151315.mp4,ch02_20251103151315.mp4,28151.19267,30979.219337,668.65633,807.49133
59,CS_0057_POSTWEAN_d2_p2_cow8_03112025_ch02-20251103151315_28831_28865.mp4,Pen 2 - Group 2\POSTWEANING\Day 2\CS_0057_POSTWEAN_d2_p2_cow8_03112025_ch02-20251103151315_28831_28865.mp4,E:\cross_sucking\Pen 2 - Group 2\POSTWEANING\Day 2\CS_0057_POSTWEAN_d2_p2_cow8_03112025_ch02-20251103151315_28831_28865.mp4,skipped_existing,1,1,Pen_2_POSTWEAN_Day_2_03112025,Pen 2 - Group 2,POSTWEAN,2,2,3112025,8,other|T|reciprocal|side,28831.413,28865.899,28831.413,28865.899,G:\MONITORING CROSS SUCKING IN CALVES - KAPPEL - 2025\Pen 2 - Group 2\POSTWEANING\Day 2\ch02_20251103151315.mp4,ch02_20251103151315.mp4,28151.19267,30979.219337,680.22033,714.70633
60,CS_0058_POSTWEAN_d2_p2_cow8_03112025_ch02-20251103151315_28932_28958.mp4,Pen 2 - Group 2\POSTWEANING\Day 2\CS_0058_POSTWEAN_d2_p2_cow8_03112025_ch02-20251103151315_28932_28958.mp4,E:\cross_sucking\Pen 2 - Group 2\POSTWEANING\Day 2\CS_0058_POSTWEAN_d2_p2_cow8_03112025_ch02-20251103151315_28932_28958.mp4,skipped_existing,1,1,Pen_2_POSTWEAN_Day_2_03112025,Pen 2 - Group 2,POSTWEAN,2,2,3112025,8,other|T|reciprocal|side,28932.328,28958.363,28932.328,28958.363,G:\MONITORING CROSS SUCKING IN CALVES - KAPPEL - 2025\Pen 2 - Group 2\POSTWEANING\Day 2\ch02_20251103151315.mp4,ch02_20251103151315.mp4,28151.19267,30979.219337,781.13533,807.17033
61,CS_0059_POSTWEAN_d2_p2_cowA_03112025_ch02-20251103151315_28939_29006.mp4,Pen 2 - Group 2\POSTWEANING\Day 2\CS_0059_POSTWEAN_d2_p2_cowA_03112025_ch02-20251103151315_28939_29006.mp4,E:\cross_sucking\Pen 2 - Group 2\POSTWEANING\Day 2\CS_0059_POSTWEAN_d2_p2_cowA_03112025_ch02-20251103151315_28939_29006.mp4,skipped_existing,1,1,Pen_2_POSTWEAN_Day_2_03112025,Pen 2 - Group 2,POSTWEAN,2,2,3112025,A,other|O|reciprocal|side,28939.386,29006.531,28939.386,29006.531,G:\MONITORING CROSS SUCKING IN CALVES - KAPPEL - 2025\Pen 2 - Group 2\POSTWEANING\Day 2\ch02_20251103151315.mp4,ch02_20251103151315.mp4,28151.19267,30979.219337,788.19333,855.33833
62,CS_0060_POSTWEAN_d2_p2_cowT_03112025_ch02-20251103151315_28958_29046.mp4,Pen 2 - Group 2\POSTWEANING\Day 2\CS_0060_POSTWEAN_d2_p2_cowT_03112025_ch02-20251103151315_28958_29046.mp4,E:\cross_sucking\Pen 2 - Group 2\POSTWEANING\Day 2\CS_0060_POSTWEAN_d2_p2_cowT_03112025_ch02-20251103151315_28958_29046.mp4,skipped_existing,1,1,Pen_2_POSTWEAN_Day_2_03112025,Pen 2 - Group 2,POSTWEAN,2,2,3112025,T,other|8|None|side,28958.685,29046.398,28958.685,29046.398,G:\MONITORING CROSS SUCKING IN CALVES - KAPPEL - 2025\Pen 2 - Group 2\POSTWEANING\Day 2\ch02_20251103151315.mp4,ch02_20251103151315.mp4,28151.19267,30979.219337,807.49233,895.20533
63,CS_0061_POSTWEAN_d2_p2_cowA_03112025_ch02-20251103151315_29006_29354.mp4,Pen 2 - Group 2\POSTWEANING\Day 2\CS_0061_POSTWEAN_d2_p2_cowA_03112025_ch02-20251103151315_29006_29354.mp4,E:\cross_sucking\Pen 2 - Group 2\POSTWEANING\Day 2\CS_0061_POSTWEAN_d2_p2_cowA_03112025_ch02-20251103151315_29006_29354.mp4,skipped_existing,1,1,Pen_2_POSTWEAN_Day_2_03112025,Pen 2 - Group 2,POSTWEAN,2,2,3112025,A,other|O|None|side,29006.532,29354.37,29006.532,29354.37,G:\MONITORING CROSS SUCKING IN CALVES - KAPPEL - 2025\Pen 2 - Group 2\POSTWEANING\Day 2\ch02_20251103151315.mp4,ch02_20251103151315.mp4,28151.19267,30979.219337,855.33933,1203.17733
64,CS_0062_POSTWEAN_d2_p2_cowT_03112025_ch02-20251103151315_29621_29756.mp4,Pen 2 - Group 2\POSTWEANING\Day 2\CS_0062_POSTWEAN_d2_p2_cowT_03112025_ch02-20251103151315_29621_29756.mp4,E:\cross_sucking\Pen 2 - Group 2\POSTWEANING\Day 2\CS_0062_POSTWEAN_d2_p2_cowT_03112025_ch02-20251103151315_29621_29756.mp4,skipped_existing,1,1,Pen_2_POSTWEAN_Day_2_03112025,Pen 2 - Group 2,POSTWEAN,2,2,3112025,T,other|1|None|side,29621.16,29756.447,29621.16,29756.447,G:\MONITORING CROSS SUCKING IN CALVES - KAPPEL - 2025\Pen 2 - Group 2\POSTWEANING\Day 2\ch02_20251103151315.mp4,ch02_20251103151315.mp4,28151.19267,30979.219337,1469.96733,1605.25433
65,CS_0063_POSTWEAN_d2_p2_cowT_03112025_ch02-20251103151315_29756_29775.mp4,Pen 2 - Group 2\POSTWEANING\Day 2\CS_0063_POSTWEAN_d2_p2_cowT_03112025_ch02-20251103151315_29756_29775.mp4,E:\cross_sucking\Pen 2 - Group 2\POSTWEANING\Day 2\CS_0063_POSTWEAN_d2_p2_cowT_03112025_ch02-20251103151315_29756_29775.mp4,skipped_existing,1,1,Pen_2_POSTWEAN_Day_2_03112025,Pen 2 - Group 2,POSTWEAN,2,2,3112025,T,grain feeder|8|None|side,29756.448,29775.918,29756.448,29775.918,G:\MONITORING CROSS SUCKING IN CALVES - KAPPEL - 2025\Pen 2 - Group 2\POSTWEANING\Day 2\ch02_20251103151315.mp4,ch02_20251103151315.mp4,28151.19267,30979.219337,1605.25533,1624.72533
66,CS_0064_POSTWEAN_d2_p2_cow6_03112025_ch02-20251103151315_29804_29859.mp4,Pen 2 - Group 2\POSTWEANING\Day 2\CS_0064_POSTWEAN_d2_p2_cow6_03112025_ch02-20251103151315_29804_29859.mp4,E:\cross_sucking\Pen 2 - Group 2\POSTWEANING\Day 2\CS_0064_POSTWEAN_d2_p2_cow6_03112025_ch02-20251103151315_29804_29859.mp4,skipped_existing,1,1,Pen_2_POSTWEAN_Day_2_03112025,Pen 2 - Group 2,POSTWEAN,2,2,3112025,6,other|A|None|behind,29804.347,29859.384,29804.347,29859.384,G:\MONITORING CROSS SUCKING IN CALVES - KAPPEL - 2025\Pen 2 - Group 2\POSTWEANING\Day 2\ch02_20251103151315.mp4,ch02_20251103151315.mp4,28151.19267,30979.219337,1653.15433,1708.19133
67,CS_0065_POSTWEAN_d2_p2_cow3_03112025_ch02-20251103151315_30224_30280.mp4,Pen 2 - Group 2\POSTWEANING\Day 2\CS_0065_POSTWEAN_d2_p2_cow3_03112025_ch02-20251103151315_30224_30280.mp4,E:\cross_sucking\Pen 2 - Group 2\POSTWEANING\Day 2\CS_0065_POSTWEAN_d2_p2_cow3_03112025_ch02-20251103151315_30224_30280.mp4,skipped_existing,1,1,Pen_2_POSTWEAN_Day_2_03112025,Pen 2 - Group 2,POSTWEAN,2,2,3112025,3,other|/|reciprocal|side,30224.618,30280.365,30224.618,30280.365,G:\MONITORING CROSS SUCKING IN CALVES - KAPPEL - 2025\Pen 2 - Group 2\POSTWEANING\Day 2\ch02_20251103151315.mp4,ch02_20251103151315.mp4,28151.19267,30979.219337,2073.42533,2129.17233
68,CS_0066_POSTWEAN_d2_p2_cow3_03112025_ch02-20251103151315_30280_30470.mp4,Pen 2 - Group 2\POSTWEANING\Day 2\CS_0066_POSTWEAN_d2_p2_cow3_03112025_ch02-20251103151315_30280_30470.mp4,E:\cross_sucking\Pen 2 - Group 2\POSTWEANING\Day 2\CS_0066_POSTWEAN_d2_p2_cow3_03112025_ch02-20251103151315_30280_30470.mp4,skipped_existing,1,1,Pen_2_POSTWEAN_Day_2_03112025,Pen 2 - Group 2,POSTWEAN,2,2,3112025,3,other|/|None|side,30280.366,30470.741,30280.366,30470.741,G:\MONITORING CROSS SUCKING IN CALVES - KAPPEL - 2025\Pen 2 - Group 2\POSTWEANING\Day 2\ch02_20251103151315.mp4,ch02_20251103151315.mp4,28151.19267,30979.219337,2129.17333,2319.54833
69,CS_0067_POSTWEAN_d2_p2_cow3_03112025_ch02-20251103151315_30483_30547.mp4,Pen 2 - Group 2\POSTWEANING\Day 2\CS_0067_POSTWEAN_d2_p2_cow3_03112025_ch02-20251103151315_30483_30547.mp4,E:\cross_sucking\Pen 2 - Group 2\POSTWEANING\Day 2\CS_0067_POSTWEAN_d2_p2_cow3_03112025_ch02-20251103151315_30483_30547.mp4,skipped_existing,1,1,Pen_2_POSTWEAN_Day_2_03112025,Pen 2 - Group 2,POSTWEAN,2,2,3112025,3,other|/|None|side,30483.292,30547.768,30483.292,30547.768,G:\MONITORING CROSS SUCKING IN CALVES - KAPPEL - 2025\Pen 2 - Group 2\POSTWEANING\Day 2\ch02_20251103151315.mp4,ch02_20251103151315.mp4,28151.19267,30979.219337,2332.09933,2396.57533
70,CS_0068_POSTWEAN_d2_p2_cow6_03112025_ch02-20251103160013_31608_31620.mp4,Pen 2 - Group 2\POSTWEANING\Day 2\CS_0068_POSTWEAN_d2_p2_cow6_03112025_ch02-20251103160013_31608_31620.mp4,E:\cross_sucking\Pen 2 - Group 2\POSTWEANING\Day 2\CS_0068_POSTWEAN_d2_p2_cow6_03112025_ch02-20251103160013_31608_31620.mp4,skipped_existing,1,1,Pen_2_POSTWEAN_Day_2_03112025,Pen 2 - Group 2,POSTWEAN,2,2,3112025,6,grain feeder|8|None|side,31608.9,31620.536,31608.9,31620.536,G:\MONITORING CROSS SUCKING IN CALVES - KAPPEL - 2025\Pen 2 - Group 2\POSTWEANING\Day 2\ch02_20251103160013.mp4,ch02_20251103160013.mp4,30979.219337,33757.427004,629.680663,641.316663
71,CS_0069_POSTWEAN_d2_p2_cowO_03112025_ch02-20251103173407_36785_36818.mp4,Pen 2 - Group 2\POSTWEANING\Day 2\CS_0069_POSTWEAN_d2_p2_cowO_03112025_ch02-20251103173407_36785_36818.mp4,E:\cross_sucking\Pen 2 - Group 2\POSTWEANING\Day 2\CS_0069_POSTWEAN_d2_p2_cowO_03112025_ch02-20251103173407_36785_36818.mp4,skipped_existing,1,1,Pen_2_POSTWEAN_Day_2_03112025,Pen 2 - Group 2,POSTWEAN,2,2,3112025,O,other|1|reciprocal|side,36785.286,36818.521,36785.286,36818.521,G:\MONITORING CROSS SUCKING IN CALVES - KAPPEL - 2025\Pen 2 - Group 2\POSTWEANING\Day 2\ch02_20251103173407.mp4,ch02_20251103173407.mp4,36552.775671,39350.328338,232.510329,265.745329
72,CS_0070_POSTWEAN_d2_p2_cowO_03112025_ch02-20251103173407_36818_36999.mp4,Pen 2 - Group 2\POSTWEANING\Day 2\CS_0070_POSTWEAN_d2_p2_cowO_03112025_ch02-20251103173407_36818_36999.mp4,E:\cross_sucking\Pen 2 - Group 2\POSTWEANING\Day 2\CS_0070_POSTWEAN_d2_p2_cowO_03112025_ch02-20251103173407_36818_36999.mp4,skipped_existing,1,1,Pen_2_POSTWEAN_Day_2_03112025,Pen 2 - Group 2,POSTWEAN,2,2,3112025,O,other|1|None|side,36818.522,36999.085,36818.522,36999.085,G:\MONITORING CROSS SUCKING IN CALVES - KAPPEL - 2025\Pen 2 - Group 2\POSTWEANING\Day 2\ch02_20251103173407.mp4,ch02_20251103173407.mp4,36552.775671,39350.328338,265.746329,446.309329
73,CS_0071_POSTWEAN_d2_p2_cowA_03112025_ch02-20251103221630_55715_55740.mp4,Pen 2 - Group 2\POSTWEANING\Day 2\CS_0071_POSTWEAN_d2_p2_cowA_03112025_ch02-20251103221630_55715_55740.mp4,E:\cross_sucking\Pen 2 - Group 2\POSTWEANING\Day 2\CS_0071_POSTWEAN_d2_p2_cowA_03112025_ch02-20251103221630_55715_55740.mp4,skipped_existing,1,1,Pen_2_POSTWEAN_Day_2_03112025,Pen 2 - Group 2,POSTWEAN,2,2,3112025,A,other|O|reciprocal|side,55715.786,55740.985,55715.786,55740.985,G:\MONITORING CROSS SUCKING IN CALVES - KAPPEL - 2025\Pen 2 - Group 2\POSTWEANING\Day 2\ch02_20251103221630.mp4,ch02_20251103221630.mp4,53412.439673,56212.83134,2303.346327,2328.545327
74,CS_0072_POSTWEAN_d2_p2_cowA_03112025_ch02-20251103221630_55740_56090.mp4,Pen 2 - Group 2\POSTWEANING\Day 2\CS_0072_POSTWEAN_d2_p2_cowA_03112025_ch02-20251103221630_55740_56090.mp4,E:\cross_sucking\Pen 2 - Group 2\POSTWEANING\Day 2\CS_0072_POSTWEAN_d2_p2_cowA_03112025_ch02-20251103221630_55740_56090.mp4,skipped_existing,1,1,Pen_2_POSTWEAN_Day_2_03112025,Pen 2 - Group 2,POSTWEAN,2,2,3112025,A,other|O|None|side,55740.986,56090.14,55740.986,56090.14,G:\MONITORING CROSS SUCKING IN CALVES - KAPPEL - 2025\Pen 2 - Group 2\POSTWEANING\Day 2\ch02_20251103221630.mp4,ch02_20251103221630.mp4,53412.439673,56212.83134,2328.546327,2677.700327
75,CS_0073_POSTWEAN_d2_p2_cow3_03112025_ch02-20251103221630_55746_55757.mp4,Pen 2 - Group 2\POSTWEANING\Day 2\CS_0073_POSTWEAN_d2_p2_cow3_03112025_ch02-20251103221630_55746_55757.mp4,E:\cross_sucking\Pen 2 - Group 2\POSTWEANING\Day 2\CS_0073_POSTWEAN_d2_p2_cow3_03112025_ch02-20251103221630_55746_55757.mp4,skipped_existing,1,1,Pen_2_POSTWEAN_Day_2_03112025,Pen 2 - Group 2,POSTWEAN,2,2,3112025,3,other|O|three|behind,55746.446,55757.798,55746.446,55757.798,G:\MONITORING CROSS SUCKING IN CALVES - KAPPEL - 2025\Pen 2 - Group 2\POSTWEANING\Day 2\ch02_20251103221630.mp4,ch02_20251103221630.mp4,53412.439673,56212.83134,2334.006327,2345.358327
76,CS_0074_POSTWEAN_d2_p2_cowT_03112025_ch02-20251103221630_55800_55821.mp4,Pen 2 - Group 2\POSTWEANING\Day 2\CS_0074_POSTWEAN_d2_p2_cowT_03112025_ch02-20251103221630_55800_55821.mp4,E:\cross_sucking\Pen 2 - Group 2\POSTWEANING\Day 2\CS_0074_POSTWEAN_d2_p2_cowT_03112025_ch02-20251103221630_55800_55821.mp4,skipped_existing,1,1,Pen_2_POSTWEAN_Day_2_03112025,Pen 2 - Group 2,POSTWEAN,2,2,3112025,T,other|O|three|behind,55800.647,55821.92,55800.647,55821.92,G:\MONITORING CROSS SUCKING IN CALVES - KAPPEL - 2025\Pen 2 - Group 2\POSTWEANING\Day 2\ch02_20251103221630.mp4,ch02_20251103221630.mp4,53412.439673,56212.83134,2388.207327,2409.480327
77,CS_0075_POSTWEAN_d2_p2_cowT_03112025_ch02-20251103221630_55875_56107.mp4,Pen 2 - Group 2\POSTWEANING\Day 2\CS_0075_POSTWEAN_d2_p2_cowT_03112025_ch02-20251103221630_55875_56107.mp4,E:\cross_sucking\Pen 2 - Group 2\POSTWEANING\Day 2\CS_0075_POSTWEAN_d2_p2_cowT_03112025_ch02-20251103221630_55875_56107.mp4,skipped_existing,1,1,Pen_2_POSTWEAN_Day_2_03112025,Pen 2 - Group 2,POSTWEAN,2,2,3112025,T,other|8|reciprocal|side,55875.834,56107.47,55875.834,56107.47,G:\MONITORING CROSS SUCKING IN CALVES - KAPPEL - 2025\Pen 2 - Group 2\POSTWEANING\Day 2\ch02_20251103221630.mp4,ch02_20251103221630.mp4,53412.439673,56212.83134,2463.394327,2695.030327
78,CS_0076_POSTWEAN_d2_p2_cow8_03112025_ch02-20251103221630_55890_56097.mp4,Pen 2 - Group 2\POSTWEANING\Day 2\CS_0076_POSTWEAN_d2_p2_cow8_03112025_ch02-20251103221630_55890_56097.mp4,E:\cross_sucking\Pen 2 - Group 2\POSTWEANING\Day 2\CS_0076_POSTWEAN_d2_p2_cow8_03112025_ch02-20251103221630_55890_56097.mp4,skipped_existing,1,1,Pen_2_POSTWEAN_Day_2_03112025,Pen 2 - Group 2,POSTWEAN,2,2,3112025,8,other|T|reciprocal|side,55890.473,56097.569,55890.473,56097.569,G:\MONITORING CROSS SUCKING IN CALVES - KAPPEL - 2025\Pen 2 - Group 2\POSTWEANING\Day 2\ch02_20251103221630.mp4,ch02_20251103221630.mp4,53412.439673,56212.83134,2478.033327,2685.129327
79,CS_0077_POSTWEAN_d2_p2_cow6_03112025_ch02-20251103221630_56042_56234_part01.mp4,Pen 2 - Group 2\POSTWEANING\Day 2\CS_0077_POSTWEAN_d2_p2_cow6_03112025_ch02-20251103221630_56042_56234_part01.mp4,E:\cross_sucking\Pen 2 - Group 2\POSTWEANING\Day 2\CS_0077_POSTWEAN_d2_p2_cow6_03112025_ch02-20251103221630_56042_56234_part01.mp4,skipped_existing,1,2,Pen_2_POSTWEAN_Day_2_03112025,Pen 2 - Group 2,POSTWEAN,2,2,3112025,6,grain feeder|1|None|side,56042.442,56234.07,56042.442,56212.83134,G:\MONITORING CROSS SUCKING IN CALVES - KAPPEL - 2025\Pen 2 - Group 2\POSTWEANING\Day 2\ch02_20251103221630.mp4,ch02_20251103221630.mp4,53412.439673,56212.83134,2630.002327,2800.391667
80,CS_0077_POSTWEAN_d2_p2_cow6_03112025_ch02-20251103221630_56042_56234_part02.mp4,Pen 2 - Group 2\POSTWEANING\Day 2\CS_0077_POSTWEAN_d2_p2_cow6_03112025_ch02-20251103221630_56042_56234_part02.mp4,E:\cross_sucking\Pen 2 - Group 2\POSTWEANING\Day 2\CS_0077_POSTWEAN_d2_p2_cow6_03112025_ch02-20251103221630_56042_56234_part02.mp4,skipped_existing,2,2,Pen_2_POSTWEAN_Day_2_03112025,Pen 2 - Group 2,POSTWEAN,2,2,3112025,6,grain feeder|1|None|side,56042.442,56234.07,56212.83134,56234.07,G:\MONITORING CROSS SUCKING IN CALVES - KAPPEL - 2025\Pen 2 - Group 2\POSTWEANING\Day 2\ch02_20251103230331.mp4,ch02_20251103230331.mp4,56212.83134,59008.126007,0.0,21.23866
81,CS_0078_POSTWEAN_d2_p2_cowT_03112025_ch02-20251103221630_56107_56472_part01.mp4,Pen 2 - Group 2\POSTWEANING\Day 2\CS_0078_POSTWEAN_d2_p2_cowT_03112025_ch02-20251103221630_56107_56472_part01.mp4,E:\cross_sucking\Pen 2 - Group 2\POSTWEANING\Day 2\CS_0078_POSTWEAN_d2_p2_cowT_03112025_ch02-20251103221630_56107_56472_part01.mp4,skipped_existing,1,2,Pen_2_POSTWEAN_Day_2_03112025,Pen 2 - Group 2,POSTWEAN,2,2,3112025,T,other|8|None|side,56107.471,56472.881,56107.471,56212.83134,G:\MONITORING CROSS SUCKING IN CALVES - KAPPEL - 2025\Pen 2 - Group 2\POSTWEANING\Day 2\ch02_20251103221630.mp4,ch02_20251103221630.mp4,53412.439673,56212.83134,2695.031327,2800.391667
82,CS_0078_POSTWEAN_d2_p2_cowT_03112025_ch02-20251103221630_56107_56472_part02.mp4,Pen 2 - Group 2\POSTWEANING\Day 2\CS_0078_POSTWEAN_d2_p2_cowT_03112025_ch02-20251103221630_56107_56472_part02.mp4,E:\cross_sucking\Pen 2 - Group 2\POSTWEANING\Day 2\CS_0078_POSTWEAN_d2_p2_cowT_03112025_ch02-20251103221630_56107_56472_part02.mp4,skipped_existing,2,2,Pen_2_POSTWEAN_Day_2_03112025,Pen 2 - Group 2,POSTWEAN,2,2,3112025,T,other|8|None|side,56107.471,56472.881,56212.83134,56472.881,G:\MONITORING CROSS SUCKING IN CALVES - KAPPEL - 2025\Pen 2 - Group 2\POSTWEANING\Day 2\ch02_20251103230331.mp4,ch02_20251103230331.mp4,56212.83134,59008.126007,0.0,260.04966
83,CS_0079_POSTWEAN_d2_p2_cow8_03112025_ch02-20251103221630_56118_56336_part01.mp4,Pen 2 - Group 2\POSTWEANING\Day 2\CS_0079_POSTWEAN_d2_p2_cow8_03112025_ch02-20251103221630_56118_56336_part01.mp4,E:\cross_sucking\Pen 2 - Group 2\POSTWEANING\Day 2\CS_0079_POSTWEAN_d2_p2_cow8_03112025_ch02-20251103221630_56118_56336_part01.mp4,skipped_existing,1,2,Pen_2_POSTWEAN_Day_2_03112025,Pen 2 - Group 2,POSTWEAN,2,2,3112025,8,other|T|reciprocal|side,56118.48,56336.673,56118.48,56212.83134,G:\MONITORING CROSS SUCKING IN CALVES - KAPPEL - 2025\Pen 2 - Group 2\POSTWEANING\Day 2\ch02_20251103221630.mp4,ch02_20251103221630.mp4,53412.439673,56212.83134,2706.040327,2800.391667
84,CS_0079_POSTWEAN_d2_p2_cow8_03112025_ch02-20251103221630_56118_56336_part02.mp4,Pen 2 - Group 2\POSTWEANING\Day 2\CS_0079_POSTWEAN_d2_p2_cow8_03112025_ch02-20251103221630_56118_56336_part02.mp4,E:\cross_sucking\Pen 2 - Group 2\POSTWEANING\Day 2\CS_0079_POSTWEAN_d2_p2_cow8_03112025_ch02-20251103221630_56118_56336_part02.mp4,skipped_existing,2,2,Pen_2_POSTWEAN_Day_2_03112025,Pen 2 - Group 2,POSTWEAN,2,2,3112025,8,other|T|reciprocal|side,56118.48,56336.673,56212.83134,56336.673,G:\MONITORING CROSS SUCKING IN CALVES - KAPPEL - 2025\Pen 2 - Group 2\POSTWEANING\Day 2\ch02_20251103230331.mp4,ch02_20251103230331.mp4,56212.83134,59008.126007,0.0,123.84166
85,CS_0080_POSTWEAN_d2_p2_cow3_03112025_ch02-20251103230331_58139_58191.mp4,Pen 2 - Group 2\POSTWEANING\Day 2\CS_0080_POSTWEAN_d2_p2_cow3_03112025_ch02-20251103230331_58139_58191.mp4,E:\cross_sucking\Pen 2 - Group 2\POSTWEANING\Day 2\CS_0080_POSTWEAN_d2_p2_cow3_03112025_ch02-20251103230331_58139_58191.mp4,skipped_existing,1,1,Pen_2_POSTWEAN_Day_2_03112025,Pen 2 - Group 2,POSTWEAN,2,2,3112025,3,other|6|reciprocal|side,58139.836,58191.771,58139.836,58191.771,G:\MONITORING CROSS SUCKING IN CALVES - KAPPEL - 2025\Pen 2 - Group 2\POSTWEANING\Day 2\ch02_20251103230331.mp4,ch02_20251103230331.mp4,56212.83134,59008.126007,1927.00466,1978.93966
86,CS_0081_POSTWEAN_d2_p2_cowA_03112025_ch02-20251103235028_60757_60787.mp4,Pen 2 - Group 2\POSTWEANING\Day 2\CS_0081_POSTWEAN_d2_p2_cowA_03112025_ch02-20251103235028_60757_60787.mp4,E:\cross_sucking\Pen 2 - Group 2\POSTWEANING\Day 2\CS_0081_POSTWEAN_d2_p2_cowA_03112025_ch02-20251103235028_60757_60787.mp4,skipped_existing,1,1,Pen_2_POSTWEAN_Day_2_03112025,Pen 2 - Group 2,POSTWEAN,2,2,3112025,A,grain feeder|/|None|side,60757.208,60787.75,60757.208,60787.75,G:\MONITORING CROSS SUCKING IN CALVES - KAPPEL - 2025\Pen 2 - Group 2\POSTWEANING\Day 2\ch02_20251103235028.mp4,ch02_20251103235028.mp4,59008.126007,61803.961674,1749.081993,1779.623993
87,CS_0082_POSTWEAN_d2_p2_cow3_03112025_ch02-20251103235028_61047_61123.mp4,Pen 2 - Group 2\POSTWEANING\Day 2\CS_0082_POSTWEAN_d2_p2_cow3_03112025_ch02-20251103235028_61047_61123.mp4,E:\cross_sucking\Pen 2 - Group 2\POSTWEANING\Day 2\CS_0082_POSTWEAN_d2_p2_cow3_03112025_ch02-20251103235028_61047_61123.mp4,skipped_existing,1,1,Pen_2_POSTWEAN_Day_2_03112025,Pen 2 - Group 2,POSTWEAN,2,2,3112025,3,grain feeder|/|None|side,61047.823,61123.049,61047.823,61123.049,G:\MONITORING CROSS SUCKING IN CALVES - KAPPEL - 2025\Pen 2 - Group 2\POSTWEANING\Day 2\ch02_20251103235028.mp4,ch02_20251103235028.mp4,59008.126007,61803.961674,2039.696993,2114.922993
88,CS_0083_POSTWEAN_d2_p2_cowT_03112025_ch02-20251104021156_69874_69899.mp4,Pen 2 - Group 2\POSTWEANING\Day 2\CS_0083_POSTWEAN_d2_p2_cowT_03112025_ch02-20251104021156_69874_69899.mp4,E:\cross_sucking\Pen 2 - Group 2\POSTWEANING\Day 2\CS_0083_POSTWEAN_d2_p2_cowT_03112025_ch02-20251104021156_69874_69899.mp4,skipped_existing,1,1,Pen_2_POSTWEAN_Day_2_03112025,Pen 2 - Group 2,POSTWEAN,2,2,3112025,T,hay|1|None|behind,69874.708,69899.908,69874.708,69899.908,G:\MONITORING CROSS SUCKING IN CALVES - KAPPEL - 2025\Pen 2 - Group 2\POSTWEANING\Day 2\ch02_20251104021156.mp4,ch02_20251104021156.mp4,67410.599008,70189.064675,2464.108992,2489.308992
89,CS_0084_POSTWEAN_d2_p2_cowA_03112025_ch02-20251104025852_72959_73078_part01.mp4,Pen 2 - Group 2\POSTWEANING\Day 2\CS_0084_POSTWEAN_d2_p2_cowA_03112025_ch02-20251104025852_72959_73078_part01.mp4,E:\cross_sucking\Pen 2 - Group 2\POSTWEANING\Day 2\CS_0084_POSTWEAN_d2_p2_cowA_03112025_ch02-20251104025852_72959_73078_part01.mp4,skipped_existing,1,2,Pen_2_POSTWEAN_Day_2_03112025,Pen 2 - Group 2,POSTWEAN,2,2,3112025,A,other|O|None|side,72959.549,73078.762,72959.549,73006.380342,G:\MONITORING CROSS SUCKING IN CALVES - KAPPEL - 2025\Pen 2 - Group 2\POSTWEANING\Day 2\ch02_20251104025852.mp4,ch02_20251104025852.mp4,70189.064675,73006.380342,2770.484325,2817.315667
90,CS_0084_POSTWEAN_d2_p2_cowA_03112025_ch02-20251104025852_72959_73078_part02.mp4,Pen 2 - Group 2\POSTWEANING\Day 2\CS_0084_POSTWEAN_d2_p2_cowA_03112025_ch02-20251104025852_72959_73078_part02.mp4,E:\cross_sucking\Pen 2 - Group 2\POSTWEANING\Day 2\CS_0084_POSTWEAN_d2_p2_cowA_03112025_ch02-20251104025852_72959_73078_part02.mp4,skipped_existing,2,2,Pen_2_POSTWEAN_Day_2_03112025,Pen 2 - Group 2,POSTWEAN,2,2,3112025,A,other|O|None|side,72959.549,73078.762,73006.380342,73078.762,G:\MONITORING CROSS SUCKING IN CALVES - KAPPEL - 2025\Pen 2 - Group 2\POSTWEANING\Day 2\ch02_20251104034554.mp4,ch02_20251104034554.mp4,73006.380342,75818.504009,0.0,72.381658
91,CS_0085_POSTWEAN_d2_p2_cowA_03112025_ch02-20251104034554_73108_73145.mp4,Pen 2 - Group 2\POSTWEANING\Day 2\CS_0085_POSTWEAN_d2_p2_cowA_03112025_ch02-20251104034554_73108_73145.mp4,E:\cross_sucking\Pen 2 - Group 2\POSTWEANING\Day 2\CS_0085_POSTWEAN_d2_p2_cowA_03112025_ch02-20251104034554_73108_73145.mp4,skipped_existing,1,1,Pen_2_POSTWEAN_Day_2_03112025,Pen 2 - Group 2,POSTWEAN,2,2,3112025,A,other|O|None|side,73108.825,73145.289,73108.825,73145.289,G:\MONITORING CROSS SUCKING IN CALVES - KAPPEL - 2025\Pen 2 - Group 2\POSTWEANING\Day 2\ch02_20251104034554.mp4,ch02_20251104034554.mp4,73006.380342,75818.504009,102.444658,138.908658
92,CS_0086_POSTWEAN_d2_p2_cowslash_03112025_ch02-20251104034554_73321_73433.mp4,Pen 2 - Group 2\POSTWEANING\Day 2\CS_0086_POSTWEAN_d2_p2_cowslash_03112025_ch02-20251104034554_73321_73433.mp4,E:\cross_sucking\Pen 2 - Group 2\POSTWEANING\Day 2\CS_0086_POSTWEAN_d2_p2_cowslash_03112025_ch02-20251104034554_73321_73433.mp4,skipped_existing,1,1,Pen_2_POSTWEAN_Day_2_03112025,Pen 2 - Group 2,POSTWEAN,2,2,3112025,/,other|3|reciprocal|side,73321.671,73433.546,73321.671,73433.546,G:\MONITORING CROSS SUCKING IN CALVES - KAPPEL - 2025\Pen 2 - Group 2\POSTWEANING\Day 2\ch02_20251104034554.mp4,ch02_20251104034554.mp4,73006.380342,75818.504009,315.290658,427.165658
93,CS_0087_POSTWEAN_d2_p2_cow3_03112025_ch02-20251104034554_73321_73421.mp4,Pen 2 - Group 2\POSTWEANING\Day 2\CS_0087_POSTWEAN_d2_p2_cow3_03112025_ch02-20251104034554_73321_73421.mp4,E:\cross_sucking\Pen 2 - Group 2\POSTWEANING\Day 2\CS_0087_POSTWEAN_d2_p2_cow3_03112025_ch02-20251104034554_73321_73421.mp4,skipped_existing,1,1,Pen_2_POSTWEAN_Day_2_03112025,Pen 2 - Group 2,POSTWEAN,2,2,3112025,3,other|/|reciprocal|side,73321.671,73421.502,73321.671,73421.502,G:\MONITORING CROSS SUCKING IN CALVES - KAPPEL - 2025\Pen 2 - Group 2\POSTWEANING\Day 2\ch02_20251104034554.mp4,ch02_20251104034554.mp4,73006.380342,75818.504009,315.290658,415.121658
94,CS_0088_POSTWEAN_d2_p2_cowslash_03112025_ch02-20251104034554_73476_73563.mp4,Pen 2 - Group 2\POSTWEANING\Day 2\CS_0088_POSTWEAN_d2_p2_cowslash_03112025_ch02-20251104034554_73476_73563.mp4,E:\cross_sucking\Pen 2 - Group 2\POSTWEANING\Day 2\CS_0088_POSTWEAN_d2_p2_cowslash_03112025_ch02-20251104034554_73476_73563.mp4,skipped_existing,1,1,Pen_2_POSTWEAN_Day_2_03112025,Pen 2 - Group 2,POSTWEAN,2,2,3112025,/,other|3|reciprocal|side,73476.594,73563.655,73476.594,73563.655,G:\MONITORING CROSS SUCKING IN CALVES - KAPPEL - 2025\Pen 2 - Group 2\POSTWEANING\Day 2\ch02_20251104034554.mp4,ch02_20251104034554.mp4,73006.380342,75818.504009,470.213658,557.274658
95,CS_0089_POSTWEAN_d2_p2_cow3_03112025_ch02-20251104034554_73476_73590.mp4,Pen 2 - Group 2\POSTWEANING\Day 2\CS_0089_POSTWEAN_d2_p2_cow3_03112025_ch02-20251104034554_73476_73590.mp4,E:\cross_sucking\Pen 2 - Group 2\POSTWEANING\Day 2\CS_0089_POSTWEAN_d2_p2_cow3_03112025_ch02-20251104034554_73476_73590.mp4,skipped_existing,1,1,Pen_2_POSTWEAN_Day_2_03112025,Pen 2 - Group 2,POSTWEAN,2,2,3112025,3,other|/|reciprocal|side,73476.594,73590.929,73476.594,73590.929,G:\MONITORING CROSS SUCKING IN CALVES - KAPPEL - 2025\Pen 2 - Group 2\POSTWEANING\Day 2\ch02_20251104034554.mp4,ch02_20251104034554.mp4,73006.380342,75818.504009,470.213658,584.548658
96,CS_0090_POSTWEAN_d2_p2_cowA_03112025_ch02-20251104051950_80468_80504.mp4,Pen 2 - Group 2\POSTWEANING\Day 2\CS_0090_POSTWEAN_d2_p2_cowA_03112025_ch02-20251104051950_80468_80504.mp4,E:\cross_sucking\Pen 2 - Group 2\POSTWEANING\Day 2\CS_0090_POSTWEAN_d2_p2_cowA_03112025_ch02-20251104051950_80468_80504.mp4,skipped_existing,1,1,Pen_2_POSTWEAN_Day_2_03112025,Pen 2 - Group 2,POSTWEAN,2,2,3112025,A,other|O|None|side,80468.664,80504.282,80468.664,80504.282,G:\MONITORING CROSS SUCKING IN CALVES - KAPPEL - 2025\Pen 2 - Group 2\POSTWEANING\Day 2\ch02_20251104051950.mp4,ch02_20251104051950.mp4,78632.236676,81412.807343,1836.427324,1872.045324
97,CS_0091_POSTWEAN_d3_p2_cowO_04112025_ch02-20251104091439_7002_7107.mp4,Pen 2 - Group 2\POSTWEANING\Day 3\CS_0091_POSTWEAN_d3_p2_cowO_04112025_ch02-20251104091439_7002_7107.mp4,E:\cross_sucking\Pen 2 - Group 2\POSTWEANING\Day 3\CS_0091_POSTWEAN_d3_p2_cowO_04112025_ch02-20251104091439_7002_7107.mp4,skipped_existing,1,1,Pen_2_POSTWEAN_Day_3_04112025,Pen 2 - Group 2,POSTWEAN,3,2,4112025,O,other|A|reciprocal|side,7002.199,7107.628,7002.199,7107.628,G:\MONITORING CROSS SUCKING IN CALVES - KAPPEL - 2025\Pen 2 - Group 2\POSTWEANING\Day 3\ch02_20251104091439.mp4,ch02_20251104091439.mp4,5641.702334,8437.394001,1360.496666,1465.925666
98,CS_0092_POSTWEAN_d3_p2_cowA_04112025_ch02-20251104091439_7012_7107.mp4,Pen 2 - Group 2\POSTWEANING\Day 3\CS_0092_POSTWEAN_d3_p2_cowA_04112025_ch02-20251104091439_7012_7107.mp4,E:\cross_sucking\Pen 2 - Group 2\POSTWEANING\Day 3\CS_0092_POSTWEAN_d3_p2_cowA_04112025_ch02-20251104091439_7012_7107.mp4,skipped_existing,1,1,Pen_2_POSTWEAN_Day_3_04112025,Pen 2 - Group 2,POSTWEAN,3,2,4112025,A,other|O|reciprocal|side,7012.212,7107.627,7012.212,7107.627,G:\MONITORING CROSS SUCKING IN CALVES - KAPPEL - 2025\Pen 2 - Group 2\POSTWEANING\Day 3\ch02_20251104091439.mp4,ch02_20251104091439.mp4,5641.702334,8437.394001,1370.509666,1465.924666
99,CS_0093_POSTWEAN_d3_p2_cowA_04112025_ch02-20251104091439_7107_7367.mp4,Pen 2 - Group 2\POSTWEANING\Day 3\CS_0093_POSTWEAN_d3_p2_cowA_04112025_ch02-20251104091439_7107_7367.mp4,E:\cross_sucking\Pen 2 - Group 2\POSTWEANING\Day 3\CS_0093_POSTWEAN_d3_p2_cowA_04112025_ch02-20251104091439_7107_7367.mp4,skipped_existing,1,1,Pen_2_POSTWEAN_Day_3_04112025,Pen 2 - Group 2,POSTWEAN,3,2,4112025,A,other|O|None|side,7107.628,7367.678,7107.628,7367.678,G:\MONITORING CROSS SUCKING IN CALVES - KAPPEL - 2025\Pen 2 - Group 2\POSTWEANING\Day 3\ch02_20251104091439.mp4,ch02_20251104091439.mp4,5641.702334,8437.394001,1465.925666,1725.975666
100,CS_0094_POSTWEAN_d3_p2_cowslash_04112025_ch02-20251104091439_7187_7257.mp4,Pen 2 - Group 2\POSTWEANING\Day 3\CS_0094_POSTWEAN_d3_p2_cowslash_04112025_ch02-20251104091439_7187_7257.mp4,E:\cross_sucking\Pen 2 - Group 2\POSTWEANING\Day 3\CS_0094_POSTWEAN_d3_p2_cowslash_04112025_ch02-20251104091439_7187_7257.mp4,skipped_existing,1,1,Pen_2_POSTWEAN_Day_3_04112025,Pen 2 - Group 2,POSTWEAN,3,2,4112025,/,other|1|reciprocal|side,7187.725,7257.789,7187.725,7257.789,G:\MONITORING CROSS SUCKING IN CALVES - KAPPEL - 2025\Pen 2 - Group 2\POSTWEANING\Day 3\ch02_20251104091439.mp4,ch02_20251104091439.mp4,5641.702334,8437.394001,1546.022666,1616.086666
101,CS_0095_POSTWEAN_d3_p2_cow1_04112025_ch02-20251104091439_7187_7267.mp4,Pen 2 - Group 2\POSTWEANING\Day 3\CS_0095_POSTWEAN_d3_p2_cow1_04112025_ch02-20251104091439_7187_7267.mp4,E:\cross_sucking\Pen 2 - Group 2\POSTWEANING\Day 3\CS_0095_POSTWEAN_d3_p2_cow1_04112025_ch02-20251104091439_7187_7267.mp4,skipped_existing,1,1,Pen_2_POSTWEAN_Day_3_04112025,Pen 2 - Group 2,POSTWEAN,3,2,4112025,1,other|/|reciprocal|side,7187.725,7267.095,7187.725,7267.095,G:\MONITORING CROSS SUCKING IN CALVES - KAPPEL - 2025\Pen 2 - Group 2\POSTWEANING\Day 3\ch02_20251104091439.mp4,ch02_20251104091439.mp4,5641.702334,8437.394001,1546.022666,1625.392666
102,CS_0096_POSTWEAN_d3_p2_cow1_04112025_ch02-20251104091439_7282_7504.mp4,Pen 2 - Group 2\POSTWEANING\Day 3\CS_0096_POSTWEAN_d3_p2_cow1_04112025_ch02-20251104091439_7282_7504.mp4,E:\cross_sucking\Pen 2 - Group 2\POSTWEANING\Day 3\CS_0096_POSTWEAN_d3_p2_cow1_04112025_ch02-20251104091439_7282_7504.mp4,skipped_existing,1,1,Pen_2_POSTWEAN_Day_3_04112025,Pen 2 - Group 2,POSTWEAN,3,2,4112025,1,other|/|None|side,7282.191,7504.62,7282.191,7504.62,G:\MONITORING CROSS SUCKING IN CALVES - KAPPEL - 2025\Pen 2 - Group 2\POSTWEANING\Day 3\ch02_20251104091439.mp4,ch02_20251104091439.mp4,5641.702334,8437.394001,1640.488666,1862.917666
103,CS_0097_POSTWEAN_d3_p2_cowT_04112025_ch02-20251104091439_7354_7438.mp4,Pen 2 - Group 2\POSTWEANING\Day 3\CS_0097_POSTWEAN_d3_p2_cowT_04112025_ch02-20251104091439_7354_7438.mp4,E:\cross_sucking\Pen 2 - Group 2\POSTWEANING\Day 3\CS_0097_POSTWEAN_d3_p2_cowT_04112025_ch02-20251104091439_7354_7438.mp4,skipped_existing,1,1,Pen_2_POSTWEAN_Day_3_04112025,Pen 2 - Group 2,POSTWEAN,3,2,4112025,T,other|O|None|behind,7354.631,7438.757,7354.631,7438.757,G:\MONITORING CROSS SUCKING IN CALVES - KAPPEL - 2025\Pen 2 - Group 2\POSTWEANING\Day 3\ch02_20251104091439.mp4,ch02_20251104091439.mp4,5641.702334,8437.394001,1712.928666,1797.054666
104,CS_0098_POSTWEAN_d3_p2_cow1_04112025_ch02-20251104113530_15587_15735.mp4,Pen 2 - Group 2\POSTWEANING\Day 3\CS_0098_POSTWEAN_d3_p2_cow1_04112025_ch02-20251104113530_15587_15735.mp4,E:\cross_sucking\Pen 2 - Group 2\POSTWEANING\Day 3\CS_0098_POSTWEAN_d3_p2_cow1_04112025_ch02-20251104113530_15587_15735.mp4,skipped_existing,1,1,Pen_2_POSTWEAN_Day_3_04112025,Pen 2 - Group 2,POSTWEAN,3,2,4112025,1,other|/|None|side,15587.204,15735.251,15587.204,15735.251,G:\MONITORING CROSS SUCKING IN CALVES - KAPPEL - 2025\Pen 2 - Group 2\POSTWEANING\Day 3\ch02_20251104113530.mp4,ch02_20251104113530.mp4,14045.259335,16858.858002,1541.944665,1689.991665
105,CS_0099_POSTWEAN_d3_p2_cowslash_04112025_ch02-20251104113530_15596_15635.mp4,Pen 2 - Group 2\POSTWEANING\Day 3\CS_0099_POSTWEAN_d3_p2_cowslash_04112025_ch02-20251104113530_15596_15635.mp4,E:\cross_sucking\Pen 2 - Group 2\POSTWEANING\Day 3\CS_0099_POSTWEAN_d3_p2_cowslash_04112025_ch02-20251104113530_15596_15635.mp4,skipped_existing,1,1,Pen_2_POSTWEAN_Day_3_04112025,Pen 2 - Group 2,POSTWEAN,3,2,4112025,/,other|1|reciprocal|side,15596.812,15635.118,15596.812,15635.118,G:\MONITORING CROSS SUCKING IN CALVES - KAPPEL - 2025\Pen 2 - Group 2\POSTWEANING\Day 3\ch02_20251104113530.mp4,ch02_20251104113530.mp4,14045.259335,16858.858002,1551.552665,1589.858665
106,CS_0100_POSTWEAN_d3_p2_cowslash_04112025_ch02-20251104113530_15664_15735.mp4,Pen 2 - Group 2\POSTWEANING\Day 3\CS_0100_POSTWEAN_d3_p2_cowslash_04112025_ch02-20251104113530_15664_15735.mp4,E:\cross_sucking\Pen 2 - Group 2\POSTWEANING\Day 3\CS_0100_POSTWEAN_d3_p2_cowslash_04112025_ch02-20251104113530_15664_15735.mp4,skipped_existing,1,1,Pen_2_POSTWEAN_Day_3_04112025,Pen 2 - Group 2,POSTWEAN,3,2,4112025,/,other|1|reciprocal|side,15664.965,15735.251,15664.965,15735.251,G:\MONITORING CROSS SUCKING IN CALVES - KAPPEL - 2025\Pen 2 - Group 2\POSTWEANING\Day 3\ch02_20251104113530.mp4,ch02_20251104113530.mp4,14045.259335,16858.858002,1619.705665,1689.991665
107,CS_0101_POSTWEAN_d3_p2_cowT_04112025_ch02-20251104144359_25709_25809.mp4,Pen 2 - Group 2\POSTWEANING\Day 3\CS_0101_POSTWEAN_d3_p2_cowT_04112025_ch02-20251104144359_25709_25809.mp4,E:\cross_sucking\Pen 2 - Group 2\POSTWEANING\Day 3\CS_0101_POSTWEAN_d3_p2_cowT_04112025_ch02-20251104144359_25709_25809.mp4,skipped_existing,1,1,Pen_2_POSTWEAN_Day_3_04112025,Pen 2 - Group 2,POSTWEAN,3,2,4112025,T,other|1|None|side,25709.953,25809.016,25709.953,25809.016,G:\MONITORING CROSS SUCKING IN CALVES - KAPPEL - 2025\Pen 2 - Group 2\POSTWEANING\Day 3\ch02_20251104144359.mp4,ch02_20251104144359.mp4,25220.585003,28016.85167,489.367997,588.430997
108,CS_0102_POSTWEAN_d3_p2_cowT_04112025_ch02-20251104144359_25809_25926.mp4,Pen 2 - Group 2\POSTWEANING\Day 3\CS_0102_POSTWEAN_d3_p2_cowT_04112025_ch02-20251104144359_25809_25926.mp4,E:\cross_sucking\Pen 2 - Group 2\POSTWEANING\Day 3\CS_0102_POSTWEAN_d3_p2_cowT_04112025_ch02-20251104144359_25809_25926.mp4,skipped_existing,1,1,Pen_2_POSTWEAN_Day_3_04112025,Pen 2 - Group 2,POSTWEAN,3,2,4112025,T,other|1|None|behind,25809.017,25926.861,25809.017,25926.861,G:\MONITORING CROSS SUCKING IN CALVES - KAPPEL - 2025\Pen 2 - Group 2\POSTWEANING\Day 3\ch02_20251104144359.mp4,ch02_20251104144359.mp4,25220.585003,28016.85167,588.431997,706.275997
109,CS_0103_POSTWEAN_d3_p2_cowT_04112025_ch02-20251104144359_25946_26025.mp4,Pen 2 - Group 2\POSTWEANING\Day 3\CS_0103_POSTWEAN_d3_p2_cowT_04112025_ch02-20251104144359_25946_26025.mp4,E:\cross_sucking\Pen 2 - Group 2\POSTWEANING\Day 3\CS_0103_POSTWEAN_d3_p2_cowT_04112025_ch02-20251104144359_25946_26025.mp4,skipped_existing,1,1,Pen_2_POSTWEAN_Day_3_04112025,Pen 2 - Group 2,POSTWEAN,3,2,4112025,T,other|1|None|behind,25946.303,26025.846,25946.303,26025.846,G:\MONITORING CROSS SUCKING IN CALVES - KAPPEL - 2025\Pen 2 - Group 2\POSTWEANING\Day 3\ch02_20251104144359.mp4,ch02_20251104144359.mp4,25220.585003,28016.85167,725.717997,805.260997
110,CS_0104_POSTWEAN_d3_p2_cowT_04112025_ch02-20251104144359_26103_26244.mp4,Pen 2 - Group 2\POSTWEANING\Day 3\CS_0104_POSTWEAN_d3_p2_cowT_04112025_ch02-20251104144359_26103_26244.mp4,E:\cross_sucking\Pen 2 - Group 2\POSTWEANING\Day 3\CS_0104_POSTWEAN_d3_p2_cowT_04112025_ch02-20251104144359_26103_26244.mp4,skipped_existing,1,1,Pen_2_POSTWEAN_Day_3_04112025,Pen 2 - Group 2,POSTWEAN,3,2,4112025,T,other|1|None|side,26103.524,26244.785,26103.524,26244.785,G:\MONITORING CROSS SUCKING IN CALVES - KAPPEL - 2025\Pen 2 - Group 2\POSTWEANING\Day 3\ch02_20251104144359.mp4,ch02_20251104144359.mp4,25220.585003,28016.85167,882.938997,1024.199997
111,CS_0105_POSTWEAN_d3_p2_cowT_04112025_ch02-20251104144359_26263_26273.mp4,Pen 2 - Group 2\POSTWEANING\Day 3\CS_0105_POSTWEAN_d3_p2_cowT_04112025_ch02-20251104144359_26263_26273.mp4,E:\cross_sucking\Pen 2 - Group 2\POSTWEANING\Day 3\CS_0105_POSTWEAN_d3_p2_cowT_04112025_ch02-20251104144359_26263_26273.mp4,skipped_existing,1,1,Pen_2_POSTWEAN_Day_3_04112025,Pen 2 - Group 2,POSTWEAN,3,2,4112025,T,other|6|None|side,26263.383,26273.036,26263.383,26273.036,G:\MONITORING CROSS SUCKING IN CALVES - KAPPEL - 2025\Pen 2 - Group 2\POSTWEANING\Day 3\ch02_20251104144359.mp4,ch02_20251104144359.mp4,25220.585003,28016.85167,1042.797997,1052.450997
112,CS_0106_POSTWEAN_d3_p2_cow6_04112025_ch02-20251104144359_26264_26274.mp4,Pen 2 - Group 2\POSTWEANING\Day 3\CS_0106_POSTWEAN_d3_p2_cow6_04112025_ch02-20251104144359_26264_26274.mp4,E:\cross_sucking\Pen 2 - Group 2\POSTWEANING\Day 3\CS_0106_POSTWEAN_d3_p2_cow6_04112025_ch02-20251104144359_26264_26274.mp4,skipped_existing,1,1,Pen_2_POSTWEAN_Day_3_04112025,Pen 2 - Group 2,POSTWEAN,3,2,4112025,6,other|T|reciprocal|side,26264.954,26274.484,26264.954,26274.484,G:\MONITORING CROSS SUCKING IN CALVES - KAPPEL - 2025\Pen 2 - Group 2\POSTWEANING\Day 3\ch02_20251104144359.mp4,ch02_20251104144359.mp4,25220.585003,28016.85167,1044.368997,1053.898997
113,CS_0107_POSTWEAN_d3_p2_cowT_04112025_ch02-20251104144359_26329_26333.mp4,Pen 2 - Group 2\POSTWEANING\Day 3\CS_0107_POSTWEAN_d3_p2_cowT_04112025_ch02-20251104144359_26329_26333.mp4,E:\cross_sucking\Pen 2 - Group 2\POSTWEANING\Day 3\CS_0107_POSTWEAN_d3_p2_cowT_04112025_ch02-20251104144359_26329_26333.mp4,skipped_existing,1,1,Pen_2_POSTWEAN_Day_3_04112025,Pen 2 - Group 2,POSTWEAN,3,2,4112025,T,other|1|None|behind,26329.013,26333.498,26329.013,26333.498,G:\MONITORING CROSS SUCKING IN CALVES - KAPPEL - 2025\Pen 2 - Group 2\POSTWEANING\Day 3\ch02_20251104144359.mp4,ch02_20251104144359.mp4,25220.585003,28016.85167,1108.427997,1112.912997
114,CS_0108_POSTWEAN_d3_p2_cowT_04112025_ch02-20251104144359_26340_26346.mp4,Pen 2 - Group 2\POSTWEANING\Day 3\CS_0108_POSTWEAN_d3_p2_cowT_04112025_ch02-20251104144359_26340_26346.mp4,E:\cross_sucking\Pen 2 - Group 2\POSTWEANING\Day 3\CS_0108_POSTWEAN_d3_p2_cowT_04112025_ch02-20251104144359_26340_26346.mp4,skipped_existing,1,1,Pen_2_POSTWEAN_Day_3_04112025,Pen 2 - Group 2,POSTWEAN,3,2,4112025,T,other|1|None|behind,26340.918,26346.545,26340.918,26346.545,G:\MONITORING CROSS SUCKING IN CALVES - KAPPEL - 2025\Pen 2 - Group 2\POSTWEANING\Day 3\ch02_20251104144359.mp4,ch02_20251104144359.mp4,25220.585003,28016.85167,1120.332997,1125.959997
115,CS_0109_POSTWEAN_d3_p2_cowT_04112025_ch02-20251104144359_26364_26413.mp4,Pen 2 - Group 2\POSTWEANING\Day 3\CS_0109_POSTWEAN_d3_p2_cowT_04112025_ch02-20251104144359_26364_26413.mp4,E:\cross_sucking\Pen 2 - Group 2\POSTWEANING\Day 3\CS_0109_POSTWEAN_d3_p2_cowT_04112025_ch02-20251104144359_26364_26413.mp4,skipped_existing,1,1,Pen_2_POSTWEAN_Day_3_04112025,Pen 2 - Group 2,POSTWEAN,3,2,4112025,T,other|1|None|side,26364.184,26413.744,26364.184,26413.744,G:\MONITORING CROSS SUCKING IN CALVES - KAPPEL - 2025\Pen 2 - Group 2\POSTWEANING\Day 3\ch02_20251104144359.mp4,ch02_20251104144359.mp4,25220.585003,28016.85167,1143.598997,1193.158997
116,CS_0110_POSTWEAN_d3_p2_cowT_04112025_ch02-20251104144359_26425_26503.mp4,Pen 2 - Group 2\POSTWEANING\Day 3\CS_0110_POSTWEAN_d3_p2_cowT_04112025_ch02-20251104144359_26425_26503.mp4,E:\cross_sucking\Pen 2 - Group 2\POSTWEANING\Day 3\CS_0110_POSTWEAN_d3_p2_cowT_04112025_ch02-20251104144359_26425_26503.mp4,skipped_existing,1,1,Pen_2_POSTWEAN_Day_3_04112025,Pen 2 - Group 2,POSTWEAN,3,2,4112025,T,other|1|None|behind,26425.623,26503.419,26425.623,26503.419,G:\MONITORING CROSS SUCKING IN CALVES - KAPPEL - 2025\Pen 2 - Group 2\POSTWEANING\Day 3\ch02_20251104144359.mp4,ch02_20251104144359.mp4,25220.585003,28016.85167,1205.037997,1282.833997
117,CS_0111_POSTWEAN_d3_p2_cowT_04112025_ch02-20251104144359_26507_26517.mp4,Pen 2 - Group 2\POSTWEANING\Day 3\CS_0111_POSTWEAN_d3_p2_cowT_04112025_ch02-20251104144359_26507_26517.mp4,E:\cross_sucking\Pen 2 - Group 2\POSTWEANING\Day 3\CS_0111_POSTWEAN_d3_p2_cowT_04112025_ch02-20251104144359_26507_26517.mp4,skipped_existing,1,1,Pen_2_POSTWEAN_Day_3_04112025,Pen 2 - Group 2,POSTWEAN,3,2,4112025,T,other|1|None|behind,26507.627,26517.75,26507.627,26517.75,G:\MONITORING CROSS SUCKING IN CALVES - KAPPEL - 2025\Pen 2 - Group 2\POSTWEANING\Day 3\ch02_20251104144359.mp4,ch02_20251104144359.mp4,25220.585003,28016.85167,1287.041997,1297.164997
118,CS_0112_POSTWEAN_d3_p2_cowT_04112025_ch02-20251104144359_26537_26564.mp4,Pen 2 - Group 2\POSTWEANING\Day 3\CS_0112_POSTWEAN_d3_p2_cowT_04112025_ch02-20251104144359_26537_26564.mp4,E:\cross_sucking\Pen 2 - Group 2\POSTWEANING\Day 3\CS_0112_POSTWEAN_d3_p2_cowT_04112025_ch02-20251104144359_26537_26564.mp4,skipped_existing,1,1,Pen_2_POSTWEAN_Day_3_04112025,Pen 2 - Group 2,POSTWEAN,3,2,4112025,T,other|6|None|side,26537.495,26564.291,26537.495,26564.291,G:\MONITORING CROSS SUCKING IN CALVES - KAPPEL - 2025\Pen 2 - Group 2\POSTWEANING\Day 3\ch02_20251104144359.mp4,ch02_20251104144359.mp4,25220.585003,28016.85167,1316.909997,1343.705997
119,CS_0113_POSTWEAN_d3_p2_cow6_04112025_ch02-20251104144359_26553_26600.mp4,Pen 2 - Group 2\POSTWEANING\Day 3\CS_0113_POSTWEAN_d3_p2_cow6_04112025_ch02-20251104144359_26553_26600.mp4,E:\cross_sucking\Pen 2 - Group 2\POSTWEANING\Day 3\CS_0113_POSTWEAN_d3_p2_cow6_04112025_ch02-20251104144359_26553_26600.mp4,skipped_existing,1,1,Pen_2_POSTWEAN_Day_3_04112025,Pen 2 - Group 2,POSTWEAN,3,2,4112025,6,other|T|reciprocal|side,26553.161,26600.519,26553.161,26600.519,G:\MONITORING CROSS SUCKING IN CALVES - KAPPEL - 2025\Pen 2 - Group 2\POSTWEANING\Day 3\ch02_20251104144359.mp4,ch02_20251104144359.mp4,25220.585003,28016.85167,1332.575997,1379.933997
120,CS_0114_POSTWEAN_d3_p2_cowT_04112025_ch02-20251104144359_26565_26597.mp4,Pen 2 - Group 2\POSTWEANING\Day 3\CS_0114_POSTWEAN_d3_p2_cowT_04112025_ch02-20251104144359_26565_26597.mp4,E:\cross_sucking\Pen 2 - Group 2\POSTWEANING\Day 3\CS_0114_POSTWEAN_d3_p2_cowT_04112025_ch02-20251104144359_26565_26597.mp4,skipped_existing,1,1,Pen_2_POSTWEAN_Day_3_04112025,Pen 2 - Group 2,POSTWEAN,3,2,4112025,T,other|6|None|side,26565.174,26597.331,26565.174,26597.331,G:\MONITORING CROSS SUCKING IN CALVES - KAPPEL - 2025\Pen 2 - Group 2\POSTWEANING\Day 3\ch02_20251104144359.mp4,ch02_20251104144359.mp4,25220.585003,28016.85167,1344.588997,1376.745997
121,CS_0115_POSTWEAN_d3_p2_cowA_04112025_ch02-20251104175153_36801_36877.mp4,Pen 2 - Group 2\POSTWEANING\Day 3\CS_0115_POSTWEAN_d3_p2_cowA_04112025_ch02-20251104175153_36801_36877.mp4,E:\cross_sucking\Pen 2 - Group 2\POSTWEANING\Day 3\CS_0115_POSTWEAN_d3_p2_cowA_04112025_ch02-20251104175153_36801_36877.mp4,skipped_existing,1,1,Pen_2_POSTWEAN_Day_3_04112025,Pen 2 - Group 2,POSTWEAN,3,2,4112025,A,other|O|None|side,36801.315,36877.236,36801.315,36877.236,G:\MONITORING CROSS SUCKING IN CALVES - KAPPEL - 2025\Pen 2 - Group 2\POSTWEANING\Day 3\ch02_20251104175153.mp4,ch02_20251104175153.mp4,36474.082671,39269.876338,327.232329,403.153329
122,CS_0116_POSTWEAN_d3_p2_cow8_04112025_ch02-20251104175153_36957_37243.mp4,Pen 2 - Group 2\POSTWEANING\Day 3\CS_0116_POSTWEAN_d3_p2_cow8_04112025_ch02-20251104175153_36957_37243.mp4,E:\cross_sucking\Pen 2 - Group 2\POSTWEANING\Day 3\CS_0116_POSTWEAN_d3_p2_cow8_04112025_ch02-20251104175153_36957_37243.mp4,skipped_existing,1,1,Pen_2_POSTWEAN_Day_3_04112025,Pen 2 - Group 2,POSTWEAN,3,2,4112025,8,other|T|reciprocal|side,36957.756,37243.046,36957.756,37243.046,G:\MONITORING CROSS SUCKING IN CALVES - KAPPEL - 2025\Pen 2 - Group 2\POSTWEANING\Day 3\ch02_20251104175153.mp4,ch02_20251104175153.mp4,36474.082671,39269.876338,483.673329,768.963329
123,CS_0117_POSTWEAN_d3_p2_cowT_04112025_ch02-20251104175153_36957_37319.mp4,Pen 2 - Group 2\POSTWEANING\Day 3\CS_0117_POSTWEAN_d3_p2_cowT_04112025_ch02-20251104175153_36957_37319.mp4,E:\cross_sucking\Pen 2 - Group 2\POSTWEANING\Day 3\CS_0117_POSTWEAN_d3_p2_cowT_04112025_ch02-20251104175153_36957_37319.mp4,skipped_existing,1,1,Pen_2_POSTWEAN_Day_3_04112025,Pen 2 - Group 2,POSTWEAN,3,2,4112025,T,other|8|reciprocal|side,36957.756,37319.534,36957.756,37319.534,G:\MONITORING CROSS SUCKING IN CALVES - KAPPEL - 2025\Pen 2 - Group 2\POSTWEANING\Day 3\ch02_20251104175153.mp4,ch02_20251104175153.mp4,36474.082671,39269.876338,483.673329,845.451329
124,CS_0118_POSTWEAN_d3_p2_cowslash_04112025_ch02-20251104175153_37403_37551.mp4,Pen 2 - Group 2\POSTWEANING\Day 3\CS_0118_POSTWEAN_d3_p2_cowslash_04112025_ch02-20251104175153_37403_37551.mp4,E:\cross_sucking\Pen 2 - Group 2\POSTWEANING\Day 3\CS_0118_POSTWEAN_d3_p2_cowslash_04112025_ch02-20251104175153_37403_37551.mp4,skipped_existing,1,1,Pen_2_POSTWEAN_Day_3_04112025,Pen 2 - Group 2,POSTWEAN,3,2,4112025,/,other|3|reciprocal|side,37403.399,37551.143,37403.399,37551.143,G:\MONITORING CROSS SUCKING IN CALVES - KAPPEL - 2025\Pen 2 - Group 2\POSTWEANING\Day 3\ch02_20251104175153.mp4,ch02_20251104175153.mp4,36474.082671,39269.876338,929.316329,1077.060329
125,CS_0119_POSTWEAN_d3_p2_cow3_04112025_ch02-20251104175153_37403_37676.mp4,Pen 2 - Group 2\POSTWEANING\Day 3\CS_0119_POSTWEAN_d3_p2_cow3_04112025_ch02-20251104175153_37403_37676.mp4,E:\cross_sucking\Pen 2 - Group 2\POSTWEANING\Day 3\CS_0119_POSTWEAN_d3_p2_cow3_04112025_ch02-20251104175153_37403_37676.mp4,skipped_existing,1,1,Pen_2_POSTWEAN_Day_3_04112025,Pen 2 - Group 2,POSTWEAN,3,2,4112025,3,other|/|reciprocal|side,37403.399,37676.332,37403.399,37676.332,G:\MONITORING CROSS SUCKING IN CALVES - KAPPEL - 2025\Pen 2 - Group 2\POSTWEANING\Day 3\ch02_20251104175153.mp4,ch02_20251104175153.mp4,36474.082671,39269.876338,929.316329,1202.249329
126,CS_0120_POSTWEAN_d3_p2_cowA_04112025_ch02-20251104175153_37627_37690.mp4,Pen 2 - Group 2\POSTWEANING\Day 3\CS_0120_POSTWEAN_d3_p2_cowA_04112025_ch02-20251104175153_37627_37690.mp4,E:\cross_sucking\Pen 2 - Group 2\POSTWEANING\Day 3\CS_0120_POSTWEAN_d3_p2_cowA_04112025_ch02-20251104175153_37627_37690.mp4,skipped_existing,1,1,Pen_2_POSTWEAN_Day_3_04112025,Pen 2 - Group 2,POSTWEAN,3,2,4112025,A,grain feeder|O|None|side,37627.384,37690.662,37627.384,37690.662,G:\MONITORING CROSS SUCKING IN CALVES - KAPPEL - 2025\Pen 2 - Group 2\POSTWEANING\Day 3\ch02_20251104175153.mp4,ch02_20251104175153.mp4,36474.082671,39269.876338,1153.301329,1216.579329
127,CS_0121_POSTWEAN_d3_p2_cow1_04112025_ch02-20251104214659_52553_52635.mp4,Pen 2 - Group 2\POSTWEANING\Day 3\CS_0121_POSTWEAN_d3_p2_cow1_04112025_ch02-20251104214659_52553_52635.mp4,E:\cross_sucking\Pen 2 - Group 2\POSTWEANING\Day 3\CS_0121_POSTWEAN_d3_p2_cow1_04112025_ch02-20251104214659_52553_52635.mp4,skipped_existing,1,1,Pen_2_POSTWEAN_Day_3_04112025,Pen 2 - Group 2,POSTWEAN,3,2,4112025,1,other|/|reciprocal|side,52553.742,52635.834,52553.742,52635.834,G:\MONITORING CROSS SUCKING IN CALVES - KAPPEL - 2025\Pen 2 - Group 2\POSTWEANING\Day 3\ch02_20251104214659.mp4,ch02_20251104214659.mp4,50471.026006,53299.568673,2082.715994,2164.807994
128,CS_0122_POSTWEAN_d3_p2_cowslash_04112025_ch02-20251104214659_52563_52619.mp4,Pen 2 - Group 2\POSTWEANING\Day 3\CS_0122_POSTWEAN_d3_p2_cowslash_04112025_ch02-20251104214659_52563_52619.mp4,E:\cross_sucking\Pen 2 - Group 2\POSTWEANING\Day 3\CS_0122_POSTWEAN_d3_p2_cowslash_04112025_ch02-20251104214659_52563_52619.mp4,skipped_existing,1,1,Pen_2_POSTWEAN_Day_3_04112025,Pen 2 - Group 2,POSTWEAN,3,2,4112025,/,other|1|reciprocal|side,52563.804,52619.127,52563.804,52619.127,G:\MONITORING CROSS SUCKING IN CALVES - KAPPEL - 2025\Pen 2 - Group 2\POSTWEANING\Day 3\ch02_20251104214659.mp4,ch02_20251104214659.mp4,50471.026006,53299.568673,2092.777994,2148.100994
129,CS_0123_POSTWEAN_d3_p2_cow1_04112025_ch02-20251104214659_52719_52926.mp4,Pen 2 - Group 2\POSTWEANING\Day 3\CS_0123_POSTWEAN_d3_p2_cow1_04112025_ch02-20251104214659_52719_52926.mp4,E:\cross_sucking\Pen 2 - Group 2\POSTWEANING\Day 3\CS_0123_POSTWEAN_d3_p2_cow1_04112025_ch02-20251104214659_52719_52926.mp4,skipped_existing,1,1,Pen_2_POSTWEAN_Day_3_04112025,Pen 2 - Group 2,POSTWEAN,3,2,4112025,1,other|/|None|side,52719.316,52926.379,52719.316,52926.379,G:\MONITORING CROSS SUCKING IN CALVES - KAPPEL - 2025\Pen 2 - Group 2\POSTWEANING\Day 3\ch02_20251104214659.mp4,ch02_20251104214659.mp4,50471.026006,53299.568673,2248.289994,2455.352994
130,CS_0124_POSTWEAN_d3_p2_cowA_04112025_ch02-20251104214659_52789_52900.mp4,Pen 2 - Group 2\POSTWEANING\Day 3\CS_0124_POSTWEAN_d3_p2_cowA_04112025_ch02-20251104214659_52789_52900.mp4,E:\cross_sucking\Pen 2 - Group 2\POSTWEANING\Day 3\CS_0124_POSTWEAN_d3_p2_cowA_04112025_ch02-20251104214659_52789_52900.mp4,skipped_existing,1,1,Pen_2_POSTWEAN_Day_3_04112025,Pen 2 - Group 2,POSTWEAN,3,2,4112025,A,other|O|None|side,52789.842,52900.949,52789.842,52900.949,G:\MONITORING CROSS SUCKING IN CALVES - KAPPEL - 2025\Pen 2 - Group 2\POSTWEANING\Day 3\ch02_20251104214659.mp4,ch02_20251104214659.mp4,50471.026006,53299.568673,2318.815994,2429.922994
131,CS_0125_POSTWEAN_d3_p2_cow6_04112025_ch02-20251104214659_53145_53312_part01.mp4,Pen 2 - Group 2\POSTWEANING\Day 3\CS_0125_POSTWEAN_d3_p2_cow6_04112025_ch02-20251104214659_53145_53312_part01.mp4,E:\cross_sucking\Pen 2 - Group 2\POSTWEANING\Day 3\CS_0125_POSTWEAN_d3_p2_cow6_04112025_ch02-20251104214659_53145_53312_part01.mp4,skipped_existing,1,2,Pen_2_POSTWEAN_Day_3_04112025,Pen 2 - Group 2,POSTWEAN,3,2,4112025,6,grain feeder|8|None|side,53145.802,53312.715,53145.802,53299.568673,G:\MONITORING CROSS SUCKING IN CALVES - KAPPEL - 2025\Pen 2 - Group 2\POSTWEANING\Day 3\ch02_20251104214659.mp4,ch02_20251104214659.mp4,50471.026006,53299.568673,2674.775994,2828.542667
132,CS_0125_POSTWEAN_d3_p2_cow6_04112025_ch02-20251104214659_53145_53312_part02.mp4,Pen 2 - Group 2\POSTWEANING\Day 3\CS_0125_POSTWEAN_d3_p2_cow6_04112025_ch02-20251104214659_53145_53312_part02.mp4,E:\cross_sucking\Pen 2 - Group 2\POSTWEANING\Day 3\CS_0125_POSTWEAN_d3_p2_cow6_04112025_ch02-20251104214659_53145_53312_part02.mp4,skipped_existing,2,2,Pen_2_POSTWEAN_Day_3_04112025,Pen 2 - Group 2,POSTWEAN,3,2,4112025,6,grain feeder|8|None|side,53145.802,53312.715,53299.568673,53312.715,G:\MONITORING CROSS SUCKING IN CALVES - KAPPEL - 2025\Pen 2 - Group 2\POSTWEANING\Day 3\ch02_20251104223430.mp4,ch02_20251104223430.mp4,53299.568673,56095.85034,0.0,13.146327
133,CS_0126_POSTWEAN_d3_p2_cowA_04112025_ch02-20251105023003_67856_68482.mp4,Pen 2 - Group 2\POSTWEANING\Day 3\CS_0126_POSTWEAN_d3_p2_cowA_04112025_ch02-20251105023003_67856_68482.mp4,E:\cross_sucking\Pen 2 - Group 2\POSTWEANING\Day 3\CS_0126_POSTWEAN_d3_p2_cowA_04112025_ch02-20251105023003_67856_68482.mp4,skipped_existing,1,1,Pen_2_POSTWEAN_Day_3_04112025,Pen 2 - Group 2,POSTWEAN,3,2,4112025,A,other|O|reciprocal|side,67856.492,68482.297,67856.492,68482.297,G:\MONITORING CROSS SUCKING IN CALVES - KAPPEL - 2025\Pen 2 - Group 2\POSTWEANING\Day 3\ch02_20251105023003.mp4,ch02_20251105023003.mp4,67368.741008,70197.331675,487.750992,1113.555992
134,CS_0127_POSTWEAN_d3_p2_cowO_04112025_ch02-20251105023003_67856_68365.mp4,Pen 2 - Group 2\POSTWEANING\Day 3\CS_0127_POSTWEAN_d3_p2_cowO_04112025_ch02-20251105023003_67856_68365.mp4,E:\cross_sucking\Pen 2 - Group 2\POSTWEANING\Day 3\CS_0127_POSTWEAN_d3_p2_cowO_04112025_ch02-20251105023003_67856_68365.mp4,skipped_existing,1,1,Pen_2_POSTWEAN_Day_3_04112025,Pen 2 - Group 2,POSTWEAN,3,2,4112025,O,other|A|reciprocal|side,67856.492,68365.946,67856.492,68365.946,G:\MONITORING CROSS SUCKING IN CALVES - KAPPEL - 2025\Pen 2 - Group 2\POSTWEANING\Day 3\ch02_20251105023003.mp4,ch02_20251105023003.mp4,67368.741008,70197.331675,487.750992,997.204992
135,CS_0128_POSTWEAN_d3_p2_cow3_04112025_ch02-20251105023003_67867_68115.mp4,Pen 2 - Group 2\POSTWEANING\Day 3\CS_0128_POSTWEAN_d3_p2_cow3_04112025_ch02-20251105023003_67867_68115.mp4,E:\cross_sucking\Pen 2 - Group 2\POSTWEANING\Day 3\CS_0128_POSTWEAN_d3_p2_cow3_04112025_ch02-20251105023003_67867_68115.mp4,skipped_existing,1,1,Pen_2_POSTWEAN_Day_3_04112025,Pen 2 - Group 2,POSTWEAN,3,2,4112025,3,other|/|None|side,67867.87,68115.769,67867.87,68115.769,G:\MONITORING CROSS SUCKING IN CALVES - KAPPEL - 2025\Pen 2 - Group 2\POSTWEANING\Day 3\ch02_20251105023003.mp4,ch02_20251105023003.mp4,67368.741008,70197.331675,499.128992,747.027992
136,CS_0129_POSTWEAN_d3_p2_cow1_04112025_ch02-20251105023003_68117_68182.mp4,Pen 2 - Group 2\POSTWEANING\Day 3\CS_0129_POSTWEAN_d3_p2_cow1_04112025_ch02-20251105023003_68117_68182.mp4,E:\cross_sucking\Pen 2 - Group 2\POSTWEANING\Day 3\CS_0129_POSTWEAN_d3_p2_cow1_04112025_ch02-20251105023003_68117_68182.mp4,skipped_existing,1,1,Pen_2_POSTWEAN_Day_3_04112025,Pen 2 - Group 2,POSTWEAN,3,2,4112025,1,other|/|None|side,68117.244,68182.352,68117.244,68182.352,G:\MONITORING CROSS SUCKING IN CALVES - KAPPEL - 2025\Pen 2 - Group 2\POSTWEANING\Day 3\ch02_20251105023003.mp4,ch02_20251105023003.mp4,67368.741008,70197.331675,748.502992,813.610992
137,CS_0130_POSTWEAN_d3_p2_cow1_04112025_ch02-20251105023003_68224_68389.mp4,Pen 2 - Group 2\POSTWEANING\Day 3\CS_0130_POSTWEAN_d3_p2_cow1_04112025_ch02-20251105023003_68224_68389.mp4,E:\cross_sucking\Pen 2 - Group 2\POSTWEANING\Day 3\CS_0130_POSTWEAN_d3_p2_cow1_04112025_ch02-20251105023003_68224_68389.mp4,skipped_existing,1,1,Pen_2_POSTWEAN_Day_3_04112025,Pen 2 - Group 2,POSTWEAN,3,2,4112025,1,other|/|None|side,68224.282,68389.659,68224.282,68389.659,G:\MONITORING CROSS SUCKING IN CALVES - KAPPEL - 2025\Pen 2 - Group 2\POSTWEANING\Day 3\ch02_20251105023003.mp4,ch02_20251105023003.mp4,67368.741008,70197.331675,855.540992,1020.917992
138,CS_0131_POSTWEAN_d3_p2_cowT_04112025_ch02-20251105023003_68232_68544.mp4,Pen 2 - Group 2\POSTWEANING\Day 3\CS_0131_POSTWEAN_d3_p2_cowT_04112025_ch02-20251105023003_68232_68544.mp4,E:\cross_sucking\Pen 2 - Group 2\POSTWEANING\Day 3\CS_0131_POSTWEAN_d3_p2_cowT_04112025_ch02-20251105023003_68232_68544.mp4,skipped_existing,1,1,Pen_2_POSTWEAN_Day_3_04112025,Pen 2 - Group 2,POSTWEAN,3,2,4112025,T,other|1|None|side,68232.439,68544.072,68232.439,68544.072,G:\MONITORING CROSS SUCKING IN CALVES - KAPPEL - 2025\Pen 2 - Group 2\POSTWEANING\Day 3\ch02_20251105023003.mp4,ch02_20251105023003.mp4,67368.741008,70197.331675,863.697992,1175.330992
139,CS_0132_POSTWEAN_d3_p2_cow1_04112025_ch02-20251105023003_68522_68539.mp4,Pen 2 - Group 2\POSTWEANING\Day 3\CS_0132_POSTWEAN_d3_p2_cow1_04112025_ch02-20251105023003_68522_68539.mp4,E:\cross_sucking\Pen 2 - Group 2\POSTWEANING\Day 3\CS_0132_POSTWEAN_d3_p2_cow1_04112025_ch02-20251105023003_68522_68539.mp4,skipped_existing,1,1,Pen_2_POSTWEAN_Day_3_04112025,Pen 2 - Group 2,POSTWEAN,3,2,4112025,1,other|/|None|side,68522.865,68539.042,68522.865,68539.042,G:\MONITORING CROSS SUCKING IN CALVES - KAPPEL - 2025\Pen 2 - Group 2\POSTWEANING\Day 3\ch02_20251105023003.mp4,ch02_20251105023003.mp4,67368.741008,70197.331675,1154.123992,1170.300992
140,CS_0133_POSTWEAN_d3_p2_cowT_04112025_ch02-20251105023003_68554_68571.mp4,Pen 2 - Group 2\POSTWEANING\Day 3\CS_0133_POSTWEAN_d3_p2_cowT_04112025_ch02-20251105023003_68554_68571.mp4,E:\cross_sucking\Pen 2 - Group 2\POSTWEANING\Day 3\CS_0133_POSTWEAN_d3_p2_cowT_04112025_ch02-20251105023003_68554_68571.mp4,skipped_existing,1,1,Pen_2_POSTWEAN_Day_3_04112025,Pen 2 - Group 2,POSTWEAN,3,2,4112025,T,other|1|None|behind,68554.535,68571.793,68554.535,68571.793,G:\MONITORING CROSS SUCKING IN CALVES - KAPPEL - 2025\Pen 2 - Group 2\POSTWEANING\Day 3\ch02_20251105023003.mp4,ch02_20251105023003.mp4,67368.741008,70197.331675,1185.793992,1203.051992
141,CS_0134_POSTWEAN_d3_p2_cow1_04112025_ch02-20251105023003_69052_69064.mp4,Pen 2 - Group 2\POSTWEANING\Day 3\CS_0134_POSTWEAN_d3_p2_cow1_04112025_ch02-20251105023003_69052_69064.mp4,E:\cross_sucking\Pen 2 - Group 2\POSTWEANING\Day 3\CS_0134_POSTWEAN_d3_p2_cow1_04112025_ch02-20251105023003_69052_69064.mp4,skipped_existing,1,1,Pen_2_POSTWEAN_Day_3_04112025,Pen 2 - Group 2,POSTWEAN,3,2,4112025,1,other|/|None|side,69052.357,69064.985,69052.357,69064.985,G:\MONITORING CROSS SUCKING IN CALVES - KAPPEL - 2025\Pen 2 - Group 2\POSTWEANING\Day 3\ch02_20251105023003.mp4,ch02_20251105023003.mp4,67368.741008,70197.331675,1683.615992,1696.243992
142,CS_0135_POSTWEAN_d3_p2_cowT_04112025_ch02-20251105023003_69108_69135.mp4,Pen 2 - Group 2\POSTWEANING\Day 3\CS_0135_POSTWEAN_d3_p2_cowT_04112025_ch02-20251105023003_69108_69135.mp4,E:\cross_sucking\Pen 2 - Group 2\POSTWEANING\Day 3\CS_0135_POSTWEAN_d3_p2_cowT_04112025_ch02-20251105023003_69108_69135.mp4,skipped_existing,1,1,Pen_2_POSTWEAN_Day_3_04112025,Pen 2 - Group 2,POSTWEAN,3,2,4112025,T,grain feeder|1|None|behind,69108.042,69135.177,69108.042,69135.177,G:\MONITORING CROSS SUCKING IN CALVES - KAPPEL - 2025\Pen 2 - Group 2\POSTWEANING\Day 3\ch02_20251105023003.mp4,ch02_20251105023003.mp4,67368.741008,70197.331675,1739.300992,1766.435992
143,CS_0136_POSTWEAN_d3_p2_cowA_04112025_ch02-20251105023003_69318_69322.mp4,Pen 2 - Group 2\POSTWEANING\Day 3\CS_0136_POSTWEAN_d3_p2_cowA_04112025_ch02-20251105023003_69318_69322.mp4,E:\cross_sucking\Pen 2 - Group 2\POSTWEANING\Day 3\CS_0136_POSTWEAN_d3_p2_cowA_04112025_ch02-20251105023003_69318_69322.mp4,skipped_existing,1,1,Pen_2_POSTWEAN_Day_3_04112025,Pen 2 - Group 2,POSTWEAN,3,2,4112025,A,other|1|None|side,69318.038,69322.285,69318.038,69322.285,G:\MONITORING CROSS SUCKING IN CALVES - KAPPEL - 2025\Pen 2 - Group 2\POSTWEANING\Day 3\ch02_20251105023003.mp4,ch02_20251105023003.mp4,67368.741008,70197.331675,1949.296992,1953.543992
144,CS_0137_POSTWEAN_d3_p2_cowT_04112025_ch02-20251105023003_69444_69452.mp4,Pen 2 - Group 2\POSTWEANING\Day 3\CS_0137_POSTWEAN_d3_p2_cowT_04112025_ch02-20251105023003_69444_69452.mp4,E:\cross_sucking\Pen 2 - Group 2\POSTWEANING\Day 3\CS_0137_POSTWEAN_d3_p2_cowT_04112025_ch02-20251105023003_69444_69452.mp4,skipped_existing,1,1,Pen_2_POSTWEAN_Day_3_04112025,Pen 2 - Group 2,POSTWEAN,3,2,4112025,T,other|1|None|side,69444.234,69452.847,69444.234,69452.847,G:\MONITORING CROSS SUCKING IN CALVES - KAPPEL - 2025\Pen 2 - Group 2\POSTWEANING\Day 3\ch02_20251105023003.mp4,ch02_20251105023003.mp4,67368.741008,70197.331675,2075.492992,2084.105992
145,CS_0138_POSTWEAN_d3_p2_cowO_04112025_ch02-20251105023003_69486_69771.mp4,Pen 2 - Group 2\POSTWEANING\Day 3\CS_0138_POSTWEAN_d3_p2_cowO_04112025_ch02-20251105023003_69486_69771.mp4,E:\cross_sucking\Pen 2 - Group 2\POSTWEANING\Day 3\CS_0138_POSTWEAN_d3_p2_cowO_04112025_ch02-20251105023003_69486_69771.mp4,skipped_existing,1,1,Pen_2_POSTWEAN_Day_3_04112025,Pen 2 - Group 2,POSTWEAN,3,2,4112025,O,other|A|None|lying down,69486.846,69771.076,69486.846,69771.076,G:\MONITORING CROSS SUCKING IN CALVES - KAPPEL - 2025\Pen 2 - Group 2\POSTWEANING\Day 3\ch02_20251105023003.mp4,ch02_20251105023003.mp4,67368.741008,70197.331675,2118.104992,2402.334992
146,CS_0139_POSTWEAN_d3_p2_cowO_04112025_ch02-20251105071221_86707_86730.mp4,Pen 2 - Group 2\POSTWEANING\Day 3\CS_0139_POSTWEAN_d3_p2_cowO_04112025_ch02-20251105071221_86707_86730.mp4,E:\cross_sucking\Pen 2 - Group 2\POSTWEANING\Day 3\CS_0139_POSTWEAN_d3_p2_cowO_04112025_ch02-20251105071221_86707_86730.mp4,skipped_existing,1,1,Pen_2_POSTWEAN_Day_3_04112025,Pen 2 - Group 2,POSTWEAN,3,2,4112025,O,other|A|None|lying down,86707.804,86730.941,86707.804,86730.941,G:\MONITORING CROSS SUCKING IN CALVES - KAPPEL - 2025\Pen 2 - Group 2\POSTWEANING\Day 3\ch02_20251105071221.mp4,ch02_20251105071221.mp4,84191.12501,86970.903677,2516.67899,2539.81599
147,CS_0140_PREWEAN_d1_p2_cow8_13092025_ch02-20250913072508_2062_2238.mp4,Pen 2 - Group 2\PREWEANING\Day 1\CS_0140_PREWEAN_d1_p2_cow8_13092025_ch02-20250913072508_2062_2238.mp4,E:\cross_sucking\Pen 2 - Group 2\PREWEANING\Day 1\CS_0140_PREWEAN_d1_p2_cow8_13092025_ch02-20250913072508_2062_2238.mp4,skipped_existing,1,1,Pen_2_PREWEAN_Day_1_13092025,Pen 2 - Group 2,PREWEAN,1,2,13092025,8,hay|1|None|lying down,2062.84,2238.241,2062.84,2238.241,G:\MONITORING CROSS SUCKING IN CALVES - KAPPEL - 2025\Pen 2 - Group 2\PREWEANING\Day 1\ch02_20250913072508.mp4,ch02_20250913072508.mp4,0.0,2791.907667,2062.84,2238.241
148,CS_0141_PREWEAN_d1_p2_cow8_13092025_ch02-20250913072508_2241_2331.mp4,Pen 2 - Group 2\PREWEANING\Day 1\CS_0141_PREWEAN_d1_p2_cow8_13092025_ch02-20250913072508_2241_2331.mp4,E:\cross_sucking\Pen 2 - Group 2\PREWEANING\Day 1\CS_0141_PREWEAN_d1_p2_cow8_13092025_ch02-20250913072508_2241_2331.mp4,skipped_existing,1,1,Pen_2_PREWEAN_Day_1_13092025,Pen 2 - Group 2,PREWEAN,1,2,13092025,8,hay|1|None|lying down,2241.092,2331.466,2241.092,2331.466,G:\MONITORING CROSS SUCKING IN CALVES - KAPPEL - 2025\Pen 2 - Group 2\PREWEANING\Day 1\ch02_20250913072508.mp4,ch02_20250913072508.mp4,0.0,2791.907667,2241.092,2331.466
149,CS_0142_PREWEAN_d1_p2_cow8_13092025_ch02-20250913072508_2337_2368.mp4,Pen 2 - Group 2\PREWEANING\Day 1\CS_0142_PREWEAN_d1_p2_cow8_13092025_ch02-20250913072508_2337_2368.mp4,E:\cross_sucking\Pen 2 - Group 2\PREWEANING\Day 1\CS_0142_PREWEAN_d1_p2_cow8_13092025_ch02-20250913072508_2337_2368.mp4,skipped_existing,1,1,Pen_2_PREWEAN_Day_1_13092025,Pen 2 - Group 2,PREWEAN,1,2,13092025,8,hay|1|None|lying down,2337.186,2368.141,2337.186,2368.141,G:\MONITORING CROSS SUCKING IN CALVES - KAPPEL - 2025\Pen 2 - Group 2\PREWEANING\Day 1\ch02_20250913072508.mp4,ch02_20250913072508.mp4,0.0,2791.907667,2337.186,2368.141
150,CS_0143_PREWEAN_d1_p2_cow8_13092025_ch02-20250913072508_2370_2376.mp4,Pen 2 - Group 2\PREWEANING\Day 1\CS_0143_PREWEAN_d1_p2_cow8_13092025_ch02-20250913072508_2370_2376.mp4,E:\cross_sucking\Pen 2 - Group 2\PREWEANING\Day 1\CS_0143_PREWEAN_d1_p2_cow8_13092025_ch02-20250913072508_2370_2376.mp4,skipped_existing,1,1,Pen_2_PREWEAN_Day_1_13092025,Pen 2 - Group 2,PREWEAN,1,2,13092025,8,hay|1|None|lying down,2370.681,2376.774,2370.681,2376.774,G:\MONITORING CROSS SUCKING IN CALVES - KAPPEL - 2025\Pen 2 - Group 2\PREWEANING\Day 1\ch02_20250913072508.mp4,ch02_20250913072508.mp4,0.0,2791.907667,2370.681,2376.774
151,CS_0144_PREWEAN_d1_p2_cow8_13092025_ch02-20250913072508_2413_2433.mp4,Pen 2 - Group 2\PREWEANING\Day 1\CS_0144_PREWEAN_d1_p2_cow8_13092025_ch02-20250913072508_2413_2433.mp4,E:\cross_sucking\Pen 2 - Group 2\PREWEANING\Day 1\CS_0144_PREWEAN_d1_p2_cow8_13092025_ch02-20250913072508_2413_2433.mp4,skipped_existing,1,1,Pen_2_PREWEAN_Day_1_13092025,Pen 2 - Group 2,PREWEAN,1,2,13092025,8,hay|1|None|lying down,2413.665,2433.631,2413.665,2433.631,G:\MONITORING CROSS SUCKING IN CALVES - KAPPEL - 2025\Pen 2 - Group 2\PREWEANING\Day 1\ch02_20250913072508.mp4,ch02_20250913072508.mp4,0.0,2791.907667,2413.665,2433.631
152,CS_0145_PREWEAN_d1_p2_cow8_13092025_ch02-20250913072508_2542_2572.mp4,Pen 2 - Group 2\PREWEANING\Day 1\CS_0145_PREWEAN_d1_p2_cow8_13092025_ch02-20250913072508_2542_2572.mp4,E:\cross_sucking\Pen 2 - Group 2\PREWEANING\Day 1\CS_0145_PREWEAN_d1_p2_cow8_13092025_ch02-20250913072508_2542_2572.mp4,skipped_existing,1,1,Pen_2_PREWEAN_Day_1_13092025,Pen 2 - Group 2,PREWEAN,1,2,13092025,8,hay|1|None|lying down,2542.218,2572.921,2542.218,2572.921,G:\MONITORING CROSS SUCKING IN CALVES - KAPPEL - 2025\Pen 2 - Group 2\PREWEANING\Day 1\ch02_20250913072508.mp4,ch02_20250913072508.mp4,0.0,2791.907667,2542.218,2572.921
153,CS_0146_PREWEAN_d1_p2_cow8_13092025_ch02-20250913072508_2646_2669.mp4,Pen 2 - Group 2\PREWEANING\Day 1\CS_0146_PREWEAN_d1_p2_cow8_13092025_ch02-20250913072508_2646_2669.mp4,E:\cross_sucking\Pen 2 - Group 2\PREWEANING\Day 1\CS_0146_PREWEAN_d1_p2_cow8_13092025_ch02-20250913072508_2646_2669.mp4,skipped_existing,1,1,Pen_2_PREWEAN_Day_1_13092025,Pen 2 - Group 2,PREWEAN,1,2,13092025,8,hay|1|None|lying down,2646.732,2669.542,2646.732,2669.542,G:\MONITORING CROSS SUCKING IN CALVES - KAPPEL - 2025\Pen 2 - Group 2\PREWEANING\Day 1\ch02_20250913072508.mp4,ch02_20250913072508.mp4,0.0,2791.907667,2646.732,2669.542
154,CS_0147_PREWEAN_d1_p2_cow8_13092025_ch02-20250913072508_2687_2770.mp4,Pen 2 - Group 2\PREWEANING\Day 1\CS_0147_PREWEAN_d1_p2_cow8_13092025_ch02-20250913072508_2687_2770.mp4,E:\cross_sucking\Pen 2 - Group 2\PREWEANING\Day 1\CS_0147_PREWEAN_d1_p2_cow8_13092025_ch02-20250913072508_2687_2770.mp4,skipped_existing,1,1,Pen_2_PREWEAN_Day_1_13092025,Pen 2 - Group 2,PREWEAN,1,2,13092025,8,hay|1|None|lying down,2687.06,2770.99,2687.06,2770.99,G:\MONITORING CROSS SUCKING IN CALVES - KAPPEL - 2025\Pen 2 - Group 2\PREWEANING\Day 1\ch02_20250913072508.mp4,ch02_20250913072508.mp4,0.0,2791.907667,2687.06,2770.99
155,CS_0148_PREWEAN_d1_p2_cow8_13092025_ch02-20250913072508_2780_2783.mp4,Pen 2 - Group 2\PREWEANING\Day 1\CS_0148_PREWEAN_d1_p2_cow8_13092025_ch02-20250913072508_2780_2783.mp4,E:\cross_sucking\Pen 2 - Group 2\PREWEANING\Day 1\CS_0148_PREWEAN_d1_p2_cow8_13092025_ch02-20250913072508_2780_2783.mp4,skipped_existing,1,1,Pen_2_PREWEAN_Day_1_13092025,Pen 2 - Group 2,PREWEAN,1,2,13092025,8,hay|1|None|lying down,2780.246,2783.985,2780.246,2783.985,G:\MONITORING CROSS SUCKING IN CALVES - KAPPEL - 2025\Pen 2 - Group 2\PREWEANING\Day 1\ch02_20250913072508.mp4,ch02_20250913072508.mp4,0.0,2791.907667,2780.246,2783.985
156,CS_0149_PREWEAN_d1_p2_cow8_13092025_ch02-20250913081207_2815_2959.mp4,Pen 2 - Group 2\PREWEANING\Day 1\CS_0149_PREWEAN_d1_p2_cow8_13092025_ch02-20250913081207_2815_2959.mp4,E:\cross_sucking\Pen 2 - Group 2\PREWEANING\Day 1\CS_0149_PREWEAN_d1_p2_cow8_13092025_ch02-20250913081207_2815_2959.mp4,skipped_existing,1,1,Pen_2_PREWEAN_Day_1_13092025,Pen 2 - Group 2,PREWEAN,1,2,13092025,8,hay|1|None|lying down,2815.463,2959.548,2815.463,2959.548,G:\MONITORING CROSS SUCKING IN CALVES - KAPPEL - 2025\Pen 2 - Group 2\PREWEANING\Day 1\ch02_20250913081207.mp4,ch02_20250913081207.mp4,2791.907667,5582.136334,23.555333,167.640333
157,CS_0150_PREWEAN_d1_p2_cow8_13092025_ch02-20250913081207_2971_3072.mp4,Pen 2 - Group 2\PREWEANING\Day 1\CS_0150_PREWEAN_d1_p2_cow8_13092025_ch02-20250913081207_2971_3072.mp4,E:\cross_sucking\Pen 2 - Group 2\PREWEANING\Day 1\CS_0150_PREWEAN_d1_p2_cow8_13092025_ch02-20250913081207_2971_3072.mp4,skipped_existing,1,1,Pen_2_PREWEAN_Day_1_13092025,Pen 2 - Group 2,PREWEAN,1,2,13092025,8,hay|1|None|lying down,2971.88,3072.765,2971.88,3072.765,G:\MONITORING CROSS SUCKING IN CALVES - KAPPEL - 2025\Pen 2 - Group 2\PREWEANING\Day 1\ch02_20250913081207.mp4,ch02_20250913081207.mp4,2791.907667,5582.136334,179.972333,280.857333
158,CS_0151_PREWEAN_d1_p2_cow8_13092025_ch02-20250913081207_3077_3090.mp4,Pen 2 - Group 2\PREWEANING\Day 1\CS_0151_PREWEAN_d1_p2_cow8_13092025_ch02-20250913081207_3077_3090.mp4,E:\cross_sucking\Pen 2 - Group 2\PREWEANING\Day 1\CS_0151_PREWEAN_d1_p2_cow8_13092025_ch02-20250913081207_3077_3090.mp4,skipped_existing,1,1,Pen_2_PREWEAN_Day_1_13092025,Pen 2 - Group 2,PREWEAN,1,2,13092025,8,hay|1|None|lying down,3077.691,3090.617,3077.691,3090.617,G:\MONITORING CROSS SUCKING IN CALVES - KAPPEL - 2025\Pen 2 - Group 2\PREWEANING\Day 1\ch02_20250913081207.mp4,ch02_20250913081207.mp4,2791.907667,5582.136334,285.783333,298.709333
159,CS_0152_PREWEAN_d1_p2_cow8_13092025_ch02-20250913081207_3115_3206.mp4,Pen 2 - Group 2\PREWEANING\Day 1\CS_0152_PREWEAN_d1_p2_cow8_13092025_ch02-20250913081207_3115_3206.mp4,E:\cross_sucking\Pen 2 - Group 2\PREWEANING\Day 1\CS_0152_PREWEAN_d1_p2_cow8_13092025_ch02-20250913081207_3115_3206.mp4,skipped_existing,1,1,Pen_2_PREWEAN_Day_1_13092025,Pen 2 - Group 2,PREWEAN,1,2,13092025,8,hay|1|None|lying down,3115.825,3206.8,3115.825,3206.8,G:\MONITORING CROSS SUCKING IN CALVES - KAPPEL - 2025\Pen 2 - Group 2\PREWEANING\Day 1\ch02_20250913081207.mp4,ch02_20250913081207.mp4,2791.907667,5582.136334,323.917333,414.892333
160,CS_0153_PREWEAN_d1_p2_cow6_13092025_ch02-20250913081207_4377_4393.mp4,Pen 2 - Group 2\PREWEANING\Day 1\CS_0153_PREWEAN_d1_p2_cow6_13092025_ch02-20250913081207_4377_4393.mp4,E:\cross_sucking\Pen 2 - Group 2\PREWEANING\Day 1\CS_0153_PREWEAN_d1_p2_cow6_13092025_ch02-20250913081207_4377_4393.mp4,skipped_existing,1,1,Pen_2_PREWEAN_Day_1_13092025,Pen 2 - Group 2,PREWEAN,1,2,13092025,6,None|A|None|behind,4377.891,4393.846,4377.891,4393.846,G:\MONITORING CROSS SUCKING IN CALVES - KAPPEL - 2025\Pen 2 - Group 2\PREWEANING\Day 1\ch02_20250913081207.mp4,ch02_20250913081207.mp4,2791.907667,5582.136334,1585.983333,1601.938333
161,CS_0154_PREWEAN_d1_p2_cow6_13092025_ch02-20250913081207_4443_4452.mp4,Pen 2 - Group 2\PREWEANING\Day 1\CS_0154_PREWEAN_d1_p2_cow6_13092025_ch02-20250913081207_4443_4452.mp4,E:\cross_sucking\Pen 2 - Group 2\PREWEANING\Day 1\CS_0154_PREWEAN_d1_p2_cow6_13092025_ch02-20250913081207_4443_4452.mp4,skipped_existing,1,1,Pen_2_PREWEAN_Day_1_13092025,Pen 2 - Group 2,PREWEAN,1,2,13092025,6,None|A|None|behind,4443.06,4452.979,4443.06,4452.979,G:\MONITORING CROSS SUCKING IN CALVES - KAPPEL - 2025\Pen 2 - Group 2\PREWEANING\Day 1\ch02_20250913081207.mp4,ch02_20250913081207.mp4,2791.907667,5582.136334,1651.152333,1661.071333
162,CS_0155_PREWEAN_d1_p2_cow6_13092025_ch02-20250913081207_4617_4626.mp4,Pen 2 - Group 2\PREWEANING\Day 1\CS_0155_PREWEAN_d1_p2_cow6_13092025_ch02-20250913081207_4617_4626.mp4,E:\cross_sucking\Pen 2 - Group 2\PREWEANING\Day 1\CS_0155_PREWEAN_d1_p2_cow6_13092025_ch02-20250913081207_4617_4626.mp4,skipped_existing,1,1,Pen_2_PREWEAN_Day_1_13092025,Pen 2 - Group 2,PREWEAN,1,2,13092025,6,None|8|None|behind,4617.484,4626.677,4617.484,4626.677,G:\MONITORING CROSS SUCKING IN CALVES - KAPPEL - 2025\Pen 2 - Group 2\PREWEANING\Day 1\ch02_20250913081207.mp4,ch02_20250913081207.mp4,2791.907667,5582.136334,1825.576333,1834.769333
163,CS_0156_PREWEAN_d1_p2_cow6_13092025_ch02-20250913081207_4941_4952.mp4,Pen 2 - Group 2\PREWEANING\Day 1\CS_0156_PREWEAN_d1_p2_cow6_13092025_ch02-20250913081207_4941_4952.mp4,E:\cross_sucking\Pen 2 - Group 2\PREWEANING\Day 1\CS_0156_PREWEAN_d1_p2_cow6_13092025_ch02-20250913081207_4941_4952.mp4,skipped_existing,1,1,Pen_2_PREWEAN_Day_1_13092025,Pen 2 - Group 2,PREWEAN,1,2,13092025,6,None|3|None|side,4941.239,4952.399,4941.239,4952.399,G:\MONITORING CROSS SUCKING IN CALVES - KAPPEL - 2025\Pen 2 - Group 2\PREWEANING\Day 1\ch02_20250913081207.mp4,ch02_20250913081207.mp4,2791.907667,5582.136334,2149.331333,2160.491333
164,CS_0157_PREWEAN_d1_p2_cow3_13092025_ch02-20250913081207_5463_5484.mp4,Pen 2 - Group 2\PREWEANING\Day 1\CS_0157_PREWEAN_d1_p2_cow3_13092025_ch02-20250913081207_5463_5484.mp4,E:\cross_sucking\Pen 2 - Group 2\PREWEANING\Day 1\CS_0157_PREWEAN_d1_p2_cow3_13092025_ch02-20250913081207_5463_5484.mp4,skipped_existing,1,1,Pen_2_PREWEAN_Day_1_13092025,Pen 2 - Group 2,PREWEAN,1,2,13092025,3,None|/|None|side,5463.056,5484.72,5463.056,5484.72,G:\MONITORING CROSS SUCKING IN CALVES - KAPPEL - 2025\Pen 2 - Group 2\PREWEANING\Day 1\ch02_20250913081207.mp4,ch02_20250913081207.mp4,2791.907667,5582.136334,2671.148333,2692.812333
165,CS_0158_PREWEAN_d1_p2_cowA_13092025_ch02-20250913085903_6598_6660.mp4,Pen 2 - Group 2\PREWEANING\Day 1\CS_0158_PREWEAN_d1_p2_cowA_13092025_ch02-20250913085903_6598_6660.mp4,E:\cross_sucking\Pen 2 - Group 2\PREWEANING\Day 1\CS_0158_PREWEAN_d1_p2_cowA_13092025_ch02-20250913085903_6598_6660.mp4,skipped_existing,1,1,Pen_2_PREWEAN_Day_1_13092025,Pen 2 - Group 2,PREWEAN,1,2,13092025,A,None|6|None|lying down,6598.227,6660.062,6598.227,6660.062,G:\MONITORING CROSS SUCKING IN CALVES - KAPPEL - 2025\Pen 2 - Group 2\PREWEANING\Day 1\ch02_20250913085903.mp4,ch02_20250913085903.mp4,5582.136334,8387.795001,1016.090666,1077.925666
166,CS_0159_PREWEAN_d1_p2_cowA_13092025_ch02-20250913085903_6713_6748.mp4,Pen 2 - Group 2\PREWEANING\Day 1\CS_0159_PREWEAN_d1_p2_cowA_13092025_ch02-20250913085903_6713_6748.mp4,E:\cross_sucking\Pen 2 - Group 2\PREWEANING\Day 1\CS_0159_PREWEAN_d1_p2_cowA_13092025_ch02-20250913085903_6713_6748.mp4,skipped_existing,1,1,Pen_2_PREWEAN_Day_1_13092025,Pen 2 - Group 2,PREWEAN,1,2,13092025,A,None|T|None|lying down,6713.135,6748.166,6713.135,6748.166,G:\MONITORING CROSS SUCKING IN CALVES - KAPPEL - 2025\Pen 2 - Group 2\PREWEANING\Day 1\ch02_20250913085903.mp4,ch02_20250913085903.mp4,5582.136334,8387.795001,1130.998666,1166.029666
167,CS_0160_PREWEAN_d1_p2_cowslash_13092025_ch02-20250913094601_10151_10155.mp4,Pen 2 - Group 2\PREWEANING\Day 1\CS_0160_PREWEAN_d1_p2_cowslash_13092025_ch02-20250913094601_10151_10155.mp4,E:\cross_sucking\Pen 2 - Group 2\PREWEANING\Day 1\CS_0160_PREWEAN_d1_p2_cowslash_13092025_ch02-20250913094601_10151_10155.mp4,skipped_existing,1,1,Pen_2_PREWEAN_Day_1_13092025,Pen 2 - Group 2,PREWEAN,1,2,13092025,/,None|6|None|behind,10151.126,10155.5,10151.126,10155.5,G:\MONITORING CROSS SUCKING IN CALVES - KAPPEL - 2025\Pen 2 - Group 2\PREWEANING\Day 1\ch02_20250913094601.mp4,ch02_20250913094601.mp4,8387.795001,11194.336668,1763.330999,1767.704999
168,CS_0161_PREWEAN_d1_p2_cow8_13092025_ch02-20250913103257_13980_13999_part01.mp4,Pen 2 - Group 2\PREWEANING\Day 1\CS_0161_PREWEAN_d1_p2_cow8_13092025_ch02-20250913103257_13980_13999_part01.mp4,E:\cross_sucking\Pen 2 - Group 2\PREWEANING\Day 1\CS_0161_PREWEAN_d1_p2_cow8_13092025_ch02-20250913103257_13980_13999_part01.mp4,skipped_existing,1,2,Pen_2_PREWEAN_Day_1_13092025,Pen 2 - Group 2,PREWEAN,1,2,13092025,8,None|1|None|lying down,13980.875,13999.355,13980.875,13984.345335,G:\MONITORING CROSS SUCKING IN CALVES - KAPPEL - 2025\Pen 2 - Group 2\PREWEANING\Day 1\ch02_20250913103257.mp4,ch02_20250913103257.mp4,11194.336668,13984.345335,2786.538332,2790.008667
169,CS_0161_PREWEAN_d1_p2_cow8_13092025_ch02-20250913103257_13980_13999_part02.mp4,Pen 2 - Group 2\PREWEANING\Day 1\CS_0161_PREWEAN_d1_p2_cow8_13092025_ch02-20250913103257_13980_13999_part02.mp4,E:\cross_sucking\Pen 2 - Group 2\PREWEANING\Day 1\CS_0161_PREWEAN_d1_p2_cow8_13092025_ch02-20250913103257_13980_13999_part02.mp4,skipped_existing,2,2,Pen_2_PREWEAN_Day_1_13092025,Pen 2 - Group 2,PREWEAN,1,2,13092025,8,None|1|None|lying down,13980.875,13999.355,13984.345335,13999.355,G:\MONITORING CROSS SUCKING IN CALVES - KAPPEL - 2025\Pen 2 - Group 2\PREWEANING\Day 1\ch02_20250913111955.mp4,ch02_20250913111955.mp4,13984.345335,16791.360002,0.0,15.009665
170,CS_0162_PREWEAN_d1_p2_cow1_13092025_ch02-20250913111955_14064_14068.mp4,Pen 2 - Group 2\PREWEANING\Day 1\CS_0162_PREWEAN_d1_p2_cow1_13092025_ch02-20250913111955_14064_14068.mp4,E:\cross_sucking\Pen 2 - Group 2\PREWEANING\Day 1\CS_0162_PREWEAN_d1_p2_cow1_13092025_ch02-20250913111955_14064_14068.mp4,skipped_existing,1,1,Pen_2_PREWEAN_Day_1_13092025,Pen 2 - Group 2,PREWEAN,1,2,13092025,1,None|6|None|behind,14064.953,14068.925,14064.953,14068.925,G:\MONITORING CROSS SUCKING IN CALVES - KAPPEL - 2025\Pen 2 - Group 2\PREWEANING\Day 1\ch02_20250913111955.mp4,ch02_20250913111955.mp4,13984.345335,16791.360002,80.607665,84.579665
171,CS_0163_PREWEAN_d1_p2_cow1_13092025_ch02-20250913111955_15000_15009.mp4,Pen 2 - Group 2\PREWEANING\Day 1\CS_0163_PREWEAN_d1_p2_cow1_13092025_ch02-20250913111955_15000_15009.mp4,E:\cross_sucking\Pen 2 - Group 2\PREWEANING\Day 1\CS_0163_PREWEAN_d1_p2_cow1_13092025_ch02-20250913111955_15000_15009.mp4,skipped_existing,1,1,Pen_2_PREWEAN_Day_1_13092025,Pen 2 - Group 2,PREWEAN,1,2,13092025,1,None|/|None|side,15000.15,15009.663,15000.15,15009.663,G:\MONITORING CROSS SUCKING IN CALVES - KAPPEL - 2025\Pen 2 - Group 2\PREWEANING\Day 1\ch02_20250913111955.mp4,ch02_20250913111955.mp4,13984.345335,16791.360002,1015.804665,1025.317665
172,CS_0164_PREWEAN_d1_p2_cowslash_13092025_ch02-20250913111955_15056_15058.mp4,Pen 2 - Group 2\PREWEANING\Day 1\CS_0164_PREWEAN_d1_p2_cowslash_13092025_ch02-20250913111955_15056_15058.mp4,E:\cross_sucking\Pen 2 - Group 2\PREWEANING\Day 1\CS_0164_PREWEAN_d1_p2_cowslash_13092025_ch02-20250913111955_15056_15058.mp4,skipped_existing,1,1,Pen_2_PREWEAN_Day_1_13092025,Pen 2 - Group 2,PREWEAN,1,2,13092025,/,None|1|None|side,15056.768,15058.664,15056.768,15058.664,G:\MONITORING CROSS SUCKING IN CALVES - KAPPEL - 2025\Pen 2 - Group 2\PREWEANING\Day 1\ch02_20250913111955.mp4,ch02_20250913111955.mp4,13984.345335,16791.360002,1072.422665,1074.318665
173,CS_0165_PREWEAN_d1_p2_cowA_13092025_ch02-20250913120653_17560_17581.mp4,Pen 2 - Group 2\PREWEANING\Day 1\CS_0165_PREWEAN_d1_p2_cowA_13092025_ch02-20250913120653_17560_17581.mp4,E:\cross_sucking\Pen 2 - Group 2\PREWEANING\Day 1\CS_0165_PREWEAN_d1_p2_cowA_13092025_ch02-20250913120653_17560_17581.mp4,skipped_existing,1,1,Pen_2_PREWEAN_Day_1_13092025,Pen 2 - Group 2,PREWEAN,1,2,13092025,A,None|3|None|side,17560.572,17581.291,17560.572,17581.291,G:\MONITORING CROSS SUCKING IN CALVES - KAPPEL - 2025\Pen 2 - Group 2\PREWEANING\Day 1\ch02_20250913120653.mp4,ch02_20250913120653.mp4,16791.360002,19581.610669,769.211998,789.930998
174,CS_0166_PREWEAN_d1_p2_cowA_13092025_ch02-20250913151441_30283_30289.mp4,Pen 2 - Group 2\PREWEANING\Day 1\CS_0166_PREWEAN_d1_p2_cowA_13092025_ch02-20250913151441_30283_30289.mp4,E:\cross_sucking\Pen 2 - Group 2\PREWEANING\Day 1\CS_0166_PREWEAN_d1_p2_cowA_13092025_ch02-20250913151441_30283_30289.mp4,skipped_existing,1,1,Pen_2_PREWEAN_Day_1_13092025,Pen 2 - Group 2,PREWEAN,1,2,13092025,A,None|O|None|side,30283.605,30289.81,30283.605,30289.81,G:\MONITORING CROSS SUCKING IN CALVES - KAPPEL - 2025\Pen 2 - Group 2\PREWEANING\Day 1\ch02_20250913151441.mp4,ch02_20250913151441.mp4,27937.07067,30728.534337,2346.53433,2352.73933
175,CS_0167_PREWEAN_d1_p2_cow6_13092025_ch02-20250913160140_31181_31197.mp4,Pen 2 - Group 2\PREWEANING\Day 1\CS_0167_PREWEAN_d1_p2_cow6_13092025_ch02-20250913160140_31181_31197.mp4,E:\cross_sucking\Pen 2 - Group 2\PREWEANING\Day 1\CS_0167_PREWEAN_d1_p2_cow6_13092025_ch02-20250913160140_31181_31197.mp4,skipped_existing,1,1,Pen_2_PREWEAN_Day_1_13092025,Pen 2 - Group 2,PREWEAN,1,2,13092025,6,grain feeder|1|None|behind,31181.214,31197.86,31181.214,31197.86,G:\MONITORING CROSS SUCKING IN CALVES - KAPPEL - 2025\Pen 2 - Group 2\PREWEANING\Day 1\ch02_20250913160140.mp4,ch02_20250913160140.mp4,30728.534337,33519.778004,452.679663,469.325663
176,CS_0168_PREWEAN_d1_p2_cowslash_13092025_ch02-20250913160140_31517_31554.mp4,Pen 2 - Group 2\PREWEANING\Day 1\CS_0168_PREWEAN_d1_p2_cowslash_13092025_ch02-20250913160140_31517_31554.mp4,E:\cross_sucking\Pen 2 - Group 2\PREWEANING\Day 1\CS_0168_PREWEAN_d1_p2_cowslash_13092025_ch02-20250913160140_31517_31554.mp4,skipped_existing,1,1,Pen_2_PREWEAN_Day_1_13092025,Pen 2 - Group 2,PREWEAN,1,2,13092025,/,None|3|None|side,31517.524,31554.084,31517.524,31554.084,G:\MONITORING CROSS SUCKING IN CALVES - KAPPEL - 2025\Pen 2 - Group 2\PREWEANING\Day 1\ch02_20250913160140.mp4,ch02_20250913160140.mp4,30728.534337,33519.778004,788.989663,825.549663
177,CS_0169_PREWEAN_d1_p2_cowslash_13092025_ch02-20250913160140_31554_31566.mp4,Pen 2 - Group 2\PREWEANING\Day 1\CS_0169_PREWEAN_d1_p2_cowslash_13092025_ch02-20250913160140_31554_31566.mp4,E:\cross_sucking\Pen 2 - Group 2\PREWEANING\Day 1\CS_0169_PREWEAN_d1_p2_cowslash_13092025_ch02-20250913160140_31554_31566.mp4,skipped_existing,1,1,Pen_2_PREWEAN_Day_1_13092025,Pen 2 - Group 2,PREWEAN,1,2,13092025,/,None|1|reciprocal|side,31554.085,31566.882,31554.085,31566.882,G:\MONITORING CROSS SUCKING IN CALVES - KAPPEL - 2025\Pen 2 - Group 2\PREWEANING\Day 1\ch02_20250913160140.mp4,ch02_20250913160140.mp4,30728.534337,33519.778004,825.550663,838.347663
178,CS_0170_PREWEAN_d1_p2_cow8_13092025_ch02-20250913173536_38961_38978.mp4,Pen 2 - Group 2\PREWEANING\Day 1\CS_0170_PREWEAN_d1_p2_cow8_13092025_ch02-20250913173536_38961_38978.mp4,E:\cross_sucking\Pen 2 - Group 2\PREWEANING\Day 1\CS_0170_PREWEAN_d1_p2_cow8_13092025_ch02-20250913173536_38961_38978.mp4,skipped_existing,1,1,Pen_2_PREWEAN_Day_1_13092025,Pen 2 - Group 2,PREWEAN,1,2,13092025,8,None|1|None|behind,38961.963,38978.322,38961.963,38978.322,G:\MONITORING CROSS SUCKING IN CALVES - KAPPEL - 2025\Pen 2 - Group 2\PREWEANING\Day 1\ch02_20250913173536.mp4,ch02_20250913173536.mp4,36342.330671,39148.887338,2619.632329,2635.991329
179,CS_0171_PREWEAN_d1_p2_cow8_13092025_ch02-20250913195626_45600_45605.mp4,Pen 2 - Group 2\PREWEANING\Day 1\CS_0171_PREWEAN_d1_p2_cow8_13092025_ch02-20250913195626_45600_45605.mp4,E:\cross_sucking\Pen 2 - Group 2\PREWEANING\Day 1\CS_0171_PREWEAN_d1_p2_cow8_13092025_ch02-20250913195626_45600_45605.mp4,skipped_existing,1,1,Pen_2_PREWEAN_Day_1_13092025,Pen 2 - Group 2,PREWEAN,1,2,13092025,8,None|O|None|behind,45600.009,45605.329,45600.009,45605.329,G:\MONITORING CROSS SUCKING IN CALVES - KAPPEL - 2025\Pen 2 - Group 2\PREWEANING\Day 1\ch02_20250913195626.mp4,ch02_20250913195626.mp4,44792.935672,47568.772339,807.073328,812.393328
180,CS_0172_PREWEAN_d1_p2_cow8_13092025_ch02-20250913195626_45611_45637.mp4,Pen 2 - Group 2\PREWEANING\Day 1\CS_0172_PREWEAN_d1_p2_cow8_13092025_ch02-20250913195626_45611_45637.mp4,E:\cross_sucking\Pen 2 - Group 2\PREWEANING\Day 1\CS_0172_PREWEAN_d1_p2_cow8_13092025_ch02-20250913195626_45611_45637.mp4,skipped_existing,1,1,Pen_2_PREWEAN_Day_1_13092025,Pen 2 - Group 2,PREWEAN,1,2,13092025,8,None|O|None|behind,45611.735,45637.418,45611.735,45637.418,G:\MONITORING CROSS SUCKING IN CALVES - KAPPEL - 2025\Pen 2 - Group 2\PREWEANING\Day 1\ch02_20250913195626.mp4,ch02_20250913195626.mp4,44792.935672,47568.772339,818.799328,844.482328
181,CS_0173_PREWEAN_d1_p2_cow1_13092025_ch02-20250913213022_51039_51053.mp4,Pen 2 - Group 2\PREWEANING\Day 1\CS_0173_PREWEAN_d1_p2_cow1_13092025_ch02-20250913213022_51039_51053.mp4,E:\cross_sucking\Pen 2 - Group 2\PREWEANING\Day 1\CS_0173_PREWEAN_d1_p2_cow1_13092025_ch02-20250913213022_51039_51053.mp4,skipped_existing,1,1,Pen_2_PREWEAN_Day_1_13092025,Pen 2 - Group 2,PREWEAN,1,2,13092025,1,hay|T|None|side,51039.18,51053.253,51039.18,51053.253,G:\MONITORING CROSS SUCKING IN CALVES - KAPPEL - 2025\Pen 2 - Group 2\PREWEANING\Day 1\ch02_20250913213022.mp4,ch02_20250913213022.mp4,50359.520006,53134.773673,679.659994,693.732994
182,CS_0174_PREWEAN_d1_p2_cow1_13092025_ch02-20250913213022_51270_51333.mp4,Pen 2 - Group 2\PREWEANING\Day 1\CS_0174_PREWEAN_d1_p2_cow1_13092025_ch02-20250913213022_51270_51333.mp4,E:\cross_sucking\Pen 2 - Group 2\PREWEANING\Day 1\CS_0174_PREWEAN_d1_p2_cow1_13092025_ch02-20250913213022_51270_51333.mp4,skipped_existing,1,1,Pen_2_PREWEAN_Day_1_13092025,Pen 2 - Group 2,PREWEAN,1,2,13092025,1,hay|T|None|behind,51270.713,51333.536,51270.713,51333.536,G:\MONITORING CROSS SUCKING IN CALVES - KAPPEL - 2025\Pen 2 - Group 2\PREWEANING\Day 1\ch02_20250913213022.mp4,ch02_20250913213022.mp4,50359.520006,53134.773673,911.192994,974.015994
183,CS_0175_PREWEAN_d1_p2_cow3_13092025_ch02-20250913213022_51616_51618.mp4,Pen 2 - Group 2\PREWEANING\Day 1\CS_0175_PREWEAN_d1_p2_cow3_13092025_ch02-20250913213022_51616_51618.mp4,E:\cross_sucking\Pen 2 - Group 2\PREWEANING\Day 1\CS_0175_PREWEAN_d1_p2_cow3_13092025_ch02-20250913213022_51616_51618.mp4,skipped_existing,1,1,Pen_2_PREWEAN_Day_1_13092025,Pen 2 - Group 2,PREWEAN,1,2,13092025,3,hay|1|None|side,51616.136,51618.464,51616.136,51618.464,G:\MONITORING CROSS SUCKING IN CALVES - KAPPEL - 2025\Pen 2 - Group 2\PREWEANING\Day 1\ch02_20250913213022.mp4,ch02_20250913213022.mp4,50359.520006,53134.773673,1256.615994,1258.943994
184,CS_0176_PREWEAN_d1_p2_cow3_13092025_ch02-20250913213022_51716_51722.mp4,Pen 2 - Group 2\PREWEANING\Day 1\CS_0176_PREWEAN_d1_p2_cow3_13092025_ch02-20250913213022_51716_51722.mp4,E:\cross_sucking\Pen 2 - Group 2\PREWEANING\Day 1\CS_0176_PREWEAN_d1_p2_cow3_13092025_ch02-20250913213022_51716_51722.mp4,skipped_existing,1,1,Pen_2_PREWEAN_Day_1_13092025,Pen 2 - Group 2,PREWEAN,1,2,13092025,3,hay|1|None|side,51716.323,51722.422,51716.323,51722.422,G:\MONITORING CROSS SUCKING IN CALVES - KAPPEL - 2025\Pen 2 - Group 2\PREWEANING\Day 1\ch02_20250913213022.mp4,ch02_20250913213022.mp4,50359.520006,53134.773673,1356.802994,1362.901994
185,CS_0177_PREWEAN_d1_p2_cow3_13092025_ch02-20250913213022_51728_51751.mp4,Pen 2 - Group 2\PREWEANING\Day 1\CS_0177_PREWEAN_d1_p2_cow3_13092025_ch02-20250913213022_51728_51751.mp4,E:\cross_sucking\Pen 2 - Group 2\PREWEANING\Day 1\CS_0177_PREWEAN_d1_p2_cow3_13092025_ch02-20250913213022_51728_51751.mp4,skipped_existing,1,1,Pen_2_PREWEAN_Day_1_13092025,Pen 2 - Group 2,PREWEAN,1,2,13092025,3,hay|1|None|side,51728.533,51751.707,51728.533,51751.707,G:\MONITORING CROSS SUCKING IN CALVES - KAPPEL - 2025\Pen 2 - Group 2\PREWEANING\Day 1\ch02_20250913213022.mp4,ch02_20250913213022.mp4,50359.520006,53134.773673,1369.012994,1392.186994
186,CS_0178_PREWEAN_d1_p2_cow3_13092025_ch02-20250913213022_51757_51768.mp4,Pen 2 - Group 2\PREWEANING\Day 1\CS_0178_PREWEAN_d1_p2_cow3_13092025_ch02-20250913213022_51757_51768.mp4,E:\cross_sucking\Pen 2 - Group 2\PREWEANING\Day 1\CS_0178_PREWEAN_d1_p2_cow3_13092025_ch02-20250913213022_51757_51768.mp4,skipped_existing,1,1,Pen_2_PREWEAN_Day_1_13092025,Pen 2 - Group 2,PREWEAN,1,2,13092025,3,hay|1|None|side,51757.388,51768.498,51757.388,51768.498,G:\MONITORING CROSS SUCKING IN CALVES - KAPPEL - 2025\Pen 2 - Group 2\PREWEANING\Day 1\ch02_20250913213022.mp4,ch02_20250913213022.mp4,50359.520006,53134.773673,1397.867994,1408.977994
187,CS_0179_PREWEAN_d1_p2_cowT_13092025_ch02-20250913213022_52186_52198.mp4,Pen 2 - Group 2\PREWEANING\Day 1\CS_0179_PREWEAN_d1_p2_cowT_13092025_ch02-20250913213022_52186_52198.mp4,E:\cross_sucking\Pen 2 - Group 2\PREWEANING\Day 1\CS_0179_PREWEAN_d1_p2_cowT_13092025_ch02-20250913213022_52186_52198.mp4,skipped_existing,1,1,Pen_2_PREWEAN_Day_1_13092025,Pen 2 - Group 2,PREWEAN,1,2,13092025,T,hay|8|None|side,52186.847,52198.679,52186.847,52198.679,G:\MONITORING CROSS SUCKING IN CALVES - KAPPEL - 2025\Pen 2 - Group 2\PREWEANING\Day 1\ch02_20250913213022.mp4,ch02_20250913213022.mp4,50359.520006,53134.773673,1827.326994,1839.158994
188,CS_0180_PREWEAN_d1_p2_cowT_13092025_ch02-20250913213022_52255_52271.mp4,Pen 2 - Group 2\PREWEANING\Day 1\CS_0180_PREWEAN_d1_p2_cowT_13092025_ch02-20250913213022_52255_52271.mp4,E:\cross_sucking\Pen 2 - Group 2\PREWEANING\Day 1\CS_0180_PREWEAN_d1_p2_cowT_13092025_ch02-20250913213022_52255_52271.mp4,skipped_existing,1,1,Pen_2_PREWEAN_Day_1_13092025,Pen 2 - Group 2,PREWEAN,1,2,13092025,T,hay|1|None|side,52255.883,52271.668,52255.883,52271.668,G:\MONITORING CROSS SUCKING IN CALVES - KAPPEL - 2025\Pen 2 - Group 2\PREWEANING\Day 1\ch02_20250913213022.mp4,ch02_20250913213022.mp4,50359.520006,53134.773673,1896.362994,1912.147994
189,CS_0181_PREWEAN_d1_p2_cowT_13092025_ch02-20250913213022_52294_52303.mp4,Pen 2 - Group 2\PREWEANING\Day 1\CS_0181_PREWEAN_d1_p2_cowT_13092025_ch02-20250913213022_52294_52303.mp4,E:\cross_sucking\Pen 2 - Group 2\PREWEANING\Day 1\CS_0181_PREWEAN_d1_p2_cowT_13092025_ch02-20250913213022_52294_52303.mp4,skipped_existing,1,1,Pen_2_PREWEAN_Day_1_13092025,Pen 2 - Group 2,PREWEAN,1,2,13092025,T,hay|1|None|behind,52294.159,52303.841,52294.159,52303.841,G:\MONITORING CROSS SUCKING IN CALVES - KAPPEL - 2025\Pen 2 - Group 2\PREWEANING\Day 1\ch02_20250913213022.mp4,ch02_20250913213022.mp4,50359.520006,53134.773673,1934.638994,1944.320994
190,CS_0182_PREWEAN_d1_p2_cowT_13092025_ch02-20250913213022_52303_52304.mp4,Pen 2 - Group 2\PREWEANING\Day 1\CS_0182_PREWEAN_d1_p2_cowT_13092025_ch02-20250913213022_52303_52304.mp4,E:\cross_sucking\Pen 2 - Group 2\PREWEANING\Day 1\CS_0182_PREWEAN_d1_p2_cowT_13092025_ch02-20250913213022_52303_52304.mp4,skipped_existing,1,1,Pen_2_PREWEAN_Day_1_13092025,Pen 2 - Group 2,PREWEAN,1,2,13092025,T,hay|1|None|side,52303.842,52304.106,52303.842,52304.106,G:\MONITORING CROSS SUCKING IN CALVES - KAPPEL - 2025\Pen 2 - Group 2\PREWEANING\Day 1\ch02_20250913213022.mp4,ch02_20250913213022.mp4,50359.520006,53134.773673,1944.321994,1944.585994
191,CS_0183_PREWEAN_d1_p2_cowT_13092025_ch02-20250913213022_52305_52305.mp4,Pen 2 - Group 2\PREWEANING\Day 1\CS_0183_PREWEAN_d1_p2_cowT_13092025_ch02-20250913213022_52305_52305.mp4,E:\cross_sucking\Pen 2 - Group 2\PREWEANING\Day 1\CS_0183_PREWEAN_d1_p2_cowT_13092025_ch02-20250913213022_52305_52305.mp4,skipped_existing,1,1,Pen_2_PREWEAN_Day_1_13092025,Pen 2 - Group 2,PREWEAN,1,2,13092025,T,hay|1|None|behind,52305.749,52305.75,52305.749,52305.75,G:\MONITORING CROSS SUCKING IN CALVES - KAPPEL - 2025\Pen 2 - Group 2\PREWEANING\Day 1\ch02_20250913213022.mp4,ch02_20250913213022.mp4,50359.520006,53134.773673,1946.228994,1946.229994
192,CS_0184_PREWEAN_d1_p2_cowT_13092025_ch02-20250913213022_52308_52308.mp4,Pen 2 - Group 2\PREWEANING\Day 1\CS_0184_PREWEAN_d1_p2_cowT_13092025_ch02-20250913213022_52308_52308.mp4,E:\cross_sucking\Pen 2 - Group 2\PREWEANING\Day 1\CS_0184_PREWEAN_d1_p2_cowT_13092025_ch02-20250913213022_52308_52308.mp4,skipped_existing,1,1,Pen_2_PREWEAN_Day_1_13092025,Pen 2 - Group 2,PREWEAN,1,2,13092025,T,hay|1|None|behind,52308.936,52308.937,52308.936,52308.937,G:\MONITORING CROSS SUCKING IN CALVES - KAPPEL - 2025\Pen 2 - Group 2\PREWEANING\Day 1\ch02_20250913213022.mp4,ch02_20250913213022.mp4,50359.520006,53134.773673,1949.415994,1949.416994
193,CS_0185_PREWEAN_d1_p2_cowT_13092025_ch02-20250913213022_52329_52352.mp4,Pen 2 - Group 2\PREWEANING\Day 1\CS_0185_PREWEAN_d1_p2_cowT_13092025_ch02-20250913213022_52329_52352.mp4,E:\cross_sucking\Pen 2 - Group 2\PREWEANING\Day 1\CS_0185_PREWEAN_d1_p2_cowT_13092025_ch02-20250913213022_52329_52352.mp4,skipped_existing,1,1,Pen_2_PREWEAN_Day_1_13092025,Pen 2 - Group 2,PREWEAN,1,2,13092025,T,hay|1|None|side,52329.852,52352.706,52329.852,52352.706,G:\MONITORING CROSS SUCKING IN CALVES - KAPPEL - 2025\Pen 2 - Group 2\PREWEANING\Day 1\ch02_20250913213022.mp4,ch02_20250913213022.mp4,50359.520006,53134.773673,1970.331994,1993.185994
194,CS_0186_PREWEAN_d1_p2_cowslash_13092025_ch02-20250913221721_53311_53346.mp4,Pen 2 - Group 2\PREWEANING\Day 1\CS_0186_PREWEAN_d1_p2_cowslash_13092025_ch02-20250913221721_53311_53346.mp4,E:\cross_sucking\Pen 2 - Group 2\PREWEANING\Day 1\CS_0186_PREWEAN_d1_p2_cowslash_13092025_ch02-20250913221721_53311_53346.mp4,skipped_existing,1,1,Pen_2_PREWEAN_Day_1_13092025,Pen 2 - Group 2,PREWEAN,1,2,13092025,/,None|3|reciprocal|side,53311.607,53346.229,53311.607,53346.229,G:\MONITORING CROSS SUCKING IN CALVES - KAPPEL - 2025\Pen 2 - Group 2\PREWEANING\Day 1\ch02_20250913221721.mp4,ch02_20250913221721.mp4,53134.773673,55925.85134,176.833327,211.455327
195,CS_0187_PREWEAN_d1_p2_cowA_13092025_ch02-20250913221721_53542_54333.mp4,Pen 2 - Group 2\PREWEANING\Day 1\CS_0187_PREWEAN_d1_p2_cowA_13092025_ch02-20250913221721_53542_54333.mp4,E:\cross_sucking\Pen 2 - Group 2\PREWEANING\Day 1\CS_0187_PREWEAN_d1_p2_cowA_13092025_ch02-20250913221721_53542_54333.mp4,skipped_existing,1,1,Pen_2_PREWEAN_Day_1_13092025,Pen 2 - Group 2,PREWEAN,1,2,13092025,A,None|O|reciprocal|side,53542.688,54333.783,53542.688,54333.783,G:\MONITORING CROSS SUCKING IN CALVES - KAPPEL - 2025\Pen 2 - Group 2\PREWEANING\Day 1\ch02_20250913221721.mp4,ch02_20250913221721.mp4,53134.773673,55925.85134,407.914327,1199.009327
196,CS_0188_PREWEAN_d1_p2_cowA_13092025_ch02-20250913221721_54344_54583.mp4,Pen 2 - Group 2\PREWEANING\Day 1\CS_0188_PREWEAN_d1_p2_cowA_13092025_ch02-20250913221721_54344_54583.mp4,E:\cross_sucking\Pen 2 - Group 2\PREWEANING\Day 1\CS_0188_PREWEAN_d1_p2_cowA_13092025_ch02-20250913221721_54344_54583.mp4,skipped_existing,1,1,Pen_2_PREWEAN_Day_1_13092025,Pen 2 - Group 2,PREWEAN,1,2,13092025,A,None|O|None|behind,54344.994,54583.865,54344.994,54583.865,G:\MONITORING CROSS SUCKING IN CALVES - KAPPEL - 2025\Pen 2 - Group 2\PREWEANING\Day 1\ch02_20250913221721.mp4,ch02_20250913221721.mp4,53134.773673,55925.85134,1210.220327,1449.091327
197,CS_0189_PREWEAN_d1_p2_cowT_13092025_ch02-20250913221721_54619_54699.mp4,Pen 2 - Group 2\PREWEANING\Day 1\CS_0189_PREWEAN_d1_p2_cowT_13092025_ch02-20250913221721_54619_54699.mp4,E:\cross_sucking\Pen 2 - Group 2\PREWEANING\Day 1\CS_0189_PREWEAN_d1_p2_cowT_13092025_ch02-20250913221721_54619_54699.mp4,skipped_existing,1,1,Pen_2_PREWEAN_Day_1_13092025,Pen 2 - Group 2,PREWEAN,1,2,13092025,T,None|3|None|side,54619.797,54699.045,54619.797,54699.045,G:\MONITORING CROSS SUCKING IN CALVES - KAPPEL - 2025\Pen 2 - Group 2\PREWEANING\Day 1\ch02_20250913221721.mp4,ch02_20250913221721.mp4,53134.773673,55925.85134,1485.023327,1564.271327
198,CS_0190_PREWEAN_d1_p2_cow8_13092025_ch02-20250913221721_55536_55552.mp4,Pen 2 - Group 2\PREWEANING\Day 1\CS_0190_PREWEAN_d1_p2_cow8_13092025_ch02-20250913221721_55536_55552.mp4,E:\cross_sucking\Pen 2 - Group 2\PREWEANING\Day 1\CS_0190_PREWEAN_d1_p2_cow8_13092025_ch02-20250913221721_55536_55552.mp4,skipped_existing,1,1,Pen_2_PREWEAN_Day_1_13092025,Pen 2 - Group 2,PREWEAN,1,2,13092025,8,None|3|None|side,55536.204,55552.037,55536.204,55552.037,G:\MONITORING CROSS SUCKING IN CALVES - KAPPEL - 2025\Pen 2 - Group 2\PREWEANING\Day 1\ch02_20250913221721.mp4,ch02_20250913221721.mp4,53134.773673,55925.85134,2401.430327,2417.263327
199,CS_0191_PREWEAN_d1_p2_cow8_13092025_ch02-20250913221721_55835_55891.mp4,Pen 2 - Group 2\PREWEANING\Day 1\CS_0191_PREWEAN_d1_p2_cow8_13092025_ch02-20250913221721_55835_55891.mp4,E:\cross_sucking\Pen 2 - Group 2\PREWEANING\Day 1\CS_0191_PREWEAN_d1_p2_cow8_13092025_ch02-20250913221721_55835_55891.mp4,skipped_existing,1,1,Pen_2_PREWEAN_Day_1_13092025,Pen 2 - Group 2,PREWEAN,1,2,13092025,8,None|T|reciprocal|None,55835.37,55891.66,55835.37,55891.66,G:\MONITORING CROSS SUCKING IN CALVES - KAPPEL - 2025\Pen 2 - Group 2\PREWEANING\Day 1\ch02_20250913221721.mp4,ch02_20250913221721.mp4,53134.773673,55925.85134,2700.596327,2756.886327
200,CS_0192_PREWEAN_d1_p2_cowT_13092025_ch02-20250913221721_55892_55928_part01.mp4,Pen 2 - Group 2\PREWEANING\Day 1\CS_0192_PREWEAN_d1_p2_cowT_13092025_ch02-20250913221721_55892_55928_part01.mp4,E:\cross_sucking\Pen 2 - Group 2\PREWEANING\Day 1\CS_0192_PREWEAN_d1_p2_cowT_13092025_ch02-20250913221721_55892_55928_part01.mp4,skipped_existing,1,2,Pen_2_PREWEAN_Day_1_13092025,Pen 2 - Group 2,PREWEAN,1,2,13092025,T,None|8|None|side,55892.352,55928.958,55892.352,55925.85134,G:\MONITORING CROSS SUCKING IN CALVES - KAPPEL - 2025\Pen 2 - Group 2\PREWEANING\Day 1\ch02_20250913221721.mp4,ch02_20250913221721.mp4,53134.773673,55925.85134,2757.578327,2791.077667
201,CS_0192_PREWEAN_d1_p2_cowT_13092025_ch02-20250913221721_55892_55928_part02.mp4,Pen 2 - Group 2\PREWEANING\Day 1\CS_0192_PREWEAN_d1_p2_cowT_13092025_ch02-20250913221721_55892_55928_part02.mp4,E:\cross_sucking\Pen 2 - Group 2\PREWEANING\Day 1\CS_0192_PREWEAN_d1_p2_cowT_13092025_ch02-20250913221721_55892_55928_part02.mp4,skipped_existing,2,2,Pen_2_PREWEAN_Day_1_13092025,Pen 2 - Group 2,PREWEAN,1,2,13092025,T,None|8|None|side,55892.352,55928.958,55925.85134,55928.958,G:\MONITORING CROSS SUCKING IN CALVES - KAPPEL - 2025\Pen 2 - Group 2\PREWEANING\Day 1\ch02_20250913230419.mp4,ch02_20250913230419.mp4,55925.85134,58733.428007,0.0,3.10666
202,CS_0193_PREWEAN_d1_p2_cowT_13092025_ch02-20250913230419_56303_56311.mp4,Pen 2 - Group 2\PREWEANING\Day 1\CS_0193_PREWEAN_d1_p2_cowT_13092025_ch02-20250913230419_56303_56311.mp4,E:\cross_sucking\Pen 2 - Group 2\PREWEANING\Day 1\CS_0193_PREWEAN_d1_p2_cowT_13092025_ch02-20250913230419_56303_56311.mp4,skipped_existing,1,1,Pen_2_PREWEAN_Day_1_13092025,Pen 2 - Group 2,PREWEAN,1,2,13092025,T,None|3|reciprocal|side,56303.125,56311.799,56303.125,56311.799,G:\MONITORING CROSS SUCKING IN CALVES - KAPPEL - 2025\Pen 2 - Group 2\PREWEANING\Day 1\ch02_20250913230419.mp4,ch02_20250913230419.mp4,55925.85134,58733.428007,377.27366,385.94766
203,CS_0194_PREWEAN_d1_p2_cow1_13092025_ch02-20250913230419_57304_57332.mp4,Pen 2 - Group 2\PREWEANING\Day 1\CS_0194_PREWEAN_d1_p2_cow1_13092025_ch02-20250913230419_57304_57332.mp4,E:\cross_sucking\Pen 2 - Group 2\PREWEANING\Day 1\CS_0194_PREWEAN_d1_p2_cow1_13092025_ch02-20250913230419_57304_57332.mp4,skipped_existing,1,1,Pen_2_PREWEAN_Day_1_13092025,Pen 2 - Group 2,PREWEAN,1,2,13092025,1,None|8|None|behind,57304.594,57332.308,57304.594,57332.308,G:\MONITORING CROSS SUCKING IN CALVES - KAPPEL - 2025\Pen 2 - Group 2\PREWEANING\Day 1\ch02_20250913230419.mp4,ch02_20250913230419.mp4,55925.85134,58733.428007,1378.74266,1406.45666
204,CS_0195_PREWEAN_d1_p2_cow1_13092025_ch02-20250913230419_57357_57380.mp4,Pen 2 - Group 2\PREWEANING\Day 1\CS_0195_PREWEAN_d1_p2_cow1_13092025_ch02-20250913230419_57357_57380.mp4,E:\cross_sucking\Pen 2 - Group 2\PREWEANING\Day 1\CS_0195_PREWEAN_d1_p2_cow1_13092025_ch02-20250913230419_57357_57380.mp4,skipped_existing,1,1,Pen_2_PREWEAN_Day_1_13092025,Pen 2 - Group 2,PREWEAN,1,2,13092025,1,None|8|None|behind,57357.94,57380.559,57357.94,57380.559,G:\MONITORING CROSS SUCKING IN CALVES - KAPPEL - 2025\Pen 2 - Group 2\PREWEANING\Day 1\ch02_20250913230419.mp4,ch02_20250913230419.mp4,55925.85134,58733.428007,1432.08866,1454.70766
205,CS_0196_PREWEAN_d1_p2_cowT_13092025_ch02-20250914060654_81527_81615.mp4,Pen 2 - Group 2\PREWEANING\Day 1\CS_0196_PREWEAN_d1_p2_cowT_13092025_ch02-20250914060654_81527_81615.mp4,E:\cross_sucking\Pen 2 - Group 2\PREWEANING\Day 1\CS_0196_PREWEAN_d1_p2_cowT_13092025_ch02-20250914060654_81527_81615.mp4,skipped_existing,1,1,Pen_2_PREWEAN_Day_1_13092025,Pen 2 - Group 2,PREWEAN,1,2,13092025,T,milk feeder|8|None|behind,81527.933,81615.948,81527.933,81615.948,G:\MONITORING CROSS SUCKING IN CALVES - KAPPEL - 2025\Pen 2 - Group 2\PREWEANING\Day 1\ch02_20250914060654.mp4,ch02_20250914060654.mp4,81121.601343,83942.73701,406.331657,494.346657
206,CS_0197_PREWEAN_d1_p2_cowT_13092025_ch02-20250914060654_81678_81709.mp4,Pen 2 - Group 2\PREWEANING\Day 1\CS_0197_PREWEAN_d1_p2_cowT_13092025_ch02-20250914060654_81678_81709.mp4,E:\cross_sucking\Pen 2 - Group 2\PREWEANING\Day 1\CS_0197_PREWEAN_d1_p2_cowT_13092025_ch02-20250914060654_81678_81709.mp4,skipped_existing,1,1,Pen_2_PREWEAN_Day_1_13092025,Pen 2 - Group 2,PREWEAN,1,2,13092025,T,milk feeder|8|None|behind,81678.424,81709.906,81678.424,81709.906,G:\MONITORING CROSS SUCKING IN CALVES - KAPPEL - 2025\Pen 2 - Group 2\PREWEANING\Day 1\ch02_20250914060654.mp4,ch02_20250914060654.mp4,81121.601343,83942.73701,556.822657,588.304657
207,CS_0198_PREWEAN_d1_p2_cowO_13092025_ch02-20250914065350_86139_86163.mp4,Pen 2 - Group 2\PREWEANING\Day 1\CS_0198_PREWEAN_d1_p2_cowO_13092025_ch02-20250914065350_86139_86163.mp4,E:\cross_sucking\Pen 2 - Group 2\PREWEANING\Day 1\CS_0198_PREWEAN_d1_p2_cowO_13092025_ch02-20250914065350_86139_86163.mp4,skipped_existing,1,1,Pen_2_PREWEAN_Day_1_13092025,Pen 2 - Group 2,PREWEAN,1,2,13092025,O,hay|T|None|lying down,86139.187,86163.036,86139.187,86163.036,G:\MONITORING CROSS SUCKING IN CALVES - KAPPEL - 2025\Pen 2 - Group 2\PREWEANING\Day 1\ch02_20250914065350.mp4,ch02_20250914065350.mp4,83942.73701,86733.423677,2196.44999,2220.29899
208,CS_0199_PREWEAN_d2_p2_cow1_14092025_ch02-20250914074048_1669_1672.mp4,Pen 2 - Group 2\PREWEANING\Day 2\CS_0199_PREWEAN_d2_p2_cow1_14092025_ch02-20250914074048_1669_1672.mp4,E:\cross_sucking\Pen 2 - Group 2\PREWEANING\Day 2\CS_0199_PREWEAN_d2_p2_cow1_14092025_ch02-20250914074048_1669_1672.mp4,skipped_existing,1,1,Pen_2_PREWEAN_Day_2_14092025,Pen 2 - Group 2,PREWEAN,2,2,14092025,1,other|O|None|side,1669.547,1672.108,1669.547,1672.108,G:\MONITORING CROSS SUCKING IN CALVES - KAPPEL - 2025\Pen 2 - Group 2\PREWEANING\Day 2\ch02_20250914074048.mp4,ch02_20250914074048.mp4,0.0,2773.734667,1669.547,1672.108
209,CS_0200_PREWEAN_d2_p2_cow1_14092025_ch02-20250914074048_2239_2260.mp4,Pen 2 - Group 2\PREWEANING\Day 2\CS_0200_PREWEAN_d2_p2_cow1_14092025_ch02-20250914074048_2239_2260.mp4,E:\cross_sucking\Pen 2 - Group 2\PREWEANING\Day 2\CS_0200_PREWEAN_d2_p2_cow1_14092025_ch02-20250914074048_2239_2260.mp4,skipped_existing,1,1,Pen_2_PREWEAN_Day_2_14092025,Pen 2 - Group 2,PREWEAN,2,2,14092025,1,other|/|None|side,2239.621,2260.989,2239.621,2260.989,G:\MONITORING CROSS SUCKING IN CALVES - KAPPEL - 2025\Pen 2 - Group 2\PREWEANING\Day 2\ch02_20250914074048.mp4,ch02_20250914074048.mp4,0.0,2773.734667,2239.621,2260.989
210,CS_0201_PREWEAN_d2_p2_cow8_14092025_ch02-20250914074048_2624_2666.mp4,Pen 2 - Group 2\PREWEANING\Day 2\CS_0201_PREWEAN_d2_p2_cow8_14092025_ch02-20250914074048_2624_2666.mp4,E:\cross_sucking\Pen 2 - Group 2\PREWEANING\Day 2\CS_0201_PREWEAN_d2_p2_cow8_14092025_ch02-20250914074048_2624_2666.mp4,skipped_existing,1,1,Pen_2_PREWEAN_Day_2_14092025,Pen 2 - Group 2,PREWEAN,2,2,14092025,8,hay|1|None|lying down,2624.015,2666.434,2624.015,2666.434,G:\MONITORING CROSS SUCKING IN CALVES - KAPPEL - 2025\Pen 2 - Group 2\PREWEANING\Day 2\ch02_20250914074048.mp4,ch02_20250914074048.mp4,0.0,2773.734667,2624.015,2666.434
211,CS_0202_PREWEAN_d2_p2_cow3_14092025_ch02-20250914082744_4102_4110.mp4,Pen 2 - Group 2\PREWEANING\Day 2\CS_0202_PREWEAN_d2_p2_cow3_14092025_ch02-20250914082744_4102_4110.mp4,E:\cross_sucking\Pen 2 - Group 2\PREWEANING\Day 2\CS_0202_PREWEAN_d2_p2_cow3_14092025_ch02-20250914082744_4102_4110.mp4,skipped_existing,1,1,Pen_2_PREWEAN_Day_2_14092025,Pen 2 - Group 2,PREWEAN,2,2,14092025,3,hay|1|None|behind,4102.229,4110.673,4102.229,4110.673,G:\MONITORING CROSS SUCKING IN CALVES - KAPPEL - 2025\Pen 2 - Group 2\PREWEANING\Day 2\ch02_20250914082744.mp4,ch02_20250914082744.mp4,2773.734667,5580.953334,1328.494333,1336.938333
212,CS_0203_PREWEAN_d2_p2_cow3_14092025_ch02-20250914082744_4114_4145.mp4,Pen 2 - Group 2\PREWEANING\Day 2\CS_0203_PREWEAN_d2_p2_cow3_14092025_ch02-20250914082744_4114_4145.mp4,E:\cross_sucking\Pen 2 - Group 2\PREWEANING\Day 2\CS_0203_PREWEAN_d2_p2_cow3_14092025_ch02-20250914082744_4114_4145.mp4,skipped_existing,1,1,Pen_2_PREWEAN_Day_2_14092025,Pen 2 - Group 2,PREWEAN,2,2,14092025,3,hay|1|None|lying down,4114.711,4145.281,4114.711,4145.281,G:\MONITORING CROSS SUCKING IN CALVES - KAPPEL - 2025\Pen 2 - Group 2\PREWEANING\Day 2\ch02_20250914082744.mp4,ch02_20250914082744.mp4,2773.734667,5580.953334,1340.976333,1371.546333
213,CS_0204_PREWEAN_d2_p2_cow3_14092025_ch02-20250914082744_4670_4708.mp4,Pen 2 - Group 2\PREWEANING\Day 2\CS_0204_PREWEAN_d2_p2_cow3_14092025_ch02-20250914082744_4670_4708.mp4,E:\cross_sucking\Pen 2 - Group 2\PREWEANING\Day 2\CS_0204_PREWEAN_d2_p2_cow3_14092025_ch02-20250914082744_4670_4708.mp4,skipped_existing,1,1,Pen_2_PREWEAN_Day_2_14092025,Pen 2 - Group 2,PREWEAN,2,2,14092025,3,other|1|None|side,4670.978,4708.103,4670.978,4708.103,G:\MONITORING CROSS SUCKING IN CALVES - KAPPEL - 2025\Pen 2 - Group 2\PREWEANING\Day 2\ch02_20250914082744.mp4,ch02_20250914082744.mp4,2773.734667,5580.953334,1897.243333,1934.368333
214,CS_0205_PREWEAN_d2_p2_cow6_14092025_ch02-20250914082744_4725_4757.mp4,Pen 2 - Group 2\PREWEANING\Day 2\CS_0205_PREWEAN_d2_p2_cow6_14092025_ch02-20250914082744_4725_4757.mp4,E:\cross_sucking\Pen 2 - Group 2\PREWEANING\Day 2\CS_0205_PREWEAN_d2_p2_cow6_14092025_ch02-20250914082744_4725_4757.mp4,skipped_existing,1,1,Pen_2_PREWEAN_Day_2_14092025,Pen 2 - Group 2,PREWEAN,2,2,14092025,6,other|8|None|side,4725.267,4757.997,4725.267,4757.997,G:\MONITORING CROSS SUCKING IN CALVES - KAPPEL - 2025\Pen 2 - Group 2\PREWEANING\Day 2\ch02_20250914082744.mp4,ch02_20250914082744.mp4,2773.734667,5580.953334,1951.532333,1984.262333
215,CS_0206_PREWEAN_d2_p2_cowT_14092025_ch02-20250914082744_5372_5480.mp4,Pen 2 - Group 2\PREWEANING\Day 2\CS_0206_PREWEAN_d2_p2_cowT_14092025_ch02-20250914082744_5372_5480.mp4,E:\cross_sucking\Pen 2 - Group 2\PREWEANING\Day 2\CS_0206_PREWEAN_d2_p2_cowT_14092025_ch02-20250914082744_5372_5480.mp4,skipped_existing,1,1,Pen_2_PREWEAN_Day_2_14092025,Pen 2 - Group 2,PREWEAN,2,2,14092025,T,hay|1|None|lying down,5372.918,5480.245,5372.918,5480.245,G:\MONITORING CROSS SUCKING IN CALVES - KAPPEL - 2025\Pen 2 - Group 2\PREWEANING\Day 2\ch02_20250914082744.mp4,ch02_20250914082744.mp4,2773.734667,5580.953334,2599.183333,2706.510333
216,CS_0207_PREWEAN_d2_p2_cowT_14092025_ch02-20250914082744_5532_5551.mp4,Pen 2 - Group 2\PREWEANING\Day 2\CS_0207_PREWEAN_d2_p2_cowT_14092025_ch02-20250914082744_5532_5551.mp4,E:\cross_sucking\Pen 2 - Group 2\PREWEANING\Day 2\CS_0207_PREWEAN_d2_p2_cowT_14092025_ch02-20250914082744_5532_5551.mp4,skipped_existing,1,1,Pen_2_PREWEAN_Day_2_14092025,Pen 2 - Group 2,PREWEAN,2,2,14092025,T,hay|1|None|lying down,5532.498,5551.758,5532.498,5551.758,G:\MONITORING CROSS SUCKING IN CALVES - KAPPEL - 2025\Pen 2 - Group 2\PREWEANING\Day 2\ch02_20250914082744.mp4,ch02_20250914082744.mp4,2773.734667,5580.953334,2758.763333,2778.023333
217,CS_0208_PREWEAN_d2_p2_cowT_14092025_ch02-20250914091442_6656_6675.mp4,Pen 2 - Group 2\PREWEANING\Day 2\CS_0208_PREWEAN_d2_p2_cowT_14092025_ch02-20250914091442_6656_6675.mp4,E:\cross_sucking\Pen 2 - Group 2\PREWEANING\Day 2\CS_0208_PREWEAN_d2_p2_cowT_14092025_ch02-20250914091442_6656_6675.mp4,skipped_existing,1,1,Pen_2_PREWEAN_Day_2_14092025,Pen 2 - Group 2,PREWEAN,2,2,14092025,T,other|8|None|side,6656.912,6675.434,6656.912,6675.434,G:\MONITORING CROSS SUCKING IN CALVES - KAPPEL - 2025\Pen 2 - Group 2\PREWEANING\Day 2\ch02_20250914091442.mp4,ch02_20250914091442.mp4,5580.953334,8371.885001,1075.958666,1094.480666
218,CS_0209_PREWEAN_d2_p2_cow1_14092025_ch02-20250914091442_6684_6693.mp4,Pen 2 - Group 2\PREWEANING\Day 2\CS_0209_PREWEAN_d2_p2_cow1_14092025_ch02-20250914091442_6684_6693.mp4,E:\cross_sucking\Pen 2 - Group 2\PREWEANING\Day 2\CS_0209_PREWEAN_d2_p2_cow1_14092025_ch02-20250914091442_6684_6693.mp4,skipped_existing,1,1,Pen_2_PREWEAN_Day_2_14092025,Pen 2 - Group 2,PREWEAN,2,2,14092025,1,other|/|None|lying down,6684.428,6693.387,6684.428,6693.387,G:\MONITORING CROSS SUCKING IN CALVES - KAPPEL - 2025\Pen 2 - Group 2\PREWEANING\Day 2\ch02_20250914091442.mp4,ch02_20250914091442.mp4,5580.953334,8371.885001,1103.474666,1112.433666
219,CS_0210_PREWEAN_d2_p2_cow1_14092025_ch02-20250914091442_6693_6695.mp4,Pen 2 - Group 2\PREWEANING\Day 2\CS_0210_PREWEAN_d2_p2_cow1_14092025_ch02-20250914091442_6693_6695.mp4,E:\cross_sucking\Pen 2 - Group 2\PREWEANING\Day 2\CS_0210_PREWEAN_d2_p2_cow1_14092025_ch02-20250914091442_6693_6695.mp4,skipped_existing,1,1,Pen_2_PREWEAN_Day_2_14092025,Pen 2 - Group 2,PREWEAN,2,2,14092025,1,other|/|None|side,6693.388,6695.62,6693.388,6695.62,G:\MONITORING CROSS SUCKING IN CALVES - KAPPEL - 2025\Pen 2 - Group 2\PREWEANING\Day 2\ch02_20250914091442.mp4,ch02_20250914091442.mp4,5580.953334,8371.885001,1112.434666,1114.666666
220,CS_0211_PREWEAN_d2_p2_cowT_14092025_ch02-20250914091442_6729_6771.mp4,Pen 2 - Group 2\PREWEANING\Day 2\CS_0211_PREWEAN_d2_p2_cowT_14092025_ch02-20250914091442_6729_6771.mp4,E:\cross_sucking\Pen 2 - Group 2\PREWEANING\Day 2\CS_0211_PREWEAN_d2_p2_cowT_14092025_ch02-20250914091442_6729_6771.mp4,skipped_existing,1,1,Pen_2_PREWEAN_Day_2_14092025,Pen 2 - Group 2,PREWEAN,2,2,14092025,T,other|1|None|side,6729.454,6771.592,6729.454,6771.592,G:\MONITORING CROSS SUCKING IN CALVES - KAPPEL - 2025\Pen 2 - Group 2\PREWEANING\Day 2\ch02_20250914091442.mp4,ch02_20250914091442.mp4,5580.953334,8371.885001,1148.500666,1190.638666
221,CS_0212_PREWEAN_d2_p2_cow3_14092025_ch02-20250914091442_7195_7214.mp4,Pen 2 - Group 2\PREWEANING\Day 2\CS_0212_PREWEAN_d2_p2_cow3_14092025_ch02-20250914091442_7195_7214.mp4,E:\cross_sucking\Pen 2 - Group 2\PREWEANING\Day 2\CS_0212_PREWEAN_d2_p2_cow3_14092025_ch02-20250914091442_7195_7214.mp4,skipped_existing,1,1,Pen_2_PREWEAN_Day_2_14092025,Pen 2 - Group 2,PREWEAN,2,2,14092025,3,other|T|None|side,7195.757,7214.687,7195.757,7214.687,G:\MONITORING CROSS SUCKING IN CALVES - KAPPEL - 2025\Pen 2 - Group 2\PREWEANING\Day 2\ch02_20250914091442.mp4,ch02_20250914091442.mp4,5580.953334,8371.885001,1614.803666,1633.733666
222,CS_0213_PREWEAN_d2_p2_cowT_14092025_ch02-20250914091442_7238_7251.mp4,Pen 2 - Group 2\PREWEANING\Day 2\CS_0213_PREWEAN_d2_p2_cowT_14092025_ch02-20250914091442_7238_7251.mp4,E:\cross_sucking\Pen 2 - Group 2\PREWEANING\Day 2\CS_0213_PREWEAN_d2_p2_cowT_14092025_ch02-20250914091442_7238_7251.mp4,skipped_existing,1,1,Pen_2_PREWEAN_Day_2_14092025,Pen 2 - Group 2,PREWEAN,2,2,14092025,T,other|3|None|side,7238.229,7251.603,7238.229,7251.603,G:\MONITORING CROSS SUCKING IN CALVES - KAPPEL - 2025\Pen 2 - Group 2\PREWEANING\Day 2\ch02_20250914091442.mp4,ch02_20250914091442.mp4,5580.953334,8371.885001,1657.275666,1670.649666
223,CS_0214_PREWEAN_d2_p2_cow3_14092025_ch02-20250914091442_7540_7549.mp4,Pen 2 - Group 2\PREWEANING\Day 2\CS_0214_PREWEAN_d2_p2_cow3_14092025_ch02-20250914091442_7540_7549.mp4,E:\cross_sucking\Pen 2 - Group 2\PREWEANING\Day 2\CS_0214_PREWEAN_d2_p2_cow3_14092025_ch02-20250914091442_7540_7549.mp4,skipped_existing,1,1,Pen_2_PREWEAN_Day_2_14092025,Pen 2 - Group 2,PREWEAN,2,2,14092025,3,other|/|None|side,7540.883,7549.77,7540.883,7549.77,G:\MONITORING CROSS SUCKING IN CALVES - KAPPEL - 2025\Pen 2 - Group 2\PREWEANING\Day 2\ch02_20250914091442.mp4,ch02_20250914091442.mp4,5580.953334,8371.885001,1959.929666,1968.816666
224,CS_0215_PREWEAN_d2_p2_cow1_14092025_ch02-20250914091442_7839_7865.mp4,Pen 2 - Group 2\PREWEANING\Day 2\CS_0215_PREWEAN_d2_p2_cow1_14092025_ch02-20250914091442_7839_7865.mp4,E:\cross_sucking\Pen 2 - Group 2\PREWEANING\Day 2\CS_0215_PREWEAN_d2_p2_cow1_14092025_ch02-20250914091442_7839_7865.mp4,skipped_existing,1,1,Pen_2_PREWEAN_Day_2_14092025,Pen 2 - Group 2,PREWEAN,2,2,14092025,1,other|/|None|side,7839.699,7865.475,7839.699,7865.475,G:\MONITORING CROSS SUCKING IN CALVES - KAPPEL - 2025\Pen 2 - Group 2\PREWEANING\Day 2\ch02_20250914091442.mp4,ch02_20250914091442.mp4,5580.953334,8371.885001,2258.745666,2284.521666
225,CS_0216_PREWEAN_d2_p2_cow1_14092025_ch02-20250914091442_7897_7921.mp4,Pen 2 - Group 2\PREWEANING\Day 2\CS_0216_PREWEAN_d2_p2_cow1_14092025_ch02-20250914091442_7897_7921.mp4,E:\cross_sucking\Pen 2 - Group 2\PREWEANING\Day 2\CS_0216_PREWEAN_d2_p2_cow1_14092025_ch02-20250914091442_7897_7921.mp4,skipped_existing,1,1,Pen_2_PREWEAN_Day_2_14092025,Pen 2 - Group 2,PREWEAN,2,2,14092025,1,other|/|None|side,7897.138,7921.811,7897.138,7921.811,G:\MONITORING CROSS SUCKING IN CALVES - KAPPEL - 2025\Pen 2 - Group 2\PREWEANING\Day 2\ch02_20250914091442.mp4,ch02_20250914091442.mp4,5580.953334,8371.885001,2316.184666,2340.857666
226,CS_0217_PREWEAN_d2_p2_cowslash_14092025_ch02-20250914091442_7921_7960.mp4,Pen 2 - Group 2\PREWEANING\Day 2\CS_0217_PREWEAN_d2_p2_cowslash_14092025_ch02-20250914091442_7921_7960.mp4,E:\cross_sucking\Pen 2 - Group 2\PREWEANING\Day 2\CS_0217_PREWEAN_d2_p2_cowslash_14092025_ch02-20250914091442_7921_7960.mp4,skipped_existing,1,1,Pen_2_PREWEAN_Day_2_14092025,Pen 2 - Group 2,PREWEAN,2,2,14092025,/,other|1|reciprocal|side,7921.812,7960.726,7921.812,7960.726,G:\MONITORING CROSS SUCKING IN CALVES - KAPPEL - 2025\Pen 2 - Group 2\PREWEANING\Day 2\ch02_20250914091442.mp4,ch02_20250914091442.mp4,5580.953334,8371.885001,2340.858666,2379.772666
227,CS_0218_PREWEAN_d2_p2_cow1_14092025_ch02-20250914091442_7921_7971.mp4,Pen 2 - Group 2\PREWEANING\Day 2\CS_0218_PREWEAN_d2_p2_cow1_14092025_ch02-20250914091442_7921_7971.mp4,E:\cross_sucking\Pen 2 - Group 2\PREWEANING\Day 2\CS_0218_PREWEAN_d2_p2_cow1_14092025_ch02-20250914091442_7921_7971.mp4,skipped_existing,1,1,Pen_2_PREWEAN_Day_2_14092025,Pen 2 - Group 2,PREWEAN,2,2,14092025,1,other|/|reciprocal|side,7921.812,7971.662,7921.812,7971.662,G:\MONITORING CROSS SUCKING IN CALVES - KAPPEL - 2025\Pen 2 - Group 2\PREWEANING\Day 2\ch02_20250914091442.mp4,ch02_20250914091442.mp4,5580.953334,8371.885001,2340.858666,2390.708666
228,CS_0219_PREWEAN_d2_p2_cow1_14092025_ch02-20250914100140_8762_8817.mp4,Pen 2 - Group 2\PREWEANING\Day 2\CS_0219_PREWEAN_d2_p2_cow1_14092025_ch02-20250914100140_8762_8817.mp4,E:\cross_sucking\Pen 2 - Group 2\PREWEANING\Day 2\CS_0219_PREWEAN_d2_p2_cow1_14092025_ch02-20250914100140_8762_8817.mp4,skipped_existing,1,1,Pen_2_PREWEAN_Day_2_14092025,Pen 2 - Group 2,PREWEAN,2,2,14092025,1,hay|8|None|behind,8762.842,8817.707,8762.842,8817.707,G:\MONITORING CROSS SUCKING IN CALVES - KAPPEL - 2025\Pen 2 - Group 2\PREWEANING\Day 2\ch02_20250914100140.mp4,ch02_20250914100140.mp4,8371.885001,11162.106668,390.956999,445.821999
229,CS_0220_PREWEAN_d2_p2_cow3_14092025_ch02-20250914122232_17035_17080.mp4,Pen 2 - Group 2\PREWEANING\Day 2\CS_0220_PREWEAN_d2_p2_cow3_14092025_ch02-20250914122232_17035_17080.mp4,E:\cross_sucking\Pen 2 - Group 2\PREWEANING\Day 2\CS_0220_PREWEAN_d2_p2_cow3_14092025_ch02-20250914122232_17035_17080.mp4,skipped_existing,1,1,Pen_2_PREWEAN_Day_2_14092025,Pen 2 - Group 2,PREWEAN,2,2,14092025,3,hay|T|None|behind,17035.449,17080.567,17035.449,17080.567,G:\MONITORING CROSS SUCKING IN CALVES - KAPPEL - 2025\Pen 2 - Group 2\PREWEANING\Day 2\ch02_20250914122232.mp4,ch02_20250914122232.mp4,16743.964002,19518.778669,291.484998,336.602998
230,CS_0221_PREWEAN_d2_p2_cowA_14092025_ch02-20250914144323_25737_25748.mp4,Pen 2 - Group 2\PREWEANING\Day 2\CS_0221_PREWEAN_d2_p2_cowA_14092025_ch02-20250914144323_25737_25748.mp4,E:\cross_sucking\Pen 2 - Group 2\PREWEANING\Day 2\CS_0221_PREWEAN_d2_p2_cowA_14092025_ch02-20250914144323_25737_25748.mp4,skipped_existing,1,1,Pen_2_PREWEAN_Day_2_14092025,Pen 2 - Group 2,PREWEAN,2,2,14092025,A,hay|1|None|side,25737.496,25748.907,25737.496,25748.907,G:\MONITORING CROSS SUCKING IN CALVES - KAPPEL - 2025\Pen 2 - Group 2\PREWEANING\Day 2\ch02_20250914144323.mp4,ch02_20250914144323.mp4,25099.489003,27906.24067,638.006997,649.417997
231,CS_0222_PREWEAN_d2_p2_cow8_14092025_ch02-20250914161719_31166_31199.mp4,Pen 2 - Group 2\PREWEANING\Day 2\CS_0222_PREWEAN_d2_p2_cow8_14092025_ch02-20250914161719_31166_31199.mp4,E:\cross_sucking\Pen 2 - Group 2\PREWEANING\Day 2\CS_0222_PREWEAN_d2_p2_cow8_14092025_ch02-20250914161719_31166_31199.mp4,skipped_existing,1,1,Pen_2_PREWEAN_Day_2_14092025,Pen 2 - Group 2,PREWEAN,2,2,14092025,8,hay|1|None|lying down,31166.009,31199.2,31166.009,31199.2,G:\MONITORING CROSS SUCKING IN CALVES - KAPPEL - 2025\Pen 2 - Group 2\PREWEANING\Day 2\ch02_20250914161719.mp4,ch02_20250914161719.mp4,30697.228337,33488.217004,468.780663,501.971663
232,CS_0223_PREWEAN_d2_p2_cow8_14092025_ch02-20250914161719_31238_31287.mp4,Pen 2 - Group 2\PREWEANING\Day 2\CS_0223_PREWEAN_d2_p2_cow8_14092025_ch02-20250914161719_31238_31287.mp4,E:\cross_sucking\Pen 2 - Group 2\PREWEANING\Day 2\CS_0223_PREWEAN_d2_p2_cow8_14092025_ch02-20250914161719_31238_31287.mp4,skipped_existing,1,1,Pen_2_PREWEAN_Day_2_14092025,Pen 2 - Group 2,PREWEAN,2,2,14092025,8,hay|1|None|lying down,31238.438,31287.687,31238.438,31287.687,G:\MONITORING CROSS SUCKING IN CALVES - KAPPEL - 2025\Pen 2 - Group 2\PREWEANING\Day 2\ch02_20250914161719.mp4,ch02_20250914161719.mp4,30697.228337,33488.217004,541.209663,590.458663
233,CS_0224_PREWEAN_d2_p2_cow1_14092025_ch02-20250914161719_31466_31493.mp4,Pen 2 - Group 2\PREWEANING\Day 2\CS_0224_PREWEAN_d2_p2_cow1_14092025_ch02-20250914161719_31466_31493.mp4,E:\cross_sucking\Pen 2 - Group 2\PREWEANING\Day 2\CS_0224_PREWEAN_d2_p2_cow1_14092025_ch02-20250914161719_31466_31493.mp4,skipped_existing,1,1,Pen_2_PREWEAN_Day_2_14092025,Pen 2 - Group 2,PREWEAN,2,2,14092025,1,hay|3|None|behind,31466.225,31493.705,31466.225,31493.705,G:\MONITORING CROSS SUCKING IN CALVES - KAPPEL - 2025\Pen 2 - Group 2\PREWEANING\Day 2\ch02_20250914161719.mp4,ch02_20250914161719.mp4,30697.228337,33488.217004,768.996663,796.476663
234,CS_0225_PREWEAN_d2_p2_cowT_14092025_ch02-20250914161719_32451_32477.mp4,Pen 2 - Group 2\PREWEANING\Day 2\CS_0225_PREWEAN_d2_p2_cowT_14092025_ch02-20250914161719_32451_32477.mp4,E:\cross_sucking\Pen 2 - Group 2\PREWEANING\Day 2\CS_0225_PREWEAN_d2_p2_cowT_14092025_ch02-20250914161719_32451_32477.mp4,skipped_existing,1,1,Pen_2_PREWEAN_Day_2_14092025,Pen 2 - Group 2,PREWEAN,2,2,14092025,T,other|1|None|lying down,32451.967,32477.227,32451.967,32477.227,G:\MONITORING CROSS SUCKING IN CALVES - KAPPEL - 2025\Pen 2 - Group 2\PREWEANING\Day 2\ch02_20250914161719.mp4,ch02_20250914161719.mp4,30697.228337,33488.217004,1754.738663,1779.998663
235,CS_0226_PREWEAN_d2_p2_cow1_14092025_ch02-20250914175115_37361_37458.mp4,Pen 2 - Group 2\PREWEANING\Day 2\CS_0226_PREWEAN_d2_p2_cow1_14092025_ch02-20250914175115_37361_37458.mp4,E:\cross_sucking\Pen 2 - Group 2\PREWEANING\Day 2\CS_0226_PREWEAN_d2_p2_cow1_14092025_ch02-20250914175115_37361_37458.mp4,skipped_existing,1,1,Pen_2_PREWEAN_Day_2_14092025,Pen 2 - Group 2,PREWEAN,2,2,14092025,1,hay|T|None|side,37361.111,37458.517,37361.111,37458.517,G:\MONITORING CROSS SUCKING IN CALVES - KAPPEL - 2025\Pen 2 - Group 2\PREWEANING\Day 2\ch02_20250914175115.mp4,ch02_20250914175115.mp4,36262.510671,39053.420338,1098.600329,1196.006329
236,CS_0227_PREWEAN_d2_p2_cowslash_14092025_ch02-20250914183812_41190_41202.mp4,Pen 2 - Group 2\PREWEANING\Day 2\CS_0227_PREWEAN_d2_p2_cowslash_14092025_ch02-20250914183812_41190_41202.mp4,E:\cross_sucking\Pen 2 - Group 2\PREWEANING\Day 2\CS_0227_PREWEAN_d2_p2_cowslash_14092025_ch02-20250914183812_41190_41202.mp4,skipped_existing,1,1,Pen_2_PREWEAN_Day_2_14092025,Pen 2 - Group 2,PREWEAN,2,2,14092025,/,other|8|None|side,41190.75,41202.307,41190.75,41202.307,G:\MONITORING CROSS SUCKING IN CALVES - KAPPEL - 2025\Pen 2 - Group 2\PREWEANING\Day 2\ch02_20250914183812.mp4,ch02_20250914183812.mp4,39053.420338,41874.840005,2137.329662,2148.886662
237,CS_0228_PREWEAN_d2_p2_cow3_14092025_ch02-20250914205904_49877_49975.mp4,Pen 2 - Group 2\PREWEANING\Day 2\CS_0228_PREWEAN_d2_p2_cow3_14092025_ch02-20250914205904_49877_49975.mp4,E:\cross_sucking\Pen 2 - Group 2\PREWEANING\Day 2\CS_0228_PREWEAN_d2_p2_cow3_14092025_ch02-20250914205904_49877_49975.mp4,skipped_existing,1,1,Pen_2_PREWEAN_Day_2_14092025,Pen 2 - Group 2,PREWEAN,2,2,14092025,3,other|1|None|side,49877.172,49975.082,49877.172,49975.082,G:\MONITORING CROSS SUCKING IN CALVES - KAPPEL - 2025\Pen 2 - Group 2\PREWEANING\Day 2\ch02_20250914205904.mp4,ch02_20250914205904.mp4,47472.577339,50278.019006,2404.594661,2502.504661
238,CS_0229_PREWEAN_d2_p2_cow1_14092025_ch02-20250914205904_49914_49962.mp4,Pen 2 - Group 2\PREWEANING\Day 2\CS_0229_PREWEAN_d2_p2_cow1_14092025_ch02-20250914205904_49914_49962.mp4,E:\cross_sucking\Pen 2 - Group 2\PREWEANING\Day 2\CS_0229_PREWEAN_d2_p2_cow1_14092025_ch02-20250914205904_49914_49962.mp4,skipped_existing,1,1,Pen_2_PREWEAN_Day_2_14092025,Pen 2 - Group 2,PREWEAN,2,2,14092025,1,other|3|reciprocal|side,49914.078,49962.943,49914.078,49962.943,G:\MONITORING CROSS SUCKING IN CALVES - KAPPEL - 2025\Pen 2 - Group 2\PREWEANING\Day 2\ch02_20250914205904.mp4,ch02_20250914205904.mp4,47472.577339,50278.019006,2441.500661,2490.365661
239,CS_0230_PREWEAN_d2_p2_cow3_14092025_ch02-20250914214600_50326_50339.mp4,Pen 2 - Group 2\PREWEANING\Day 2\CS_0230_PREWEAN_d2_p2_cow3_14092025_ch02-20250914214600_50326_50339.mp4,E:\cross_sucking\Pen 2 - Group 2\PREWEANING\Day 2\CS_0230_PREWEAN_d2_p2_cow3_14092025_ch02-20250914214600_50326_50339.mp4,skipped_existing,1,1,Pen_2_PREWEAN_Day_2_14092025,Pen 2 - Group 2,PREWEAN,2,2,14092025,3,other|8|None|side,50326.48,50339.446,50326.48,50339.446,G:\MONITORING CROSS SUCKING IN CALVES - KAPPEL - 2025\Pen 2 - Group 2\PREWEANING\Day 2\ch02_20250914214600.mp4,ch02_20250914214600.mp4,50278.019006,53083.334673,48.460994,61.426994
240,CS_0231_PREWEAN_d2_p2_cowslash_14092025_ch02-20250914214600_50664_50843.mp4,Pen 2 - Group 2\PREWEANING\Day 2\CS_0231_PREWEAN_d2_p2_cowslash_14092025_ch02-20250914214600_50664_50843.mp4,E:\cross_sucking\Pen 2 - Group 2\PREWEANING\Day 2\CS_0231_PREWEAN_d2_p2_cowslash_14092025_ch02-20250914214600_50664_50843.mp4,skipped_existing,1,1,Pen_2_PREWEAN_Day_2_14092025,Pen 2 - Group 2,PREWEAN,2,2,14092025,/,hay|1|reciprocal|side,50664.832,50843.682,50664.832,50843.682,G:\MONITORING CROSS SUCKING IN CALVES - KAPPEL - 2025\Pen 2 - Group 2\PREWEANING\Day 2\ch02_20250914214600.mp4,ch02_20250914214600.mp4,50278.019006,53083.334673,386.812994,565.662994
241,CS_0232_PREWEAN_d2_p2_cow1_14092025_ch02-20250914214600_50664_50736.mp4,Pen 2 - Group 2\PREWEANING\Day 2\CS_0232_PREWEAN_d2_p2_cow1_14092025_ch02-20250914214600_50664_50736.mp4,E:\cross_sucking\Pen 2 - Group 2\PREWEANING\Day 2\CS_0232_PREWEAN_d2_p2_cow1_14092025_ch02-20250914214600_50664_50736.mp4,skipped_existing,1,1,Pen_2_PREWEAN_Day_2_14092025,Pen 2 - Group 2,PREWEAN,2,2,14092025,1,hay|/|reciprocal|side,50664.832,50736.1,50664.832,50736.1,G:\MONITORING CROSS SUCKING IN CALVES - KAPPEL - 2025\Pen 2 - Group 2\PREWEANING\Day 2\ch02_20250914214600.mp4,ch02_20250914214600.mp4,50278.019006,53083.334673,386.812994,458.080994
242,CS_0233_PREWEAN_d2_p2_cow1_14092025_ch02-20250914214600_50813_50837.mp4,Pen 2 - Group 2\PREWEANING\Day 2\CS_0233_PREWEAN_d2_p2_cow1_14092025_ch02-20250914214600_50813_50837.mp4,E:\cross_sucking\Pen 2 - Group 2\PREWEANING\Day 2\CS_0233_PREWEAN_d2_p2_cow1_14092025_ch02-20250914214600_50813_50837.mp4,skipped_existing,1,1,Pen_2_PREWEAN_Day_2_14092025,Pen 2 - Group 2,PREWEAN,2,2,14092025,1,hay|/|reciprocal|side,50813.875,50837.47,50813.875,50837.47,G:\MONITORING CROSS SUCKING IN CALVES - KAPPEL - 2025\Pen 2 - Group 2\PREWEANING\Day 2\ch02_20250914214600.mp4,ch02_20250914214600.mp4,50278.019006,53083.334673,535.855994,559.450994
243,CS_0234_PREWEAN_d2_p2_cow8_14092025_ch02-20250914223257_53834_54113.mp4,Pen 2 - Group 2\PREWEANING\Day 2\CS_0234_PREWEAN_d2_p2_cow8_14092025_ch02-20250914223257_53834_54113.mp4,E:\cross_sucking\Pen 2 - Group 2\PREWEANING\Day 2\CS_0234_PREWEAN_d2_p2_cow8_14092025_ch02-20250914223257_53834_54113.mp4,skipped_existing,1,1,Pen_2_PREWEAN_Day_2_14092025,Pen 2 - Group 2,PREWEAN,2,2,14092025,8,other|T|None|behind,53834.802,54113.261,53834.802,54113.261,G:\MONITORING CROSS SUCKING IN CALVES - KAPPEL - 2025\Pen 2 - Group 2\PREWEANING\Day 2\ch02_20250914223257.mp4,ch02_20250914223257.mp4,53083.334673,55921.54634,751.467327,1029.926327
244,CS_0235_PREWEAN_d2_p2_cow1_14092025_ch02-20250914223257_53852_53887.mp4,Pen 2 - Group 2\PREWEANING\Day 2\CS_0235_PREWEAN_d2_p2_cow1_14092025_ch02-20250914223257_53852_53887.mp4,E:\cross_sucking\Pen 2 - Group 2\PREWEANING\Day 2\CS_0235_PREWEAN_d2_p2_cow1_14092025_ch02-20250914223257_53852_53887.mp4,skipped_existing,1,1,Pen_2_PREWEAN_Day_2_14092025,Pen 2 - Group 2,PREWEAN,2,2,14092025,1,other|8|None|behind,53852.104,53887.368,53852.104,53887.368,G:\MONITORING CROSS SUCKING IN CALVES - KAPPEL - 2025\Pen 2 - Group 2\PREWEANING\Day 2\ch02_20250914223257.mp4,ch02_20250914223257.mp4,53083.334673,55921.54634,768.769327,804.033327
245,CS_0236_PREWEAN_d2_p2_cow8_14092025_ch02-20250914223257_54981_55004.mp4,Pen 2 - Group 2\PREWEANING\Day 2\CS_0236_PREWEAN_d2_p2_cow8_14092025_ch02-20250914223257_54981_55004.mp4,E:\cross_sucking\Pen 2 - Group 2\PREWEANING\Day 2\CS_0236_PREWEAN_d2_p2_cow8_14092025_ch02-20250914223257_54981_55004.mp4,skipped_existing,1,1,Pen_2_PREWEAN_Day_2_14092025,Pen 2 - Group 2,PREWEAN,2,2,14092025,8,other|3|None|side,54981.066,55004.527,54981.066,55004.527,G:\MONITORING CROSS SUCKING IN CALVES - KAPPEL - 2025\Pen 2 - Group 2\PREWEANING\Day 2\ch02_20250914223257.mp4,ch02_20250914223257.mp4,53083.334673,55921.54634,1897.731327,1921.192327
246,CS_0237_PREWEAN_d2_p2_cowslash_14092025_ch02-20250914223257_55180_55191.mp4,Pen 2 - Group 2\PREWEANING\Day 2\CS_0237_PREWEAN_d2_p2_cowslash_14092025_ch02-20250914223257_55180_55191.mp4,E:\cross_sucking\Pen 2 - Group 2\PREWEANING\Day 2\CS_0237_PREWEAN_d2_p2_cowslash_14092025_ch02-20250914223257_55180_55191.mp4,skipped_existing,1,1,Pen_2_PREWEAN_Day_2_14092025,Pen 2 - Group 2,PREWEAN,2,2,14092025,/,other|8|None|side,55180.111,55191.462,55180.111,55191.462,G:\MONITORING CROSS SUCKING IN CALVES - KAPPEL - 2025\Pen 2 - Group 2\PREWEANING\Day 2\ch02_20250914223257.mp4,ch02_20250914223257.mp4,53083.334673,55921.54634,2096.776327,2108.127327
247,CS_0238_PREWEAN_d2_p2_cowslash_14092025_ch02-20250914231955_56113_56185.mp4,Pen 2 - Group 2\PREWEANING\Day 2\CS_0238_PREWEAN_d2_p2_cowslash_14092025_ch02-20250914231955_56113_56185.mp4,E:\cross_sucking\Pen 2 - Group 2\PREWEANING\Day 2\CS_0238_PREWEAN_d2_p2_cowslash_14092025_ch02-20250914231955_56113_56185.mp4,skipped_existing,1,1,Pen_2_PREWEAN_Day_2_14092025,Pen 2 - Group 2,PREWEAN,2,2,14092025,/,other|1|None|side,56113.204,56185.297,56113.204,56185.297,G:\MONITORING CROSS SUCKING IN CALVES - KAPPEL - 2025\Pen 2 - Group 2\PREWEANING\Day 2\ch02_20250914231955.mp4,ch02_20250914231955.mp4,55921.54634,58696.126007,191.65766,263.75066
248,CS_0239_PREWEAN_d2_p2_cow1_14092025_ch02-20250914231955_56120_56192.mp4,Pen 2 - Group 2\PREWEANING\Day 2\CS_0239_PREWEAN_d2_p2_cow1_14092025_ch02-20250914231955_56120_56192.mp4,E:\cross_sucking\Pen 2 - Group 2\PREWEANING\Day 2\CS_0239_PREWEAN_d2_p2_cow1_14092025_ch02-20250914231955_56120_56192.mp4,skipped_existing,1,1,Pen_2_PREWEAN_Day_2_14092025,Pen 2 - Group 2,PREWEAN,2,2,14092025,1,other|/|reciprocal|side,56120.3,56192.947,56120.3,56192.947,G:\MONITORING CROSS SUCKING IN CALVES - KAPPEL - 2025\Pen 2 - Group 2\PREWEANING\Day 2\ch02_20250914231955.mp4,ch02_20250914231955.mp4,55921.54634,58696.126007,198.75366,271.40066
249,CS_0240_PREWEAN_d2_p2_cowslash_14092025_ch02-20250914231955_56260_56375.mp4,Pen 2 - Group 2\PREWEANING\Day 2\CS_0240_PREWEAN_d2_p2_cowslash_14092025_ch02-20250914231955_56260_56375.mp4,E:\cross_sucking\Pen 2 - Group 2\PREWEANING\Day 2\CS_0240_PREWEAN_d2_p2_cowslash_14092025_ch02-20250914231955_56260_56375.mp4,skipped_existing,1,1,Pen_2_PREWEAN_Day_2_14092025,Pen 2 - Group 2,PREWEAN,2,2,14092025,/,other|1|reciprocal|side,56260.756,56375.28,56260.756,56375.28,G:\MONITORING CROSS SUCKING IN CALVES - KAPPEL - 2025\Pen 2 - Group 2\PREWEANING\Day 2\ch02_20250914231955.mp4,ch02_20250914231955.mp4,55921.54634,58696.126007,339.20966,453.73366
250,CS_0241_PREWEAN_d2_p2_cow1_14092025_ch02-20250914231955_56431_56470.mp4,Pen 2 - Group 2\PREWEANING\Day 2\CS_0241_PREWEAN_d2_p2_cow1_14092025_ch02-20250914231955_56431_56470.mp4,E:\cross_sucking\Pen 2 - Group 2\PREWEANING\Day 2\CS_0241_PREWEAN_d2_p2_cow1_14092025_ch02-20250914231955_56431_56470.mp4,skipped_existing,1,1,Pen_2_PREWEAN_Day_2_14092025,Pen 2 - Group 2,PREWEAN,2,2,14092025,1,other|/|None|side,56431.472,56470.28,56431.472,56470.28,G:\MONITORING CROSS SUCKING IN CALVES - KAPPEL - 2025\Pen 2 - Group 2\PREWEANING\Day 2\ch02_20250914231955.mp4,ch02_20250914231955.mp4,55921.54634,58696.126007,509.92566,548.73366
251,CS_0242_PREWEAN_d2_p2_cow3_14092025_ch02-20250915000653_58876_58912.mp4,Pen 2 - Group 2\PREWEANING\Day 2\CS_0242_PREWEAN_d2_p2_cow3_14092025_ch02-20250915000653_58876_58912.mp4,E:\cross_sucking\Pen 2 - Group 2\PREWEANING\Day 2\CS_0242_PREWEAN_d2_p2_cow3_14092025_ch02-20250915000653_58876_58912.mp4,skipped_existing,1,1,Pen_2_PREWEAN_Day_2_14092025,Pen 2 - Group 2,PREWEAN,2,2,14092025,3,other|1|None|side,58876.324,58912.19,58876.324,58912.19,G:\MONITORING CROSS SUCKING IN CALVES - KAPPEL - 2025\Pen 2 - Group 2\PREWEANING\Day 2\ch02_20250915000653.mp4,ch02_20250915000653.mp4,58696.126007,61486.575674,180.197993,216.063993
252,CS_0243_PREWEAN_d2_p2_cow1_14092025_ch02-20250915000653_58895_58912.mp4,Pen 2 - Group 2\PREWEANING\Day 2\CS_0243_PREWEAN_d2_p2_cow1_14092025_ch02-20250915000653_58895_58912.mp4,E:\cross_sucking\Pen 2 - Group 2\PREWEANING\Day 2\CS_0243_PREWEAN_d2_p2_cow1_14092025_ch02-20250915000653_58895_58912.mp4,skipped_existing,1,1,Pen_2_PREWEAN_Day_2_14092025,Pen 2 - Group 2,PREWEAN,2,2,14092025,1,other|3|reciprocal|side,58895.583,58912.19,58895.583,58912.19,G:\MONITORING CROSS SUCKING IN CALVES - KAPPEL - 2025\Pen 2 - Group 2\PREWEANING\Day 2\ch02_20250915000653.mp4,ch02_20250915000653.mp4,58696.126007,61486.575674,199.456993,216.063993
253,CS_0244_PREWEAN_d3_p2_cowT_15092025_ch02-20250915084322_3127_3172.mp4,Pen 2 - Group 2\PREWEANING\Day 3\CS_0244_PREWEAN_d3_p2_cowT_15092025_ch02-20250915084322_3127_3172.mp4,E:\cross_sucking\Pen 2 - Group 2\PREWEANING\Day 3\CS_0244_PREWEAN_d3_p2_cowT_15092025_ch02-20250915084322_3127_3172.mp4,skipped_existing,1,1,Pen_2_PREWEAN_Day_3_15092025,Pen 2 - Group 2,PREWEAN,3,2,15092025,T,grain feeder|8|None|side,3127.62,3172.82,3127.62,3172.82,G:\MONITORING CROSS SUCKING IN CALVES - KAPPEL - 2025\Pen 2 - Group 2\PREWEANING\Day 3\ch02_20250915084322.mp4,ch02_20250915084322.mp4,2822.755667,5249.075334,304.864333,350.064333
254,CS_0245_PREWEAN_d3_p2_cow8_15092025_ch02-20250915084322_3139_3148.mp4,Pen 2 - Group 2\PREWEANING\Day 3\CS_0245_PREWEAN_d3_p2_cow8_15092025_ch02-20250915084322_3139_3148.mp4,E:\cross_sucking\Pen 2 - Group 2\PREWEANING\Day 3\CS_0245_PREWEAN_d3_p2_cow8_15092025_ch02-20250915084322_3139_3148.mp4,skipped_existing,1,1,Pen_2_PREWEAN_Day_3_15092025,Pen 2 - Group 2,PREWEAN,3,2,15092025,8,grain feeder|T|reciprocal|side,3139.923,3148.755,3139.923,3148.755,G:\MONITORING CROSS SUCKING IN CALVES - KAPPEL - 2025\Pen 2 - Group 2\PREWEANING\Day 3\ch02_20250915084322.mp4,ch02_20250915084322.mp4,2822.755667,5249.075334,317.167333,325.999333
255,CS_0246_PREWEAN_d3_p2_cow1_15092025_ch02-20250915093020_6266_6393.mp4,Pen 2 - Group 2\PREWEANING\Day 3\CS_0246_PREWEAN_d3_p2_cow1_15092025_ch02-20250915093020_6266_6393.mp4,E:\cross_sucking\Pen 2 - Group 2\PREWEANING\Day 3\CS_0246_PREWEAN_d3_p2_cow1_15092025_ch02-20250915093020_6266_6393.mp4,skipped_existing,1,1,Pen_2_PREWEAN_Day_3_15092025,Pen 2 - Group 2,PREWEAN,3,2,15092025,1,other|/|None|side,6266.014,6393.562,6266.014,6393.562,G:\MONITORING CROSS SUCKING IN CALVES - KAPPEL - 2025\Pen 2 - Group 2\PREWEANING\Day 3\ch02_20250915093020.mp4,ch02_20250915093020.mp4,5249.075334,8040.555001,1016.938666,1144.486666
256,CS_0247_PREWEAN_d3_p2_cow1_15092025_ch02-20250915093020_6650_6788.mp4,Pen 2 - Group 2\PREWEANING\Day 3\CS_0247_PREWEAN_d3_p2_cow1_15092025_ch02-20250915093020_6650_6788.mp4,E:\cross_sucking\Pen 2 - Group 2\PREWEANING\Day 3\CS_0247_PREWEAN_d3_p2_cow1_15092025_ch02-20250915093020_6650_6788.mp4,skipped_existing,1,1,Pen_2_PREWEAN_Day_3_15092025,Pen 2 - Group 2,PREWEAN,3,2,15092025,1,other|/|None|side,6650.223,6788.871,6650.223,6788.871,G:\MONITORING CROSS SUCKING IN CALVES - KAPPEL - 2025\Pen 2 - Group 2\PREWEANING\Day 3\ch02_20250915093020.mp4,ch02_20250915093020.mp4,5249.075334,8040.555001,1401.147666,1539.795666
257,CS_0248_PREWEAN_d3_p2_cowslash_15092025_ch02-20250915093020_6696_6781.mp4,Pen 2 - Group 2\PREWEANING\Day 3\CS_0248_PREWEAN_d3_p2_cowslash_15092025_ch02-20250915093020_6696_6781.mp4,E:\cross_sucking\Pen 2 - Group 2\PREWEANING\Day 3\CS_0248_PREWEAN_d3_p2_cowslash_15092025_ch02-20250915093020_6696_6781.mp4,skipped_existing,1,1,Pen_2_PREWEAN_Day_3_15092025,Pen 2 - Group 2,PREWEAN,3,2,15092025,/,other|1|reciprocal|side,6696.061,6781.727,6696.061,6781.727,G:\MONITORING CROSS SUCKING IN CALVES - KAPPEL - 2025\Pen 2 - Group 2\PREWEANING\Day 3\ch02_20250915093020.mp4,ch02_20250915093020.mp4,5249.075334,8040.555001,1446.985666,1532.651666
258,CS_0249_PREWEAN_d3_p2_cow1_15092025_ch02-20250915093020_6797_6816.mp4,Pen 2 - Group 2\PREWEANING\Day 3\CS_0249_PREWEAN_d3_p2_cow1_15092025_ch02-20250915093020_6797_6816.mp4,E:\cross_sucking\Pen 2 - Group 2\PREWEANING\Day 3\CS_0249_PREWEAN_d3_p2_cow1_15092025_ch02-20250915093020_6797_6816.mp4,skipped_existing,1,1,Pen_2_PREWEAN_Day_3_15092025,Pen 2 - Group 2,PREWEAN,3,2,15092025,1,other|/|None|side,6797.233,6816.928,6797.233,6816.928,G:\MONITORING CROSS SUCKING IN CALVES - KAPPEL - 2025\Pen 2 - Group 2\PREWEANING\Day 3\ch02_20250915093020.mp4,ch02_20250915093020.mp4,5249.075334,8040.555001,1548.157666,1567.852666
259,CS_0250_PREWEAN_d3_p2_cow6_15092025_ch02-20250915093020_7183_7193.mp4,Pen 2 - Group 2\PREWEANING\Day 3\CS_0250_PREWEAN_d3_p2_cow6_15092025_ch02-20250915093020_7183_7193.mp4,E:\cross_sucking\Pen 2 - Group 2\PREWEANING\Day 3\CS_0250_PREWEAN_d3_p2_cow6_15092025_ch02-20250915093020_7183_7193.mp4,skipped_existing,1,1,Pen_2_PREWEAN_Day_3_15092025,Pen 2 - Group 2,PREWEAN,3,2,15092025,6,hay|1|None|side,7183.151,7193.699,7183.151,7193.699,G:\MONITORING CROSS SUCKING IN CALVES - KAPPEL - 2025\Pen 2 - Group 2\PREWEANING\Day 3\ch02_20250915093020.mp4,ch02_20250915093020.mp4,5249.075334,8040.555001,1934.075666,1944.623666
260,CS_0251_PREWEAN_d3_p2_cowO_15092025_ch02-20250915093020_7474_7499.mp4,Pen 2 - Group 2\PREWEANING\Day 3\CS_0251_PREWEAN_d3_p2_cowO_15092025_ch02-20250915093020_7474_7499.mp4,E:\cross_sucking\Pen 2 - Group 2\PREWEANING\Day 3\CS_0251_PREWEAN_d3_p2_cowO_15092025_ch02-20250915093020_7474_7499.mp4,skipped_existing,1,1,Pen_2_PREWEAN_Day_3_15092025,Pen 2 - Group 2,PREWEAN,3,2,15092025,O,milk feeder|A|None|behind,7474.943,7499.454,7474.943,7499.454,G:\MONITORING CROSS SUCKING IN CALVES - KAPPEL - 2025\Pen 2 - Group 2\PREWEANING\Day 3\ch02_20250915093020.mp4,ch02_20250915093020.mp4,5249.075334,8040.555001,2225.867666,2250.378666
261,CS_0252_PREWEAN_d3_p2_cowO_15092025_ch02-20250915093020_7504_8065_part01.mp4,Pen 2 - Group 2\PREWEANING\Day 3\CS_0252_PREWEAN_d3_p2_cowO_15092025_ch02-20250915093020_7504_8065_part01.mp4,E:\cross_sucking\Pen 2 - Group 2\PREWEANING\Day 3\CS_0252_PREWEAN_d3_p2_cowO_15092025_ch02-20250915093020_7504_8065_part01.mp4,skipped_existing,1,2,Pen_2_PREWEAN_Day_3_15092025,Pen 2 - Group 2,PREWEAN,3,2,15092025,O,other|A|None|side,7504.563,8065.171,7504.563,8040.555001,G:\MONITORING CROSS SUCKING IN CALVES - KAPPEL - 2025\Pen 2 - Group 2\PREWEANING\Day 3\ch02_20250915093020.mp4,ch02_20250915093020.mp4,5249.075334,8040.555001,2255.487666,2791.479667
262,CS_0252_PREWEAN_d3_p2_cowO_15092025_ch02-20250915093020_7504_8065_part02.mp4,Pen 2 - Group 2\PREWEANING\Day 3\CS_0252_PREWEAN_d3_p2_cowO_15092025_ch02-20250915093020_7504_8065_part02.mp4,E:\cross_sucking\Pen 2 - Group 2\PREWEANING\Day 3\CS_0252_PREWEAN_d3_p2_cowO_15092025_ch02-20250915093020_7504_8065_part02.mp4,skipped_existing,2,2,Pen_2_PREWEAN_Day_3_15092025,Pen 2 - Group 2,PREWEAN,3,2,15092025,O,other|A|None|side,7504.563,8065.171,8040.555001,8065.171,G:\MONITORING CROSS SUCKING IN CALVES - KAPPEL - 2025\Pen 2 - Group 2\PREWEANING\Day 3\ch02_20250915101718.mp4,ch02_20250915101718.mp4,8040.555001,10847.760668,0.0,24.615999
263,CS_0253_PREWEAN_d3_p2_cowA_15092025_ch02-20250915093020_7520_8341_part01.mp4,Pen 2 - Group 2\PREWEANING\Day 3\CS_0253_PREWEAN_d3_p2_cowA_15092025_ch02-20250915093020_7520_8341_part01.mp4,E:\cross_sucking\Pen 2 - Group 2\PREWEANING\Day 3\CS_0253_PREWEAN_d3_p2_cowA_15092025_ch02-20250915093020_7520_8341_part01.mp4,skipped_existing,1,2,Pen_2_PREWEAN_Day_3_15092025,Pen 2 - Group 2,PREWEAN,3,2,15092025,A,other|O|reciprocal|side,7520.514,8341.658,7520.514,8040.555001,G:\MONITORING CROSS SUCKING IN CALVES - KAPPEL - 2025\Pen 2 - Group 2\PREWEANING\Day 3\ch02_20250915093020.mp4,ch02_20250915093020.mp4,5249.075334,8040.555001,2271.438666,2791.479667
264,CS_0253_PREWEAN_d3_p2_cowA_15092025_ch02-20250915093020_7520_8341_part02.mp4,Pen 2 - Group 2\PREWEANING\Day 3\CS_0253_PREWEAN_d3_p2_cowA_15092025_ch02-20250915093020_7520_8341_part02.mp4,E:\cross_sucking\Pen 2 - Group 2\PREWEANING\Day 3\CS_0253_PREWEAN_d3_p2_cowA_15092025_ch02-20250915093020_7520_8341_part02.mp4,skipped_existing,2,2,Pen_2_PREWEAN_Day_3_15092025,Pen 2 - Group 2,PREWEAN,3,2,15092025,A,other|O|reciprocal|side,7520.514,8341.658,8040.555001,8341.658,G:\MONITORING CROSS SUCKING IN CALVES - KAPPEL - 2025\Pen 2 - Group 2\PREWEANING\Day 3\ch02_20250915101718.mp4,ch02_20250915101718.mp4,8040.555001,10847.760668,0.0,301.102999
265,CS_0254_PREWEAN_d3_p2_cow1_15092025_ch02-20250915101718_9643_9683.mp4,Pen 2 - Group 2\PREWEANING\Day 3\CS_0254_PREWEAN_d3_p2_cow1_15092025_ch02-20250915101718_9643_9683.mp4,E:\cross_sucking\Pen 2 - Group 2\PREWEANING\Day 3\CS_0254_PREWEAN_d3_p2_cow1_15092025_ch02-20250915101718_9643_9683.mp4,skipped_existing,1,1,Pen_2_PREWEAN_Day_3_15092025,Pen 2 - Group 2,PREWEAN,3,2,15092025,1,other|/|None|side,9643.165,9683.071,9643.165,9683.071,G:\MONITORING CROSS SUCKING IN CALVES - KAPPEL - 2025\Pen 2 - Group 2\PREWEANING\Day 3\ch02_20250915101718.mp4,ch02_20250915101718.mp4,8040.555001,10847.760668,1602.609999,1642.515999
266,CS_0255_PREWEAN_d3_p2_cowslash_15092025_ch02-20250915101718_9666_9682.mp4,Pen 2 - Group 2\PREWEANING\Day 3\CS_0255_PREWEAN_d3_p2_cowslash_15092025_ch02-20250915101718_9666_9682.mp4,E:\cross_sucking\Pen 2 - Group 2\PREWEANING\Day 3\CS_0255_PREWEAN_d3_p2_cowslash_15092025_ch02-20250915101718_9666_9682.mp4,skipped_existing,1,1,Pen_2_PREWEAN_Day_3_15092025,Pen 2 - Group 2,PREWEAN,3,2,15092025,/,other|1|reciprocal|side,9666.471,9682.517,9666.471,9682.517,G:\MONITORING CROSS SUCKING IN CALVES - KAPPEL - 2025\Pen 2 - Group 2\PREWEANING\Day 3\ch02_20250915101718.mp4,ch02_20250915101718.mp4,8040.555001,10847.760668,1625.915999,1641.961999
267,CS_0256_PREWEAN_d3_p2_cowA_15092025_ch02-20250915180651_37620_37762.mp4,Pen 2 - Group 2\PREWEANING\Day 3\CS_0256_PREWEAN_d3_p2_cowA_15092025_ch02-20250915180651_37620_37762.mp4,E:\cross_sucking\Pen 2 - Group 2\PREWEANING\Day 3\CS_0256_PREWEAN_d3_p2_cowA_15092025_ch02-20250915180651_37620_37762.mp4,skipped_existing,1,1,Pen_2_PREWEAN_Day_3_15092025,Pen 2 - Group 2,PREWEAN,3,2,15092025,A,other|O|None|lying down,37620.915,37762.143,37620.915,37762.143,G:\MONITORING CROSS SUCKING IN CALVES - KAPPEL - 2025\Pen 2 - Group 2\PREWEANING\Day 3\ch02_20250915180651.mp4,ch02_20250915180651.mp4,35949.385671,38724.083338,1671.529329,1812.757329
268,CS_0257_PREWEAN_d3_p2_cow8_15092025_ch02-20250915185349_41377_41395.mp4,Pen 2 - Group 2\PREWEANING\Day 3\CS_0257_PREWEAN_d3_p2_cow8_15092025_ch02-20250915185349_41377_41395.mp4,E:\cross_sucking\Pen 2 - Group 2\PREWEANING\Day 3\CS_0257_PREWEAN_d3_p2_cow8_15092025_ch02-20250915185349_41377_41395.mp4,skipped_existing,1,1,Pen_2_PREWEAN_Day_3_15092025,Pen 2 - Group 2,PREWEAN,3,2,15092025,8,milk feeder|T|None|behind,41377.066,41395.007,41377.066,41395.007,G:\MONITORING CROSS SUCKING IN CALVES - KAPPEL - 2025\Pen 2 - Group 2\PREWEANING\Day 3\ch02_20250915185349.mp4,ch02_20250915185349.mp4,38724.083338,41499.074005,2652.982662,2670.923662
269,CS_0258_PREWEAN_d3_p2_cow1_15092025_ch02-20250915220139_50248_50350.mp4,Pen 2 - Group 2\PREWEANING\Day 3\CS_0258_PREWEAN_d3_p2_cow1_15092025_ch02-20250915220139_50248_50350.mp4,E:\cross_sucking\Pen 2 - Group 2\PREWEANING\Day 3\CS_0258_PREWEAN_d3_p2_cow1_15092025_ch02-20250915220139_50248_50350.mp4,skipped_existing,1,1,Pen_2_PREWEAN_Day_3_15092025,Pen 2 - Group 2,PREWEAN,3,2,15092025,1,grain feeder|/|None|behind,50248.088,50350.5,50248.088,50350.5,G:\MONITORING CROSS SUCKING IN CALVES - KAPPEL - 2025\Pen 2 - Group 2\PREWEANING\Day 3\ch02_20250915220139.mp4,ch02_20250915220139.mp4,49854.834006,52628.698673,393.253994,495.665994
270,CS_0259_PREWEAN_d3_p2_cow1_15092025_ch02-20250915224836_54530_54645.mp4,Pen 2 - Group 2\PREWEANING\Day 3\CS_0259_PREWEAN_d3_p2_cow1_15092025_ch02-20250915224836_54530_54645.mp4,E:\cross_sucking\Pen 2 - Group 2\PREWEANING\Day 3\CS_0259_PREWEAN_d3_p2_cow1_15092025_ch02-20250915224836_54530_54645.mp4,skipped_existing,1,1,Pen_2_PREWEAN_Day_3_15092025,Pen 2 - Group 2,PREWEAN,3,2,15092025,1,other|/|None|side,54530.665,54645.157,54530.665,54645.157,G:\MONITORING CROSS SUCKING IN CALVES - KAPPEL - 2025\Pen 2 - Group 2\PREWEANING\Day 3\ch02_20250915224836.mp4,ch02_20250915224836.mp4,52628.698673,55433.97934,1901.966327,2016.458327
271,CS_0260_PREWEAN_d3_p2_cow1_15092025_ch02-20250915224836_54953_55003.mp4,Pen 2 - Group 2\PREWEANING\Day 3\CS_0260_PREWEAN_d3_p2_cow1_15092025_ch02-20250915224836_54953_55003.mp4,E:\cross_sucking\Pen 2 - Group 2\PREWEANING\Day 3\CS_0260_PREWEAN_d3_p2_cow1_15092025_ch02-20250915224836_54953_55003.mp4,skipped_existing,1,1,Pen_2_PREWEAN_Day_3_15092025,Pen 2 - Group 2,PREWEAN,3,2,15092025,1,other|/|None|side,54953.502,55003.197,54953.502,55003.197,G:\MONITORING CROSS SUCKING IN CALVES - KAPPEL - 2025\Pen 2 - Group 2\PREWEANING\Day 3\ch02_20250915224836.mp4,ch02_20250915224836.mp4,52628.698673,55433.97934,2324.803327,2374.498327
272,CS_0261_PREWEAN_d3_p2_cow3_15092025_ch02-20250915224836_55246_55327.mp4,Pen 2 - Group 2\PREWEANING\Day 3\CS_0261_PREWEAN_d3_p2_cow3_15092025_ch02-20250915224836_55246_55327.mp4,E:\cross_sucking\Pen 2 - Group 2\PREWEANING\Day 3\CS_0261_PREWEAN_d3_p2_cow3_15092025_ch02-20250915224836_55246_55327.mp4,skipped_existing,1,1,Pen_2_PREWEAN_Day_3_15092025,Pen 2 - Group 2,PREWEAN,3,2,15092025,3,other|T|None|side,55246.145,55327.089,55246.145,55327.089,G:\MONITORING CROSS SUCKING IN CALVES - KAPPEL - 2025\Pen 2 - Group 2\PREWEANING\Day 3\ch02_20250915224836.mp4,ch02_20250915224836.mp4,52628.698673,55433.97934,2617.446327,2698.390327
273,CS_0262_PREWEAN_d3_p2_cowT_15092025_ch02-20250915224836_55290_55327.mp4,Pen 2 - Group 2\PREWEANING\Day 3\CS_0262_PREWEAN_d3_p2_cowT_15092025_ch02-20250915224836_55290_55327.mp4,E:\cross_sucking\Pen 2 - Group 2\PREWEANING\Day 3\CS_0262_PREWEAN_d3_p2_cowT_15092025_ch02-20250915224836_55290_55327.mp4,skipped_existing,1,1,Pen_2_PREWEAN_Day_3_15092025,Pen 2 - Group 2,PREWEAN,3,2,15092025,T,other|3|reciprocal|side,55290.882,55327.089,55290.882,55327.089,G:\MONITORING CROSS SUCKING IN CALVES - KAPPEL - 2025\Pen 2 - Group 2\PREWEANING\Day 3\ch02_20250915224836.mp4,ch02_20250915224836.mp4,52628.698673,55433.97934,2662.183327,2698.390327
274,CS_0263_PREWEAN_d3_p2_cowO_15092025_ch02-20250915233533_55482_55539.mp4,Pen 2 - Group 2\PREWEANING\Day 3\CS_0263_PREWEAN_d3_p2_cowO_15092025_ch02-20250915233533_55482_55539.mp4,E:\cross_sucking\Pen 2 - Group 2\PREWEANING\Day 3\CS_0263_PREWEAN_d3_p2_cowO_15092025_ch02-20250915233533_55482_55539.mp4,skipped_existing,1,1,Pen_2_PREWEAN_Day_3_15092025,Pen 2 - Group 2,PREWEAN,3,2,15092025,O,other|8|None|side,55482.881,55539.197,55482.881,55539.197,G:\MONITORING CROSS SUCKING IN CALVES - KAPPEL - 2025\Pen 2 - Group 2\PREWEANING\Day 3\ch02_20250915233533.mp4,ch02_20250915233533.mp4,55433.97934,58208.038007,48.90166,105.21766
275,CS_0264_PREWEAN_d3_p2_cow6_15092025_ch02-20250915233533_56245_56287.mp4,Pen 2 - Group 2\PREWEANING\Day 3\CS_0264_PREWEAN_d3_p2_cow6_15092025_ch02-20250915233533_56245_56287.mp4,E:\cross_sucking\Pen 2 - Group 2\PREWEANING\Day 3\CS_0264_PREWEAN_d3_p2_cow6_15092025_ch02-20250915233533_56245_56287.mp4,skipped_existing,1,1,Pen_2_PREWEAN_Day_3_15092025,Pen 2 - Group 2,PREWEAN,3,2,15092025,6,other|A|None|behind,56245.054,56287.567,56245.054,56287.567,G:\MONITORING CROSS SUCKING IN CALVES - KAPPEL - 2025\Pen 2 - Group 2\PREWEANING\Day 3\ch02_20250915233533.mp4,ch02_20250915233533.mp4,55433.97934,58208.038007,811.07466,853.58766
276,CS_0265_PREWEAN_d3_p2_cow1_15092025_ch02-20250915233533_56264_56286.mp4,Pen 2 - Group 2\PREWEANING\Day 3\CS_0265_PREWEAN_d3_p2_cow1_15092025_ch02-20250915233533_56264_56286.mp4,E:\cross_sucking\Pen 2 - Group 2\PREWEANING\Day 3\CS_0265_PREWEAN_d3_p2_cow1_15092025_ch02-20250915233533_56264_56286.mp4,skipped_existing,1,1,Pen_2_PREWEAN_Day_3_15092025,Pen 2 - Group 2,PREWEAN,3,2,15092025,1,other|6|three|behind,56264.182,56286.642,56264.182,56286.642,G:\MONITORING CROSS SUCKING IN CALVES - KAPPEL - 2025\Pen 2 - Group 2\PREWEANING\Day 3\ch02_20250915233533.mp4,ch02_20250915233533.mp4,55433.97934,58208.038007,830.20266,852.66266
277,CS_0266_WEAN_d1_p2_cowslash_16102025_ch02-20251016085230_6240_6269.mp4,Pen 2 - Group 2\WEANING\Day 1\CS_0266_WEAN_d1_p2_cowslash_16102025_ch02-20251016085230_6240_6269.mp4,E:\cross_sucking\Pen 2 - Group 2\WEANING\Day 1\CS_0266_WEAN_d1_p2_cowslash_16102025_ch02-20251016085230_6240_6269.mp4,skipped_existing,1,1,Pen_2_WEAN_Day_1_16102025,Pen 2 - Group 2,WEAN,1,2,16102025,/,other|3|reciprocal|side,6240.824,6269.196,6240.824,6269.196,G:\MONITORING CROSS SUCKING IN CALVES - KAPPEL - 2025\Pen 2 - Group 2\WEANING\Day 1\ch02_20251016085230.mp4,ch02_20251016085230.mp4,3975.294334,6765.872001,2265.529666,2293.901666
278,CS_0267_WEAN_d1_p2_cowslash_16102025_ch02-20251016085230_6424_6455.mp4,Pen 2 - Group 2\WEANING\Day 1\CS_0267_WEAN_d1_p2_cowslash_16102025_ch02-20251016085230_6424_6455.mp4,E:\cross_sucking\Pen 2 - Group 2\WEANING\Day 1\CS_0267_WEAN_d1_p2_cowslash_16102025_ch02-20251016085230_6424_6455.mp4,skipped_existing,1,1,Pen_2_WEAN_Day_1_16102025,Pen 2 - Group 2,WEAN,1,2,16102025,/,other|3|reciprocal|side,6424.989,6455.345,6424.989,6455.345,G:\MONITORING CROSS SUCKING IN CALVES - KAPPEL - 2025\Pen 2 - Group 2\WEANING\Day 1\ch02_20251016085230.mp4,ch02_20251016085230.mp4,3975.294334,6765.872001,2449.694666,2480.050666
279,CS_0268_WEAN_d1_p2_cow3_16102025_ch02-20251016085230_6424_6763.mp4,Pen 2 - Group 2\WEANING\Day 1\CS_0268_WEAN_d1_p2_cow3_16102025_ch02-20251016085230_6424_6763.mp4,E:\cross_sucking\Pen 2 - Group 2\WEANING\Day 1\CS_0268_WEAN_d1_p2_cow3_16102025_ch02-20251016085230_6424_6763.mp4,skipped_existing,1,1,Pen_2_WEAN_Day_1_16102025,Pen 2 - Group 2,WEAN,1,2,16102025,3,other|/|reciprocal|side,6424.989,6763.718,6424.989,6763.718,G:\MONITORING CROSS SUCKING IN CALVES - KAPPEL - 2025\Pen 2 - Group 2\WEANING\Day 1\ch02_20251016085230.mp4,ch02_20251016085230.mp4,3975.294334,6765.872001,2449.694666,2788.423666
280,CS_0269_WEAN_d1_p2_cow1_16102025_ch02-20251016093928_6874_6896.mp4,Pen 2 - Group 2\WEANING\Day 1\CS_0269_WEAN_d1_p2_cow1_16102025_ch02-20251016093928_6874_6896.mp4,E:\cross_sucking\Pen 2 - Group 2\WEANING\Day 1\CS_0269_WEAN_d1_p2_cow1_16102025_ch02-20251016093928_6874_6896.mp4,skipped_existing,1,1,Pen_2_WEAN_Day_1_16102025,Pen 2 - Group 2,WEAN,1,2,16102025,1,grain feeder|6|None|behind,6874.225,6896.029,6874.225,6896.029,G:\MONITORING CROSS SUCKING IN CALVES - KAPPEL - 2025\Pen 2 - Group 2\WEANING\Day 1\ch02_20251016093928.mp4,ch02_20251016093928.mp4,6765.872001,9554.832668,108.352999,130.156999
281,CS_0270_WEAN_d1_p2_cow1_16102025_ch02-20251016093928_6969_7009.mp4,Pen 2 - Group 2\WEANING\Day 1\CS_0270_WEAN_d1_p2_cow1_16102025_ch02-20251016093928_6969_7009.mp4,E:\cross_sucking\Pen 2 - Group 2\WEANING\Day 1\CS_0270_WEAN_d1_p2_cow1_16102025_ch02-20251016093928_6969_7009.mp4,skipped_existing,1,1,Pen_2_WEAN_Day_1_16102025,Pen 2 - Group 2,WEAN,1,2,16102025,1,other|8|None|side,6969.835,7009.041,6969.835,7009.041,G:\MONITORING CROSS SUCKING IN CALVES - KAPPEL - 2025\Pen 2 - Group 2\WEANING\Day 1\ch02_20251016093928.mp4,ch02_20251016093928.mp4,6765.872001,9554.832668,203.962999,243.168999
282,CS_0271_WEAN_d1_p2_cow1_16102025_ch02-20251016093928_7753_7787.mp4,Pen 2 - Group 2\WEANING\Day 1\CS_0271_WEAN_d1_p2_cow1_16102025_ch02-20251016093928_7753_7787.mp4,E:\cross_sucking\Pen 2 - Group 2\WEANING\Day 1\CS_0271_WEAN_d1_p2_cow1_16102025_ch02-20251016093928_7753_7787.mp4,skipped_existing,1,1,Pen_2_WEAN_Day_1_16102025,Pen 2 - Group 2,WEAN,1,2,16102025,1,hay|6|reciprocal|side,7753.76,7787.607,7753.76,7787.607,G:\MONITORING CROSS SUCKING IN CALVES - KAPPEL - 2025\Pen 2 - Group 2\WEANING\Day 1\ch02_20251016093928.mp4,ch02_20251016093928.mp4,6765.872001,9554.832668,987.887999,1021.734999
283,CS_0272_WEAN_d1_p2_cow6_16102025_ch02-20251016111322_13724_13966.mp4,Pen 2 - Group 2\WEANING\Day 1\CS_0272_WEAN_d1_p2_cow6_16102025_ch02-20251016111322_13724_13966.mp4,E:\cross_sucking\Pen 2 - Group 2\WEANING\Day 1\CS_0272_WEAN_d1_p2_cow6_16102025_ch02-20251016111322_13724_13966.mp4,skipped_existing,1,1,Pen_2_WEAN_Day_1_16102025,Pen 2 - Group 2,WEAN,1,2,16102025,6,water|8|None|side,13724.341,13966.633,13724.341,13966.633,G:\MONITORING CROSS SUCKING IN CALVES - KAPPEL - 2025\Pen 2 - Group 2\WEANING\Day 1\ch02_20251016111322.mp4,ch02_20251016111322.mp4,12362.573335,15152.556002,1361.767665,1604.059665
284,CS_0273_WEAN_d1_p2_cowA_16102025_ch02-20251016120018_16308_16361.mp4,Pen 2 - Group 2\WEANING\Day 1\CS_0273_WEAN_d1_p2_cowA_16102025_ch02-20251016120018_16308_16361.mp4,E:\cross_sucking\Pen 2 - Group 2\WEANING\Day 1\CS_0273_WEAN_d1_p2_cowA_16102025_ch02-20251016120018_16308_16361.mp4,skipped_existing,1,1,Pen_2_WEAN_Day_1_16102025,Pen 2 - Group 2,WEAN,1,2,16102025,A,milk feeder|T|None|behind,16308.573,16361.239,16308.573,16361.239,G:\MONITORING CROSS SUCKING IN CALVES - KAPPEL - 2025\Pen 2 - Group 2\WEANING\Day 1\ch02_20251016120018.mp4,ch02_20251016120018.mp4,15152.556002,17976.325669,1156.016998,1208.682998
285,CS_0274_WEAN_d1_p2_cow6_16102025_ch02-20251016120018_16331_16387.mp4,Pen 2 - Group 2\WEANING\Day 1\CS_0274_WEAN_d1_p2_cow6_16102025_ch02-20251016120018_16331_16387.mp4,E:\cross_sucking\Pen 2 - Group 2\WEANING\Day 1\CS_0274_WEAN_d1_p2_cow6_16102025_ch02-20251016120018_16331_16387.mp4,skipped_existing,1,1,Pen_2_WEAN_Day_1_16102025,Pen 2 - Group 2,WEAN,1,2,16102025,6,other|3|None|side,16331.887,16387.272,16331.887,16387.272,G:\MONITORING CROSS SUCKING IN CALVES - KAPPEL - 2025\Pen 2 - Group 2\WEANING\Day 1\ch02_20251016120018.mp4,ch02_20251016120018.mp4,15152.556002,17976.325669,1179.330998,1234.715998
286,CS_0275_WEAN_d1_p2_cow6_16102025_ch02-20251016120018_16396_16425.mp4,Pen 2 - Group 2\WEANING\Day 1\CS_0275_WEAN_d1_p2_cow6_16102025_ch02-20251016120018_16396_16425.mp4,E:\cross_sucking\Pen 2 - Group 2\WEANING\Day 1\CS_0275_WEAN_d1_p2_cow6_16102025_ch02-20251016120018_16396_16425.mp4,skipped_existing,1,1,Pen_2_WEAN_Day_1_16102025,Pen 2 - Group 2,WEAN,1,2,16102025,6,other|3|None|side,16396.291,16425.069,16396.291,16425.069,G:\MONITORING CROSS SUCKING IN CALVES - KAPPEL - 2025\Pen 2 - Group 2\WEANING\Day 1\ch02_20251016120018.mp4,ch02_20251016120018.mp4,15152.556002,17976.325669,1243.734998,1272.512998
287,CS_0276_WEAN_d1_p2_cowT_16102025_ch02-20251016124717_19033_19045.mp4,Pen 2 - Group 2\WEANING\Day 1\CS_0276_WEAN_d1_p2_cowT_16102025_ch02-20251016124717_19033_19045.mp4,E:\cross_sucking\Pen 2 - Group 2\WEANING\Day 1\CS_0276_WEAN_d1_p2_cowT_16102025_ch02-20251016124717_19033_19045.mp4,skipped_existing,1,1,Pen_2_WEAN_Day_1_16102025,Pen 2 - Group 2,WEAN,1,2,16102025,T,other|6|None|side,19033.287,19045.529,19033.287,19045.529,G:\MONITORING CROSS SUCKING IN CALVES - KAPPEL - 2025\Pen 2 - Group 2\WEANING\Day 1\ch02_20251016124717.mp4,ch02_20251016124717.mp4,17976.325669,20750.291336,1056.961331,1069.203331
288,CS_0277_WEAN_d1_p2_cow8_16102025_ch02-20251016124717_20145_20162.mp4,Pen 2 - Group 2\WEANING\Day 1\CS_0277_WEAN_d1_p2_cow8_16102025_ch02-20251016124717_20145_20162.mp4,E:\cross_sucking\Pen 2 - Group 2\WEANING\Day 1\CS_0277_WEAN_d1_p2_cow8_16102025_ch02-20251016124717_20145_20162.mp4,skipped_existing,1,1,Pen_2_WEAN_Day_1_16102025,Pen 2 - Group 2,WEAN,1,2,16102025,8,other|A|None|lying down,20145.341,20162.427,20145.341,20162.427,G:\MONITORING CROSS SUCKING IN CALVES - KAPPEL - 2025\Pen 2 - Group 2\WEANING\Day 1\ch02_20251016124717.mp4,ch02_20251016124717.mp4,17976.325669,20750.291336,2169.015331,2186.101331
289,CS_0278_WEAN_d1_p2_cowslash_16102025_ch02-20251016124717_20332_20364.mp4,Pen 2 - Group 2\WEANING\Day 1\CS_0278_WEAN_d1_p2_cowslash_16102025_ch02-20251016124717_20332_20364.mp4,E:\cross_sucking\Pen 2 - Group 2\WEANING\Day 1\CS_0278_WEAN_d1_p2_cowslash_16102025_ch02-20251016124717_20332_20364.mp4,skipped_existing,1,1,Pen_2_WEAN_Day_1_16102025,Pen 2 - Group 2,WEAN,1,2,16102025,/,milk feeder|O|None|behind,20332.605,20364.121,20332.605,20364.121,G:\MONITORING CROSS SUCKING IN CALVES - KAPPEL - 2025\Pen 2 - Group 2\WEANING\Day 1\ch02_20251016124717.mp4,ch02_20251016124717.mp4,17976.325669,20750.291336,2356.279331,2387.795331
290,CS_0279_WEAN_d1_p2_cow6_16102025_ch02-20251016172902_37013_37058.mp4,Pen 2 - Group 2\WEANING\Day 1\CS_0279_WEAN_d1_p2_cow6_16102025_ch02-20251016172902_37013_37058.mp4,E:\cross_sucking\Pen 2 - Group 2\WEANING\Day 1\CS_0279_WEAN_d1_p2_cow6_16102025_ch02-20251016172902_37013_37058.mp4,skipped_existing,1,1,Pen_2_WEAN_Day_1_16102025,Pen 2 - Group 2,WEAN,1,2,16102025,6,milk feeder|8|None|behind,37013.197,37058.931,37013.197,37058.931,G:\MONITORING CROSS SUCKING IN CALVES - KAPPEL - 2025\Pen 2 - Group 2\WEANING\Day 1\ch02_20251016172902.mp4,ch02_20251016172902.mp4,34752.090671,37525.242338,2261.106329,2306.840329
291,CS_0280_WEAN_d1_p2_cowA_16102025_ch02-20251016194953_43701_43736.mp4,Pen 2 - Group 2\WEANING\Day 1\CS_0280_WEAN_d1_p2_cowA_16102025_ch02-20251016194953_43701_43736.mp4,E:\cross_sucking\Pen 2 - Group 2\WEANING\Day 1\CS_0280_WEAN_d1_p2_cowA_16102025_ch02-20251016194953_43701_43736.mp4,skipped_existing,1,1,Pen_2_WEAN_Day_1_16102025,Pen 2 - Group 2,WEAN,1,2,16102025,A,milk feeder|6|None|behind,43701.549,43736.035,43701.549,43736.035,G:\MONITORING CROSS SUCKING IN CALVES - KAPPEL - 2025\Pen 2 - Group 2\WEANING\Day 1\ch02_20251016194953.mp4,ch02_20251016194953.mp4,43138.871672,45945.119339,562.677328,597.163328
292,CS_0281_WEAN_d1_p2_cow6_16102025_ch02-20251016194953_45027_45161.mp4,Pen 2 - Group 2\WEANING\Day 1\CS_0281_WEAN_d1_p2_cow6_16102025_ch02-20251016194953_45027_45161.mp4,E:\cross_sucking\Pen 2 - Group 2\WEANING\Day 1\CS_0281_WEAN_d1_p2_cow6_16102025_ch02-20251016194953_45027_45161.mp4,skipped_existing,1,1,Pen_2_WEAN_Day_1_16102025,Pen 2 - Group 2,WEAN,1,2,16102025,6,hay|1|None|behind,45027.4,45161.581,45027.4,45161.581,G:\MONITORING CROSS SUCKING IN CALVES - KAPPEL - 2025\Pen 2 - Group 2\WEANING\Day 1\ch02_20251016194953.mp4,ch02_20251016194953.mp4,43138.871672,45945.119339,1888.528328,2022.709328
293,CS_0282_WEAN_d1_p2_cow6_16102025_ch02-20251016194953_45176_45250.mp4,Pen 2 - Group 2\WEANING\Day 1\CS_0282_WEAN_d1_p2_cow6_16102025_ch02-20251016194953_45176_45250.mp4,E:\cross_sucking\Pen 2 - Group 2\WEANING\Day 1\CS_0282_WEAN_d1_p2_cow6_16102025_ch02-20251016194953_45176_45250.mp4,skipped_existing,1,1,Pen_2_WEAN_Day_1_16102025,Pen 2 - Group 2,WEAN,1,2,16102025,6,other|T|None|side,45176.097,45250.945,45176.097,45250.945,G:\MONITORING CROSS SUCKING IN CALVES - KAPPEL - 2025\Pen 2 - Group 2\WEANING\Day 1\ch02_20251016194953.mp4,ch02_20251016194953.mp4,43138.871672,45945.119339,2037.225328,2112.073328
294,CS_0283_WEAN_d1_p2_cow1_16102025_ch02-20251016203651_46308_46833.mp4,Pen 2 - Group 2\WEANING\Day 1\CS_0283_WEAN_d1_p2_cow1_16102025_ch02-20251016203651_46308_46833.mp4,E:\cross_sucking\Pen 2 - Group 2\WEANING\Day 1\CS_0283_WEAN_d1_p2_cow1_16102025_ch02-20251016203651_46308_46833.mp4,skipped_existing,1,1,Pen_2_WEAN_Day_1_16102025,Pen 2 - Group 2,WEAN,1,2,16102025,1,other|/|reciprocal|side,46308.765,46833.871,46308.765,46833.871,G:\MONITORING CROSS SUCKING IN CALVES - KAPPEL - 2025\Pen 2 - Group 2\WEANING\Day 1\ch02_20251016203651.mp4,ch02_20251016203651.mp4,45945.119339,48720.403006,363.645661,888.751661
295,CS_0284_WEAN_d1_p2_cowslash_16102025_ch02-20251016203651_46317_46833.mp4,Pen 2 - Group 2\WEANING\Day 1\CS_0284_WEAN_d1_p2_cowslash_16102025_ch02-20251016203651_46317_46833.mp4,E:\cross_sucking\Pen 2 - Group 2\WEANING\Day 1\CS_0284_WEAN_d1_p2_cowslash_16102025_ch02-20251016203651_46317_46833.mp4,skipped_existing,1,1,Pen_2_WEAN_Day_1_16102025,Pen 2 - Group 2,WEAN,1,2,16102025,/,other|1|reciprocal|side,46317.403,46833.871,46317.403,46833.871,G:\MONITORING CROSS SUCKING IN CALVES - KAPPEL - 2025\Pen 2 - Group 2\WEANING\Day 1\ch02_20251016203651.mp4,ch02_20251016203651.mp4,45945.119339,48720.403006,372.283661,888.751661
296,CS_0285_WEAN_d1_p2_cowslash_16102025_ch02-20251016203651_46979_46994.mp4,Pen 2 - Group 2\WEANING\Day 1\CS_0285_WEAN_d1_p2_cowslash_16102025_ch02-20251016203651_46979_46994.mp4,E:\cross_sucking\Pen 2 - Group 2\WEANING\Day 1\CS_0285_WEAN_d1_p2_cowslash_16102025_ch02-20251016203651_46979_46994.mp4,skipped_existing,1,1,Pen_2_WEAN_Day_1_16102025,Pen 2 - Group 2,WEAN,1,2,16102025,/,other|1|reciprocal|side,46979.345,46994.154,46979.345,46994.154,G:\MONITORING CROSS SUCKING IN CALVES - KAPPEL - 2025\Pen 2 - Group 2\WEANING\Day 1\ch02_20251016203651.mp4,ch02_20251016203651.mp4,45945.119339,48720.403006,1034.225661,1049.034661
297,CS_0286_WEAN_d1_p2_cow8_16102025_ch02-20251016203651_47374_47383.mp4,Pen 2 - Group 2\WEANING\Day 1\CS_0286_WEAN_d1_p2_cow8_16102025_ch02-20251016203651_47374_47383.mp4,E:\cross_sucking\Pen 2 - Group 2\WEANING\Day 1\CS_0286_WEAN_d1_p2_cow8_16102025_ch02-20251016203651_47374_47383.mp4,skipped_existing,1,1,Pen_2_WEAN_Day_1_16102025,Pen 2 - Group 2,WEAN,1,2,16102025,8,other|O|None|behind,47374.007,47383.201,47374.007,47383.201,G:\MONITORING CROSS SUCKING IN CALVES - KAPPEL - 2025\Pen 2 - Group 2\WEANING\Day 1\ch02_20251016203651.mp4,ch02_20251016203651.mp4,45945.119339,48720.403006,1428.887661,1438.081661
298,CS_0287_WEAN_d1_p2_cow6_16102025_ch02-20251016221046_52824_52933.mp4,Pen 2 - Group 2\WEANING\Day 1\CS_0287_WEAN_d1_p2_cow6_16102025_ch02-20251016221046_52824_52933.mp4,E:\cross_sucking\Pen 2 - Group 2\WEANING\Day 1\CS_0287_WEAN_d1_p2_cow6_16102025_ch02-20251016221046_52824_52933.mp4,skipped_existing,1,1,Pen_2_WEAN_Day_1_16102025,Pen 2 - Group 2,WEAN,1,2,16102025,6,other|8|None|side,52824.714,52933.539,52824.714,52933.539,G:\MONITORING CROSS SUCKING IN CALVES - KAPPEL - 2025\Pen 2 - Group 2\WEANING\Day 1\ch02_20251016221046.mp4,ch02_20251016221046.mp4,51511.282673,54286.26434,1313.431327,1422.256327
299,CS_0288_WEAN_d1_p2_cow8_16102025_ch02-20251016221046_52842_52880.mp4,Pen 2 - Group 2\WEANING\Day 1\CS_0288_WEAN_d1_p2_cow8_16102025_ch02-20251016221046_52842_52880.mp4,E:\cross_sucking\Pen 2 - Group 2\WEANING\Day 1\CS_0288_WEAN_d1_p2_cow8_16102025_ch02-20251016221046_52842_52880.mp4,skipped_existing,1,1,Pen_2_WEAN_Day_1_16102025,Pen 2 - Group 2,WEAN,1,2,16102025,8,other|6|reciprocal|side,52842.158,52880.824,52842.158,52880.824,G:\MONITORING CROSS SUCKING IN CALVES - KAPPEL - 2025\Pen 2 - Group 2\WEANING\Day 1\ch02_20251016221046.mp4,ch02_20251016221046.mp4,51511.282673,54286.26434,1330.875327,1369.541327
300,CS_0289_WEAN_d1_p2_cow6_16102025_ch02-20251016221046_52933_53013.mp4,Pen 2 - Group 2\WEANING\Day 1\CS_0289_WEAN_d1_p2_cow6_16102025_ch02-20251016221046_52933_53013.mp4,E:\cross_sucking\Pen 2 - Group 2\WEANING\Day 1\CS_0289_WEAN_d1_p2_cow6_16102025_ch02-20251016221046_52933_53013.mp4,skipped_existing,1,1,Pen_2_WEAN_Day_1_16102025,Pen 2 - Group 2,WEAN,1,2,16102025,6,other|8|None|behind,52933.54,53013.095,52933.54,53013.095,G:\MONITORING CROSS SUCKING IN CALVES - KAPPEL - 2025\Pen 2 - Group 2\WEANING\Day 1\ch02_20251016221046.mp4,ch02_20251016221046.mp4,51511.282673,54286.26434,1422.257327,1501.812327
301,CS_0290_WEAN_d1_p2_cow6_16102025_ch02-20251016221046_53100_53179.mp4,Pen 2 - Group 2\WEANING\Day 1\CS_0290_WEAN_d1_p2_cow6_16102025_ch02-20251016221046_53100_53179.mp4,E:\cross_sucking\Pen 2 - Group 2\WEANING\Day 1\CS_0290_WEAN_d1_p2_cow6_16102025_ch02-20251016221046_53100_53179.mp4,skipped_existing,1,1,Pen_2_WEAN_Day_1_16102025,Pen 2 - Group 2,WEAN,1,2,16102025,6,other|8|None|behind,53100.399,53179.85,53100.399,53179.85,G:\MONITORING CROSS SUCKING IN CALVES - KAPPEL - 2025\Pen 2 - Group 2\WEANING\Day 1\ch02_20251016221046.mp4,ch02_20251016221046.mp4,51511.282673,54286.26434,1589.116327,1668.567327
302,CS_0291_WEAN_d1_p2_cowslash_16102025_ch02-20251016221046_53483_53517.mp4,Pen 2 - Group 2\WEANING\Day 1\CS_0291_WEAN_d1_p2_cowslash_16102025_ch02-20251016221046_53483_53517.mp4,E:\cross_sucking\Pen 2 - Group 2\WEANING\Day 1\CS_0291_WEAN_d1_p2_cowslash_16102025_ch02-20251016221046_53483_53517.mp4,skipped_existing,1,1,Pen_2_WEAN_Day_1_16102025,Pen 2 - Group 2,WEAN,1,2,16102025,/,other|1|reciprocal|side,53483.332,53517.118,53483.332,53517.118,G:\MONITORING CROSS SUCKING IN CALVES - KAPPEL - 2025\Pen 2 - Group 2\WEANING\Day 1\ch02_20251016221046.mp4,ch02_20251016221046.mp4,51511.282673,54286.26434,1972.049327,2005.835327
303,CS_0292_WEAN_d1_p2_cow6_16102025_ch02-20251016221046_53652_53673.mp4,Pen 2 - Group 2\WEANING\Day 1\CS_0292_WEAN_d1_p2_cow6_16102025_ch02-20251016221046_53652_53673.mp4,E:\cross_sucking\Pen 2 - Group 2\WEANING\Day 1\CS_0292_WEAN_d1_p2_cow6_16102025_ch02-20251016221046_53652_53673.mp4,skipped_existing,1,1,Pen_2_WEAN_Day_1_16102025,Pen 2 - Group 2,WEAN,1,2,16102025,6,hay|T|None|behind,53652.677,53673.78,53652.677,53673.78,G:\MONITORING CROSS SUCKING IN CALVES - KAPPEL - 2025\Pen 2 - Group 2\WEANING\Day 1\ch02_20251016221046.mp4,ch02_20251016221046.mp4,51511.282673,54286.26434,2141.394327,2162.497327
304,CS_0293_WEAN_d1_p2_cowslash_16102025_ch02-20251016225744_54345_54362.mp4,Pen 2 - Group 2\WEANING\Day 1\CS_0293_WEAN_d1_p2_cowslash_16102025_ch02-20251016225744_54345_54362.mp4,E:\cross_sucking\Pen 2 - Group 2\WEANING\Day 1\CS_0293_WEAN_d1_p2_cowslash_16102025_ch02-20251016225744_54345_54362.mp4,skipped_existing,1,1,Pen_2_WEAN_Day_1_16102025,Pen 2 - Group 2,WEAN,1,2,16102025,/,grain feeder|1|None|behind,54345.032,54362.102,54345.032,54362.102,G:\MONITORING CROSS SUCKING IN CALVES - KAPPEL - 2025\Pen 2 - Group 2\WEANING\Day 1\ch02_20251016225744.mp4,ch02_20251016225744.mp4,54286.26434,57077.174007,58.76766,75.83766
305,CS_0294_WEAN_d1_p2_cowslash_16102025_ch02-20251017011836_62941_63220.mp4,Pen 2 - Group 2\WEANING\Day 1\CS_0294_WEAN_d1_p2_cowslash_16102025_ch02-20251017011836_62941_63220.mp4,E:\cross_sucking\Pen 2 - Group 2\WEANING\Day 1\CS_0294_WEAN_d1_p2_cowslash_16102025_ch02-20251017011836_62941_63220.mp4,skipped_existing,1,1,Pen_2_WEAN_Day_1_16102025,Pen 2 - Group 2,WEAN,1,2,16102025,/,other|3|reciprocal|side,62941.868,63220.543,62941.868,63220.543,G:\MONITORING CROSS SUCKING IN CALVES - KAPPEL - 2025\Pen 2 - Group 2\WEANING\Day 1\ch02_20251017011836.mp4,ch02_20251017011836.mp4,62659.535341,65434.816008,282.332659,561.007659
306,CS_0295_WEAN_d1_p2_cowT_16102025_ch02-20251017011836_63043_63073.mp4,Pen 2 - Group 2\WEANING\Day 1\CS_0295_WEAN_d1_p2_cowT_16102025_ch02-20251017011836_63043_63073.mp4,E:\cross_sucking\Pen 2 - Group 2\WEANING\Day 1\CS_0295_WEAN_d1_p2_cowT_16102025_ch02-20251017011836_63043_63073.mp4,skipped_existing,1,1,Pen_2_WEAN_Day_1_16102025,Pen 2 - Group 2,WEAN,1,2,16102025,T,other|/|three|side,63043.158,63073.219,63043.158,63073.219,G:\MONITORING CROSS SUCKING IN CALVES - KAPPEL - 2025\Pen 2 - Group 2\WEANING\Day 1\ch02_20251017011836.mp4,ch02_20251017011836.mp4,62659.535341,65434.816008,383.622659,413.683659
307,CS_0296_WEAN_d1_p2_cowT_16102025_ch02-20251017011836_63073_63115.mp4,Pen 2 - Group 2\WEANING\Day 1\CS_0296_WEAN_d1_p2_cowT_16102025_ch02-20251017011836_63073_63115.mp4,E:\cross_sucking\Pen 2 - Group 2\WEANING\Day 1\CS_0296_WEAN_d1_p2_cowT_16102025_ch02-20251017011836_63073_63115.mp4,skipped_existing,1,1,Pen_2_WEAN_Day_1_16102025,Pen 2 - Group 2,WEAN,1,2,16102025,T,other|/|three|behind,63073.22,63115.631,63073.22,63115.631,G:\MONITORING CROSS SUCKING IN CALVES - KAPPEL - 2025\Pen 2 - Group 2\WEANING\Day 1\ch02_20251017011836.mp4,ch02_20251017011836.mp4,62659.535341,65434.816008,413.684659,456.095659
308,CS_0297_WEAN_d1_p2_cowT_16102025_ch02-20251017011836_63129_63173.mp4,Pen 2 - Group 2\WEANING\Day 1\CS_0297_WEAN_d1_p2_cowT_16102025_ch02-20251017011836_63129_63173.mp4,E:\cross_sucking\Pen 2 - Group 2\WEANING\Day 1\CS_0297_WEAN_d1_p2_cowT_16102025_ch02-20251017011836_63129_63173.mp4,skipped_existing,1,1,Pen_2_WEAN_Day_1_16102025,Pen 2 - Group 2,WEAN,1,2,16102025,T,other|3|three|side,63129.082,63173.914,63129.082,63173.914,G:\MONITORING CROSS SUCKING IN CALVES - KAPPEL - 2025\Pen 2 - Group 2\WEANING\Day 1\ch02_20251017011836.mp4,ch02_20251017011836.mp4,62659.535341,65434.816008,469.546659,514.378659
309,CS_0298_WEAN_d1_p2_cowT_16102025_ch02-20251017011836_63228_63246.mp4,Pen 2 - Group 2\WEANING\Day 1\CS_0298_WEAN_d1_p2_cowT_16102025_ch02-20251017011836_63228_63246.mp4,E:\cross_sucking\Pen 2 - Group 2\WEANING\Day 1\CS_0298_WEAN_d1_p2_cowT_16102025_ch02-20251017011836_63228_63246.mp4,skipped_existing,1,1,Pen_2_WEAN_Day_1_16102025,Pen 2 - Group 2,WEAN,1,2,16102025,T,other|3|None|side,63228.9,63246.09,63228.9,63246.09,G:\MONITORING CROSS SUCKING IN CALVES - KAPPEL - 2025\Pen 2 - Group 2\WEANING\Day 1\ch02_20251017011836.mp4,ch02_20251017011836.mp4,62659.535341,65434.816008,569.364659,586.554659
310,CS_0299_WEAN_d1_p2_cowslash_16102025_ch02-20251017011836_64259_64265.mp4,Pen 2 - Group 2\WEANING\Day 1\CS_0299_WEAN_d1_p2_cowslash_16102025_ch02-20251017011836_64259_64265.mp4,E:\cross_sucking\Pen 2 - Group 2\WEANING\Day 1\CS_0299_WEAN_d1_p2_cowslash_16102025_ch02-20251017011836_64259_64265.mp4,skipped_existing,1,1,Pen_2_WEAN_Day_1_16102025,Pen 2 - Group 2,WEAN,1,2,16102025,/,hay|1|None|side,64259.717,64265.531,64259.717,64265.531,G:\MONITORING CROSS SUCKING IN CALVES - KAPPEL - 2025\Pen 2 - Group 2\WEANING\Day 1\ch02_20251017011836.mp4,ch02_20251017011836.mp4,62659.535341,65434.816008,1600.181659,1605.995659
311,CS_0300_WEAN_d1_p2_cowslash_16102025_ch02-20251017011836_64265_64320.mp4,Pen 2 - Group 2\WEANING\Day 1\CS_0300_WEAN_d1_p2_cowslash_16102025_ch02-20251017011836_64265_64320.mp4,E:\cross_sucking\Pen 2 - Group 2\WEANING\Day 1\CS_0300_WEAN_d1_p2_cowslash_16102025_ch02-20251017011836_64265_64320.mp4,skipped_existing,1,1,Pen_2_WEAN_Day_1_16102025,Pen 2 - Group 2,WEAN,1,2,16102025,/,other|1|reciprocal|side,64265.532,64320.816,64265.532,64320.816,G:\MONITORING CROSS SUCKING IN CALVES - KAPPEL - 2025\Pen 2 - Group 2\WEANING\Day 1\ch02_20251017011836.mp4,ch02_20251017011836.mp4,62659.535341,65434.816008,1605.996659,1661.280659
312,CS_0301_WEAN_d1_p2_cow1_16102025_ch02-20251017011836_64265_64306.mp4,Pen 2 - Group 2\WEANING\Day 1\CS_0301_WEAN_d1_p2_cow1_16102025_ch02-20251017011836_64265_64306.mp4,E:\cross_sucking\Pen 2 - Group 2\WEANING\Day 1\CS_0301_WEAN_d1_p2_cow1_16102025_ch02-20251017011836_64265_64306.mp4,skipped_existing,1,1,Pen_2_WEAN_Day_1_16102025,Pen 2 - Group 2,WEAN,1,2,16102025,1,other|/|reciprocal|side,64265.532,64306.945,64265.532,64306.945,G:\MONITORING CROSS SUCKING IN CALVES - KAPPEL - 2025\Pen 2 - Group 2\WEANING\Day 1\ch02_20251017011836.mp4,ch02_20251017011836.mp4,62659.535341,65434.816008,1605.996659,1647.409659
313,CS_0302_WEAN_d1_p2_cowslash_16102025_ch02-20251017011836_64417_64425.mp4,Pen 2 - Group 2\WEANING\Day 1\CS_0302_WEAN_d1_p2_cowslash_16102025_ch02-20251017011836_64417_64425.mp4,E:\cross_sucking\Pen 2 - Group 2\WEANING\Day 1\CS_0302_WEAN_d1_p2_cowslash_16102025_ch02-20251017011836_64417_64425.mp4,skipped_existing,1,1,Pen_2_WEAN_Day_1_16102025,Pen 2 - Group 2,WEAN,1,2,16102025,/,hay|6|None|behind,64417.604,64425.288,64417.604,64425.288,G:\MONITORING CROSS SUCKING IN CALVES - KAPPEL - 2025\Pen 2 - Group 2\WEANING\Day 1\ch02_20251017011836.mp4,ch02_20251017011836.mp4,62659.535341,65434.816008,1758.068659,1765.752659
314,CS_0303_WEAN_d1_p2_cowT_16102025_ch02-20251017025230_68516_68568.mp4,Pen 2 - Group 2\WEANING\Day 1\CS_0303_WEAN_d1_p2_cowT_16102025_ch02-20251017025230_68516_68568.mp4,E:\cross_sucking\Pen 2 - Group 2\WEANING\Day 1\CS_0303_WEAN_d1_p2_cowT_16102025_ch02-20251017025230_68516_68568.mp4,skipped_existing,1,1,Pen_2_WEAN_Day_1_16102025,Pen 2 - Group 2,WEAN,1,2,16102025,T,milk feeder|6|None|behind,68516.265,68568.925,68516.265,68568.925,G:\MONITORING CROSS SUCKING IN CALVES - KAPPEL - 2025\Pen 2 - Group 2\WEANING\Day 1\ch02_20251017025230.mp4,ch02_20251017025230.mp4,68241.564675,71049.260342,274.700325,327.360325
315,CS_0304_WEAN_d1_p2_cowT_16102025_ch02-20251017025230_68618_68666.mp4,Pen 2 - Group 2\WEANING\Day 1\CS_0304_WEAN_d1_p2_cowT_16102025_ch02-20251017025230_68618_68666.mp4,E:\cross_sucking\Pen 2 - Group 2\WEANING\Day 1\CS_0304_WEAN_d1_p2_cowT_16102025_ch02-20251017025230_68618_68666.mp4,skipped_existing,1,1,Pen_2_WEAN_Day_1_16102025,Pen 2 - Group 2,WEAN,1,2,16102025,T,milk feeder|6|None|behind,68618.46,68666.239,68618.46,68666.239,G:\MONITORING CROSS SUCKING IN CALVES - KAPPEL - 2025\Pen 2 - Group 2\WEANING\Day 1\ch02_20251017025230.mp4,ch02_20251017025230.mp4,68241.564675,71049.260342,376.895325,424.674325
316,CS_0305_WEAN_d1_p2_cowT_16102025_ch02-20251017025230_68688_68699.mp4,Pen 2 - Group 2\WEANING\Day 1\CS_0305_WEAN_d1_p2_cowT_16102025_ch02-20251017025230_68688_68699.mp4,E:\cross_sucking\Pen 2 - Group 2\WEANING\Day 1\CS_0305_WEAN_d1_p2_cowT_16102025_ch02-20251017025230_68688_68699.mp4,skipped_existing,1,1,Pen_2_WEAN_Day_1_16102025,Pen 2 - Group 2,WEAN,1,2,16102025,T,milk feeder|6|None|behind,68688.198,68699.41,68688.198,68699.41,G:\MONITORING CROSS SUCKING IN CALVES - KAPPEL - 2025\Pen 2 - Group 2\WEANING\Day 1\ch02_20251017025230.mp4,ch02_20251017025230.mp4,68241.564675,71049.260342,446.633325,457.845325
317,CS_0306_WEAN_d1_p2_cowT_16102025_ch02-20251017025230_68811_68849.mp4,Pen 2 - Group 2\WEANING\Day 1\CS_0306_WEAN_d1_p2_cowT_16102025_ch02-20251017025230_68811_68849.mp4,E:\cross_sucking\Pen 2 - Group 2\WEANING\Day 1\CS_0306_WEAN_d1_p2_cowT_16102025_ch02-20251017025230_68811_68849.mp4,skipped_existing,1,1,Pen_2_WEAN_Day_1_16102025,Pen 2 - Group 2,WEAN,1,2,16102025,T,milk feeder|1|None|behind,68811.608,68849.198,68811.608,68849.198,G:\MONITORING CROSS SUCKING IN CALVES - KAPPEL - 2025\Pen 2 - Group 2\WEANING\Day 1\ch02_20251017025230.mp4,ch02_20251017025230.mp4,68241.564675,71049.260342,570.043325,607.633325
318,CS_0307_WEAN_d1_p2_cowT_16102025_ch02-20251017025230_69114_69230.mp4,Pen 2 - Group 2\WEANING\Day 1\CS_0307_WEAN_d1_p2_cowT_16102025_ch02-20251017025230_69114_69230.mp4,E:\cross_sucking\Pen 2 - Group 2\WEANING\Day 1\CS_0307_WEAN_d1_p2_cowT_16102025_ch02-20251017025230_69114_69230.mp4,skipped_existing,1,1,Pen_2_WEAN_Day_1_16102025,Pen 2 - Group 2,WEAN,1,2,16102025,T,milk feeder|/|None|behind,69114.297,69230.689,69114.297,69230.689,G:\MONITORING CROSS SUCKING IN CALVES - KAPPEL - 2025\Pen 2 - Group 2\WEANING\Day 1\ch02_20251017025230.mp4,ch02_20251017025230.mp4,68241.564675,71049.260342,872.732325,989.124325
319,CS_0308_WEAN_d1_p2_cow1_16102025_ch02-20251017025230_69379_69385.mp4,Pen 2 - Group 2\WEANING\Day 1\CS_0308_WEAN_d1_p2_cow1_16102025_ch02-20251017025230_69379_69385.mp4,E:\cross_sucking\Pen 2 - Group 2\WEANING\Day 1\CS_0308_WEAN_d1_p2_cow1_16102025_ch02-20251017025230_69379_69385.mp4,skipped_existing,1,1,Pen_2_WEAN_Day_1_16102025,Pen 2 - Group 2,WEAN,1,2,16102025,1,other|/|None|side,69379.669,69385.387,69379.669,69385.387,G:\MONITORING CROSS SUCKING IN CALVES - KAPPEL - 2025\Pen 2 - Group 2\WEANING\Day 1\ch02_20251017025230.mp4,ch02_20251017025230.mp4,68241.564675,71049.260342,1138.104325,1143.822325
320,CS_0309_WEAN_d1_p2_cowT_16102025_ch02-20251017025230_69647_69784.mp4,Pen 2 - Group 2\WEANING\Day 1\CS_0309_WEAN_d1_p2_cowT_16102025_ch02-20251017025230_69647_69784.mp4,E:\cross_sucking\Pen 2 - Group 2\WEANING\Day 1\CS_0309_WEAN_d1_p2_cowT_16102025_ch02-20251017025230_69647_69784.mp4,skipped_existing,1,1,Pen_2_WEAN_Day_1_16102025,Pen 2 - Group 2,WEAN,1,2,16102025,T,grain feeder|/|None|behind,69647.778,69784.945,69647.778,69784.945,G:\MONITORING CROSS SUCKING IN CALVES - KAPPEL - 2025\Pen 2 - Group 2\WEANING\Day 1\ch02_20251017025230.mp4,ch02_20251017025230.mp4,68241.564675,71049.260342,1406.213325,1543.380325
321,CS_0310_WEAN_d1_p2_cowT_16102025_ch02-20251017025230_69828_69873.mp4,Pen 2 - Group 2\WEANING\Day 1\CS_0310_WEAN_d1_p2_cowT_16102025_ch02-20251017025230_69828_69873.mp4,E:\cross_sucking\Pen 2 - Group 2\WEANING\Day 1\CS_0310_WEAN_d1_p2_cowT_16102025_ch02-20251017025230_69828_69873.mp4,skipped_existing,1,1,Pen_2_WEAN_Day_1_16102025,Pen 2 - Group 2,WEAN,1,2,16102025,T,grain feeder|/|None|behind,69828.358,69873.396,69828.358,69873.396,G:\MONITORING CROSS SUCKING IN CALVES - KAPPEL - 2025\Pen 2 - Group 2\WEANING\Day 1\ch02_20251017025230.mp4,ch02_20251017025230.mp4,68241.564675,71049.260342,1586.793325,1631.831325
322,CS_0311_WEAN_d1_p2_cowA_16102025_ch02-20251017025230_69882_69965.mp4,Pen 2 - Group 2\WEANING\Day 1\CS_0311_WEAN_d1_p2_cowA_16102025_ch02-20251017025230_69882_69965.mp4,E:\cross_sucking\Pen 2 - Group 2\WEANING\Day 1\CS_0311_WEAN_d1_p2_cowA_16102025_ch02-20251017025230_69882_69965.mp4,skipped_existing,1,1,Pen_2_WEAN_Day_1_16102025,Pen 2 - Group 2,WEAN,1,2,16102025,A,other|6|None|lying down,69882.959,69965.455,69882.959,69965.455,G:\MONITORING CROSS SUCKING IN CALVES - KAPPEL - 2025\Pen 2 - Group 2\WEANING\Day 1\ch02_20251017025230.mp4,ch02_20251017025230.mp4,68241.564675,71049.260342,1641.394325,1723.890325
323,CS_0312_WEAN_d1_p2_cow1_16102025_ch02-20251017033929_71099_71132.mp4,Pen 2 - Group 2\WEANING\Day 1\CS_0312_WEAN_d1_p2_cow1_16102025_ch02-20251017033929_71099_71132.mp4,E:\cross_sucking\Pen 2 - Group 2\WEANING\Day 1\CS_0312_WEAN_d1_p2_cow1_16102025_ch02-20251017033929_71099_71132.mp4,skipped_existing,1,1,Pen_2_WEAN_Day_1_16102025,Pen 2 - Group 2,WEAN,1,2,16102025,1,other|A|None|side,71099.489,71132.926,71099.489,71132.926,G:\MONITORING CROSS SUCKING IN CALVES - KAPPEL - 2025\Pen 2 - Group 2\WEANING\Day 1\ch02_20251017033929.mp4,ch02_20251017033929.mp4,71049.260342,73824.404009,50.228658,83.665658
324,CS_0313_WEAN_d1_p2_cowT_16102025_ch02-20251017033929_72363_72379.mp4,Pen 2 - Group 2\WEANING\Day 1\CS_0313_WEAN_d1_p2_cowT_16102025_ch02-20251017033929_72363_72379.mp4,E:\cross_sucking\Pen 2 - Group 2\WEANING\Day 1\CS_0313_WEAN_d1_p2_cowT_16102025_ch02-20251017033929_72363_72379.mp4,skipped_existing,1,1,Pen_2_WEAN_Day_1_16102025,Pen 2 - Group 2,WEAN,1,2,16102025,T,hay|1|None|lying down,72363.214,72379.436,72363.214,72379.436,G:\MONITORING CROSS SUCKING IN CALVES - KAPPEL - 2025\Pen 2 - Group 2\WEANING\Day 1\ch02_20251017033929.mp4,ch02_20251017033929.mp4,71049.260342,73824.404009,1313.953658,1330.175658
325,CS_0314_WEAN_d1_p2_cowT_16102025_ch02-20251017060020_81257_81280.mp4,Pen 2 - Group 2\WEANING\Day 1\CS_0314_WEAN_d1_p2_cowT_16102025_ch02-20251017060020_81257_81280.mp4,E:\cross_sucking\Pen 2 - Group 2\WEANING\Day 1\CS_0314_WEAN_d1_p2_cowT_16102025_ch02-20251017060020_81257_81280.mp4,skipped_existing,1,1,Pen_2_WEAN_Day_1_16102025,Pen 2 - Group 2,WEAN,1,2,16102025,T,grain feeder|O|None|behind,81257.678,81280.718,81257.678,81280.718,G:\MONITORING CROSS SUCKING IN CALVES - KAPPEL - 2025\Pen 2 - Group 2\WEANING\Day 1\ch02_20251017060020.mp4,ch02_20251017060020.mp4,79390.813343,82182.04201,1866.864657,1889.904657
326,CS_0315_WEAN_d1_p2_cowT_16102025_ch02-20251017060020_81294_81425.mp4,Pen 2 - Group 2\WEANING\Day 1\CS_0315_WEAN_d1_p2_cowT_16102025_ch02-20251017060020_81294_81425.mp4,E:\cross_sucking\Pen 2 - Group 2\WEANING\Day 1\CS_0315_WEAN_d1_p2_cowT_16102025_ch02-20251017060020_81294_81425.mp4,skipped_existing,1,1,Pen_2_WEAN_Day_1_16102025,Pen 2 - Group 2,WEAN,1,2,16102025,T,milk feeder|/|None|behind,81294.211,81425.081,81294.211,81425.081,G:\MONITORING CROSS SUCKING IN CALVES - KAPPEL - 2025\Pen 2 - Group 2\WEANING\Day 1\ch02_20251017060020.mp4,ch02_20251017060020.mp4,79390.813343,82182.04201,1903.397657,2034.267657
327,CS_0316_WEAN_d1_p2_cow6_16102025_ch02-20251017064718_83770_83862.mp4,Pen 2 - Group 2\WEANING\Day 1\CS_0316_WEAN_d1_p2_cow6_16102025_ch02-20251017064718_83770_83862.mp4,E:\cross_sucking\Pen 2 - Group 2\WEANING\Day 1\CS_0316_WEAN_d1_p2_cow6_16102025_ch02-20251017064718_83770_83862.mp4,skipped_existing,1,1,Pen_2_WEAN_Day_1_16102025,Pen 2 - Group 2,WEAN,1,2,16102025,6,other|8|None|side,83770.862,83862.883,83770.862,83862.883,G:\MONITORING CROSS SUCKING IN CALVES - KAPPEL - 2025\Pen 2 - Group 2\WEANING\Day 1\ch02_20251017064718.mp4,ch02_20251017064718.mp4,82182.04201,84973.006677,1588.81999,1680.84099
328,CS_0317_WEAN_d2_p2_cow6_17102025_ch02-20251017082112_3507_3577.mp4,Pen 2 - Group 2\WEANING\Day 2\CS_0317_WEAN_d2_p2_cow6_17102025_ch02-20251017082112_3507_3577.mp4,E:\cross_sucking\Pen 2 - Group 2\WEANING\Day 2\CS_0317_WEAN_d2_p2_cow6_17102025_ch02-20251017082112_3507_3577.mp4,skipped_existing,1,1,Pen_2_WEAN_Day_2_17102025,Pen 2 - Group 2,WEAN,2,2,17102025,6,milk feeder|8|None|behind,3507.242,3577.213,3507.242,3577.213,G:\MONITORING CROSS SUCKING IN CALVES - KAPPEL - 2025\Pen 2 - Group 2\WEANING\Day 2\ch02_20251017082112.mp4,ch02_20251017082112.mp4,2837.614667,5644.508334,669.627333,739.598333
329,CS_0318_WEAN_d2_p2_cow6_17102025_ch02-20251017082112_3608_3699.mp4,Pen 2 - Group 2\WEANING\Day 2\CS_0318_WEAN_d2_p2_cow6_17102025_ch02-20251017082112_3608_3699.mp4,E:\cross_sucking\Pen 2 - Group 2\WEANING\Day 2\CS_0318_WEAN_d2_p2_cow6_17102025_ch02-20251017082112_3608_3699.mp4,skipped_existing,1,1,Pen_2_WEAN_Day_2_17102025,Pen 2 - Group 2,WEAN,2,2,17102025,6,grain feeder|8|None|behind,3608.461,3699.587,3608.461,3699.587,G:\MONITORING CROSS SUCKING IN CALVES - KAPPEL - 2025\Pen 2 - Group 2\WEANING\Day 2\ch02_20251017082112.mp4,ch02_20251017082112.mp4,2837.614667,5644.508334,770.846333,861.972333
330,CS_0319_WEAN_d2_p2_cowslash_17102025_ch02-20251017082112_5537_5565.mp4,Pen 2 - Group 2\WEANING\Day 2\CS_0319_WEAN_d2_p2_cowslash_17102025_ch02-20251017082112_5537_5565.mp4,E:\cross_sucking\Pen 2 - Group 2\WEANING\Day 2\CS_0319_WEAN_d2_p2_cowslash_17102025_ch02-20251017082112_5537_5565.mp4,skipped_existing,1,1,Pen_2_WEAN_Day_2_17102025,Pen 2 - Group 2,WEAN,2,2,17102025,/,other|3|reciprocal|side,5537.918,5565.301,5537.918,5565.301,G:\MONITORING CROSS SUCKING IN CALVES - KAPPEL - 2025\Pen 2 - Group 2\WEANING\Day 2\ch02_20251017082112.mp4,ch02_20251017082112.mp4,2837.614667,5644.508334,2700.303333,2727.686333
331,CS_0320_WEAN_d2_p2_cow3_17102025_ch02-20251017082112_5537_5655_part01.mp4,Pen 2 - Group 2\WEANING\Day 2\CS_0320_WEAN_d2_p2_cow3_17102025_ch02-20251017082112_5537_5655_part01.mp4,E:\cross_sucking\Pen 2 - Group 2\WEANING\Day 2\CS_0320_WEAN_d2_p2_cow3_17102025_ch02-20251017082112_5537_5655_part01.mp4,skipped_existing,1,2,Pen_2_WEAN_Day_2_17102025,Pen 2 - Group 2,WEAN,2,2,17102025,3,other|/|reciprocal|side,5537.918,5655.005,5537.918,5644.508334,G:\MONITORING CROSS SUCKING IN CALVES - KAPPEL - 2025\Pen 2 - Group 2\WEANING\Day 2\ch02_20251017082112.mp4,ch02_20251017082112.mp4,2837.614667,5644.508334,2700.303333,2806.893667
332,CS_0320_WEAN_d2_p2_cow3_17102025_ch02-20251017082112_5537_5655_part02.mp4,Pen 2 - Group 2\WEANING\Day 2\CS_0320_WEAN_d2_p2_cow3_17102025_ch02-20251017082112_5537_5655_part02.mp4,E:\cross_sucking\Pen 2 - Group 2\WEANING\Day 2\CS_0320_WEAN_d2_p2_cow3_17102025_ch02-20251017082112_5537_5655_part02.mp4,skipped_existing,2,2,Pen_2_WEAN_Day_2_17102025,Pen 2 - Group 2,WEAN,2,2,17102025,3,other|/|reciprocal|side,5537.918,5655.005,5644.508334,5655.005,G:\MONITORING CROSS SUCKING IN CALVES - KAPPEL - 2025\Pen 2 - Group 2\WEANING\Day 2\ch02_20251017090810.mp4,ch02_20251017090810.mp4,5644.508334,8435.164001,0.0,10.496666
333,CS_0321_WEAN_d2_p2_cowslash_17102025_ch02-20251017090810_5673_5689.mp4,Pen 2 - Group 2\WEANING\Day 2\CS_0321_WEAN_d2_p2_cowslash_17102025_ch02-20251017090810_5673_5689.mp4,E:\cross_sucking\Pen 2 - Group 2\WEANING\Day 2\CS_0321_WEAN_d2_p2_cowslash_17102025_ch02-20251017090810_5673_5689.mp4,skipped_existing,1,1,Pen_2_WEAN_Day_2_17102025,Pen 2 - Group 2,WEAN,2,2,17102025,/,other|3|reciprocal|side,5673.536,5689.29,5673.536,5689.29,G:\MONITORING CROSS SUCKING IN CALVES - KAPPEL - 2025\Pen 2 - Group 2\WEANING\Day 2\ch02_20251017090810.mp4,ch02_20251017090810.mp4,5644.508334,8435.164001,29.027666,44.781666
334,CS_0322_WEAN_d2_p2_cow3_17102025_ch02-20251017090810_5673_5726.mp4,Pen 2 - Group 2\WEANING\Day 2\CS_0322_WEAN_d2_p2_cow3_17102025_ch02-20251017090810_5673_5726.mp4,E:\cross_sucking\Pen 2 - Group 2\WEANING\Day 2\CS_0322_WEAN_d2_p2_cow3_17102025_ch02-20251017090810_5673_5726.mp4,skipped_existing,1,1,Pen_2_WEAN_Day_2_17102025,Pen 2 - Group 2,WEAN,2,2,17102025,3,other|/|reciprocal|side,5673.536,5726.842,5673.536,5726.842,G:\MONITORING CROSS SUCKING IN CALVES - KAPPEL - 2025\Pen 2 - Group 2\WEANING\Day 2\ch02_20251017090810.mp4,ch02_20251017090810.mp4,5644.508334,8435.164001,29.027666,82.333666
335,CS_0323_WEAN_d2_p2_cowslash_17102025_ch02-20251017090810_8162_8167.mp4,Pen 2 - Group 2\WEANING\Day 2\CS_0323_WEAN_d2_p2_cowslash_17102025_ch02-20251017090810_8162_8167.mp4,E:\cross_sucking\Pen 2 - Group 2\WEANING\Day 2\CS_0323_WEAN_d2_p2_cowslash_17102025_ch02-20251017090810_8162_8167.mp4,skipped_existing,1,1,Pen_2_WEAN_Day_2_17102025,Pen 2 - Group 2,WEAN,2,2,17102025,/,other|6|None|behind,8162.448,8167.241,8162.448,8167.241,G:\MONITORING CROSS SUCKING IN CALVES - KAPPEL - 2025\Pen 2 - Group 2\WEANING\Day 2\ch02_20251017090810.mp4,ch02_20251017090810.mp4,5644.508334,8435.164001,2517.939666,2522.732666
336,CS_0324_WEAN_d2_p2_cowT_17102025_ch02-20251017095507_8722_8751.mp4,Pen 2 - Group 2\WEANING\Day 2\CS_0324_WEAN_d2_p2_cowT_17102025_ch02-20251017095507_8722_8751.mp4,E:\cross_sucking\Pen 2 - Group 2\WEANING\Day 2\CS_0324_WEAN_d2_p2_cowT_17102025_ch02-20251017095507_8722_8751.mp4,skipped_existing,1,1,Pen_2_WEAN_Day_2_17102025,Pen 2 - Group 2,WEAN,2,2,17102025,T,milk feeder|O|None|behind,8722.951,8751.642,8722.951,8751.642,G:\MONITORING CROSS SUCKING IN CALVES - KAPPEL - 2025\Pen 2 - Group 2\WEANING\Day 2\ch02_20251017095507.mp4,ch02_20251017095507.mp4,8435.164001,11209.463668,287.786999,316.477999
337,CS_0325_WEAN_d2_p2_cowA_17102025_ch02-20251017095507_8837_9268.mp4,Pen 2 - Group 2\WEANING\Day 2\CS_0325_WEAN_d2_p2_cowA_17102025_ch02-20251017095507_8837_9268.mp4,E:\cross_sucking\Pen 2 - Group 2\WEANING\Day 2\CS_0325_WEAN_d2_p2_cowA_17102025_ch02-20251017095507_8837_9268.mp4,skipped_existing,1,1,Pen_2_WEAN_Day_2_17102025,Pen 2 - Group 2,WEAN,2,2,17102025,A,other|O|reciprocal|side,8837.701,9268.712,8837.701,9268.712,G:\MONITORING CROSS SUCKING IN CALVES - KAPPEL - 2025\Pen 2 - Group 2\WEANING\Day 2\ch02_20251017095507.mp4,ch02_20251017095507.mp4,8435.164001,11209.463668,402.536999,833.547999
338,CS_0326_WEAN_d2_p2_cowT_17102025_ch02-20251017095507_9195_9209.mp4,Pen 2 - Group 2\WEANING\Day 2\CS_0326_WEAN_d2_p2_cowT_17102025_ch02-20251017095507_9195_9209.mp4,E:\cross_sucking\Pen 2 - Group 2\WEANING\Day 2\CS_0326_WEAN_d2_p2_cowT_17102025_ch02-20251017095507_9195_9209.mp4,skipped_existing,1,1,Pen_2_WEAN_Day_2_17102025,Pen 2 - Group 2,WEAN,2,2,17102025,T,milk feeder|8|None|behind,9195.97,9209.687,9195.97,9209.687,G:\MONITORING CROSS SUCKING IN CALVES - KAPPEL - 2025\Pen 2 - Group 2\WEANING\Day 2\ch02_20251017095507.mp4,ch02_20251017095507.mp4,8435.164001,11209.463668,760.805999,774.522999
339,CS_0327_WEAN_d2_p2_cowA_17102025_ch02-20251017095507_9283_9495.mp4,Pen 2 - Group 2\WEANING\Day 2\CS_0327_WEAN_d2_p2_cowA_17102025_ch02-20251017095507_9283_9495.mp4,E:\cross_sucking\Pen 2 - Group 2\WEANING\Day 2\CS_0327_WEAN_d2_p2_cowA_17102025_ch02-20251017095507_9283_9495.mp4,skipped_existing,1,1,Pen_2_WEAN_Day_2_17102025,Pen 2 - Group 2,WEAN,2,2,17102025,A,other|O|None|side,9283.779,9495.585,9283.779,9495.585,G:\MONITORING CROSS SUCKING IN CALVES - KAPPEL - 2025\Pen 2 - Group 2\WEANING\Day 2\ch02_20251017095507.mp4,ch02_20251017095507.mp4,8435.164001,11209.463668,848.614999,1060.420999
340,CS_0328_WEAN_d2_p2_cowO_17102025_ch02-20251017095507_9293_9382.mp4,Pen 2 - Group 2\WEANING\Day 2\CS_0328_WEAN_d2_p2_cowO_17102025_ch02-20251017095507_9293_9382.mp4,E:\cross_sucking\Pen 2 - Group 2\WEANING\Day 2\CS_0328_WEAN_d2_p2_cowO_17102025_ch02-20251017095507_9293_9382.mp4,skipped_existing,1,1,Pen_2_WEAN_Day_2_17102025,Pen 2 - Group 2,WEAN,2,2,17102025,O,other|A|reciprocal|side,9293.024,9382.928,9293.024,9382.928,G:\MONITORING CROSS SUCKING IN CALVES - KAPPEL - 2025\Pen 2 - Group 2\WEANING\Day 2\ch02_20251017095507.mp4,ch02_20251017095507.mp4,8435.164001,11209.463668,857.859999,947.763999
341,CS_0329_WEAN_d2_p2_cow3_17102025_ch02-20251017095507_9371_9707.mp4,Pen 2 - Group 2\WEANING\Day 2\CS_0329_WEAN_d2_p2_cow3_17102025_ch02-20251017095507_9371_9707.mp4,E:\cross_sucking\Pen 2 - Group 2\WEANING\Day 2\CS_0329_WEAN_d2_p2_cow3_17102025_ch02-20251017095507_9371_9707.mp4,skipped_existing,1,1,Pen_2_WEAN_Day_2_17102025,Pen 2 - Group 2,WEAN,2,2,17102025,3,other|/|reciprocal|side,9371.932,9707.684,9371.932,9707.684,G:\MONITORING CROSS SUCKING IN CALVES - KAPPEL - 2025\Pen 2 - Group 2\WEANING\Day 2\ch02_20251017095507.mp4,ch02_20251017095507.mp4,8435.164001,11209.463668,936.767999,1272.519999
342,CS_0330_WEAN_d2_p2_cowslash_17102025_ch02-20251017095507_9381_9395.mp4,Pen 2 - Group 2\WEANING\Day 2\CS_0330_WEAN_d2_p2_cowslash_17102025_ch02-20251017095507_9381_9395.mp4,E:\cross_sucking\Pen 2 - Group 2\WEANING\Day 2\CS_0330_WEAN_d2_p2_cowslash_17102025_ch02-20251017095507_9381_9395.mp4,skipped_existing,1,1,Pen_2_WEAN_Day_2_17102025,Pen 2 - Group 2,WEAN,2,2,17102025,/,other|3|reciprocal|side,9381.483,9395.509,9381.483,9395.509,G:\MONITORING CROSS SUCKING IN CALVES - KAPPEL - 2025\Pen 2 - Group 2\WEANING\Day 2\ch02_20251017095507.mp4,ch02_20251017095507.mp4,8435.164001,11209.463668,946.318999,960.344999
343,CS_0331_WEAN_d2_p2_cowT_17102025_ch02-20251017095507_9893_9999.mp4,Pen 2 - Group 2\WEANING\Day 2\CS_0331_WEAN_d2_p2_cowT_17102025_ch02-20251017095507_9893_9999.mp4,E:\cross_sucking\Pen 2 - Group 2\WEANING\Day 2\CS_0331_WEAN_d2_p2_cowT_17102025_ch02-20251017095507_9893_9999.mp4,skipped_existing,1,1,Pen_2_WEAN_Day_2_17102025,Pen 2 - Group 2,WEAN,2,2,17102025,T,other|8|None|side,9893.56,9999.302,9893.56,9999.302,G:\MONITORING CROSS SUCKING IN CALVES - KAPPEL - 2025\Pen 2 - Group 2\WEANING\Day 2\ch02_20251017095507.mp4,ch02_20251017095507.mp4,8435.164001,11209.463668,1458.395999,1564.137999
344,CS_0332_WEAN_d2_p2_cowT_17102025_ch02-20251017095507_10204_10275.mp4,Pen 2 - Group 2\WEANING\Day 2\CS_0332_WEAN_d2_p2_cowT_17102025_ch02-20251017095507_10204_10275.mp4,E:\cross_sucking\Pen 2 - Group 2\WEANING\Day 2\CS_0332_WEAN_d2_p2_cowT_17102025_ch02-20251017095507_10204_10275.mp4,skipped_existing,1,1,Pen_2_WEAN_Day_2_17102025,Pen 2 - Group 2,WEAN,2,2,17102025,T,other|8|None|side,10204.815,10275.163,10204.815,10275.163,G:\MONITORING CROSS SUCKING IN CALVES - KAPPEL - 2025\Pen 2 - Group 2\WEANING\Day 2\ch02_20251017095507.mp4,ch02_20251017095507.mp4,8435.164001,11209.463668,1769.650999,1839.998999
345,CS_0333_WEAN_d2_p2_cowT_17102025_ch02-20251017104205_12956_13026.mp4,Pen 2 - Group 2\WEANING\Day 2\CS_0333_WEAN_d2_p2_cowT_17102025_ch02-20251017104205_12956_13026.mp4,E:\cross_sucking\Pen 2 - Group 2\WEANING\Day 2\CS_0333_WEAN_d2_p2_cowT_17102025_ch02-20251017104205_12956_13026.mp4,skipped_existing,1,1,Pen_2_WEAN_Day_2_17102025,Pen 2 - Group 2,WEAN,2,2,17102025,T,grain feeder|1|None|behind,12956.293,13026.473,12956.293,13026.473,G:\MONITORING CROSS SUCKING IN CALVES - KAPPEL - 2025\Pen 2 - Group 2\WEANING\Day 2\ch02_20251017104205.mp4,ch02_20251017104205.mp4,11209.463668,14016.596335,1746.829332,1817.009332
346,CS_0334_WEAN_d2_p2_cowslash_17102025_ch02-20251017104205_13378_13402.mp4,Pen 2 - Group 2\WEANING\Day 2\CS_0334_WEAN_d2_p2_cowslash_17102025_ch02-20251017104205_13378_13402.mp4,E:\cross_sucking\Pen 2 - Group 2\WEANING\Day 2\CS_0334_WEAN_d2_p2_cowslash_17102025_ch02-20251017104205_13378_13402.mp4,skipped_existing,1,1,Pen_2_WEAN_Day_2_17102025,Pen 2 - Group 2,WEAN,2,2,17102025,/,hay|1|None|side,13378.833,13402.177,13378.833,13402.177,G:\MONITORING CROSS SUCKING IN CALVES - KAPPEL - 2025\Pen 2 - Group 2\WEANING\Day 2\ch02_20251017104205.mp4,ch02_20251017104205.mp4,11209.463668,14016.596335,2169.369332,2192.713332
347,CS_0335_WEAN_d2_p2_cowslash_17102025_ch02-20251017112902_16384_16397.mp4,Pen 2 - Group 2\WEANING\Day 2\CS_0335_WEAN_d2_p2_cowslash_17102025_ch02-20251017112902_16384_16397.mp4,E:\cross_sucking\Pen 2 - Group 2\WEANING\Day 2\CS_0335_WEAN_d2_p2_cowslash_17102025_ch02-20251017112902_16384_16397.mp4,skipped_existing,1,1,Pen_2_WEAN_Day_2_17102025,Pen 2 - Group 2,WEAN,2,2,17102025,/,other|6|None|side,16384.397,16397.724,16384.397,16397.724,G:\MONITORING CROSS SUCKING IN CALVES - KAPPEL - 2025\Pen 2 - Group 2\WEANING\Day 2\ch02_20251017112902.mp4,ch02_20251017112902.mp4,14016.596335,16806.744002,2367.800665,2381.127665
348,CS_0336_WEAN_d2_p2_cow6_17102025_ch02-20251017130257_21755_21760.mp4,Pen 2 - Group 2\WEANING\Day 2\CS_0336_WEAN_d2_p2_cow6_17102025_ch02-20251017130257_21755_21760.mp4,E:\cross_sucking\Pen 2 - Group 2\WEANING\Day 2\CS_0336_WEAN_d2_p2_cow6_17102025_ch02-20251017130257_21755_21760.mp4,skipped_existing,1,1,Pen_2_WEAN_Day_2_17102025,Pen 2 - Group 2,WEAN,2,2,17102025,6,other|8|None|side,21755.189,21760.76,21755.189,21760.76,G:\MONITORING CROSS SUCKING IN CALVES - KAPPEL - 2025\Pen 2 - Group 2\WEANING\Day 2\ch02_20251017130257.mp4,ch02_20251017130257.mp4,19645.040669,22420.907336,2110.148331,2115.719331
349,CS_0337_WEAN_d2_p2_cowT_17102025_ch02-20251017130257_21943_21980.mp4,Pen 2 - Group 2\WEANING\Day 2\CS_0337_WEAN_d2_p2_cowT_17102025_ch02-20251017130257_21943_21980.mp4,E:\cross_sucking\Pen 2 - Group 2\WEANING\Day 2\CS_0337_WEAN_d2_p2_cowT_17102025_ch02-20251017130257_21943_21980.mp4,skipped_existing,1,1,Pen_2_WEAN_Day_2_17102025,Pen 2 - Group 2,WEAN,2,2,17102025,T,other|/|None|behind,21943.191,21980.552,21943.191,21980.552,G:\MONITORING CROSS SUCKING IN CALVES - KAPPEL - 2025\Pen 2 - Group 2\WEANING\Day 2\ch02_20251017130257.mp4,ch02_20251017130257.mp4,19645.040669,22420.907336,2298.150331,2335.511331
350,CS_0338_WEAN_d2_p2_cow1_17102025_ch02-20251017165746_35509_35548.mp4,Pen 2 - Group 2\WEANING\Day 2\CS_0338_WEAN_d2_p2_cow1_17102025_ch02-20251017165746_35509_35548.mp4,E:\cross_sucking\Pen 2 - Group 2\WEANING\Day 2\CS_0338_WEAN_d2_p2_cow1_17102025_ch02-20251017165746_35509_35548.mp4,skipped_existing,1,1,Pen_2_WEAN_Day_2_17102025,Pen 2 - Group 2,WEAN,2,2,17102025,1,milk feeder|8|None|behind,35509.886,35548.542,35509.886,35548.542,G:\MONITORING CROSS SUCKING IN CALVES - KAPPEL - 2025\Pen 2 - Group 2\WEANING\Day 2\ch02_20251017165746.mp4,ch02_20251017165746.mp4,33584.326004,36390.596671,1925.559996,1964.215996
351,CS_0339_WEAN_d2_p2_cow6_17102025_ch02-20251017191837_43435_43485.mp4,Pen 2 - Group 2\WEANING\Day 2\CS_0339_WEAN_d2_p2_cow6_17102025_ch02-20251017191837_43435_43485.mp4,E:\cross_sucking\Pen 2 - Group 2\WEANING\Day 2\CS_0339_WEAN_d2_p2_cow6_17102025_ch02-20251017191837_43435_43485.mp4,skipped_existing,1,1,Pen_2_WEAN_Day_2_17102025,Pen 2 - Group 2,WEAN,2,2,17102025,6,other|8|None|behind,43435.372,43485.617,43435.372,43485.617,G:\MONITORING CROSS SUCKING IN CALVES - KAPPEL - 2025\Pen 2 - Group 2\WEANING\Day 2\ch02_20251017191837.mp4,ch02_20251017191837.mp4,41988.398005,44778.539672,1446.973995,1497.218995
352,CS_0340_WEAN_d2_p2_cow6_17102025_ch02-20251017191837_43527_43578.mp4,Pen 2 - Group 2\WEANING\Day 2\CS_0340_WEAN_d2_p2_cow6_17102025_ch02-20251017191837_43527_43578.mp4,E:\cross_sucking\Pen 2 - Group 2\WEANING\Day 2\CS_0340_WEAN_d2_p2_cow6_17102025_ch02-20251017191837_43527_43578.mp4,skipped_existing,1,1,Pen_2_WEAN_Day_2_17102025,Pen 2 - Group 2,WEAN,2,2,17102025,6,other|8|None|behind,43527.246,43578.242,43527.246,43578.242,G:\MONITORING CROSS SUCKING IN CALVES - KAPPEL - 2025\Pen 2 - Group 2\WEANING\Day 2\ch02_20251017191837.mp4,ch02_20251017191837.mp4,41988.398005,44778.539672,1538.847995,1589.843995
353,CS_0341_WEAN_d2_p2_cowT_17102025_ch02-20251017205231_47916_47923.mp4,Pen 2 - Group 2\WEANING\Day 2\CS_0341_WEAN_d2_p2_cowT_17102025_ch02-20251017205231_47916_47923.mp4,E:\cross_sucking\Pen 2 - Group 2\WEANING\Day 2\CS_0341_WEAN_d2_p2_cowT_17102025_ch02-20251017205231_47916_47923.mp4,skipped_existing,1,1,Pen_2_WEAN_Day_2_17102025,Pen 2 - Group 2,WEAN,2,2,17102025,T,grain feeder|6|None|behind,47916.891,47923.884,47916.891,47923.884,G:\MONITORING CROSS SUCKING IN CALVES - KAPPEL - 2025\Pen 2 - Group 2\WEANING\Day 2\ch02_20251017205231.mp4,ch02_20251017205231.mp4,47568.939339,50342.792006,347.951661,354.944661
354,CS_0342_WEAN_d2_p2_cowA_17102025_ch02-20251017213928_51713_51730.mp4,Pen 2 - Group 2\WEANING\Day 2\CS_0342_WEAN_d2_p2_cowA_17102025_ch02-20251017213928_51713_51730.mp4,E:\cross_sucking\Pen 2 - Group 2\WEANING\Day 2\CS_0342_WEAN_d2_p2_cowA_17102025_ch02-20251017213928_51713_51730.mp4,skipped_existing,1,1,Pen_2_WEAN_Day_2_17102025,Pen 2 - Group 2,WEAN,2,2,17102025,A,grain feeder|1|None|behind,51713.487,51730.951,51713.487,51730.951,G:\MONITORING CROSS SUCKING IN CALVES - KAPPEL - 2025\Pen 2 - Group 2\WEANING\Day 2\ch02_20251017213928.mp4,ch02_20251017213928.mp4,50342.792006,53149.597673,1370.694994,1388.158994
355,CS_0343_WEAN_d2_p2_cowA_17102025_ch02-20251017213928_52806_53148.mp4,Pen 2 - Group 2\WEANING\Day 2\CS_0343_WEAN_d2_p2_cowA_17102025_ch02-20251017213928_52806_53148.mp4,E:\cross_sucking\Pen 2 - Group 2\WEANING\Day 2\CS_0343_WEAN_d2_p2_cowA_17102025_ch02-20251017213928_52806_53148.mp4,skipped_existing,1,1,Pen_2_WEAN_Day_2_17102025,Pen 2 - Group 2,WEAN,2,2,17102025,A,other|O|reciprocal|side,52806.748,53148.287,52806.748,53148.287,G:\MONITORING CROSS SUCKING IN CALVES - KAPPEL - 2025\Pen 2 - Group 2\WEANING\Day 2\ch02_20251017213928.mp4,ch02_20251017213928.mp4,50342.792006,53149.597673,2463.955994,2805.494994
356,CS_0344_WEAN_d2_p2_cowO_17102025_ch02-20251017213928_52806_52992.mp4,Pen 2 - Group 2\WEANING\Day 2\CS_0344_WEAN_d2_p2_cowO_17102025_ch02-20251017213928_52806_52992.mp4,E:\cross_sucking\Pen 2 - Group 2\WEANING\Day 2\CS_0344_WEAN_d2_p2_cowO_17102025_ch02-20251017213928_52806_52992.mp4,skipped_existing,1,1,Pen_2_WEAN_Day_2_17102025,Pen 2 - Group 2,WEAN,2,2,17102025,O,other|A|reciprocal|side,52806.748,52992.461,52806.748,52992.461,G:\MONITORING CROSS SUCKING IN CALVES - KAPPEL - 2025\Pen 2 - Group 2\WEANING\Day 2\ch02_20251017213928.mp4,ch02_20251017213928.mp4,50342.792006,53149.597673,2463.955994,2649.668994
357,CS_0345_WEAN_d2_p2_cowA_17102025_ch02-20251017213928_53148_53159_part01.mp4,Pen 2 - Group 2\WEANING\Day 2\CS_0345_WEAN_d2_p2_cowA_17102025_ch02-20251017213928_53148_53159_part01.mp4,E:\cross_sucking\Pen 2 - Group 2\WEANING\Day 2\CS_0345_WEAN_d2_p2_cowA_17102025_ch02-20251017213928_53148_53159_part01.mp4,skipped_existing,1,2,Pen_2_WEAN_Day_2_17102025,Pen 2 - Group 2,WEAN,2,2,17102025,A,other|O|None|behind,53148.288,53159.275,53148.288,53149.597673,G:\MONITORING CROSS SUCKING IN CALVES - KAPPEL - 2025\Pen 2 - Group 2\WEANING\Day 2\ch02_20251017213928.mp4,ch02_20251017213928.mp4,50342.792006,53149.597673,2805.495994,2806.805667
358,CS_0345_WEAN_d2_p2_cowA_17102025_ch02-20251017213928_53148_53159_part02.mp4,Pen 2 - Group 2\WEANING\Day 2\CS_0345_WEAN_d2_p2_cowA_17102025_ch02-20251017213928_53148_53159_part02.mp4,E:\cross_sucking\Pen 2 - Group 2\WEANING\Day 2\CS_0345_WEAN_d2_p2_cowA_17102025_ch02-20251017213928_53148_53159_part02.mp4,skipped_existing,2,2,Pen_2_WEAN_Day_2_17102025,Pen 2 - Group 2,WEAN,2,2,17102025,A,other|O|None|behind,53148.288,53159.275,53149.597673,53159.275,G:\MONITORING CROSS SUCKING IN CALVES - KAPPEL - 2025\Pen 2 - Group 2\WEANING\Day 2\ch02_20251017222626.mp4,ch02_20251017222626.mp4,53149.597673,55939.47734,0.0,9.677327
359,CS_0346_WEAN_d2_p2_cowslash_17102025_ch02-20251017222626_55643_55813.mp4,Pen 2 - Group 2\WEANING\Day 2\CS_0346_WEAN_d2_p2_cowslash_17102025_ch02-20251017222626_55643_55813.mp4,E:\cross_sucking\Pen 2 - Group 2\WEANING\Day 2\CS_0346_WEAN_d2_p2_cowslash_17102025_ch02-20251017222626_55643_55813.mp4,skipped_existing,1,1,Pen_2_WEAN_Day_2_17102025,Pen 2 - Group 2,WEAN,2,2,17102025,/,other|1|reciprocal|side,55643.471,55813.501,55643.471,55813.501,G:\MONITORING CROSS SUCKING IN CALVES - KAPPEL - 2025\Pen 2 - Group 2\WEANING\Day 2\ch02_20251017222626.mp4,ch02_20251017222626.mp4,53149.597673,55939.47734,2493.873327,2663.903327
360,CS_0347_WEAN_d2_p2_cowslash_17102025_ch02-20251017222626_55836_55914.mp4,Pen 2 - Group 2\WEANING\Day 2\CS_0347_WEAN_d2_p2_cowslash_17102025_ch02-20251017222626_55836_55914.mp4,E:\cross_sucking\Pen 2 - Group 2\WEANING\Day 2\CS_0347_WEAN_d2_p2_cowslash_17102025_ch02-20251017222626_55836_55914.mp4,skipped_existing,1,1,Pen_2_WEAN_Day_2_17102025,Pen 2 - Group 2,WEAN,2,2,17102025,/,other|1|reciprocal|side,55836.525,55914.202,55836.525,55914.202,G:\MONITORING CROSS SUCKING IN CALVES - KAPPEL - 2025\Pen 2 - Group 2\WEANING\Day 2\ch02_20251017222626.mp4,ch02_20251017222626.mp4,53149.597673,55939.47734,2686.927327,2764.604327
361,CS_0348_WEAN_d2_p2_cow8_17102025_ch02-20251017231322_56062_56089.mp4,Pen 2 - Group 2\WEANING\Day 2\CS_0348_WEAN_d2_p2_cow8_17102025_ch02-20251017231322_56062_56089.mp4,E:\cross_sucking\Pen 2 - Group 2\WEANING\Day 2\CS_0348_WEAN_d2_p2_cow8_17102025_ch02-20251017231322_56062_56089.mp4,skipped_existing,1,1,Pen_2_WEAN_Day_2_17102025,Pen 2 - Group 2,WEAN,2,2,17102025,8,other|1|reciprocal|side,56062.814,56089.746,56062.814,56089.746,G:\MONITORING CROSS SUCKING IN CALVES - KAPPEL - 2025\Pen 2 - Group 2\WEANING\Day 2\ch02_20251017231322.mp4,ch02_20251017231322.mp4,55939.47734,58732.033007,123.33666,150.26866
362,CS_0349_WEAN_d2_p2_cow8_17102025_ch02-20251017231322_56851_56880.mp4,Pen 2 - Group 2\WEANING\Day 2\CS_0349_WEAN_d2_p2_cow8_17102025_ch02-20251017231322_56851_56880.mp4,E:\cross_sucking\Pen 2 - Group 2\WEANING\Day 2\CS_0349_WEAN_d2_p2_cow8_17102025_ch02-20251017231322_56851_56880.mp4,skipped_existing,1,1,Pen_2_WEAN_Day_2_17102025,Pen 2 - Group 2,WEAN,2,2,17102025,8,milk feeder|O|None|behind,56851.626,56880.066,56851.626,56880.066,G:\MONITORING CROSS SUCKING IN CALVES - KAPPEL - 2025\Pen 2 - Group 2\WEANING\Day 2\ch02_20251017231322.mp4,ch02_20251017231322.mp4,55939.47734,58732.033007,912.14866,940.58866
363,CS_0350_WEAN_d2_p2_cow1_17102025_ch02-20251017231322_57172_57197.mp4,Pen 2 - Group 2\WEANING\Day 2\CS_0350_WEAN_d2_p2_cow1_17102025_ch02-20251017231322_57172_57197.mp4,E:\cross_sucking\Pen 2 - Group 2\WEANING\Day 2\CS_0350_WEAN_d2_p2_cow1_17102025_ch02-20251017231322_57172_57197.mp4,skipped_existing,1,1,Pen_2_WEAN_Day_2_17102025,Pen 2 - Group 2,WEAN,2,2,17102025,1,other|8|None|behind,57172.901,57197.404,57172.901,57197.404,G:\MONITORING CROSS SUCKING IN CALVES - KAPPEL - 2025\Pen 2 - Group 2\WEANING\Day 2\ch02_20251017231322.mp4,ch02_20251017231322.mp4,55939.47734,58732.033007,1233.42366,1257.92666
364,CS_0351_WEAN_d2_p2_cowslash_17102025_ch02-20251018004718_63618_63655.mp4,Pen 2 - Group 2\WEANING\Day 2\CS_0351_WEAN_d2_p2_cowslash_17102025_ch02-20251018004718_63618_63655.mp4,E:\cross_sucking\Pen 2 - Group 2\WEANING\Day 2\CS_0351_WEAN_d2_p2_cowslash_17102025_ch02-20251018004718_63618_63655.mp4,skipped_existing,1,1,Pen_2_WEAN_Day_2_17102025,Pen 2 - Group 2,WEAN,2,2,17102025,/,other|8|None|side,63618.733,63655.203,63618.733,63655.203,G:\MONITORING CROSS SUCKING IN CALVES - KAPPEL - 2025\Pen 2 - Group 2\WEANING\Day 2\ch02_20251018004718.mp4,ch02_20251018004718.mp4,61538.251674,64328.039341,2080.481326,2116.951326
365,CS_0352_WEAN_d2_p2_cow3_17102025_ch02-20251018004718_64117_64138.mp4,Pen 2 - Group 2\WEANING\Day 2\CS_0352_WEAN_d2_p2_cow3_17102025_ch02-20251018004718_64117_64138.mp4,E:\cross_sucking\Pen 2 - Group 2\WEANING\Day 2\CS_0352_WEAN_d2_p2_cow3_17102025_ch02-20251018004718_64117_64138.mp4,skipped_existing,1,1,Pen_2_WEAN_Day_2_17102025,Pen 2 - Group 2,WEAN,2,2,17102025,3,other|T|reciprocal|side,64117.525,64138.774,64117.525,64138.774,G:\MONITORING CROSS SUCKING IN CALVES - KAPPEL - 2025\Pen 2 - Group 2\WEANING\Day 2\ch02_20251018004718.mp4,ch02_20251018004718.mp4,61538.251674,64328.039341,2579.273326,2600.522326
366,CS_0353_WEAN_d2_p2_cow3_17102025_ch02-20251018004718_64300_64611_part01.mp4,Pen 2 - Group 2\WEANING\Day 2\CS_0353_WEAN_d2_p2_cow3_17102025_ch02-20251018004718_64300_64611_part01.mp4,E:\cross_sucking\Pen 2 - Group 2\WEANING\Day 2\CS_0353_WEAN_d2_p2_cow3_17102025_ch02-20251018004718_64300_64611_part01.mp4,skipped_existing,1,2,Pen_2_WEAN_Day_2_17102025,Pen 2 - Group 2,WEAN,2,2,17102025,3,other|/|None|side,64300.171,64611.967,64300.171,64328.039341,G:\MONITORING CROSS SUCKING IN CALVES - KAPPEL - 2025\Pen 2 - Group 2\WEANING\Day 2\ch02_20251018004718.mp4,ch02_20251018004718.mp4,61538.251674,64328.039341,2761.919326,2789.787667
367,CS_0353_WEAN_d2_p2_cow3_17102025_ch02-20251018004718_64300_64611_part02.mp4,Pen 2 - Group 2\WEANING\Day 2\CS_0353_WEAN_d2_p2_cow3_17102025_ch02-20251018004718_64300_64611_part02.mp4,E:\cross_sucking\Pen 2 - Group 2\WEANING\Day 2\CS_0353_WEAN_d2_p2_cow3_17102025_ch02-20251018004718_64300_64611_part02.mp4,skipped_existing,2,2,Pen_2_WEAN_Day_2_17102025,Pen 2 - Group 2,WEAN,2,2,17102025,3,other|/|None|side,64300.171,64611.967,64328.039341,64611.967,G:\MONITORING CROSS SUCKING IN CALVES - KAPPEL - 2025\Pen 2 - Group 2\WEANING\Day 2\ch02_20251018013414.mp4,ch02_20251018013414.mp4,64328.039341,67102.859008,0.0,283.927659
368,CS_0354_WEAN_d2_p2_cowslash_17102025_ch02-20251018004718_64303_64436_part01.mp4,Pen 2 - Group 2\WEANING\Day 2\CS_0354_WEAN_d2_p2_cowslash_17102025_ch02-20251018004718_64303_64436_part01.mp4,E:\cross_sucking\Pen 2 - Group 2\WEANING\Day 2\CS_0354_WEAN_d2_p2_cowslash_17102025_ch02-20251018004718_64303_64436_part01.mp4,skipped_existing,1,2,Pen_2_WEAN_Day_2_17102025,Pen 2 - Group 2,WEAN,2,2,17102025,/,other|3|reciprocal|side,64303.974,64436.821,64303.974,64328.039341,G:\MONITORING CROSS SUCKING IN CALVES - KAPPEL - 2025\Pen 2 - Group 2\WEANING\Day 2\ch02_20251018004718.mp4,ch02_20251018004718.mp4,61538.251674,64328.039341,2765.722326,2789.787667
369,CS_0354_WEAN_d2_p2_cowslash_17102025_ch02-20251018004718_64303_64436_part02.mp4,Pen 2 - Group 2\WEANING\Day 2\CS_0354_WEAN_d2_p2_cowslash_17102025_ch02-20251018004718_64303_64436_part02.mp4,E:\cross_sucking\Pen 2 - Group 2\WEANING\Day 2\CS_0354_WEAN_d2_p2_cowslash_17102025_ch02-20251018004718_64303_64436_part02.mp4,skipped_existing,2,2,Pen_2_WEAN_Day_2_17102025,Pen 2 - Group 2,WEAN,2,2,17102025,/,other|3|reciprocal|side,64303.974,64436.821,64328.039341,64436.821,G:\MONITORING CROSS SUCKING IN CALVES - KAPPEL - 2025\Pen 2 - Group 2\WEANING\Day 2\ch02_20251018013414.mp4,ch02_20251018013414.mp4,64328.039341,67102.859008,0.0,108.781659
370,CS_0355_WEAN_d2_p2_cowT_17102025_ch02-20251018004718_64310_64359_part01.mp4,Pen 2 - Group 2\WEANING\Day 2\CS_0355_WEAN_d2_p2_cowT_17102025_ch02-20251018004718_64310_64359_part01.mp4,E:\cross_sucking\Pen 2 - Group 2\WEANING\Day 2\CS_0355_WEAN_d2_p2_cowT_17102025_ch02-20251018004718_64310_64359_part01.mp4,skipped_existing,1,2,Pen_2_WEAN_Day_2_17102025,Pen 2 - Group 2,WEAN,2,2,17102025,T,other|/|three|side,64310.706,64359.646,64310.706,64328.039341,G:\MONITORING CROSS SUCKING IN CALVES - KAPPEL - 2025\Pen 2 - Group 2\WEANING\Day 2\ch02_20251018004718.mp4,ch02_20251018004718.mp4,61538.251674,64328.039341,2772.454326,2789.787667
371,CS_0355_WEAN_d2_p2_cowT_17102025_ch02-20251018004718_64310_64359_part02.mp4,Pen 2 - Group 2\WEANING\Day 2\CS_0355_WEAN_d2_p2_cowT_17102025_ch02-20251018004718_64310_64359_part02.mp4,E:\cross_sucking\Pen 2 - Group 2\WEANING\Day 2\CS_0355_WEAN_d2_p2_cowT_17102025_ch02-20251018004718_64310_64359_part02.mp4,skipped_existing,2,2,Pen_2_WEAN_Day_2_17102025,Pen 2 - Group 2,WEAN,2,2,17102025,T,other|/|three|side,64310.706,64359.646,64328.039341,64359.646,G:\MONITORING CROSS SUCKING IN CALVES - KAPPEL - 2025\Pen 2 - Group 2\WEANING\Day 2\ch02_20251018013414.mp4,ch02_20251018013414.mp4,64328.039341,67102.859008,0.0,31.606659
372,CS_0356_WEAN_d2_p2_cowslash_17102025_ch02-20251018013414_64543_64603.mp4,Pen 2 - Group 2\WEANING\Day 2\CS_0356_WEAN_d2_p2_cowslash_17102025_ch02-20251018013414_64543_64603.mp4,E:\cross_sucking\Pen 2 - Group 2\WEANING\Day 2\CS_0356_WEAN_d2_p2_cowslash_17102025_ch02-20251018013414_64543_64603.mp4,skipped_existing,1,1,Pen_2_WEAN_Day_2_17102025,Pen 2 - Group 2,WEAN,2,2,17102025,/,other|3|reciprocal|side,64543.516,64603.868,64543.516,64603.868,G:\MONITORING CROSS SUCKING IN CALVES - KAPPEL - 2025\Pen 2 - Group 2\WEANING\Day 2\ch02_20251018013414.mp4,ch02_20251018013414.mp4,64328.039341,67102.859008,215.476659,275.828659
373,CS_0357_WEAN_d2_p2_cow3_17102025_ch02-20251018013414_64636_64661.mp4,Pen 2 - Group 2\WEANING\Day 2\CS_0357_WEAN_d2_p2_cow3_17102025_ch02-20251018013414_64636_64661.mp4,E:\cross_sucking\Pen 2 - Group 2\WEANING\Day 2\CS_0357_WEAN_d2_p2_cow3_17102025_ch02-20251018013414_64636_64661.mp4,skipped_existing,1,1,Pen_2_WEAN_Day_2_17102025,Pen 2 - Group 2,WEAN,2,2,17102025,3,other|/|None|side,64636.634,64661.816,64636.634,64661.816,G:\MONITORING CROSS SUCKING IN CALVES - KAPPEL - 2025\Pen 2 - Group 2\WEANING\Day 2\ch02_20251018013414.mp4,ch02_20251018013414.mp4,64328.039341,67102.859008,308.594659,333.776659
374,CS_0358_WEAN_d2_p2_cowT_17102025_ch02-20251018013414_64714_64732.mp4,Pen 2 - Group 2\WEANING\Day 2\CS_0358_WEAN_d2_p2_cowT_17102025_ch02-20251018013414_64714_64732.mp4,E:\cross_sucking\Pen 2 - Group 2\WEANING\Day 2\CS_0358_WEAN_d2_p2_cowT_17102025_ch02-20251018013414_64714_64732.mp4,skipped_existing,1,1,Pen_2_WEAN_Day_2_17102025,Pen 2 - Group 2,WEAN,2,2,17102025,T,other|3|None|behind,64714.417,64732.44,64714.417,64732.44,G:\MONITORING CROSS SUCKING IN CALVES - KAPPEL - 2025\Pen 2 - Group 2\WEANING\Day 2\ch02_20251018013414.mp4,ch02_20251018013414.mp4,64328.039341,67102.859008,386.377659,404.400659
375,CS_0359_WEAN_d2_p2_cow1_17102025_ch02-20251018022111_67934_68011.mp4,Pen 2 - Group 2\WEANING\Day 2\CS_0359_WEAN_d2_p2_cow1_17102025_ch02-20251018022111_67934_68011.mp4,E:\cross_sucking\Pen 2 - Group 2\WEANING\Day 2\CS_0359_WEAN_d2_p2_cow1_17102025_ch02-20251018022111_67934_68011.mp4,skipped_existing,1,1,Pen_2_WEAN_Day_2_17102025,Pen 2 - Group 2,WEAN,2,2,17102025,1,other|3|None|side,67934.06,68011.717,67934.06,68011.717,G:\MONITORING CROSS SUCKING IN CALVES - KAPPEL - 2025\Pen 2 - Group 2\WEANING\Day 2\ch02_20251018022111.mp4,ch02_20251018022111.mp4,67102.859008,69878.113675,831.200992,908.857992
376,CS_0360_WEAN_d2_p2_cow3_17102025_ch02-20251018022111_67945_68008.mp4,Pen 2 - Group 2\WEANING\Day 2\CS_0360_WEAN_d2_p2_cow3_17102025_ch02-20251018022111_67945_68008.mp4,E:\cross_sucking\Pen 2 - Group 2\WEANING\Day 2\CS_0360_WEAN_d2_p2_cow3_17102025_ch02-20251018022111_67945_68008.mp4,skipped_existing,1,1,Pen_2_WEAN_Day_2_17102025,Pen 2 - Group 2,WEAN,2,2,17102025,3,other|1|reciprocal|side,67945.322,68008.574,67945.322,68008.574,G:\MONITORING CROSS SUCKING IN CALVES - KAPPEL - 2025\Pen 2 - Group 2\WEANING\Day 2\ch02_20251018022111.mp4,ch02_20251018022111.mp4,67102.859008,69878.113675,842.462992,905.714992
377,CS_0361_WEAN_d2_p2_cowO_17102025_ch02-20251018035506_73228_73251.mp4,Pen 2 - Group 2\WEANING\Day 2\CS_0361_WEAN_d2_p2_cowO_17102025_ch02-20251018035506_73228_73251.mp4,E:\cross_sucking\Pen 2 - Group 2\WEANING\Day 2\CS_0361_WEAN_d2_p2_cowO_17102025_ch02-20251018035506_73228_73251.mp4,skipped_existing,1,1,Pen_2_WEAN_Day_2_17102025,Pen 2 - Group 2,WEAN,2,2,17102025,O,milk feeder|A|None|behind,73228.863,73251.608,73228.863,73251.608,G:\MONITORING CROSS SUCKING IN CALVES - KAPPEL - 2025\Pen 2 - Group 2\WEANING\Day 2\ch02_20251018035506.mp4,ch02_20251018035506.mp4,72699.998342,75506.210009,528.864658,551.609658
378,CS_0362_WEAN_d2_p2_cowA_17102025_ch02-20251018035506_73256_73523.mp4,Pen 2 - Group 2\WEANING\Day 2\CS_0362_WEAN_d2_p2_cowA_17102025_ch02-20251018035506_73256_73523.mp4,E:\cross_sucking\Pen 2 - Group 2\WEANING\Day 2\CS_0362_WEAN_d2_p2_cowA_17102025_ch02-20251018035506_73256_73523.mp4,skipped_existing,1,1,Pen_2_WEAN_Day_2_17102025,Pen 2 - Group 2,WEAN,2,2,17102025,A,milk feeder|O|None|behind,73256.402,73523.264,73256.402,73523.264,G:\MONITORING CROSS SUCKING IN CALVES - KAPPEL - 2025\Pen 2 - Group 2\WEANING\Day 2\ch02_20251018035506.mp4,ch02_20251018035506.mp4,72699.998342,75506.210009,556.403658,823.265658
379,CS_0363_WEAN_d2_p2_cowA_17102025_ch02-20251018035506_73535_73921.mp4,Pen 2 - Group 2\WEANING\Day 2\CS_0363_WEAN_d2_p2_cowA_17102025_ch02-20251018035506_73535_73921.mp4,E:\cross_sucking\Pen 2 - Group 2\WEANING\Day 2\CS_0363_WEAN_d2_p2_cowA_17102025_ch02-20251018035506_73535_73921.mp4,skipped_existing,1,1,Pen_2_WEAN_Day_2_17102025,Pen 2 - Group 2,WEAN,2,2,17102025,A,other|O|reciprocal|side,73535.588,73921.497,73535.588,73921.497,G:\MONITORING CROSS SUCKING IN CALVES - KAPPEL - 2025\Pen 2 - Group 2\WEANING\Day 2\ch02_20251018035506.mp4,ch02_20251018035506.mp4,72699.998342,75506.210009,835.589658,1221.498658
380,CS_0364_WEAN_d2_p2_cowA_17102025_ch02-20251018035506_73949_74034.mp4,Pen 2 - Group 2\WEANING\Day 2\CS_0364_WEAN_d2_p2_cowA_17102025_ch02-20251018035506_73949_74034.mp4,E:\cross_sucking\Pen 2 - Group 2\WEANING\Day 2\CS_0364_WEAN_d2_p2_cowA_17102025_ch02-20251018035506_73949_74034.mp4,skipped_existing,1,1,Pen_2_WEAN_Day_2_17102025,Pen 2 - Group 2,WEAN,2,2,17102025,A,grain feeder|O|None|behind,73949.957,74034.843,73949.957,74034.843,G:\MONITORING CROSS SUCKING IN CALVES - KAPPEL - 2025\Pen 2 - Group 2\WEANING\Day 2\ch02_20251018035506.mp4,ch02_20251018035506.mp4,72699.998342,75506.210009,1249.958658,1334.844658
381,CS_0365_WEAN_d2_p2_cowA_17102025_ch02-20251018052900_80156_80191.mp4,Pen 2 - Group 2\WEANING\Day 2\CS_0365_WEAN_d2_p2_cowA_17102025_ch02-20251018052900_80156_80191.mp4,E:\cross_sucking\Pen 2 - Group 2\WEANING\Day 2\CS_0365_WEAN_d2_p2_cowA_17102025_ch02-20251018052900_80156_80191.mp4,skipped_existing,1,1,Pen_2_WEAN_Day_2_17102025,Pen 2 - Group 2,WEAN,2,2,17102025,A,other|6|None|behind,80156.147,80191.309,80156.147,80191.309,G:\MONITORING CROSS SUCKING IN CALVES - KAPPEL - 2025\Pen 2 - Group 2\WEANING\Day 2\ch02_20251018052900.mp4,ch02_20251018052900.mp4,78296.644676,81088.140343,1859.502324,1894.664324
382,CS_0366_WEAN_d3_p2_cowA_18102025_ch02-20251018074951_1709_1731.mp4,Pen 2 - Group 2\WEANING\Day 3\CS_0366_WEAN_d3_p2_cowA_18102025_ch02-20251018074951_1709_1731.mp4,E:\cross_sucking\Pen 2 - Group 2\WEANING\Day 3\CS_0366_WEAN_d3_p2_cowA_18102025_ch02-20251018074951_1709_1731.mp4,skipped_existing,1,1,Pen_2_WEAN_Day_3_18102025,Pen 2 - Group 2,WEAN,3,2,18102025,A,milk feeder|1|None|behind,1709.561,1731.891,1709.561,1731.891,G:\MONITORING CROSS SUCKING IN CALVES - KAPPEL - 2025\Pen 2 - Group 2\WEANING\Day 3\ch02_20251018074951.mp4,ch02_20251018074951.mp4,0.0,2808.414667,1709.561,1731.891
383,CS_0367_WEAN_d3_p2_cowslash_18102025_ch02-20251018101045_8408_8597.mp4,Pen 2 - Group 2\WEANING\Day 3\CS_0367_WEAN_d3_p2_cowslash_18102025_ch02-20251018101045_8408_8597.mp4,E:\cross_sucking\Pen 2 - Group 2\WEANING\Day 3\CS_0367_WEAN_d3_p2_cowslash_18102025_ch02-20251018101045_8408_8597.mp4,skipped_existing,1,1,Pen_2_WEAN_Day_3_18102025,Pen 2 - Group 2,WEAN,3,2,18102025,/,other|T|reciprocal|side,8408.849,8597.282,8408.849,8597.282,G:\MONITORING CROSS SUCKING IN CALVES - KAPPEL - 2025\Pen 2 - Group 2\WEANING\Day 3\ch02_20251018101045.mp4,ch02_20251018101045.mp4,8405.892001,11228.575668,2.956999,191.389999
384,CS_0368_WEAN_d3_p2_cowA_18102025_ch02-20251018101045_8423_8438.mp4,Pen 2 - Group 2\WEANING\Day 3\CS_0368_WEAN_d3_p2_cowA_18102025_ch02-20251018101045_8423_8438.mp4,E:\cross_sucking\Pen 2 - Group 2\WEANING\Day 3\CS_0368_WEAN_d3_p2_cowA_18102025_ch02-20251018101045_8423_8438.mp4,skipped_existing,1,1,Pen_2_WEAN_Day_3_18102025,Pen 2 - Group 2,WEAN,3,2,18102025,A,other|1|None|side,8423.441,8438.833,8423.441,8438.833,G:\MONITORING CROSS SUCKING IN CALVES - KAPPEL - 2025\Pen 2 - Group 2\WEANING\Day 3\ch02_20251018101045.mp4,ch02_20251018101045.mp4,8405.892001,11228.575668,17.548999,32.940999
385,CS_0369_WEAN_d3_p2_cowT_18102025_ch02-20251018101045_8461_8637.mp4,Pen 2 - Group 2\WEANING\Day 3\CS_0369_WEAN_d3_p2_cowT_18102025_ch02-20251018101045_8461_8637.mp4,E:\cross_sucking\Pen 2 - Group 2\WEANING\Day 3\CS_0369_WEAN_d3_p2_cowT_18102025_ch02-20251018101045_8461_8637.mp4,skipped_existing,1,1,Pen_2_WEAN_Day_3_18102025,Pen 2 - Group 2,WEAN,3,2,18102025,T,other|/|reciprocal|side,8461.93,8637.662,8461.93,8637.662,G:\MONITORING CROSS SUCKING IN CALVES - KAPPEL - 2025\Pen 2 - Group 2\WEANING\Day 3\ch02_20251018101045.mp4,ch02_20251018101045.mp4,8405.892001,11228.575668,56.037999,231.769999
386,CS_0370_WEAN_d3_p2_cowT_18102025_ch02-20251018101045_8637_8820.mp4,Pen 2 - Group 2\WEANING\Day 3\CS_0370_WEAN_d3_p2_cowT_18102025_ch02-20251018101045_8637_8820.mp4,E:\cross_sucking\Pen 2 - Group 2\WEANING\Day 3\CS_0370_WEAN_d3_p2_cowT_18102025_ch02-20251018101045_8637_8820.mp4,skipped_existing,1,1,Pen_2_WEAN_Day_3_18102025,Pen 2 - Group 2,WEAN,3,2,18102025,T,other|/|None|behind,8637.663,8820.284,8637.663,8820.284,G:\MONITORING CROSS SUCKING IN CALVES - KAPPEL - 2025\Pen 2 - Group 2\WEANING\Day 3\ch02_20251018101045.mp4,ch02_20251018101045.mp4,8405.892001,11228.575668,231.770999,414.391999
387,CS_0371_WEAN_d3_p2_cowslash_18102025_ch02-20251018101045_8820_8855.mp4,Pen 2 - Group 2\WEANING\Day 3\CS_0371_WEAN_d3_p2_cowslash_18102025_ch02-20251018101045_8820_8855.mp4,E:\cross_sucking\Pen 2 - Group 2\WEANING\Day 3\CS_0371_WEAN_d3_p2_cowslash_18102025_ch02-20251018101045_8820_8855.mp4,skipped_existing,1,1,Pen_2_WEAN_Day_3_18102025,Pen 2 - Group 2,WEAN,3,2,18102025,/,other|T|reciprocal|side,8820.285,8855.877,8820.285,8855.877,G:\MONITORING CROSS SUCKING IN CALVES - KAPPEL - 2025\Pen 2 - Group 2\WEANING\Day 3\ch02_20251018101045.mp4,ch02_20251018101045.mp4,8405.892001,11228.575668,414.392999,449.984999
388,CS_0372_WEAN_d3_p2_cowT_18102025_ch02-20251018101045_8820_9043.mp4,Pen 2 - Group 2\WEANING\Day 3\CS_0372_WEAN_d3_p2_cowT_18102025_ch02-20251018101045_8820_9043.mp4,E:\cross_sucking\Pen 2 - Group 2\WEANING\Day 3\CS_0372_WEAN_d3_p2_cowT_18102025_ch02-20251018101045_8820_9043.mp4,skipped_existing,1,1,Pen_2_WEAN_Day_3_18102025,Pen 2 - Group 2,WEAN,3,2,18102025,T,other|/|reciprocal|side,8820.285,9043.593,8820.285,9043.593,G:\MONITORING CROSS SUCKING IN CALVES - KAPPEL - 2025\Pen 2 - Group 2\WEANING\Day 3\ch02_20251018101045.mp4,ch02_20251018101045.mp4,8405.892001,11228.575668,414.392999,637.700999
389,CS_0373_WEAN_d3_p2_cowT_18102025_ch02-20251018101045_9309_9358.mp4,Pen 2 - Group 2\WEANING\Day 3\CS_0373_WEAN_d3_p2_cowT_18102025_ch02-20251018101045_9309_9358.mp4,E:\cross_sucking\Pen 2 - Group 2\WEANING\Day 3\CS_0373_WEAN_d3_p2_cowT_18102025_ch02-20251018101045_9309_9358.mp4,skipped_existing,1,1,Pen_2_WEAN_Day_3_18102025,Pen 2 - Group 2,WEAN,3,2,18102025,T,other|8|None|behind,9309.145,9358.422,9309.145,9358.422,G:\MONITORING CROSS SUCKING IN CALVES - KAPPEL - 2025\Pen 2 - Group 2\WEANING\Day 3\ch02_20251018101045.mp4,ch02_20251018101045.mp4,8405.892001,11228.575668,903.252999,952.529999
390,CS_0374_WEAN_d3_p2_cow6_18102025_ch02-20251018101045_9810_9819.mp4,Pen 2 - Group 2\WEANING\Day 3\CS_0374_WEAN_d3_p2_cow6_18102025_ch02-20251018101045_9810_9819.mp4,E:\cross_sucking\Pen 2 - Group 2\WEANING\Day 3\CS_0374_WEAN_d3_p2_cow6_18102025_ch02-20251018101045_9810_9819.mp4,skipped_existing,1,1,Pen_2_WEAN_Day_3_18102025,Pen 2 - Group 2,WEAN,3,2,18102025,6,other|8|None|side,9810.812,9819.912,9810.812,9819.912,G:\MONITORING CROSS SUCKING IN CALVES - KAPPEL - 2025\Pen 2 - Group 2\WEANING\Day 3\ch02_20251018101045.mp4,ch02_20251018101045.mp4,8405.892001,11228.575668,1404.919999,1414.019999
391,CS_0375_WEAN_d3_p2_cow6_18102025_ch02-20251018101045_10534_10669.mp4,Pen 2 - Group 2\WEANING\Day 3\CS_0375_WEAN_d3_p2_cow6_18102025_ch02-20251018101045_10534_10669.mp4,E:\cross_sucking\Pen 2 - Group 2\WEANING\Day 3\CS_0375_WEAN_d3_p2_cow6_18102025_ch02-20251018101045_10534_10669.mp4,skipped_existing,1,1,Pen_2_WEAN_Day_3_18102025,Pen 2 - Group 2,WEAN,3,2,18102025,6,other|A|None|behind,10534.215,10669.162,10534.215,10669.162,G:\MONITORING CROSS SUCKING IN CALVES - KAPPEL - 2025\Pen 2 - Group 2\WEANING\Day 3\ch02_20251018101045.mp4,ch02_20251018101045.mp4,8405.892001,11228.575668,2128.322999,2263.269999
392,CS_0376_WEAN_d3_p2_cowT_18102025_ch02-20251018114441_14369_14410.mp4,Pen 2 - Group 2\WEANING\Day 3\CS_0376_WEAN_d3_p2_cowT_18102025_ch02-20251018114441_14369_14410.mp4,E:\cross_sucking\Pen 2 - Group 2\WEANING\Day 3\CS_0376_WEAN_d3_p2_cowT_18102025_ch02-20251018114441_14369_14410.mp4,skipped_existing,1,1,Pen_2_WEAN_Day_3_18102025,Pen 2 - Group 2,WEAN,3,2,18102025,T,milk feeder|6|None|behind,14369.839,14410.071,14369.839,14410.071,G:\MONITORING CROSS SUCKING IN CALVES - KAPPEL - 2025\Pen 2 - Group 2\WEANING\Day 3\ch02_20251018114441.mp4,ch02_20251018114441.mp4,14019.908335,16827.695002,349.930665,390.162665
393,CS_0377_WEAN_d3_p2_cowO_18102025_ch02-20251018114441_14467_14548.mp4,Pen 2 - Group 2\WEANING\Day 3\CS_0377_WEAN_d3_p2_cowO_18102025_ch02-20251018114441_14467_14548.mp4,E:\cross_sucking\Pen 2 - Group 2\WEANING\Day 3\CS_0377_WEAN_d3_p2_cowO_18102025_ch02-20251018114441_14467_14548.mp4,skipped_existing,1,1,Pen_2_WEAN_Day_3_18102025,Pen 2 - Group 2,WEAN,3,2,18102025,O,milk feeder|6|None|behind,14467.758,14548.283,14467.758,14548.283,G:\MONITORING CROSS SUCKING IN CALVES - KAPPEL - 2025\Pen 2 - Group 2\WEANING\Day 3\ch02_20251018114441.mp4,ch02_20251018114441.mp4,14019.908335,16827.695002,447.849665,528.374665
394,CS_0378_WEAN_d3_p2_cow6_18102025_ch02-20251018114441_16402_16417.mp4,Pen 2 - Group 2\WEANING\Day 3\CS_0378_WEAN_d3_p2_cow6_18102025_ch02-20251018114441_16402_16417.mp4,E:\cross_sucking\Pen 2 - Group 2\WEANING\Day 3\CS_0378_WEAN_d3_p2_cow6_18102025_ch02-20251018114441_16402_16417.mp4,skipped_existing,1,1,Pen_2_WEAN_Day_3_18102025,Pen 2 - Group 2,WEAN,3,2,18102025,6,milk feeder|8|None|behind,16402.24,16417.433,16402.24,16417.433,G:\MONITORING CROSS SUCKING IN CALVES - KAPPEL - 2025\Pen 2 - Group 2\WEANING\Day 3\ch02_20251018114441.mp4,ch02_20251018114441.mp4,14019.908335,16827.695002,2382.331665,2397.524665
395,CS_0379_WEAN_d3_p2_cowT_18102025_ch02-20251018123139_19436_19462.mp4,Pen 2 - Group 2\WEANING\Day 3\CS_0379_WEAN_d3_p2_cowT_18102025_ch02-20251018123139_19436_19462.mp4,E:\cross_sucking\Pen 2 - Group 2\WEANING\Day 3\CS_0379_WEAN_d3_p2_cowT_18102025_ch02-20251018123139_19436_19462.mp4,skipped_existing,1,1,Pen_2_WEAN_Day_3_18102025,Pen 2 - Group 2,WEAN,3,2,18102025,T,other|/|None|behind,19436.581,19462.695,19436.581,19462.695,G:\MONITORING CROSS SUCKING IN CALVES - KAPPEL - 2025\Pen 2 - Group 2\WEANING\Day 3\ch02_20251018123139.mp4,ch02_20251018123139.mp4,16827.695002,19619.034669,2608.885998,2634.999998
396,CS_0380_WEAN_d3_p2_cowT_18102025_ch02-20251018123139_19517_19636_part01.mp4,Pen 2 - Group 2\WEANING\Day 3\CS_0380_WEAN_d3_p2_cowT_18102025_ch02-20251018123139_19517_19636_part01.mp4,E:\cross_sucking\Pen 2 - Group 2\WEANING\Day 3\CS_0380_WEAN_d3_p2_cowT_18102025_ch02-20251018123139_19517_19636_part01.mp4,skipped_existing,1,2,Pen_2_WEAN_Day_3_18102025,Pen 2 - Group 2,WEAN,3,2,18102025,T,other|/|reciprocal|side,19517.278,19636.277,19517.278,19619.034669,G:\MONITORING CROSS SUCKING IN CALVES - KAPPEL - 2025\Pen 2 - Group 2\WEANING\Day 3\ch02_20251018123139.mp4,ch02_20251018123139.mp4,16827.695002,19619.034669,2689.582998,2791.339667
397,CS_0380_WEAN_d3_p2_cowT_18102025_ch02-20251018123139_19517_19636_part02.mp4,Pen 2 - Group 2\WEANING\Day 3\CS_0380_WEAN_d3_p2_cowT_18102025_ch02-20251018123139_19517_19636_part02.mp4,E:\cross_sucking\Pen 2 - Group 2\WEANING\Day 3\CS_0380_WEAN_d3_p2_cowT_18102025_ch02-20251018123139_19517_19636_part02.mp4,skipped_existing,2,2,Pen_2_WEAN_Day_3_18102025,Pen 2 - Group 2,WEAN,3,2,18102025,T,other|/|reciprocal|side,19517.278,19636.277,19619.034669,19636.277,G:\MONITORING CROSS SUCKING IN CALVES - KAPPEL - 2025\Pen 2 - Group 2\WEANING\Day 3\ch02_20251018131837.mp4,ch02_20251018131837.mp4,19619.034669,22426.127336,0.0,17.242331
398,CS_0381_WEAN_d3_p2_cowslash_18102025_ch02-20251018123139_19529_19562.mp4,Pen 2 - Group 2\WEANING\Day 3\CS_0381_WEAN_d3_p2_cowslash_18102025_ch02-20251018123139_19529_19562.mp4,E:\cross_sucking\Pen 2 - Group 2\WEANING\Day 3\CS_0381_WEAN_d3_p2_cowslash_18102025_ch02-20251018123139_19529_19562.mp4,skipped_existing,1,1,Pen_2_WEAN_Day_3_18102025,Pen 2 - Group 2,WEAN,3,2,18102025,/,other|T|reciprocal|side,19529.945,19562.216,19529.945,19562.216,G:\MONITORING CROSS SUCKING IN CALVES - KAPPEL - 2025\Pen 2 - Group 2\WEANING\Day 3\ch02_20251018123139.mp4,ch02_20251018123139.mp4,16827.695002,19619.034669,2702.249998,2734.520998
399,CS_0382_WEAN_d3_p2_cowT_18102025_ch02-20251018131837_19636_19703.mp4,Pen 2 - Group 2\WEANING\Day 3\CS_0382_WEAN_d3_p2_cowT_18102025_ch02-20251018131837_19636_19703.mp4,E:\cross_sucking\Pen 2 - Group 2\WEANING\Day 3\CS_0382_WEAN_d3_p2_cowT_18102025_ch02-20251018131837_19636_19703.mp4,skipped_existing,1,1,Pen_2_WEAN_Day_3_18102025,Pen 2 - Group 2,WEAN,3,2,18102025,T,other|/|None|behind,19636.278,19703.521,19636.278,19703.521,G:\MONITORING CROSS SUCKING IN CALVES - KAPPEL - 2025\Pen 2 - Group 2\WEANING\Day 3\ch02_20251018131837.mp4,ch02_20251018131837.mp4,19619.034669,22426.127336,17.243331,84.486331
400,CS_0383_WEAN_d3_p2_cowT_18102025_ch02-20251018140534_23956_24026.mp4,Pen 2 - Group 2\WEANING\Day 3\CS_0383_WEAN_d3_p2_cowT_18102025_ch02-20251018140534_23956_24026.mp4,E:\cross_sucking\Pen 2 - Group 2\WEANING\Day 3\CS_0383_WEAN_d3_p2_cowT_18102025_ch02-20251018140534_23956_24026.mp4,skipped_existing,1,1,Pen_2_WEAN_Day_3_18102025,Pen 2 - Group 2,WEAN,3,2,18102025,T,grain feeder|8|None|behind,23956.393,24026.21,23956.393,24026.21,G:\MONITORING CROSS SUCKING IN CALVES - KAPPEL - 2025\Pen 2 - Group 2\WEANING\Day 3\ch02_20251018140534.mp4,ch02_20251018140534.mp4,22426.127336,25215.403003,1530.265664,1600.082664
401,CS_0384_WEAN_d3_p2_cowO_18102025_ch02-20251018145230_25655_25842.mp4,Pen 2 - Group 2\WEANING\Day 3\CS_0384_WEAN_d3_p2_cowO_18102025_ch02-20251018145230_25655_25842.mp4,E:\cross_sucking\Pen 2 - Group 2\WEANING\Day 3\CS_0384_WEAN_d3_p2_cowO_18102025_ch02-20251018145230_25655_25842.mp4,skipped_existing,1,1,Pen_2_WEAN_Day_3_18102025,Pen 2 - Group 2,WEAN,3,2,18102025,O,milk feeder|1|None|behind,25655.73,25842.226,25655.73,25842.226,G:\MONITORING CROSS SUCKING IN CALVES - KAPPEL - 2025\Pen 2 - Group 2\WEANING\Day 3\ch02_20251018145230.mp4,ch02_20251018145230.mp4,25215.403003,28022.08167,440.326997,626.822997
402,CS_0385_WEAN_d3_p2_cowO_18102025_ch02-20251018145230_26083_26212.mp4,Pen 2 - Group 2\WEANING\Day 3\CS_0385_WEAN_d3_p2_cowO_18102025_ch02-20251018145230_26083_26212.mp4,E:\cross_sucking\Pen 2 - Group 2\WEANING\Day 3\CS_0385_WEAN_d3_p2_cowO_18102025_ch02-20251018145230_26083_26212.mp4,skipped_existing,1,1,Pen_2_WEAN_Day_3_18102025,Pen 2 - Group 2,WEAN,3,2,18102025,O,other|6|None|lying down,26083.11,26212.968,26083.11,26212.968,G:\MONITORING CROSS SUCKING IN CALVES - KAPPEL - 2025\Pen 2 - Group 2\WEANING\Day 3\ch02_20251018145230.mp4,ch02_20251018145230.mp4,25215.403003,28022.08167,867.706997,997.564997
403,CS_0386_WEAN_d3_p2_cowO_18102025_ch02-20251018171322_34541_34724.mp4,Pen 2 - Group 2\WEANING\Day 3\CS_0386_WEAN_d3_p2_cowO_18102025_ch02-20251018171322_34541_34724.mp4,E:\cross_sucking\Pen 2 - Group 2\WEANING\Day 3\CS_0386_WEAN_d3_p2_cowO_18102025_ch02-20251018171322_34541_34724.mp4,skipped_existing,1,1,Pen_2_WEAN_Day_3_18102025,Pen 2 - Group 2,WEAN,3,2,18102025,O,milk feeder|8|None|behind,34541.261,34724.481,34541.261,34724.481,G:\MONITORING CROSS SUCKING IN CALVES - KAPPEL - 2025\Pen 2 - Group 2\WEANING\Day 3\ch02_20251018171322.mp4,ch02_20251018171322.mp4,33635.168004,36425.378671,906.092996,1089.312996
404,CS_0387_WEAN_d3_p2_cow8_18102025_ch02-20251018171322_34744_34769.mp4,Pen 2 - Group 2\WEANING\Day 3\CS_0387_WEAN_d3_p2_cow8_18102025_ch02-20251018171322_34744_34769.mp4,E:\cross_sucking\Pen 2 - Group 2\WEANING\Day 3\CS_0387_WEAN_d3_p2_cow8_18102025_ch02-20251018171322_34744_34769.mp4,skipped_existing,1,1,Pen_2_WEAN_Day_3_18102025,Pen 2 - Group 2,WEAN,3,2,18102025,8,milk feeder|O|None|behind,34744.267,34769.372,34744.267,34769.372,G:\MONITORING CROSS SUCKING IN CALVES - KAPPEL - 2025\Pen 2 - Group 2\WEANING\Day 3\ch02_20251018171322.mp4,ch02_20251018171322.mp4,33635.168004,36425.378671,1109.098996,1134.203996
405,CS_0388_WEAN_d3_p2_cowT_18102025_ch02-20251018171322_35578_35809.mp4,Pen 2 - Group 2\WEANING\Day 3\CS_0388_WEAN_d3_p2_cowT_18102025_ch02-20251018171322_35578_35809.mp4,E:\cross_sucking\Pen 2 - Group 2\WEANING\Day 3\CS_0388_WEAN_d3_p2_cowT_18102025_ch02-20251018171322_35578_35809.mp4,skipped_existing,1,1,Pen_2_WEAN_Day_3_18102025,Pen 2 - Group 2,WEAN,3,2,18102025,T,grain feeder|8|None|behind,35578.736,35809.91,35578.736,35809.91,G:\MONITORING CROSS SUCKING IN CALVES - KAPPEL - 2025\Pen 2 - Group 2\WEANING\Day 3\ch02_20251018171322.mp4,ch02_20251018171322.mp4,33635.168004,36425.378671,1943.567996,2174.741996
406,CS_0389_WEAN_d3_p2_cowA_18102025_ch02-20251018180018_38003_38024.mp4,Pen 2 - Group 2\WEANING\Day 3\CS_0389_WEAN_d3_p2_cowA_18102025_ch02-20251018180018_38003_38024.mp4,E:\cross_sucking\Pen 2 - Group 2\WEANING\Day 3\CS_0389_WEAN_d3_p2_cowA_18102025_ch02-20251018180018_38003_38024.mp4,skipped_existing,1,1,Pen_2_WEAN_Day_3_18102025,Pen 2 - Group 2,WEAN,3,2,18102025,A,grain feeder|6|None|behind,38003.756,38024.649,38003.756,38024.649,G:\MONITORING CROSS SUCKING IN CALVES - KAPPEL - 2025\Pen 2 - Group 2\WEANING\Day 3\ch02_20251018180018.mp4,ch02_20251018180018.mp4,36425.378671,39247.495338,1578.377329,1599.270329
407,CS_0390_WEAN_d3_p2_cowA_18102025_ch02-20251018180018_38038_38112.mp4,Pen 2 - Group 2\WEANING\Day 3\CS_0390_WEAN_d3_p2_cowA_18102025_ch02-20251018180018_38038_38112.mp4,E:\cross_sucking\Pen 2 - Group 2\WEANING\Day 3\CS_0390_WEAN_d3_p2_cowA_18102025_ch02-20251018180018_38038_38112.mp4,skipped_existing,1,1,Pen_2_WEAN_Day_3_18102025,Pen 2 - Group 2,WEAN,3,2,18102025,A,grain feeder|O|None|behind,38038.64,38112.435,38038.64,38112.435,G:\MONITORING CROSS SUCKING IN CALVES - KAPPEL - 2025\Pen 2 - Group 2\WEANING\Day 3\ch02_20251018180018.mp4,ch02_20251018180018.mp4,36425.378671,39247.495338,1613.261329,1687.056329
408,CS_0391_WEAN_d3_p2_cow6_18102025_ch02-20251018184715_39816_39857.mp4,Pen 2 - Group 2\WEANING\Day 3\CS_0391_WEAN_d3_p2_cow6_18102025_ch02-20251018184715_39816_39857.mp4,E:\cross_sucking\Pen 2 - Group 2\WEANING\Day 3\CS_0391_WEAN_d3_p2_cow6_18102025_ch02-20251018184715_39816_39857.mp4,skipped_existing,1,1,Pen_2_WEAN_Day_3_18102025,Pen 2 - Group 2,WEAN,3,2,18102025,6,other|8|None|side,39816.025,39857.756,39816.025,39857.756,G:\MONITORING CROSS SUCKING IN CALVES - KAPPEL - 2025\Pen 2 - Group 2\WEANING\Day 3\ch02_20251018184715.mp4,ch02_20251018184715.mp4,39247.495338,42021.165005,568.529662,610.260662
409,CS_0392_WEAN_d3_p2_cow8_18102025_ch02-20251018184715_40096_40135.mp4,Pen 2 - Group 2\WEANING\Day 3\CS_0392_WEAN_d3_p2_cow8_18102025_ch02-20251018184715_40096_40135.mp4,E:\cross_sucking\Pen 2 - Group 2\WEANING\Day 3\CS_0392_WEAN_d3_p2_cow8_18102025_ch02-20251018184715_40096_40135.mp4,skipped_existing,1,1,Pen_2_WEAN_Day_3_18102025,Pen 2 - Group 2,WEAN,3,2,18102025,8,other|6|None|side,40096.773,40135.056,40096.773,40135.056,G:\MONITORING CROSS SUCKING IN CALVES - KAPPEL - 2025\Pen 2 - Group 2\WEANING\Day 3\ch02_20251018184715.mp4,ch02_20251018184715.mp4,39247.495338,42021.165005,849.277662,887.560662
410,CS_0393_WEAN_d3_p2_cow3_18102025_ch02-20251018184715_41186_41713.mp4,Pen 2 - Group 2\WEANING\Day 3\CS_0393_WEAN_d3_p2_cow3_18102025_ch02-20251018184715_41186_41713.mp4,E:\cross_sucking\Pen 2 - Group 2\WEANING\Day 3\CS_0393_WEAN_d3_p2_cow3_18102025_ch02-20251018184715_41186_41713.mp4,skipped_existing,1,1,Pen_2_WEAN_Day_3_18102025,Pen 2 - Group 2,WEAN,3,2,18102025,3,other|/|reciprocal|side,41186.469,41713.709,41186.469,41713.709,G:\MONITORING CROSS SUCKING IN CALVES - KAPPEL - 2025\Pen 2 - Group 2\WEANING\Day 3\ch02_20251018184715.mp4,ch02_20251018184715.mp4,39247.495338,42021.165005,1938.973662,2466.213662
411,CS_0394_WEAN_d3_p2_cowslash_18102025_ch02-20251018184715_41199_41479.mp4,Pen 2 - Group 2\WEANING\Day 3\CS_0394_WEAN_d3_p2_cowslash_18102025_ch02-20251018184715_41199_41479.mp4,E:\cross_sucking\Pen 2 - Group 2\WEANING\Day 3\CS_0394_WEAN_d3_p2_cowslash_18102025_ch02-20251018184715_41199_41479.mp4,skipped_existing,1,1,Pen_2_WEAN_Day_3_18102025,Pen 2 - Group 2,WEAN,3,2,18102025,/,other|3|reciprocal|side,41199.174,41479.76,41199.174,41479.76,G:\MONITORING CROSS SUCKING IN CALVES - KAPPEL - 2025\Pen 2 - Group 2\WEANING\Day 3\ch02_20251018184715.mp4,ch02_20251018184715.mp4,39247.495338,42021.165005,1951.678662,2232.264662
412,CS_0395_WEAN_d3_p2_cow6_18102025_ch02-20251018184715_41960_42043_part01.mp4,Pen 2 - Group 2\WEANING\Day 3\CS_0395_WEAN_d3_p2_cow6_18102025_ch02-20251018184715_41960_42043_part01.mp4,E:\cross_sucking\Pen 2 - Group 2\WEANING\Day 3\CS_0395_WEAN_d3_p2_cow6_18102025_ch02-20251018184715_41960_42043_part01.mp4,skipped_existing,1,2,Pen_2_WEAN_Day_3_18102025,Pen 2 - Group 2,WEAN,3,2,18102025,6,other|1|None|behind,41960.124,42043.839,41960.124,42021.165005,G:\MONITORING CROSS SUCKING IN CALVES - KAPPEL - 2025\Pen 2 - Group 2\WEANING\Day 3\ch02_20251018184715.mp4,ch02_20251018184715.mp4,39247.495338,42021.165005,2712.628662,2773.669667
413,CS_0395_WEAN_d3_p2_cow6_18102025_ch02-20251018184715_41960_42043_part02.mp4,Pen 2 - Group 2\WEANING\Day 3\CS_0395_WEAN_d3_p2_cow6_18102025_ch02-20251018184715_41960_42043_part02.mp4,E:\cross_sucking\Pen 2 - Group 2\WEANING\Day 3\CS_0395_WEAN_d3_p2_cow6_18102025_ch02-20251018184715_41960_42043_part02.mp4,skipped_existing,2,2,Pen_2_WEAN_Day_3_18102025,Pen 2 - Group 2,WEAN,3,2,18102025,6,other|1|None|behind,41960.124,42043.839,42021.165005,42043.839,G:\MONITORING CROSS SUCKING IN CALVES - KAPPEL - 2025\Pen 2 - Group 2\WEANING\Day 3\ch02_20251018193412.mp4,ch02_20251018193412.mp4,42021.165005,44795.867672,0.0,22.673995
414,CS_0396_WEAN_d3_p2_cowslash_18102025_ch02-20251018193412_42327_42346.mp4,Pen 2 - Group 2\WEANING\Day 3\CS_0396_WEAN_d3_p2_cowslash_18102025_ch02-20251018193412_42327_42346.mp4,E:\cross_sucking\Pen 2 - Group 2\WEANING\Day 3\CS_0396_WEAN_d3_p2_cowslash_18102025_ch02-20251018193412_42327_42346.mp4,skipped_existing,1,1,Pen_2_WEAN_Day_3_18102025,Pen 2 - Group 2,WEAN,3,2,18102025,/,other|8|None|side,42327.017,42346.019,42327.017,42346.019,G:\MONITORING CROSS SUCKING IN CALVES - KAPPEL - 2025\Pen 2 - Group 2\WEANING\Day 3\ch02_20251018193412.mp4,ch02_20251018193412.mp4,42021.165005,44795.867672,305.851995,324.853995
415,CS_0397_WEAN_d3_p2_cowT_18102025_ch02-20251018193412_42823_42850.mp4,Pen 2 - Group 2\WEANING\Day 3\CS_0397_WEAN_d3_p2_cowT_18102025_ch02-20251018193412_42823_42850.mp4,E:\cross_sucking\Pen 2 - Group 2\WEANING\Day 3\CS_0397_WEAN_d3_p2_cowT_18102025_ch02-20251018193412_42823_42850.mp4,skipped_existing,1,1,Pen_2_WEAN_Day_3_18102025,Pen 2 - Group 2,WEAN,3,2,18102025,T,other|/|None|behind,42823.476,42850.273,42823.476,42850.273,G:\MONITORING CROSS SUCKING IN CALVES - KAPPEL - 2025\Pen 2 - Group 2\WEANING\Day 3\ch02_20251018193412.mp4,ch02_20251018193412.mp4,42021.165005,44795.867672,802.310995,829.107995
416,CS_0398_WEAN_d3_p2_cowT_18102025_ch02-20251018193412_42871_42911.mp4,Pen 2 - Group 2\WEANING\Day 3\CS_0398_WEAN_d3_p2_cowT_18102025_ch02-20251018193412_42871_42911.mp4,E:\cross_sucking\Pen 2 - Group 2\WEANING\Day 3\CS_0398_WEAN_d3_p2_cowT_18102025_ch02-20251018193412_42871_42911.mp4,skipped_existing,1,1,Pen_2_WEAN_Day_3_18102025,Pen 2 - Group 2,WEAN,3,2,18102025,T,other|/|None|side,42871.37,42911.449,42871.37,42911.449,G:\MONITORING CROSS SUCKING IN CALVES - KAPPEL - 2025\Pen 2 - Group 2\WEANING\Day 3\ch02_20251018193412.mp4,ch02_20251018193412.mp4,42021.165005,44795.867672,850.204995,890.283995
417,CS_0399_WEAN_d3_p2_cowT_18102025_ch02-20251018193412_42911_42931.mp4,Pen 2 - Group 2\WEANING\Day 3\CS_0399_WEAN_d3_p2_cowT_18102025_ch02-20251018193412_42911_42931.mp4,E:\cross_sucking\Pen 2 - Group 2\WEANING\Day 3\CS_0399_WEAN_d3_p2_cowT_18102025_ch02-20251018193412_42911_42931.mp4,skipped_existing,1,1,Pen_2_WEAN_Day_3_18102025,Pen 2 - Group 2,WEAN,3,2,18102025,T,other|/|None|behind,42911.45,42931.809,42911.45,42931.809,G:\MONITORING CROSS SUCKING IN CALVES - KAPPEL - 2025\Pen 2 - Group 2\WEANING\Day 3\ch02_20251018193412.mp4,ch02_20251018193412.mp4,42021.165005,44795.867672,890.284995,910.643995
418,CS_0400_WEAN_d3_p2_cowT_18102025_ch02-20251018193412_43125_43178.mp4,Pen 2 - Group 2\WEANING\Day 3\CS_0400_WEAN_d3_p2_cowT_18102025_ch02-20251018193412_43125_43178.mp4,E:\cross_sucking\Pen 2 - Group 2\WEANING\Day 3\CS_0400_WEAN_d3_p2_cowT_18102025_ch02-20251018193412_43125_43178.mp4,skipped_existing,1,1,Pen_2_WEAN_Day_3_18102025,Pen 2 - Group 2,WEAN,3,2,18102025,T,other|/|None|behind,43125.594,43178.753,43125.594,43178.753,G:\MONITORING CROSS SUCKING IN CALVES - KAPPEL - 2025\Pen 2 - Group 2\WEANING\Day 3\ch02_20251018193412.mp4,ch02_20251018193412.mp4,42021.165005,44795.867672,1104.428995,1157.587995
419,CS_0401_WEAN_d3_p2_cowA_18102025_ch02-20251018193412_43483_43537.mp4,Pen 2 - Group 2\WEANING\Day 3\CS_0401_WEAN_d3_p2_cowA_18102025_ch02-20251018193412_43483_43537.mp4,E:\cross_sucking\Pen 2 - Group 2\WEANING\Day 3\CS_0401_WEAN_d3_p2_cowA_18102025_ch02-20251018193412_43483_43537.mp4,skipped_existing,1,1,Pen_2_WEAN_Day_3_18102025,Pen 2 - Group 2,WEAN,3,2,18102025,A,grain feeder|O|None|side,43483.44,43537.522,43483.44,43537.522,G:\MONITORING CROSS SUCKING IN CALVES - KAPPEL - 2025\Pen 2 - Group 2\WEANING\Day 3\ch02_20251018193412.mp4,ch02_20251018193412.mp4,42021.165005,44795.867672,1462.274995,1516.356995
420,CS_0402_WEAN_d3_p2_cowT_18102025_ch02-20251018193412_43513_43576.mp4,Pen 2 - Group 2\WEANING\Day 3\CS_0402_WEAN_d3_p2_cowT_18102025_ch02-20251018193412_43513_43576.mp4,E:\cross_sucking\Pen 2 - Group 2\WEANING\Day 3\CS_0402_WEAN_d3_p2_cowT_18102025_ch02-20251018193412_43513_43576.mp4,skipped_existing,1,1,Pen_2_WEAN_Day_3_18102025,Pen 2 - Group 2,WEAN,3,2,18102025,T,other|/|None|behind,43513.894,43576.628,43513.894,43576.628,G:\MONITORING CROSS SUCKING IN CALVES - KAPPEL - 2025\Pen 2 - Group 2\WEANING\Day 3\ch02_20251018193412.mp4,ch02_20251018193412.mp4,42021.165005,44795.867672,1492.728995,1555.462995
421,CS_0403_WEAN_d3_p2_cowA_18102025_ch02-20251018193412_43541_43733.mp4,Pen 2 - Group 2\WEANING\Day 3\CS_0403_WEAN_d3_p2_cowA_18102025_ch02-20251018193412_43541_43733.mp4,E:\cross_sucking\Pen 2 - Group 2\WEANING\Day 3\CS_0403_WEAN_d3_p2_cowA_18102025_ch02-20251018193412_43541_43733.mp4,skipped_existing,1,1,Pen_2_WEAN_Day_3_18102025,Pen 2 - Group 2,WEAN,3,2,18102025,A,other|O|reciprocal|side,43541.203,43733.286,43541.203,43733.286,G:\MONITORING CROSS SUCKING IN CALVES - KAPPEL - 2025\Pen 2 - Group 2\WEANING\Day 3\ch02_20251018193412.mp4,ch02_20251018193412.mp4,42021.165005,44795.867672,1520.037995,1712.120995
422,CS_0404_WEAN_d3_p2_cowslash_18102025_ch02-20251018202110_45025_45063.mp4,Pen 2 - Group 2\WEANING\Day 3\CS_0404_WEAN_d3_p2_cowslash_18102025_ch02-20251018202110_45025_45063.mp4,E:\cross_sucking\Pen 2 - Group 2\WEANING\Day 3\CS_0404_WEAN_d3_p2_cowslash_18102025_ch02-20251018202110_45025_45063.mp4,skipped_existing,1,1,Pen_2_WEAN_Day_3_18102025,Pen 2 - Group 2,WEAN,3,2,18102025,/,other|1|None|behind,45025.537,45063.868,45025.537,45063.868,G:\MONITORING CROSS SUCKING IN CALVES - KAPPEL - 2025\Pen 2 - Group 2\WEANING\Day 3\ch02_20251018202110.mp4,ch02_20251018202110.mp4,44795.867672,47585.501339,229.669328,268.000328
423,CS_0405_WEAN_d3_p2_cow6_18102025_ch02-20251018202110_45233_45299.mp4,Pen 2 - Group 2\WEANING\Day 3\CS_0405_WEAN_d3_p2_cow6_18102025_ch02-20251018202110_45233_45299.mp4,E:\cross_sucking\Pen 2 - Group 2\WEANING\Day 3\CS_0405_WEAN_d3_p2_cow6_18102025_ch02-20251018202110_45233_45299.mp4,skipped_existing,1,1,Pen_2_WEAN_Day_3_18102025,Pen 2 - Group 2,WEAN,3,2,18102025,6,other|T|None|side,45233.307,45299.427,45233.307,45299.427,G:\MONITORING CROSS SUCKING IN CALVES - KAPPEL - 2025\Pen 2 - Group 2\WEANING\Day 3\ch02_20251018202110.mp4,ch02_20251018202110.mp4,44795.867672,47585.501339,437.439328,503.559328
424,CS_0406_WEAN_d3_p2_cowslash_18102025_ch02-20251018202110_45382_45407.mp4,Pen 2 - Group 2\WEANING\Day 3\CS_0406_WEAN_d3_p2_cowslash_18102025_ch02-20251018202110_45382_45407.mp4,E:\cross_sucking\Pen 2 - Group 2\WEANING\Day 3\CS_0406_WEAN_d3_p2_cowslash_18102025_ch02-20251018202110_45382_45407.mp4,skipped_existing,1,1,Pen_2_WEAN_Day_3_18102025,Pen 2 - Group 2,WEAN,3,2,18102025,/,other|6|None|behind,45382.282,45407.098,45382.282,45407.098,G:\MONITORING CROSS SUCKING IN CALVES - KAPPEL - 2025\Pen 2 - Group 2\WEANING\Day 3\ch02_20251018202110.mp4,ch02_20251018202110.mp4,44795.867672,47585.501339,586.414328,611.230328
425,CS_0407_WEAN_d3_p2_cow1_18102025_ch02-20251018202110_46115_46131.mp4,Pen 2 - Group 2\WEANING\Day 3\CS_0407_WEAN_d3_p2_cow1_18102025_ch02-20251018202110_46115_46131.mp4,E:\cross_sucking\Pen 2 - Group 2\WEANING\Day 3\CS_0407_WEAN_d3_p2_cow1_18102025_ch02-20251018202110_46115_46131.mp4,skipped_existing,1,1,Pen_2_WEAN_Day_3_18102025,Pen 2 - Group 2,WEAN,3,2,18102025,1,other|3|reciprocal|side,46115.697,46131.527,46115.697,46131.527,G:\MONITORING CROSS SUCKING IN CALVES - KAPPEL - 2025\Pen 2 - Group 2\WEANING\Day 3\ch02_20251018202110.mp4,ch02_20251018202110.mp4,44795.867672,47585.501339,1319.829328,1335.659328
426,CS_0408_WEAN_d3_p2_cow1_18102025_ch02-20251018202110_46521_46541.mp4,Pen 2 - Group 2\WEANING\Day 3\CS_0408_WEAN_d3_p2_cow1_18102025_ch02-20251018202110_46521_46541.mp4,E:\cross_sucking\Pen 2 - Group 2\WEANING\Day 3\CS_0408_WEAN_d3_p2_cow1_18102025_ch02-20251018202110_46521_46541.mp4,skipped_existing,1,1,Pen_2_WEAN_Day_3_18102025,Pen 2 - Group 2,WEAN,3,2,18102025,1,other|T|None|side,46521.971,46541.045,46521.971,46541.045,G:\MONITORING CROSS SUCKING IN CALVES - KAPPEL - 2025\Pen 2 - Group 2\WEANING\Day 3\ch02_20251018202110.mp4,ch02_20251018202110.mp4,44795.867672,47585.501339,1726.103328,1745.177328
427,CS_0409_WEAN_d3_p2_cowslash_18102025_ch02-20251019001554_60651_60794.mp4,Pen 2 - Group 2\WEANING\Day 3\CS_0409_WEAN_d3_p2_cowslash_18102025_ch02-20251019001554_60651_60794.mp4,E:\cross_sucking\Pen 2 - Group 2\WEANING\Day 3\CS_0409_WEAN_d3_p2_cowslash_18102025_ch02-20251019001554_60651_60794.mp4,skipped_existing,1,1,Pen_2_WEAN_Day_3_18102025,Pen 2 - Group 2,WEAN,3,2,18102025,/,other|3|reciprocal|side,60651.015,60794.907,60651.015,60794.907,G:\MONITORING CROSS SUCKING IN CALVES - KAPPEL - 2025\Pen 2 - Group 2\WEANING\Day 3\ch02_20251019001554.mp4,ch02_20251019001554.mp4,58714.310007,61505.203674,1936.704993,2080.596993
428,CS_0410_WEAN_d3_p2_cowA_18102025_ch02-20251019010252_61954_62197.mp4,Pen 2 - Group 2\WEANING\Day 3\CS_0410_WEAN_d3_p2_cowA_18102025_ch02-20251019010252_61954_62197.mp4,E:\cross_sucking\Pen 2 - Group 2\WEANING\Day 3\CS_0410_WEAN_d3_p2_cowA_18102025_ch02-20251019010252_61954_62197.mp4,skipped_existing,1,1,Pen_2_WEAN_Day_3_18102025,Pen 2 - Group 2,WEAN,3,2,18102025,A,other|O|reciprocal|side,61954.359,62197.948,61954.359,62197.948,G:\MONITORING CROSS SUCKING IN CALVES - KAPPEL - 2025\Pen 2 - Group 2\WEANING\Day 3\ch02_20251019010252.mp4,ch02_20251019010252.mp4,61505.203674,64311.533341,449.155326,692.744326
429,CS_0411_WEAN_d3_p2_cowO_18102025_ch02-20251019010252_61954_62113.mp4,Pen 2 - Group 2\WEANING\Day 3\CS_0411_WEAN_d3_p2_cowO_18102025_ch02-20251019010252_61954_62113.mp4,E:\cross_sucking\Pen 2 - Group 2\WEANING\Day 3\CS_0411_WEAN_d3_p2_cowO_18102025_ch02-20251019010252_61954_62113.mp4,skipped_existing,1,1,Pen_2_WEAN_Day_3_18102025,Pen 2 - Group 2,WEAN,3,2,18102025,O,other|A|reciprocal|side,61954.818,62113.204,61954.818,62113.204,G:\MONITORING CROSS SUCKING IN CALVES - KAPPEL - 2025\Pen 2 - Group 2\WEANING\Day 3\ch02_20251019010252.mp4,ch02_20251019010252.mp4,61505.203674,64311.533341,449.614326,608.000326
430,CS_0412_WEAN_d3_p2_cowA_18102025_ch02-20251019010252_62197_62206.mp4,Pen 2 - Group 2\WEANING\Day 3\CS_0412_WEAN_d3_p2_cowA_18102025_ch02-20251019010252_62197_62206.mp4,E:\cross_sucking\Pen 2 - Group 2\WEANING\Day 3\CS_0412_WEAN_d3_p2_cowA_18102025_ch02-20251019010252_62197_62206.mp4,skipped_existing,1,1,Pen_2_WEAN_Day_3_18102025,Pen 2 - Group 2,WEAN,3,2,18102025,A,grain feeder|O|None|behind,62197.949,62206.803,62197.949,62206.803,G:\MONITORING CROSS SUCKING IN CALVES - KAPPEL - 2025\Pen 2 - Group 2\WEANING\Day 3\ch02_20251019010252.mp4,ch02_20251019010252.mp4,61505.203674,64311.533341,692.745326,701.599326
431,CS_0413_WEAN_d3_p2_cowA_18102025_ch02-20251019010252_62213_62234.mp4,Pen 2 - Group 2\WEANING\Day 3\CS_0413_WEAN_d3_p2_cowA_18102025_ch02-20251019010252_62213_62234.mp4,E:\cross_sucking\Pen 2 - Group 2\WEANING\Day 3\CS_0413_WEAN_d3_p2_cowA_18102025_ch02-20251019010252_62213_62234.mp4,skipped_existing,1,1,Pen_2_WEAN_Day_3_18102025,Pen 2 - Group 2,WEAN,3,2,18102025,A,other|O|reciprocal|side,62213.24,62234.886,62213.24,62234.886,G:\MONITORING CROSS SUCKING IN CALVES - KAPPEL - 2025\Pen 2 - Group 2\WEANING\Day 3\ch02_20251019010252.mp4,ch02_20251019010252.mp4,61505.203674,64311.533341,708.036326,729.682326
432,CS_0414_WEAN_d3_p2_cowA_18102025_ch02-20251019010252_62240_62253.mp4,Pen 2 - Group 2\WEANING\Day 3\CS_0414_WEAN_d3_p2_cowA_18102025_ch02-20251019010252_62240_62253.mp4,E:\cross_sucking\Pen 2 - Group 2\WEANING\Day 3\CS_0414_WEAN_d3_p2_cowA_18102025_ch02-20251019010252_62240_62253.mp4,skipped_existing,1,1,Pen_2_WEAN_Day_3_18102025,Pen 2 - Group 2,WEAN,3,2,18102025,A,other|O|None|side,62240.297,62253.228,62240.297,62253.228,G:\MONITORING CROSS SUCKING IN CALVES - KAPPEL - 2025\Pen 2 - Group 2\WEANING\Day 3\ch02_20251019010252.mp4,ch02_20251019010252.mp4,61505.203674,64311.533341,735.093326,748.024326
433,CS_0415_WEAN_d3_p2_cowT_18102025_ch02-20251019014950_66962_67026.mp4,Pen 2 - Group 2\WEANING\Day 3\CS_0415_WEAN_d3_p2_cowT_18102025_ch02-20251019014950_66962_67026.mp4,E:\cross_sucking\Pen 2 - Group 2\WEANING\Day 3\CS_0415_WEAN_d3_p2_cowT_18102025_ch02-20251019014950_66962_67026.mp4,skipped_existing,1,1,Pen_2_WEAN_Day_3_18102025,Pen 2 - Group 2,WEAN,3,2,18102025,T,grain feeder|O|None|behind,66962.519,67026.405,66962.519,67026.405,G:\MONITORING CROSS SUCKING IN CALVES - KAPPEL - 2025\Pen 2 - Group 2\WEANING\Day 3\ch02_20251019014950.mp4,ch02_20251019014950.mp4,64311.533341,67086.222008,2650.985659,2714.871659
434,CS_0416_WEAN_d3_p2_cow6_18102025_ch02-20251019023647_68818_68863.mp4,Pen 2 - Group 2\WEANING\Day 3\CS_0416_WEAN_d3_p2_cow6_18102025_ch02-20251019023647_68818_68863.mp4,E:\cross_sucking\Pen 2 - Group 2\WEANING\Day 3\CS_0416_WEAN_d3_p2_cow6_18102025_ch02-20251019023647_68818_68863.mp4,skipped_existing,1,1,Pen_2_WEAN_Day_3_18102025,Pen 2 - Group 2,WEAN,3,2,18102025,6,milk feeder|8|None|behind,68818.26,68863.792,68818.26,68863.792,G:\MONITORING CROSS SUCKING IN CALVES - KAPPEL - 2025\Pen 2 - Group 2\WEANING\Day 3\ch02_20251019023647.mp4,ch02_20251019023647.mp4,67086.222008,69860.878675,1732.037992,1777.569992
435,CS_0417_WEAN_d3_p2_cow8_18102025_ch02-20251019023647_69021_69027.mp4,Pen 2 - Group 2\WEANING\Day 3\CS_0417_WEAN_d3_p2_cow8_18102025_ch02-20251019023647_69021_69027.mp4,E:\cross_sucking\Pen 2 - Group 2\WEANING\Day 3\CS_0417_WEAN_d3_p2_cow8_18102025_ch02-20251019023647_69021_69027.mp4,skipped_existing,1,1,Pen_2_WEAN_Day_3_18102025,Pen 2 - Group 2,WEAN,3,2,18102025,8,milk feeder|A|None|behind,69021.807,69027.06,69021.807,69027.06,G:\MONITORING CROSS SUCKING IN CALVES - KAPPEL - 2025\Pen 2 - Group 2\WEANING\Day 3\ch02_20251019023647.mp4,ch02_20251019023647.mp4,67086.222008,69860.878675,1935.584992,1940.837992
436,CS_0418_WEAN_d3_p2_cowslash_18102025_ch02-20251019023647_69154_69590.mp4,Pen 2 - Group 2\WEANING\Day 3\CS_0418_WEAN_d3_p2_cowslash_18102025_ch02-20251019023647_69154_69590.mp4,E:\cross_sucking\Pen 2 - Group 2\WEANING\Day 3\CS_0418_WEAN_d3_p2_cowslash_18102025_ch02-20251019023647_69154_69590.mp4,skipped_existing,1,1,Pen_2_WEAN_Day_3_18102025,Pen 2 - Group 2,WEAN,3,2,18102025,/,other|1|reciprocal|side,69154.588,69590.159,69154.588,69590.159,G:\MONITORING CROSS SUCKING IN CALVES - KAPPEL - 2025\Pen 2 - Group 2\WEANING\Day 3\ch02_20251019023647.mp4,ch02_20251019023647.mp4,67086.222008,69860.878675,2068.365992,2503.936992
437,CS_0419_WEAN_d3_p2_cowslash_18102025_ch02-20251019045738_76510_76520.mp4,Pen 2 - Group 2\WEANING\Day 3\CS_0419_WEAN_d3_p2_cowslash_18102025_ch02-20251019045738_76510_76520.mp4,E:\cross_sucking\Pen 2 - Group 2\WEANING\Day 3\CS_0419_WEAN_d3_p2_cowslash_18102025_ch02-20251019045738_76510_76520.mp4,skipped_existing,1,1,Pen_2_WEAN_Day_3_18102025,Pen 2 - Group 2,WEAN,3,2,18102025,/,other|1|None|side,76510.108,76520.285,76510.108,76520.285,G:\MONITORING CROSS SUCKING IN CALVES - KAPPEL - 2025\Pen 2 - Group 2\WEANING\Day 3\ch02_20251019045738.mp4,ch02_20251019045738.mp4,75457.455009,78248.097676,1052.652991,1062.829991
438,CS_0420_WEAN_d3_p2_cowslash_18102025_ch02-20251019054436_79729_79757.mp4,Pen 2 - Group 2\WEANING\Day 3\CS_0420_WEAN_d3_p2_cowslash_18102025_ch02-20251019054436_79729_79757.mp4,E:\cross_sucking\Pen 2 - Group 2\WEANING\Day 3\CS_0420_WEAN_d3_p2_cowslash_18102025_ch02-20251019054436_79729_79757.mp4,skipped_existing,1,1,Pen_2_WEAN_Day_3_18102025,Pen 2 - Group 2,WEAN,3,2,18102025,/,milk feeder|6|None|behind,79729.753,79757.823,79729.753,79757.823,G:\MONITORING CROSS SUCKING IN CALVES - KAPPEL - 2025\Pen 2 - Group 2\WEANING\Day 3\ch02_20251019054436.mp4,ch02_20251019054436.mp4,78248.097676,81038.319343,1481.655324,1509.725324
439,CS_0421_WEAN_d3_p2_cow3_18102025_ch02-20251019063133_81835_81853.mp4,Pen 2 - Group 2\WEANING\Day 3\CS_0421_WEAN_d3_p2_cow3_18102025_ch02-20251019063133_81835_81853.mp4,E:\cross_sucking\Pen 2 - Group 2\WEANING\Day 3\CS_0421_WEAN_d3_p2_cow3_18102025_ch02-20251019063133_81835_81853.mp4,skipped_existing,1,1,Pen_2_WEAN_Day_3_18102025,Pen 2 - Group 2,WEAN,3,2,18102025,3,milk feeder|8|None|behind,81835.081,81853.823,81835.081,81853.823,G:\MONITORING CROSS SUCKING IN CALVES - KAPPEL - 2025\Pen 2 - Group 2\WEANING\Day 3\ch02_20251019063133.mp4,ch02_20251019063133.mp4,81038.319343,83844.99901,796.761657,815.503657
440,CS_0422_PREWEAN_d1_p3_cow3_28082025_ch04-20250828084247_3250_3256.mp4,Pen 3 - Group 1\PREWEANING\Day 1\CS_0422_PREWEAN_d1_p3_cow3_28082025_ch04-20250828084247_3250_3256.mp4,E:\cross_sucking\Pen 3 - Group 1\PREWEANING\Day 1\CS_0422_PREWEAN_d1_p3_cow3_28082025_ch04-20250828084247_3250_3256.mp4,skipped_existing,1,1,Pen_3_PREWEAN_Day_1_28082025,Pen 3 - Group 1,PREWEAN,1,3,28082025,3,grain feeder|2|None|side,3250.209,3256.096,3250.209,3256.096,G:\MONITORING CROSS SUCKING IN CALVES - KAPPEL - 2025\Pen 3 - Group 1\PREWEANING\Day 1\ch04_20250828084247.mp4,ch04_20250828084247.mp4,2776.779667,5553.531334,473.429333,479.316333
441,CS_0423_PREWEAN_d1_p3_cow3_28082025_ch04-20250828084247_4072_4086.mp4,Pen 3 - Group 1\PREWEANING\Day 1\CS_0423_PREWEAN_d1_p3_cow3_28082025_ch04-20250828084247_4072_4086.mp4,E:\cross_sucking\Pen 3 - Group 1\PREWEANING\Day 1\CS_0423_PREWEAN_d1_p3_cow3_28082025_ch04-20250828084247_4072_4086.mp4,skipped_existing,1,1,Pen_3_PREWEAN_Day_1_28082025,Pen 3 - Group 1,PREWEAN,1,3,28082025,3,milk feeder|1|None|side,4072.625,4086.967,4072.625,4086.967,G:\MONITORING CROSS SUCKING IN CALVES - KAPPEL - 2025\Pen 3 - Group 1\PREWEANING\Day 1\ch04_20250828084247.mp4,ch04_20250828084247.mp4,2776.779667,5553.531334,1295.845333,1310.187333
442,CS_0424_PREWEAN_d1_p3_cow7_28082025_ch04-20250828084247_4300_4300.mp4,Pen 3 - Group 1\PREWEANING\Day 1\CS_0424_PREWEAN_d1_p3_cow7_28082025_ch04-20250828084247_4300_4300.mp4,E:\cross_sucking\Pen 3 - Group 1\PREWEANING\Day 1\CS_0424_PREWEAN_d1_p3_cow7_28082025_ch04-20250828084247_4300_4300.mp4,skipped_existing,1,1,Pen_3_PREWEAN_Day_1_28082025,Pen 3 - Group 1,PREWEAN,1,3,28082025,7,milk feeder|1|None|behind,4300.041,4300.821,4300.041,4300.821,G:\MONITORING CROSS SUCKING IN CALVES - KAPPEL - 2025\Pen 3 - Group 1\PREWEANING\Day 1\ch04_20250828084247.mp4,ch04_20250828084247.mp4,2776.779667,5553.531334,1523.261333,1524.041333
443,CS_0425_PREWEAN_d1_p3_cow7_28082025_ch04-20250828084247_4307_4359.mp4,Pen 3 - Group 1\PREWEANING\Day 1\CS_0425_PREWEAN_d1_p3_cow7_28082025_ch04-20250828084247_4307_4359.mp4,E:\cross_sucking\Pen 3 - Group 1\PREWEANING\Day 1\CS_0425_PREWEAN_d1_p3_cow7_28082025_ch04-20250828084247_4307_4359.mp4,skipped_existing,1,1,Pen_3_PREWEAN_Day_1_28082025,Pen 3 - Group 1,PREWEAN,1,3,28082025,7,milk feeder|1|None|behind,4307.269,4359.682,4307.269,4359.682,G:\MONITORING CROSS SUCKING IN CALVES - KAPPEL - 2025\Pen 3 - Group 1\PREWEANING\Day 1\ch04_20250828084247.mp4,ch04_20250828084247.mp4,2776.779667,5553.531334,1530.489333,1582.902333
444,CS_0426_PREWEAN_d1_p3_cow7_28082025_ch04-20250828084247_4361_4615.mp4,Pen 3 - Group 1\PREWEANING\Day 1\CS_0426_PREWEAN_d1_p3_cow7_28082025_ch04-20250828084247_4361_4615.mp4,E:\cross_sucking\Pen 3 - Group 1\PREWEANING\Day 1\CS_0426_PREWEAN_d1_p3_cow7_28082025_ch04-20250828084247_4361_4615.mp4,skipped_existing,1,1,Pen_3_PREWEAN_Day_1_28082025,Pen 3 - Group 1,PREWEAN,1,3,28082025,7,milk feeder|1|None|behind,4361.458,4615.906,4361.458,4615.906,G:\MONITORING CROSS SUCKING IN CALVES - KAPPEL - 2025\Pen 3 - Group 1\PREWEANING\Day 1\ch04_20250828084247.mp4,ch04_20250828084247.mp4,2776.779667,5553.531334,1584.678333,1839.126333
445,CS_0427_PREWEAN_d1_p3_cow7_28082025_ch04-20250828084247_4655_4664.mp4,Pen 3 - Group 1\PREWEANING\Day 1\CS_0427_PREWEAN_d1_p3_cow7_28082025_ch04-20250828084247_4655_4664.mp4,E:\cross_sucking\Pen 3 - Group 1\PREWEANING\Day 1\CS_0427_PREWEAN_d1_p3_cow7_28082025_ch04-20250828084247_4655_4664.mp4,skipped_existing,1,1,Pen_3_PREWEAN_Day_1_28082025,Pen 3 - Group 1,PREWEAN,1,3,28082025,7,milk feeder|1|None|behind,4655.279,4664.773,4655.279,4664.773,G:\MONITORING CROSS SUCKING IN CALVES - KAPPEL - 2025\Pen 3 - Group 1\PREWEANING\Day 1\ch04_20250828084247.mp4,ch04_20250828084247.mp4,2776.779667,5553.531334,1878.499333,1887.993333
446,CS_0428_PREWEAN_d1_p3_cowO_28082025_ch04-20250828101639_10169_10418.mp4,Pen 3 - Group 1\PREWEANING\Day 1\CS_0428_PREWEAN_d1_p3_cowO_28082025_ch04-20250828101639_10169_10418.mp4,E:\cross_sucking\Pen 3 - Group 1\PREWEANING\Day 1\CS_0428_PREWEAN_d1_p3_cowO_28082025_ch04-20250828101639_10169_10418.mp4,skipped_existing,1,1,Pen_3_PREWEAN_Day_1_28082025,Pen 3 - Group 1,PREWEAN,1,3,28082025,O,milk feeder|6|None|behind,10169.019,10418.543,10169.019,10418.543,G:\MONITORING CROSS SUCKING IN CALVES - KAPPEL - 2025\Pen 3 - Group 1\PREWEANING\Day 1\ch04_20250828101639.mp4,ch04_20250828101639.mp4,8329.765001,11106.561668,1839.253999,2088.777999
447,CS_0429_PREWEAN_d1_p3_cow1_28082025_ch04-20250828110335_11741_11764.mp4,Pen 3 - Group 1\PREWEANING\Day 1\CS_0429_PREWEAN_d1_p3_cow1_28082025_ch04-20250828110335_11741_11764.mp4,E:\cross_sucking\Pen 3 - Group 1\PREWEANING\Day 1\CS_0429_PREWEAN_d1_p3_cow1_28082025_ch04-20250828110335_11741_11764.mp4,skipped_existing,1,1,Pen_3_PREWEAN_Day_1_28082025,Pen 3 - Group 1,PREWEAN,1,3,28082025,1,hay|6|None|lying down,11741.206,11764.73,11741.206,11764.73,G:\MONITORING CROSS SUCKING IN CALVES - KAPPEL - 2025\Pen 3 - Group 1\PREWEANING\Day 1\ch04_20250828110335.mp4,ch04_20250828110335.mp4,11106.561668,13883.296335,634.644332,658.168332
448,CS_0430_PREWEAN_d1_p3_cow1_28082025_ch04-20250828123726_16807_16844.mp4,Pen 3 - Group 1\PREWEANING\Day 1\CS_0430_PREWEAN_d1_p3_cow1_28082025_ch04-20250828123726_16807_16844.mp4,E:\cross_sucking\Pen 3 - Group 1\PREWEANING\Day 1\CS_0430_PREWEAN_d1_p3_cow1_28082025_ch04-20250828123726_16807_16844.mp4,skipped_existing,1,1,Pen_3_PREWEAN_Day_1_28082025,Pen 3 - Group 1,PREWEAN,1,3,28082025,1,other|2|None|side,16807.314,16844.463,16807.314,16844.463,G:\MONITORING CROSS SUCKING IN CALVES - KAPPEL - 2025\Pen 3 - Group 1\PREWEANING\Day 1\ch04_20250828123726.mp4,ch04_20250828123726.mp4,16658.669002,19435.416669,148.644998,185.793998
449,CS_0431_PREWEAN_d1_p3_cow2_28082025_ch04-20250828123726_16855_16869.mp4,Pen 3 - Group 1\PREWEANING\Day 1\CS_0431_PREWEAN_d1_p3_cow2_28082025_ch04-20250828123726_16855_16869.mp4,E:\cross_sucking\Pen 3 - Group 1\PREWEANING\Day 1\CS_0431_PREWEAN_d1_p3_cow2_28082025_ch04-20250828123726_16855_16869.mp4,skipped_existing,1,1,Pen_3_PREWEAN_Day_1_28082025,Pen 3 - Group 1,PREWEAN,1,3,28082025,2,other|1|None|side,16855.05,16869.541,16855.05,16869.541,G:\MONITORING CROSS SUCKING IN CALVES - KAPPEL - 2025\Pen 3 - Group 1\PREWEANING\Day 1\ch04_20250828123726.mp4,ch04_20250828123726.mp4,16658.669002,19435.416669,196.380998,210.871998
450,CS_0432_PREWEAN_d1_p3_cow7_28082025_ch04-20250828123726_17921_17933.mp4,Pen 3 - Group 1\PREWEANING\Day 1\CS_0432_PREWEAN_d1_p3_cow7_28082025_ch04-20250828123726_17921_17933.mp4,E:\cross_sucking\Pen 3 - Group 1\PREWEANING\Day 1\CS_0432_PREWEAN_d1_p3_cow7_28082025_ch04-20250828123726_17921_17933.mp4,skipped_existing,1,1,Pen_3_PREWEAN_Day_1_28082025,Pen 3 - Group 1,PREWEAN,1,3,28082025,7,other|1|None|behind,17921.815,17933.585,17921.815,17933.585,G:\MONITORING CROSS SUCKING IN CALVES - KAPPEL - 2025\Pen 3 - Group 1\PREWEANING\Day 1\ch04_20250828123726.mp4,ch04_20250828123726.mp4,16658.669002,19435.416669,1263.145998,1274.915998
451,CS_0433_PREWEAN_d1_p3_cow7_28082025_ch04-20250828123726_17943_17985.mp4,Pen 3 - Group 1\PREWEANING\Day 1\CS_0433_PREWEAN_d1_p3_cow7_28082025_ch04-20250828123726_17943_17985.mp4,E:\cross_sucking\Pen 3 - Group 1\PREWEANING\Day 1\CS_0433_PREWEAN_d1_p3_cow7_28082025_ch04-20250828123726_17943_17985.mp4,skipped_existing,1,1,Pen_3_PREWEAN_Day_1_28082025,Pen 3 - Group 1,PREWEAN,1,3,28082025,7,other|1|None|behind,17943.834,17985.604,17943.834,17985.604,G:\MONITORING CROSS SUCKING IN CALVES - KAPPEL - 2025\Pen 3 - Group 1\PREWEANING\Day 1\ch04_20250828123726.mp4,ch04_20250828123726.mp4,16658.669002,19435.416669,1285.164998,1326.934998
452,CS_0434_PREWEAN_d1_p3_cow7_28082025_ch04-20250828123726_17996_18005.mp4,Pen 3 - Group 1\PREWEANING\Day 1\CS_0434_PREWEAN_d1_p3_cow7_28082025_ch04-20250828123726_17996_18005.mp4,E:\cross_sucking\Pen 3 - Group 1\PREWEANING\Day 1\CS_0434_PREWEAN_d1_p3_cow7_28082025_ch04-20250828123726_17996_18005.mp4,skipped_existing,1,1,Pen_3_PREWEAN_Day_1_28082025,Pen 3 - Group 1,PREWEAN,1,3,28082025,7,other|1|None|behind,17996.751,18005.948,17996.751,18005.948,G:\MONITORING CROSS SUCKING IN CALVES - KAPPEL - 2025\Pen 3 - Group 1\PREWEANING\Day 1\ch04_20250828123726.mp4,ch04_20250828123726.mp4,16658.669002,19435.416669,1338.081998,1347.278998
453,CS_0435_PREWEAN_d1_p3_cow7_28082025_ch04-20250828123726_18080_18086.mp4,Pen 3 - Group 1\PREWEANING\Day 1\CS_0435_PREWEAN_d1_p3_cow7_28082025_ch04-20250828123726_18080_18086.mp4,E:\cross_sucking\Pen 3 - Group 1\PREWEANING\Day 1\CS_0435_PREWEAN_d1_p3_cow7_28082025_ch04-20250828123726_18080_18086.mp4,skipped_existing,1,1,Pen_3_PREWEAN_Day_1_28082025,Pen 3 - Group 1,PREWEAN,1,3,28082025,7,other|1|None|behind,18080.871,18086.752,18080.871,18086.752,G:\MONITORING CROSS SUCKING IN CALVES - KAPPEL - 2025\Pen 3 - Group 1\PREWEANING\Day 1\ch04_20250828123726.mp4,ch04_20250828123726.mp4,16658.669002,19435.416669,1422.201998,1428.082998
454,CS_0436_PREWEAN_d1_p3_cow1_28082025_ch04-20250828145812_25747_25866.mp4,Pen 3 - Group 1\PREWEANING\Day 1\CS_0436_PREWEAN_d1_p3_cow1_28082025_ch04-20250828145812_25747_25866.mp4,E:\cross_sucking\Pen 3 - Group 1\PREWEANING\Day 1\CS_0436_PREWEAN_d1_p3_cow1_28082025_ch04-20250828145812_25747_25866.mp4,skipped_existing,1,1,Pen_3_PREWEAN_Day_1_28082025,Pen 3 - Group 1,PREWEAN,1,3,28082025,1,other|3|None|lying down,25747.065,25866.592,25747.065,25866.592,G:\MONITORING CROSS SUCKING IN CALVES - KAPPEL - 2025\Pen 3 - Group 1\PREWEANING\Day 1\ch04_20250828145812.mp4,ch04_20250828145812.mp4,24988.052003,27764.87767,759.012997,878.539997
455,CS_0437_PREWEAN_d1_p3_cow3_28082025_ch04-20250828154508_29543_29570.mp4,Pen 3 - Group 1\PREWEANING\Day 1\CS_0437_PREWEAN_d1_p3_cow3_28082025_ch04-20250828154508_29543_29570.mp4,E:\cross_sucking\Pen 3 - Group 1\PREWEANING\Day 1\CS_0437_PREWEAN_d1_p3_cow3_28082025_ch04-20250828154508_29543_29570.mp4,skipped_existing,1,1,Pen_3_PREWEAN_Day_1_28082025,Pen 3 - Group 1,PREWEAN,1,3,28082025,3,other|2|None|side,29543.727,29570.38,29543.727,29570.38,G:\MONITORING CROSS SUCKING IN CALVES - KAPPEL - 2025\Pen 3 - Group 1\PREWEANING\Day 1\ch04_20250828154508.mp4,ch04_20250828154508.mp4,27764.87767,30541.525337,1778.84933,1805.50233
456,CS_0438_PREWEAN_d1_p3_cow3_28082025_ch04-20250828154508_29620_29630.mp4,Pen 3 - Group 1\PREWEANING\Day 1\CS_0438_PREWEAN_d1_p3_cow3_28082025_ch04-20250828154508_29620_29630.mp4,E:\cross_sucking\Pen 3 - Group 1\PREWEANING\Day 1\CS_0438_PREWEAN_d1_p3_cow3_28082025_ch04-20250828154508_29620_29630.mp4,skipped_existing,1,1,Pen_3_PREWEAN_Day_1_28082025,Pen 3 - Group 1,PREWEAN,1,3,28082025,3,other|2|None|side,29620.971,29630.1,29620.971,29630.1,G:\MONITORING CROSS SUCKING IN CALVES - KAPPEL - 2025\Pen 3 - Group 1\PREWEANING\Day 1\ch04_20250828154508.mp4,ch04_20250828154508.mp4,27764.87767,30541.525337,1856.09333,1865.22233
457,CS_0439_PREWEAN_d1_p3_cow1_28082025_ch04-20250828171859_33917_33922.mp4,Pen 3 - Group 1\PREWEANING\Day 1\CS_0439_PREWEAN_d1_p3_cow1_28082025_ch04-20250828171859_33917_33922.mp4,E:\cross_sucking\Pen 3 - Group 1\PREWEANING\Day 1\CS_0439_PREWEAN_d1_p3_cow1_28082025_ch04-20250828171859_33917_33922.mp4,skipped_existing,1,1,Pen_3_PREWEAN_Day_1_28082025,Pen 3 - Group 1,PREWEAN,1,3,28082025,1,other|3|None|side,33917.545,33922.708,33917.545,33922.708,G:\MONITORING CROSS SUCKING IN CALVES - KAPPEL - 2025\Pen 3 - Group 1\PREWEANING\Day 1\ch04_20250828171859.mp4,ch04_20250828171859.mp4,33317.352004,36092.119671,600.192996,605.355996
458,CS_0440_PREWEAN_d1_p3_cow3_28082025_ch04-20250828180553_37786_37792.mp4,Pen 3 - Group 1\PREWEANING\Day 1\CS_0440_PREWEAN_d1_p3_cow3_28082025_ch04-20250828180553_37786_37792.mp4,E:\cross_sucking\Pen 3 - Group 1\PREWEANING\Day 1\CS_0440_PREWEAN_d1_p3_cow3_28082025_ch04-20250828180553_37786_37792.mp4,skipped_existing,1,1,Pen_3_PREWEAN_Day_1_28082025,Pen 3 - Group 1,PREWEAN,1,3,28082025,3,other|2|None|side,37786.252,37792.932,37786.252,37792.932,G:\MONITORING CROSS SUCKING IN CALVES - KAPPEL - 2025\Pen 3 - Group 1\PREWEANING\Day 1\ch04_20250828180553.mp4,ch04_20250828180553.mp4,36092.119671,38868.791338,1694.132329,1700.812329
459,CS_0441_PREWEAN_d1_p3_cow3_28082025_ch04-20250828180553_37860_37926.mp4,Pen 3 - Group 1\PREWEANING\Day 1\CS_0441_PREWEAN_d1_p3_cow3_28082025_ch04-20250828180553_37860_37926.mp4,E:\cross_sucking\Pen 3 - Group 1\PREWEANING\Day 1\CS_0441_PREWEAN_d1_p3_cow3_28082025_ch04-20250828180553_37860_37926.mp4,skipped_existing,1,1,Pen_3_PREWEAN_Day_1_28082025,Pen 3 - Group 1,PREWEAN,1,3,28082025,3,other|2|None|side,37860.339,37926.123,37860.339,37926.123,G:\MONITORING CROSS SUCKING IN CALVES - KAPPEL - 2025\Pen 3 - Group 1\PREWEANING\Day 1\ch04_20250828180553.mp4,ch04_20250828180553.mp4,36092.119671,38868.791338,1768.219329,1834.003329
460,CS_0442_PREWEAN_d1_p3_cow3_28082025_ch04-20250828180553_37929_38028.mp4,Pen 3 - Group 1\PREWEANING\Day 1\CS_0442_PREWEAN_d1_p3_cow3_28082025_ch04-20250828180553_37929_38028.mp4,E:\cross_sucking\Pen 3 - Group 1\PREWEANING\Day 1\CS_0442_PREWEAN_d1_p3_cow3_28082025_ch04-20250828180553_37929_38028.mp4,skipped_existing,1,1,Pen_3_PREWEAN_Day_1_28082025,Pen 3 - Group 1,PREWEAN,1,3,28082025,3,other|2|None|side,37929.937,38028.21,37929.937,38028.21,G:\MONITORING CROSS SUCKING IN CALVES - KAPPEL - 2025\Pen 3 - Group 1\PREWEANING\Day 1\ch04_20250828180553.mp4,ch04_20250828180553.mp4,36092.119671,38868.791338,1837.817329,1936.090329
461,CS_0443_PREWEAN_d1_p3_cow1_28082025_ch04-20250828220031_50227_50256.mp4,Pen 3 - Group 1\PREWEANING\Day 1\CS_0443_PREWEAN_d1_p3_cow1_28082025_ch04-20250828220031_50227_50256.mp4,E:\cross_sucking\Pen 3 - Group 1\PREWEANING\Day 1\CS_0443_PREWEAN_d1_p3_cow1_28082025_ch04-20250828220031_50227_50256.mp4,skipped_existing,1,1,Pen_3_PREWEAN_Day_1_28082025,Pen 3 - Group 1,PREWEAN,1,3,28082025,1,hay|A|None|side,50227.229,50256.724,50227.229,50256.724,G:\MONITORING CROSS SUCKING IN CALVES - KAPPEL - 2025\Pen 3 - Group 1\PREWEANING\Day 1\ch04_20250828220031.mp4,ch04_20250828220031.mp4,49974.906006,52751.958673,252.322994,281.817994
462,CS_0444_PREWEAN_d1_p3_cow1_28082025_ch04-20250828220031_50275_50298.mp4,Pen 3 - Group 1\PREWEANING\Day 1\CS_0444_PREWEAN_d1_p3_cow1_28082025_ch04-20250828220031_50275_50298.mp4,E:\cross_sucking\Pen 3 - Group 1\PREWEANING\Day 1\CS_0444_PREWEAN_d1_p3_cow1_28082025_ch04-20250828220031_50275_50298.mp4,skipped_existing,1,1,Pen_3_PREWEAN_Day_1_28082025,Pen 3 - Group 1,PREWEAN,1,3,28082025,1,hay|A|None|side,50275.523,50298.986,50275.523,50298.986,G:\MONITORING CROSS SUCKING IN CALVES - KAPPEL - 2025\Pen 3 - Group 1\PREWEANING\Day 1\ch04_20250828220031.mp4,ch04_20250828220031.mp4,49974.906006,52751.958673,300.616994,324.079994
463,CS_0445_PREWEAN_d1_p3_cow1_28082025_ch04-20250828233422_57778_57788.mp4,Pen 3 - Group 1\PREWEANING\Day 1\CS_0445_PREWEAN_d1_p3_cow1_28082025_ch04-20250828233422_57778_57788.mp4,E:\cross_sucking\Pen 3 - Group 1\PREWEANING\Day 1\CS_0445_PREWEAN_d1_p3_cow1_28082025_ch04-20250828233422_57778_57788.mp4,skipped_existing,1,1,Pen_3_PREWEAN_Day_1_28082025,Pen 3 - Group 1,PREWEAN,1,3,28082025,1,other|2|None|side,57778.326,57788.453,57778.326,57788.453,G:\MONITORING CROSS SUCKING IN CALVES - KAPPEL - 2025\Pen 3 - Group 1\PREWEANING\Day 1\ch04_20250828233422.mp4,ch04_20250828233422.mp4,55528.49334,58304.484007,2249.83266,2259.95966
464,CS_0446_PREWEAN_d1_p3_cowO_28082025_ch04-20250829050250_77385_77394.mp4,Pen 3 - Group 1\PREWEANING\Day 1\CS_0446_PREWEAN_d1_p3_cowO_28082025_ch04-20250829050250_77385_77394.mp4,E:\cross_sucking\Pen 3 - Group 1\PREWEANING\Day 1\CS_0446_PREWEAN_d1_p3_cowO_28082025_ch04-20250829050250_77385_77394.mp4,skipped_existing,1,1,Pen_3_PREWEAN_Day_1_28082025,Pen 3 - Group 1,PREWEAN,1,3,28082025,O,other|2|None|side,77385.95,77394.148,77385.95,77394.148,G:\MONITORING CROSS SUCKING IN CALVES - KAPPEL - 2025\Pen 3 - Group 1\PREWEANING\Day 1\ch04_20250829050250.mp4,ch04_20250829050250.mp4,74964.018009,77740.265676,2421.931991,2430.129991
465,CS_0447_PREWEAN_d1_p3_cow1_28082025_ch04-20250829054946_78387_78435.mp4,Pen 3 - Group 1\PREWEANING\Day 1\CS_0447_PREWEAN_d1_p3_cow1_28082025_ch04-20250829054946_78387_78435.mp4,E:\cross_sucking\Pen 3 - Group 1\PREWEANING\Day 1\CS_0447_PREWEAN_d1_p3_cow1_28082025_ch04-20250829054946_78387_78435.mp4,skipped_existing,1,1,Pen_3_PREWEAN_Day_1_28082025,Pen 3 - Group 1,PREWEAN,1,3,28082025,1,grain feeder|2|None|side,78387.983,78435.137,78387.983,78435.137,G:\MONITORING CROSS SUCKING IN CALVES - KAPPEL - 2025\Pen 3 - Group 1\PREWEANING\Day 1\ch04_20250829054946.mp4,ch04_20250829054946.mp4,77740.265676,80516.248343,647.717324,694.871324
466,CS_0448_PREWEAN_d2_p3_cow3_29082025_ch04-20250829081030_3955_3978.mp4,Pen 3 - Group 1\PREWEANING\Day 2\CS_0448_PREWEAN_d2_p3_cow3_29082025_ch04-20250829081030_3955_3978.mp4,E:\cross_sucking\Pen 3 - Group 1\PREWEANING\Day 2\CS_0448_PREWEAN_d2_p3_cow3_29082025_ch04-20250829081030_3955_3978.mp4,skipped_existing,1,1,Pen_3_PREWEAN_Day_2_29082025,Pen 3 - Group 1,PREWEAN,2,3,29082025,3,hay|O|None|side,3955.845,3978.087,3955.845,3978.087,G:\MONITORING CROSS SUCKING IN CALVES - KAPPEL - 2025\Pen 3 - Group 1\PREWEANING\Day 2\ch04_20250829081030.mp4,ch04_20250829081030.mp4,2775.756667,5552.763334,1180.088333,1202.330333
467,CS_0449_PREWEAN_d2_p3_cow3_29082025_ch04-20250829120509_18742_18743.mp4,Pen 3 - Group 1\PREWEANING\Day 2\CS_0449_PREWEAN_d2_p3_cow3_29082025_ch04-20250829120509_18742_18743.mp4,E:\cross_sucking\Pen 3 - Group 1\PREWEANING\Day 2\CS_0449_PREWEAN_d2_p3_cow3_29082025_ch04-20250829120509_18742_18743.mp4,skipped_existing,1,1,Pen_3_PREWEAN_Day_2_29082025,Pen 3 - Group 1,PREWEAN,2,3,29082025,3,other|O|None|behind,18742.076,18743.527,18742.076,18743.527,G:\MONITORING CROSS SUCKING IN CALVES - KAPPEL - 2025\Pen 3 - Group 1\PREWEANING\Day 2\ch04_20250829120509.mp4,ch04_20250829120509.mp4,16659.248002,19434.832669,2082.827998,2084.278998
468,CS_0450_PREWEAN_d2_p3_cow3_29082025_ch04-20250829120509_18760_18802.mp4,Pen 3 - Group 1\PREWEANING\Day 2\CS_0450_PREWEAN_d2_p3_cow3_29082025_ch04-20250829120509_18760_18802.mp4,E:\cross_sucking\Pen 3 - Group 1\PREWEANING\Day 2\CS_0450_PREWEAN_d2_p3_cow3_29082025_ch04-20250829120509_18760_18802.mp4,skipped_existing,1,1,Pen_3_PREWEAN_Day_2_29082025,Pen 3 - Group 1,PREWEAN,2,3,29082025,3,other|7|None|side,18760.259,18802.412,18760.259,18802.412,G:\MONITORING CROSS SUCKING IN CALVES - KAPPEL - 2025\Pen 3 - Group 1\PREWEANING\Day 2\ch04_20250829120509.mp4,ch04_20250829120509.mp4,16659.248002,19434.832669,2101.010998,2143.163998
469,CS_0451_PREWEAN_d2_p3_cow3_29082025_ch04-20250829120509_18809_18822.mp4,Pen 3 - Group 1\PREWEANING\Day 2\CS_0451_PREWEAN_d2_p3_cow3_29082025_ch04-20250829120509_18809_18822.mp4,E:\cross_sucking\Pen 3 - Group 1\PREWEANING\Day 2\CS_0451_PREWEAN_d2_p3_cow3_29082025_ch04-20250829120509_18809_18822.mp4,skipped_existing,1,1,Pen_3_PREWEAN_Day_2_29082025,Pen 3 - Group 1,PREWEAN,2,3,29082025,3,other|7|None|behind,18809.436,18822.838,18809.436,18822.838,G:\MONITORING CROSS SUCKING IN CALVES - KAPPEL - 2025\Pen 3 - Group 1\PREWEANING\Day 2\ch04_20250829120509.mp4,ch04_20250829120509.mp4,16659.248002,19434.832669,2150.187998,2163.589998
470,CS_0452_PREWEAN_d2_p3_cow2_29082025_ch04-20250829125204_22120_22249_part01.mp4,Pen 3 - Group 1\PREWEANING\Day 2\CS_0452_PREWEAN_d2_p3_cow2_29082025_ch04-20250829125204_22120_22249_part01.mp4,E:\cross_sucking\Pen 3 - Group 1\PREWEANING\Day 2\CS_0452_PREWEAN_d2_p3_cow2_29082025_ch04-20250829125204_22120_22249_part01.mp4,skipped_existing,1,2,Pen_3_PREWEAN_Day_2_29082025,Pen 3 - Group 1,PREWEAN,2,3,29082025,2,other|T|None|lying down,22120.897,22249.92,22120.897,22211.206336,G:\MONITORING CROSS SUCKING IN CALVES - KAPPEL - 2025\Pen 3 - Group 1\PREWEANING\Day 2\ch04_20250829125204.mp4,ch04_20250829125204.mp4,19434.832669,22211.206336,2686.064331,2776.373667
471,CS_0452_PREWEAN_d2_p3_cow2_29082025_ch04-20250829125204_22120_22249_part02.mp4,Pen 3 - Group 1\PREWEANING\Day 2\CS_0452_PREWEAN_d2_p3_cow2_29082025_ch04-20250829125204_22120_22249_part02.mp4,E:\cross_sucking\Pen 3 - Group 1\PREWEANING\Day 2\CS_0452_PREWEAN_d2_p3_cow2_29082025_ch04-20250829125204_22120_22249_part02.mp4,skipped_existing,2,2,Pen_3_PREWEAN_Day_2_29082025,Pen 3 - Group 1,PREWEAN,2,3,29082025,2,other|T|None|lying down,22120.897,22249.92,22211.206336,22249.92,G:\MONITORING CROSS SUCKING IN CALVES - KAPPEL - 2025\Pen 3 - Group 1\PREWEANING\Day 2\ch04_20250829133859.mp4,ch04_20250829133859.mp4,22211.206336,24988.581003,0.0,38.713664
472,CS_0453_PREWEAN_d2_p3_cow2_29082025_ch04-20250829133859_22258_22277.mp4,Pen 3 - Group 1\PREWEANING\Day 2\CS_0453_PREWEAN_d2_p3_cow2_29082025_ch04-20250829133859_22258_22277.mp4,E:\cross_sucking\Pen 3 - Group 1\PREWEANING\Day 2\CS_0453_PREWEAN_d2_p3_cow2_29082025_ch04-20250829133859_22258_22277.mp4,skipped_existing,1,1,Pen_3_PREWEAN_Day_2_29082025,Pen 3 - Group 1,PREWEAN,2,3,29082025,2,other|T|None|lying down,22258.961,22277.399,22258.961,22277.399,G:\MONITORING CROSS SUCKING IN CALVES - KAPPEL - 2025\Pen 3 - Group 1\PREWEANING\Day 2\ch04_20250829133859.mp4,ch04_20250829133859.mp4,22211.206336,24988.581003,47.754664,66.192664
473,CS_0454_PREWEAN_d2_p3_cow2_29082025_ch04-20250829133859_22287_22344.mp4,Pen 3 - Group 1\PREWEANING\Day 2\CS_0454_PREWEAN_d2_p3_cow2_29082025_ch04-20250829133859_22287_22344.mp4,E:\cross_sucking\Pen 3 - Group 1\PREWEANING\Day 2\CS_0454_PREWEAN_d2_p3_cow2_29082025_ch04-20250829133859_22287_22344.mp4,skipped_existing,1,1,Pen_3_PREWEAN_Day_2_29082025,Pen 3 - Group 1,PREWEAN,2,3,29082025,2,other|T|None|lying down,22287.128,22344.08,22287.128,22344.08,G:\MONITORING CROSS SUCKING IN CALVES - KAPPEL - 2025\Pen 3 - Group 1\PREWEANING\Day 2\ch04_20250829133859.mp4,ch04_20250829133859.mp4,22211.206336,24988.581003,75.921664,132.873664
474,CS_0455_PREWEAN_d2_p3_cowT_29082025_ch04-20250829142555_25454_25457.mp4,Pen 3 - Group 1\PREWEANING\Day 2\CS_0455_PREWEAN_d2_p3_cowT_29082025_ch04-20250829142555_25454_25457.mp4,E:\cross_sucking\Pen 3 - Group 1\PREWEANING\Day 2\CS_0455_PREWEAN_d2_p3_cowT_29082025_ch04-20250829142555_25454_25457.mp4,skipped_existing,1,1,Pen_3_PREWEAN_Day_2_29082025,Pen 3 - Group 1,PREWEAN,2,3,29082025,T,hay|2|None|side,25454.387,25457.508,25454.387,25457.508,G:\MONITORING CROSS SUCKING IN CALVES - KAPPEL - 2025\Pen 3 - Group 1\PREWEANING\Day 2\ch04_20250829142555.mp4,ch04_20250829142555.mp4,24988.581003,27765.30867,465.805997,468.926997
475,CS_0456_PREWEAN_d2_p3_cowO_29082025_ch04-20250829142555_25692_25699.mp4,Pen 3 - Group 1\PREWEANING\Day 2\CS_0456_PREWEAN_d2_p3_cowO_29082025_ch04-20250829142555_25692_25699.mp4,E:\cross_sucking\Pen 3 - Group 1\PREWEANING\Day 2\CS_0456_PREWEAN_d2_p3_cowO_29082025_ch04-20250829142555_25692_25699.mp4,skipped_existing,1,1,Pen_3_PREWEAN_Day_2_29082025,Pen 3 - Group 1,PREWEAN,2,3,29082025,O,other|2|None|side,25692.823,25699.494,25692.823,25699.494,G:\MONITORING CROSS SUCKING IN CALVES - KAPPEL - 2025\Pen 3 - Group 1\PREWEANING\Day 2\ch04_20250829142555.mp4,ch04_20250829142555.mp4,24988.581003,27765.30867,704.241997,710.912997
476,CS_0457_PREWEAN_d2_p3_cowA_29082025_ch04-20250829142555_26012_26019.mp4,Pen 3 - Group 1\PREWEANING\Day 2\CS_0457_PREWEAN_d2_p3_cowA_29082025_ch04-20250829142555_26012_26019.mp4,E:\cross_sucking\Pen 3 - Group 1\PREWEANING\Day 2\CS_0457_PREWEAN_d2_p3_cowA_29082025_ch04-20250829142555_26012_26019.mp4,skipped_existing,1,1,Pen_3_PREWEAN_Day_2_29082025,Pen 3 - Group 1,PREWEAN,2,3,29082025,A,milk feeder|2|None|behind,26012.161,26019.229,26012.161,26019.229,G:\MONITORING CROSS SUCKING IN CALVES - KAPPEL - 2025\Pen 3 - Group 1\PREWEANING\Day 2\ch04_20250829142555.mp4,ch04_20250829142555.mp4,24988.581003,27765.30867,1023.579997,1030.647997
477,CS_0458_PREWEAN_d2_p3_cowA_29082025_ch04-20250829142555_26027_26031.mp4,Pen 3 - Group 1\PREWEANING\Day 2\CS_0458_PREWEAN_d2_p3_cowA_29082025_ch04-20250829142555_26027_26031.mp4,E:\cross_sucking\Pen 3 - Group 1\PREWEANING\Day 2\CS_0458_PREWEAN_d2_p3_cowA_29082025_ch04-20250829142555_26027_26031.mp4,skipped_existing,1,1,Pen_3_PREWEAN_Day_2_29082025,Pen 3 - Group 1,PREWEAN,2,3,29082025,A,milk feeder|2|None|behind,26027.639,26031.093,26027.639,26031.093,G:\MONITORING CROSS SUCKING IN CALVES - KAPPEL - 2025\Pen 3 - Group 1\PREWEANING\Day 2\ch04_20250829142555.mp4,ch04_20250829142555.mp4,24988.581003,27765.30867,1039.057997,1042.511997
478,CS_0459_PREWEAN_d2_p3_cow2_29082025_ch04-20250829142555_26079_26098.mp4,Pen 3 - Group 1\PREWEANING\Day 2\CS_0459_PREWEAN_d2_p3_cow2_29082025_ch04-20250829142555_26079_26098.mp4,E:\cross_sucking\Pen 3 - Group 1\PREWEANING\Day 2\CS_0459_PREWEAN_d2_p3_cow2_29082025_ch04-20250829142555_26079_26098.mp4,skipped_existing,1,1,Pen_3_PREWEAN_Day_2_29082025,Pen 3 - Group 1,PREWEAN,2,3,29082025,2,hay|6|None|behind,26079.829,26098.729,26079.829,26098.729,G:\MONITORING CROSS SUCKING IN CALVES - KAPPEL - 2025\Pen 3 - Group 1\PREWEANING\Day 2\ch04_20250829142555.mp4,ch04_20250829142555.mp4,24988.581003,27765.30867,1091.247997,1110.147997
479,CS_0460_PREWEAN_d2_p3_cow2_29082025_ch04-20250829142555_26620_26622.mp4,Pen 3 - Group 1\PREWEANING\Day 2\CS_0460_PREWEAN_d2_p3_cow2_29082025_ch04-20250829142555_26620_26622.mp4,E:\cross_sucking\Pen 3 - Group 1\PREWEANING\Day 2\CS_0460_PREWEAN_d2_p3_cow2_29082025_ch04-20250829142555_26620_26622.mp4,skipped_existing,1,1,Pen_3_PREWEAN_Day_2_29082025,Pen 3 - Group 1,PREWEAN,2,3,29082025,2,hay|6|None|side,26620.203,26622.008,26620.203,26622.008,G:\MONITORING CROSS SUCKING IN CALVES - KAPPEL - 2025\Pen 3 - Group 1\PREWEANING\Day 2\ch04_20250829142555.mp4,ch04_20250829142555.mp4,24988.581003,27765.30867,1631.621997,1633.426997
480,CS_0461_PREWEAN_d2_p3_cowO_29082025_ch04-20250829151251_28297_28313.mp4,Pen 3 - Group 1\PREWEANING\Day 2\CS_0461_PREWEAN_d2_p3_cowO_29082025_ch04-20250829151251_28297_28313.mp4,E:\cross_sucking\Pen 3 - Group 1\PREWEANING\Day 2\CS_0461_PREWEAN_d2_p3_cowO_29082025_ch04-20250829151251_28297_28313.mp4,skipped_existing,1,1,Pen_3_PREWEAN_Day_2_29082025,Pen 3 - Group 1,PREWEAN,2,3,29082025,O,other|T|None|side,28297.974,28313.195,28297.974,28313.195,G:\MONITORING CROSS SUCKING IN CALVES - KAPPEL - 2025\Pen 3 - Group 1\PREWEANING\Day 2\ch04_20250829151251.mp4,ch04_20250829151251.mp4,27765.30867,30542.124337,532.66533,547.88633
481,CS_0462_PREWEAN_d2_p3_cowA_29082025_ch04-20250829164643_33780_33816.mp4,Pen 3 - Group 1\PREWEANING\Day 2\CS_0462_PREWEAN_d2_p3_cowA_29082025_ch04-20250829164643_33780_33816.mp4,E:\cross_sucking\Pen 3 - Group 1\PREWEANING\Day 2\CS_0462_PREWEAN_d2_p3_cowA_29082025_ch04-20250829164643_33780_33816.mp4,skipped_existing,1,1,Pen_3_PREWEAN_Day_2_29082025,Pen 3 - Group 1,PREWEAN,2,3,29082025,A,other|7|None|lying down,33780.129,33816.908,33780.129,33816.908,G:\MONITORING CROSS SUCKING IN CALVES - KAPPEL - 2025\Pen 3 - Group 1\PREWEANING\Day 2\ch04_20250829164643.mp4,ch04_20250829164643.mp4,33318.811004,36095.446671,461.317996,498.096996
482,CS_0463_PREWEAN_d2_p3_cowA_29082025_ch04-20250829164643_33821_33868.mp4,Pen 3 - Group 1\PREWEANING\Day 2\CS_0463_PREWEAN_d2_p3_cowA_29082025_ch04-20250829164643_33821_33868.mp4,E:\cross_sucking\Pen 3 - Group 1\PREWEANING\Day 2\CS_0463_PREWEAN_d2_p3_cowA_29082025_ch04-20250829164643_33821_33868.mp4,skipped_existing,1,1,Pen_3_PREWEAN_Day_2_29082025,Pen 3 - Group 1,PREWEAN,2,3,29082025,A,other|T|None|lying down,33821.379,33868.243,33821.379,33868.243,G:\MONITORING CROSS SUCKING IN CALVES - KAPPEL - 2025\Pen 3 - Group 1\PREWEANING\Day 2\ch04_20250829164643.mp4,ch04_20250829164643.mp4,33318.811004,36095.446671,502.567996,549.431996
483,CS_0464_PREWEAN_d2_p3_cowA_29082025_ch04-20250829164643_33868_33880.mp4,Pen 3 - Group 1\PREWEANING\Day 2\CS_0464_PREWEAN_d2_p3_cowA_29082025_ch04-20250829164643_33868_33880.mp4,E:\cross_sucking\Pen 3 - Group 1\PREWEANING\Day 2\CS_0464_PREWEAN_d2_p3_cowA_29082025_ch04-20250829164643_33868_33880.mp4,skipped_existing,1,1,Pen_3_PREWEAN_Day_2_29082025,Pen 3 - Group 1,PREWEAN,2,3,29082025,A,other|7|None|lying down,33868.244,33880.045,33868.244,33880.045,G:\MONITORING CROSS SUCKING IN CALVES - KAPPEL - 2025\Pen 3 - Group 1\PREWEANING\Day 2\ch04_20250829164643.mp4,ch04_20250829164643.mp4,33318.811004,36095.446671,549.432996,561.233996
484,CS_0465_PREWEAN_d2_p3_cowA_29082025_ch04-20250829164643_33899_33917.mp4,Pen 3 - Group 1\PREWEANING\Day 2\CS_0465_PREWEAN_d2_p3_cowA_29082025_ch04-20250829164643_33899_33917.mp4,E:\cross_sucking\Pen 3 - Group 1\PREWEANING\Day 2\CS_0465_PREWEAN_d2_p3_cowA_29082025_ch04-20250829164643_33899_33917.mp4,skipped_existing,1,1,Pen_3_PREWEAN_Day_2_29082025,Pen 3 - Group 1,PREWEAN,2,3,29082025,A,other|7|None|lying down,33899.142,33917.889,33899.142,33917.889,G:\MONITORING CROSS SUCKING IN CALVES - KAPPEL - 2025\Pen 3 - Group 1\PREWEANING\Day 2\ch04_20250829164643.mp4,ch04_20250829164643.mp4,33318.811004,36095.446671,580.330996,599.077996
485,CS_0466_PREWEAN_d2_p3_cowO_29082025_ch04-20250829164643_34607_34611.mp4,Pen 3 - Group 1\PREWEANING\Day 2\CS_0466_PREWEAN_d2_p3_cowO_29082025_ch04-20250829164643_34607_34611.mp4,E:\cross_sucking\Pen 3 - Group 1\PREWEANING\Day 2\CS_0466_PREWEAN_d2_p3_cowO_29082025_ch04-20250829164643_34607_34611.mp4,skipped_existing,1,1,Pen_3_PREWEAN_Day_2_29082025,Pen 3 - Group 1,PREWEAN,2,3,29082025,O,other|2|None|side,34607.566,34611.744,34607.566,34611.744,G:\MONITORING CROSS SUCKING IN CALVES - KAPPEL - 2025\Pen 3 - Group 1\PREWEANING\Day 2\ch04_20250829164643.mp4,ch04_20250829164643.mp4,33318.811004,36095.446671,1288.754996,1292.932996
486,CS_0467_PREWEAN_d2_p3_cowO_29082025_ch04-20250829164643_34613_34621.mp4,Pen 3 - Group 1\PREWEANING\Day 2\CS_0467_PREWEAN_d2_p3_cowO_29082025_ch04-20250829164643_34613_34621.mp4,E:\cross_sucking\Pen 3 - Group 1\PREWEANING\Day 2\CS_0467_PREWEAN_d2_p3_cowO_29082025_ch04-20250829164643_34613_34621.mp4,skipped_existing,1,1,Pen_3_PREWEAN_Day_2_29082025,Pen 3 - Group 1,PREWEAN,2,3,29082025,O,other|2|None|side,34613.585,34621.94,34613.585,34621.94,G:\MONITORING CROSS SUCKING IN CALVES - KAPPEL - 2025\Pen 3 - Group 1\PREWEANING\Day 2\ch04_20250829164643.mp4,ch04_20250829164643.mp4,33318.811004,36095.446671,1294.773996,1303.128996
487,CS_0468_PREWEAN_d2_p3_cowO_29082025_ch04-20250829164643_34627_34638.mp4,Pen 3 - Group 1\PREWEANING\Day 2\CS_0468_PREWEAN_d2_p3_cowO_29082025_ch04-20250829164643_34627_34638.mp4,E:\cross_sucking\Pen 3 - Group 1\PREWEANING\Day 2\CS_0468_PREWEAN_d2_p3_cowO_29082025_ch04-20250829164643_34627_34638.mp4,skipped_existing,1,1,Pen_3_PREWEAN_Day_2_29082025,Pen 3 - Group 1,PREWEAN,2,3,29082025,O,other|2|None|side,34627.928,34638.441,34627.928,34638.441,G:\MONITORING CROSS SUCKING IN CALVES - KAPPEL - 2025\Pen 3 - Group 1\PREWEANING\Day 2\ch04_20250829164643.mp4,ch04_20250829164643.mp4,33318.811004,36095.446671,1309.116996,1319.629996
488,CS_0469_PREWEAN_d2_p3_cow7_29082025_ch04-20250829164643_35815_35827.mp4,Pen 3 - Group 1\PREWEANING\Day 2\CS_0469_PREWEAN_d2_p3_cow7_29082025_ch04-20250829164643_35815_35827.mp4,E:\cross_sucking\Pen 3 - Group 1\PREWEANING\Day 2\CS_0469_PREWEAN_d2_p3_cow7_29082025_ch04-20250829164643_35815_35827.mp4,skipped_existing,1,1,Pen_3_PREWEAN_Day_2_29082025,Pen 3 - Group 1,PREWEAN,2,3,29082025,7,other|A|None|lying down,35815.554,35827.528,35815.554,35827.528,G:\MONITORING CROSS SUCKING IN CALVES - KAPPEL - 2025\Pen 3 - Group 1\PREWEANING\Day 2\ch04_20250829164643.mp4,ch04_20250829164643.mp4,33318.811004,36095.446671,2496.742996,2508.716996
489,CS_0470_PREWEAN_d2_p3_cow2_29082025_ch04-20250829173339_36274_36281.mp4,Pen 3 - Group 1\PREWEANING\Day 2\CS_0470_PREWEAN_d2_p3_cow2_29082025_ch04-20250829173339_36274_36281.mp4,E:\cross_sucking\Pen 3 - Group 1\PREWEANING\Day 2\CS_0470_PREWEAN_d2_p3_cow2_29082025_ch04-20250829173339_36274_36281.mp4,skipped_existing,1,1,Pen_3_PREWEAN_Day_2_29082025,Pen 3 - Group 1,PREWEAN,2,3,29082025,2,milk feeder|6|None|side,36274.831,36281.928,36274.831,36281.928,G:\MONITORING CROSS SUCKING IN CALVES - KAPPEL - 2025\Pen 3 - Group 1\PREWEANING\Day 2\ch04_20250829173339.mp4,ch04_20250829173339.mp4,36095.446671,38871.940338,179.384329,186.481329
490,CS_0471_PREWEAN_d2_p3_cow3_29082025_ch04-20250829173339_36523_36534.mp4,Pen 3 - Group 1\PREWEANING\Day 2\CS_0471_PREWEAN_d2_p3_cow3_29082025_ch04-20250829173339_36523_36534.mp4,E:\cross_sucking\Pen 3 - Group 1\PREWEANING\Day 2\CS_0471_PREWEAN_d2_p3_cow3_29082025_ch04-20250829173339_36523_36534.mp4,skipped_existing,1,1,Pen_3_PREWEAN_Day_2_29082025,Pen 3 - Group 1,PREWEAN,2,3,29082025,3,other|O|None|side,36523.049,36534.637,36523.049,36534.637,G:\MONITORING CROSS SUCKING IN CALVES - KAPPEL - 2025\Pen 3 - Group 1\PREWEANING\Day 2\ch04_20250829173339.mp4,ch04_20250829173339.mp4,36095.446671,38871.940338,427.602329,439.190329
491,CS_0472_PREWEAN_d2_p3_cow2_29082025_ch04-20250829182035_39172_39181.mp4,Pen 3 - Group 1\PREWEANING\Day 2\CS_0472_PREWEAN_d2_p3_cow2_29082025_ch04-20250829182035_39172_39181.mp4,E:\cross_sucking\Pen 3 - Group 1\PREWEANING\Day 2\CS_0472_PREWEAN_d2_p3_cow2_29082025_ch04-20250829182035_39172_39181.mp4,skipped_existing,1,1,Pen_3_PREWEAN_Day_2_29082025,Pen 3 - Group 1,PREWEAN,2,3,29082025,2,other|1|None|lying down,39172.892,39181.514,39172.892,39181.514,G:\MONITORING CROSS SUCKING IN CALVES - KAPPEL - 2025\Pen 3 - Group 1\PREWEANING\Day 2\ch04_20250829182035.mp4,ch04_20250829182035.mp4,38871.940338,41647.893005,300.951662,309.573662
492,CS_0473_PREWEAN_d2_p3_cowO_29082025_ch04-20250829182035_39750_39768.mp4,Pen 3 - Group 1\PREWEANING\Day 2\CS_0473_PREWEAN_d2_p3_cowO_29082025_ch04-20250829182035_39750_39768.mp4,E:\cross_sucking\Pen 3 - Group 1\PREWEANING\Day 2\CS_0473_PREWEAN_d2_p3_cowO_29082025_ch04-20250829182035_39750_39768.mp4,skipped_existing,1,1,Pen_3_PREWEAN_Day_2_29082025,Pen 3 - Group 1,PREWEAN,2,3,29082025,O,other|2|None|lying down,39750.73,39768.317,39750.73,39768.317,G:\MONITORING CROSS SUCKING IN CALVES - KAPPEL - 2025\Pen 3 - Group 1\PREWEANING\Day 2\ch04_20250829182035.mp4,ch04_20250829182035.mp4,38871.940338,41647.893005,878.789662,896.376662
493,CS_0474_PREWEAN_d2_p3_cowT_29082025_ch04-20250829221511_55506_55512.mp4,Pen 3 - Group 1\PREWEANING\Day 2\CS_0474_PREWEAN_d2_p3_cowT_29082025_ch04-20250829221511_55506_55512.mp4,E:\cross_sucking\Pen 3 - Group 1\PREWEANING\Day 2\CS_0474_PREWEAN_d2_p3_cowT_29082025_ch04-20250829221511_55506_55512.mp4,skipped_existing,1,1,Pen_3_PREWEAN_Day_2_29082025,Pen 3 - Group 1,PREWEAN,2,3,29082025,T,None|2|None|behind,55506.606,55512.032,55506.606,55512.032,G:\MONITORING CROSS SUCKING IN CALVES - KAPPEL - 2025\Pen 3 - Group 1\PREWEANING\Day 2\ch04_20250829221511.mp4,ch04_20250829221511.mp4,52751.990673,55528.81534,2754.615327,2760.041327
494,CS_0475_PREWEAN_d2_p3_cow1_29082025_ch04-20250829230207_56226_56236.mp4,Pen 3 - Group 1\PREWEANING\Day 2\CS_0475_PREWEAN_d2_p3_cow1_29082025_ch04-20250829230207_56226_56236.mp4,E:\cross_sucking\Pen 3 - Group 1\PREWEANING\Day 2\CS_0475_PREWEAN_d2_p3_cow1_29082025_ch04-20250829230207_56226_56236.mp4,skipped_existing,1,1,Pen_3_PREWEAN_Day_2_29082025,Pen 3 - Group 1,PREWEAN,2,3,29082025,1,other|2|None|side,56226.227,56236.424,56226.227,56236.424,G:\MONITORING CROSS SUCKING IN CALVES - KAPPEL - 2025\Pen 3 - Group 1\PREWEANING\Day 2\ch04_20250829230207.mp4,ch04_20250829230207.mp4,55528.81534,58305.007007,697.41166,707.60866
495,CS_0476_PREWEAN_d2_p3_cow1_29082025_ch04-20250829230207_56241_56308.mp4,Pen 3 - Group 1\PREWEANING\Day 2\CS_0476_PREWEAN_d2_p3_cow1_29082025_ch04-20250829230207_56241_56308.mp4,E:\cross_sucking\Pen 3 - Group 1\PREWEANING\Day 2\CS_0476_PREWEAN_d2_p3_cow1_29082025_ch04-20250829230207_56241_56308.mp4,skipped_existing,1,1,Pen_3_PREWEAN_Day_2_29082025,Pen 3 - Group 1,PREWEAN,2,3,29082025,1,other|2|None|side,56241.46,56308.862,56241.46,56308.862,G:\MONITORING CROSS SUCKING IN CALVES - KAPPEL - 2025\Pen 3 - Group 1\PREWEANING\Day 2\ch04_20250829230207.mp4,ch04_20250829230207.mp4,55528.81534,58305.007007,712.64466,780.04666
496,CS_0477_PREWEAN_d2_p3_cow1_29082025_ch04-20250829230207_56487_56489.mp4,Pen 3 - Group 1\PREWEANING\Day 2\CS_0477_PREWEAN_d2_p3_cow1_29082025_ch04-20250829230207_56487_56489.mp4,E:\cross_sucking\Pen 3 - Group 1\PREWEANING\Day 2\CS_0477_PREWEAN_d2_p3_cow1_29082025_ch04-20250829230207_56487_56489.mp4,skipped_existing,1,1,Pen_3_PREWEAN_Day_2_29082025,Pen 3 - Group 1,PREWEAN,2,3,29082025,1,other|O|None|side,56487.544,56489.911,56487.544,56489.911,G:\MONITORING CROSS SUCKING IN CALVES - KAPPEL - 2025\Pen 3 - Group 1\PREWEANING\Day 2\ch04_20250829230207.mp4,ch04_20250829230207.mp4,55528.81534,58305.007007,958.72866,961.09566
497,CS_0478_PREWEAN_d2_p3_cow6_29082025_ch04-20250829230207_57347_57355.mp4,Pen 3 - Group 1\PREWEANING\Day 2\CS_0478_PREWEAN_d2_p3_cow6_29082025_ch04-20250829230207_57347_57355.mp4,E:\cross_sucking\Pen 3 - Group 1\PREWEANING\Day 2\CS_0478_PREWEAN_d2_p3_cow6_29082025_ch04-20250829230207_57347_57355.mp4,skipped_existing,1,1,Pen_3_PREWEAN_Day_2_29082025,Pen 3 - Group 1,PREWEAN,2,3,29082025,6,other|1|None|lying down,57347.573,57355.002,57347.573,57355.002,G:\MONITORING CROSS SUCKING IN CALVES - KAPPEL - 2025\Pen 3 - Group 1\PREWEANING\Day 2\ch04_20250829230207.mp4,ch04_20250829230207.mp4,55528.81534,58305.007007,1818.75766,1826.18666
498,CS_0479_PREWEAN_d2_p3_cowO_29082025_ch04-20250829230207_57853_57857.mp4,Pen 3 - Group 1\PREWEANING\Day 2\CS_0479_PREWEAN_d2_p3_cowO_29082025_ch04-20250829230207_57853_57857.mp4,E:\cross_sucking\Pen 3 - Group 1\PREWEANING\Day 2\CS_0479_PREWEAN_d2_p3_cowO_29082025_ch04-20250829230207_57853_57857.mp4,skipped_existing,1,1,Pen_3_PREWEAN_Day_2_29082025,Pen 3 - Group 1,PREWEAN,2,3,29082025,O,grain feeder|2|None|side,57853.501,57857.674,57853.501,57857.674,G:\MONITORING CROSS SUCKING IN CALVES - KAPPEL - 2025\Pen 3 - Group 1\PREWEANING\Day 2\ch04_20250829230207.mp4,ch04_20250829230207.mp4,55528.81534,58305.007007,2324.68566,2328.85866
499,CS_0480_PREWEAN_d2_p3_cow7_29082025_ch04-20250830003559_62113_62117.mp4,Pen 3 - Group 1\PREWEANING\Day 2\CS_0480_PREWEAN_d2_p3_cow7_29082025_ch04-20250830003559_62113_62117.mp4,E:\cross_sucking\Pen 3 - Group 1\PREWEANING\Day 2\CS_0480_PREWEAN_d2_p3_cow7_29082025_ch04-20250830003559_62113_62117.mp4,skipped_existing,1,1,Pen_3_PREWEAN_Day_2_29082025,Pen 3 - Group 1,PREWEAN,2,3,29082025,7,other|3|None|behind,62113.042,62117.926,62113.042,62117.926,G:\MONITORING CROSS SUCKING IN CALVES - KAPPEL - 2025\Pen 3 - Group 1\PREWEANING\Day 2\ch04_20250830003559.mp4,ch04_20250830003559.mp4,61082.305674,63858.101341,1030.736326,1035.620326
500,CS_0481_PREWEAN_d2_p3_cow7_29082025_ch04-20250830051731_79256_79272.mp4,Pen 3 - Group 1\PREWEANING\Day 2\CS_0481_PREWEAN_d2_p3_cow7_29082025_ch04-20250830051731_79256_79272.mp4,E:\cross_sucking\Pen 3 - Group 1\PREWEANING\Day 2\CS_0481_PREWEAN_d2_p3_cow7_29082025_ch04-20250830051731_79256_79272.mp4,skipped_existing,1,1,Pen_3_PREWEAN_Day_2_29082025,Pen 3 - Group 1,PREWEAN,2,3,29082025,7,other|1|None|behind,79256.343,79272.973,79256.343,79272.973,G:\MONITORING CROSS SUCKING IN CALVES - KAPPEL - 2025\Pen 3 - Group 1\PREWEANING\Day 2\ch04_20250830051731.mp4,ch04_20250830051731.mp4,77739.539676,80515.464343,1516.803324,1533.433324
501,CS_0482_PREWEAN_d2_p3_cow7_29082025_ch04-20250830051731_79554_79617.mp4,Pen 3 - Group 1\PREWEANING\Day 2\CS_0482_PREWEAN_d2_p3_cow7_29082025_ch04-20250830051731_79554_79617.mp4,E:\cross_sucking\Pen 3 - Group 1\PREWEANING\Day 2\CS_0482_PREWEAN_d2_p3_cow7_29082025_ch04-20250830051731_79554_79617.mp4,skipped_existing,1,1,Pen_3_PREWEAN_Day_2_29082025,Pen 3 - Group 1,PREWEAN,2,3,29082025,7,other|1|None|behind,79554.593,79617.258,79554.593,79617.258,G:\MONITORING CROSS SUCKING IN CALVES - KAPPEL - 2025\Pen 3 - Group 1\PREWEANING\Day 2\ch04_20250830051731.mp4,ch04_20250830051731.mp4,77739.539676,80515.464343,1815.053324,1877.718324
502,CS_0483_PREWEAN_d2_p3_cow1_29082025_ch04-20250830060427_81243_81268.mp4,Pen 3 - Group 1\PREWEANING\Day 2\CS_0483_PREWEAN_d2_p3_cow1_29082025_ch04-20250830060427_81243_81268.mp4,E:\cross_sucking\Pen 3 - Group 1\PREWEANING\Day 2\CS_0483_PREWEAN_d2_p3_cow1_29082025_ch04-20250830060427_81243_81268.mp4,skipped_existing,1,1,Pen_3_PREWEAN_Day_2_29082025,Pen 3 - Group 1,PREWEAN,2,3,29082025,1,other|2|None|side,81243.606,81268.973,81243.606,81268.973,G:\MONITORING CROSS SUCKING IN CALVES - KAPPEL - 2025\Pen 3 - Group 1\PREWEANING\Day 2\ch04_20250830060427.mp4,ch04_20250830060427.mp4,80515.464343,83291.92001,728.141657,753.508657
503,CS_0484_PREWEAN_d2_p3_cow6_29082025_ch04-20250830060427_82060_82067.mp4,Pen 3 - Group 1\PREWEANING\Day 2\CS_0484_PREWEAN_d2_p3_cow6_29082025_ch04-20250830060427_82060_82067.mp4,E:\cross_sucking\Pen 3 - Group 1\PREWEANING\Day 2\CS_0484_PREWEAN_d2_p3_cow6_29082025_ch04-20250830060427_82060_82067.mp4,skipped_existing,1,1,Pen_3_PREWEAN_Day_2_29082025,Pen 3 - Group 1,PREWEAN,2,3,29082025,6,other|O|None|behind,82060.362,82067.063,82060.362,82067.063,G:\MONITORING CROSS SUCKING IN CALVES - KAPPEL - 2025\Pen 3 - Group 1\PREWEANING\Day 2\ch04_20250830060427.mp4,ch04_20250830060427.mp4,80515.464343,83291.92001,1544.897657,1551.598657
504,CS_0485_PREWEAN_d2_p3_cow3_29082025_ch04-20250830065123_84039_84083.mp4,Pen 3 - Group 1\PREWEANING\Day 2\CS_0485_PREWEAN_d2_p3_cow3_29082025_ch04-20250830065123_84039_84083.mp4,E:\cross_sucking\Pen 3 - Group 1\PREWEANING\Day 2\CS_0485_PREWEAN_d2_p3_cow3_29082025_ch04-20250830065123_84039_84083.mp4,skipped_existing,1,1,Pen_3_PREWEAN_Day_2_29082025,Pen 3 - Group 1,PREWEAN,2,3,29082025,3,other|A|None|behind,84039.172,84083.132,84039.172,84083.132,G:\MONITORING CROSS SUCKING IN CALVES - KAPPEL - 2025\Pen 3 - Group 1\PREWEANING\Day 2\ch04_20250830065123.mp4,ch04_20250830065123.mp4,83291.92001,86066.929677,747.25199,791.21199
505,CS_0486_PREWEAN_d2_p3_cow3_29082025_ch04-20250830065123_84088_84094.mp4,Pen 3 - Group 1\PREWEANING\Day 2\CS_0486_PREWEAN_d2_p3_cow3_29082025_ch04-20250830065123_84088_84094.mp4,E:\cross_sucking\Pen 3 - Group 1\PREWEANING\Day 2\CS_0486_PREWEAN_d2_p3_cow3_29082025_ch04-20250830065123_84088_84094.mp4,skipped_existing,1,1,Pen_3_PREWEAN_Day_2_29082025,Pen 3 - Group 1,PREWEAN,2,3,29082025,3,other|A|None|behind,84088.459,84094.641,84088.459,84094.641,G:\MONITORING CROSS SUCKING IN CALVES - KAPPEL - 2025\Pen 3 - Group 1\PREWEANING\Day 2\ch04_20250830065123.mp4,ch04_20250830065123.mp4,83291.92001,86066.929677,796.53899,802.72099
506,CS_0487_PREWEAN_d2_p3_cow6_29082025_ch04-20250830065123_85979_85988.mp4,Pen 3 - Group 1\PREWEANING\Day 2\CS_0487_PREWEAN_d2_p3_cow6_29082025_ch04-20250830065123_85979_85988.mp4,E:\cross_sucking\Pen 3 - Group 1\PREWEANING\Day 2\CS_0487_PREWEAN_d2_p3_cow6_29082025_ch04-20250830065123_85979_85988.mp4,skipped_existing,1,1,Pen_3_PREWEAN_Day_2_29082025,Pen 3 - Group 1,PREWEAN,2,3,29082025,6,other|1|None|behind,85979.809,85988.12,85979.809,85988.12,G:\MONITORING CROSS SUCKING IN CALVES - KAPPEL - 2025\Pen 3 - Group 1\PREWEANING\Day 2\ch04_20250830065123.mp4,ch04_20250830065123.mp4,83291.92001,86066.929677,2687.88899,2696.19999
507,CS_0488_PREWEAN_d3_p3_cow3_3082025_ch04-20250830082514_2889_2908.mp4,Pen 3 - Group 1\PREWEANING\Day 3\CS_0488_PREWEAN_d3_p3_cow3_3082025_ch04-20250830082514_2889_2908.mp4,E:\cross_sucking\Pen 3 - Group 1\PREWEANING\Day 3\CS_0488_PREWEAN_d3_p3_cow3_3082025_ch04-20250830082514_2889_2908.mp4,skipped_existing,1,1,Pen_3_PREWEAN_Day_3_3082025,Pen 3 - Group 1,PREWEAN,3,3,3082025,3,other|T|None|side,2889.436,2908.045,2889.436,2908.045,G:\MONITORING CROSS SUCKING IN CALVES - KAPPEL - 2025\Pen 3 - Group 1\PREWEANING\Day 3\ch04_20250830082514.mp4,ch04_20250830082514.mp4,2777.092667,5553.981334,112.343333,130.952333
508,CS_0489_PREWEAN_d3_p3_cow3_3082025_ch04-20250830104601_11772_11785.mp4,Pen 3 - Group 1\PREWEANING\Day 3\CS_0489_PREWEAN_d3_p3_cow3_3082025_ch04-20250830104601_11772_11785.mp4,E:\cross_sucking\Pen 3 - Group 1\PREWEANING\Day 3\CS_0489_PREWEAN_d3_p3_cow3_3082025_ch04-20250830104601_11772_11785.mp4,skipped_existing,1,1,Pen_3_PREWEAN_Day_3_3082025,Pen 3 - Group 1,PREWEAN,3,3,3082025,3,other|2|None|side,11772.85,11785.96,11772.85,11785.96,G:\MONITORING CROSS SUCKING IN CALVES - KAPPEL - 2025\Pen 3 - Group 1\PREWEANING\Day 3\ch04_20250830104601.mp4,ch04_20250830104601.mp4,11105.957668,13881.396335,666.892332,680.002332
509,CS_0490_PREWEAN_d3_p3_cow3_3082025_ch04-20250830104601_11798_11818.mp4,Pen 3 - Group 1\PREWEANING\Day 3\CS_0490_PREWEAN_d3_p3_cow3_3082025_ch04-20250830104601_11798_11818.mp4,E:\cross_sucking\Pen 3 - Group 1\PREWEANING\Day 3\CS_0490_PREWEAN_d3_p3_cow3_3082025_ch04-20250830104601_11798_11818.mp4,skipped_existing,1,1,Pen_3_PREWEAN_Day_3_3082025,Pen 3 - Group 1,PREWEAN,3,3,3082025,3,other|2|None|side,11798.255,11818.865,11798.255,11818.865,G:\MONITORING CROSS SUCKING IN CALVES - KAPPEL - 2025\Pen 3 - Group 1\PREWEANING\Day 3\ch04_20250830104601.mp4,ch04_20250830104601.mp4,11105.957668,13881.396335,692.297332,712.907332
510,CS_0491_PREWEAN_d3_p3_cow3_3082025_ch04-20250830104601_12032_12065.mp4,Pen 3 - Group 1\PREWEANING\Day 3\CS_0491_PREWEAN_d3_p3_cow3_3082025_ch04-20250830104601_12032_12065.mp4,E:\cross_sucking\Pen 3 - Group 1\PREWEANING\Day 3\CS_0491_PREWEAN_d3_p3_cow3_3082025_ch04-20250830104601_12032_12065.mp4,skipped_existing,1,1,Pen_3_PREWEAN_Day_3_3082025,Pen 3 - Group 1,PREWEAN,3,3,3082025,3,other|2|None|side,12032.878,12065.875,12032.878,12065.875,G:\MONITORING CROSS SUCKING IN CALVES - KAPPEL - 2025\Pen 3 - Group 1\PREWEANING\Day 3\ch04_20250830104601.mp4,ch04_20250830104601.mp4,11105.957668,13881.396335,926.920332,959.917332
511,CS_0492_PREWEAN_d3_p3_cow3_3082025_ch04-20250830104601_12079_12082.mp4,Pen 3 - Group 1\PREWEANING\Day 3\CS_0492_PREWEAN_d3_p3_cow3_3082025_ch04-20250830104601_12079_12082.mp4,E:\cross_sucking\Pen 3 - Group 1\PREWEANING\Day 3\CS_0492_PREWEAN_d3_p3_cow3_3082025_ch04-20250830104601_12079_12082.mp4,skipped_existing,1,1,Pen_3_PREWEAN_Day_3_3082025,Pen 3 - Group 1,PREWEAN,3,3,3082025,3,other|2|None|side,12079.317,12082.935,12079.317,12082.935,G:\MONITORING CROSS SUCKING IN CALVES - KAPPEL - 2025\Pen 3 - Group 1\PREWEANING\Day 3\ch04_20250830104601.mp4,ch04_20250830104601.mp4,11105.957668,13881.396335,973.359332,976.977332
512,CS_0493_PREWEAN_d3_p3_cow3_3082025_ch04-20250830104601_12170_12282.mp4,Pen 3 - Group 1\PREWEANING\Day 3\CS_0493_PREWEAN_d3_p3_cow3_3082025_ch04-20250830104601_12170_12282.mp4,E:\cross_sucking\Pen 3 - Group 1\PREWEANING\Day 3\CS_0493_PREWEAN_d3_p3_cow3_3082025_ch04-20250830104601_12170_12282.mp4,skipped_existing,1,1,Pen_3_PREWEAN_Day_3_3082025,Pen 3 - Group 1,PREWEAN,3,3,3082025,3,hay|2|None|behind,12170.937,12282.348,12170.937,12282.348,G:\MONITORING CROSS SUCKING IN CALVES - KAPPEL - 2025\Pen 3 - Group 1\PREWEANING\Day 3\ch04_20250830104601.mp4,ch04_20250830104601.mp4,11105.957668,13881.396335,1064.979332,1176.390332
513,CS_0494_PREWEAN_d3_p3_cow3_3082025_ch04-20250830104601_12308_12323.mp4,Pen 3 - Group 1\PREWEANING\Day 3\CS_0494_PREWEAN_d3_p3_cow3_3082025_ch04-20250830104601_12308_12323.mp4,E:\cross_sucking\Pen 3 - Group 1\PREWEANING\Day 3\CS_0494_PREWEAN_d3_p3_cow3_3082025_ch04-20250830104601_12308_12323.mp4,skipped_existing,1,1,Pen_3_PREWEAN_Day_3_3082025,Pen 3 - Group 1,PREWEAN,3,3,3082025,3,hay|2|None|side,12308.277,12323.249,12308.277,12323.249,G:\MONITORING CROSS SUCKING IN CALVES - KAPPEL - 2025\Pen 3 - Group 1\PREWEANING\Day 3\ch04_20250830104601.mp4,ch04_20250830104601.mp4,11105.957668,13881.396335,1202.319332,1217.291332
514,CS_0495_PREWEAN_d3_p3_cow3_3082025_ch04-20250830104601_12328_12335.mp4,Pen 3 - Group 1\PREWEANING\Day 3\CS_0495_PREWEAN_d3_p3_cow3_3082025_ch04-20250830104601_12328_12335.mp4,E:\cross_sucking\Pen 3 - Group 1\PREWEANING\Day 3\CS_0495_PREWEAN_d3_p3_cow3_3082025_ch04-20250830104601_12328_12335.mp4,skipped_existing,1,1,Pen_3_PREWEAN_Day_3_3082025,Pen 3 - Group 1,PREWEAN,3,3,3082025,3,hay|2|None|side,12328.112,12335.241,12328.112,12335.241,G:\MONITORING CROSS SUCKING IN CALVES - KAPPEL - 2025\Pen 3 - Group 1\PREWEANING\Day 3\ch04_20250830104601.mp4,ch04_20250830104601.mp4,11105.957668,13881.396335,1222.154332,1229.283332
515,CS_0496_PREWEAN_d3_p3_cow6_3082025_ch04-20250830121952_17514_17532.mp4,Pen 3 - Group 1\PREWEANING\Day 3\CS_0496_PREWEAN_d3_p3_cow6_3082025_ch04-20250830121952_17514_17532.mp4,E:\cross_sucking\Pen 3 - Group 1\PREWEANING\Day 3\CS_0496_PREWEAN_d3_p3_cow6_3082025_ch04-20250830121952_17514_17532.mp4,skipped_existing,1,1,Pen_3_PREWEAN_Day_3_3082025,Pen 3 - Group 1,PREWEAN,3,3,3082025,6,other|7|None|behind,17514.105,17532.908,17514.105,17532.908,G:\MONITORING CROSS SUCKING IN CALVES - KAPPEL - 2025\Pen 3 - Group 1\PREWEANING\Day 3\ch04_20250830121952.mp4,ch04_20250830121952.mp4,16656.941002,19433.940669,857.163998,875.966998
516,CS_0497_PREWEAN_d3_p3_cow6_3082025_ch04-20250830121952_17566_17572.mp4,Pen 3 - Group 1\PREWEANING\Day 3\CS_0497_PREWEAN_d3_p3_cow6_3082025_ch04-20250830121952_17566_17572.mp4,E:\cross_sucking\Pen 3 - Group 1\PREWEANING\Day 3\CS_0497_PREWEAN_d3_p3_cow6_3082025_ch04-20250830121952_17566_17572.mp4,skipped_existing,1,1,Pen_3_PREWEAN_Day_3_3082025,Pen 3 - Group 1,PREWEAN,3,3,3082025,6,other|7|None|behind,17566.553,17572.036,17566.553,17572.036,G:\MONITORING CROSS SUCKING IN CALVES - KAPPEL - 2025\Pen 3 - Group 1\PREWEANING\Day 3\ch04_20250830121952.mp4,ch04_20250830121952.mp4,16656.941002,19433.940669,909.611998,915.094998
517,CS_0498_PREWEAN_d3_p3_cowT_3082025_ch04-20250830130648_22191_22193.mp4,Pen 3 - Group 1\PREWEANING\Day 3\CS_0498_PREWEAN_d3_p3_cowT_3082025_ch04-20250830130648_22191_22193.mp4,E:\cross_sucking\Pen 3 - Group 1\PREWEANING\Day 3\CS_0498_PREWEAN_d3_p3_cowT_3082025_ch04-20250830130648_22191_22193.mp4,skipped_existing,1,1,Pen_3_PREWEAN_Day_3_3082025,Pen 3 - Group 1,PREWEAN,3,3,3082025,T,other|2|None|side,22191.898,22193.509,22191.898,22193.509,G:\MONITORING CROSS SUCKING IN CALVES - KAPPEL - 2025\Pen 3 - Group 1\PREWEANING\Day 3\ch04_20250830130648.mp4,ch04_20250830130648.mp4,19433.940669,22209.899336,2757.957331,2759.568331
518,CS_0499_PREWEAN_d3_p3_cowT_3082025_ch04-20250830135343_22392_22399.mp4,Pen 3 - Group 1\PREWEANING\Day 3\CS_0499_PREWEAN_d3_p3_cowT_3082025_ch04-20250830135343_22392_22399.mp4,E:\cross_sucking\Pen 3 - Group 1\PREWEANING\Day 3\CS_0499_PREWEAN_d3_p3_cowT_3082025_ch04-20250830135343_22392_22399.mp4,skipped_existing,1,1,Pen_3_PREWEAN_Day_3_3082025,Pen 3 - Group 1,PREWEAN,3,3,3082025,T,other|2|None|side,22392.625,22399.141,22392.625,22399.141,G:\MONITORING CROSS SUCKING IN CALVES - KAPPEL - 2025\Pen 3 - Group 1\PREWEANING\Day 3\ch04_20250830135343.mp4,ch04_20250830135343.mp4,22209.899336,24985.717003,182.725664,189.241664
519,CS_0500_PREWEAN_d3_p3_cowT_3082025_ch04-20250830170126_33679_33683.mp4,Pen 3 - Group 1\PREWEANING\Day 3\CS_0500_PREWEAN_d3_p3_cowT_3082025_ch04-20250830170126_33679_33683.mp4,E:\cross_sucking\Pen 3 - Group 1\PREWEANING\Day 3\CS_0500_PREWEAN_d3_p3_cowT_3082025_ch04-20250830170126_33679_33683.mp4,skipped_existing,1,1,Pen_3_PREWEAN_Day_3_3082025,Pen 3 - Group 1,PREWEAN,3,3,3082025,T,other|7|None|side,33679.869,33683.976,33679.869,33683.976,G:\MONITORING CROSS SUCKING IN CALVES - KAPPEL - 2025\Pen 3 - Group 1\PREWEANING\Day 3\ch04_20250830170126.mp4,ch04_20250830170126.mp4,33315.408004,36090.127671,364.460996,368.567996
520,CS_0501_PREWEAN_d3_p3_cowT_3082025_ch04-20250830170126_34109_34115.mp4,Pen 3 - Group 1\PREWEANING\Day 3\CS_0501_PREWEAN_d3_p3_cowT_3082025_ch04-20250830170126_34109_34115.mp4,E:\cross_sucking\Pen 3 - Group 1\PREWEANING\Day 3\CS_0501_PREWEAN_d3_p3_cowT_3082025_ch04-20250830170126_34109_34115.mp4,skipped_existing,1,1,Pen_3_PREWEAN_Day_3_3082025,Pen 3 - Group 1,PREWEAN,3,3,3082025,T,other|2|None|side,34109.096,34115.257,34109.096,34115.257,G:\MONITORING CROSS SUCKING IN CALVES - KAPPEL - 2025\Pen 3 - Group 1\PREWEANING\Day 3\ch04_20250830170126.mp4,ch04_20250830170126.mp4,33315.408004,36090.127671,793.687996,799.848996
521,CS_0502_PREWEAN_d3_p3_cow7_3082025_ch04-20250830174820_36401_36411.mp4,Pen 3 - Group 1\PREWEANING\Day 3\CS_0502_PREWEAN_d3_p3_cow7_3082025_ch04-20250830174820_36401_36411.mp4,E:\cross_sucking\Pen 3 - Group 1\PREWEANING\Day 3\CS_0502_PREWEAN_d3_p3_cow7_3082025_ch04-20250830174820_36401_36411.mp4,skipped_existing,1,1,Pen_3_PREWEAN_Day_3_3082025,Pen 3 - Group 1,PREWEAN,3,3,3082025,7,other|A|None|behind,36401.446,36411.701,36401.446,36411.701,G:\MONITORING CROSS SUCKING IN CALVES - KAPPEL - 2025\Pen 3 - Group 1\PREWEANING\Day 3\ch04_20250830174820.mp4,ch04_20250830174820.mp4,36090.127671,38866.910338,311.318329,321.573329
522,CS_0503_PREWEAN_d3_p3_cowO_3082025_ch04-20250830174820_36636_36643.mp4,Pen 3 - Group 1\PREWEANING\Day 3\CS_0503_PREWEAN_d3_p3_cowO_3082025_ch04-20250830174820_36636_36643.mp4,E:\cross_sucking\Pen 3 - Group 1\PREWEANING\Day 3\CS_0503_PREWEAN_d3_p3_cowO_3082025_ch04-20250830174820_36636_36643.mp4,skipped_existing,1,1,Pen_3_PREWEAN_Day_3_3082025,Pen 3 - Group 1,PREWEAN,3,3,3082025,O,other|7|None|side,36636.276,36643.775,36636.276,36643.775,G:\MONITORING CROSS SUCKING IN CALVES - KAPPEL - 2025\Pen 3 - Group 1\PREWEANING\Day 3\ch04_20250830174820.mp4,ch04_20250830174820.mp4,36090.127671,38866.910338,546.148329,553.647329
523,CS_0504_PREWEAN_d3_p3_cowO_3082025_ch04-20250830174820_36649_36659.mp4,Pen 3 - Group 1\PREWEANING\Day 3\CS_0504_PREWEAN_d3_p3_cowO_3082025_ch04-20250830174820_36649_36659.mp4,E:\cross_sucking\Pen 3 - Group 1\PREWEANING\Day 3\CS_0504_PREWEAN_d3_p3_cowO_3082025_ch04-20250830174820_36649_36659.mp4,skipped_existing,1,1,Pen_3_PREWEAN_Day_3_3082025,Pen 3 - Group 1,PREWEAN,3,3,3082025,O,other|7|None|side,36649.792,36659.064,36649.792,36659.064,G:\MONITORING CROSS SUCKING IN CALVES - KAPPEL - 2025\Pen 3 - Group 1\PREWEANING\Day 3\ch04_20250830174820.mp4,ch04_20250830174820.mp4,36090.127671,38866.910338,559.664329,568.936329
524,CS_0505_PREWEAN_d3_p3_cow6_3082025_ch04-20250830183516_39203_39224.mp4,Pen 3 - Group 1\PREWEANING\Day 3\CS_0505_PREWEAN_d3_p3_cow6_3082025_ch04-20250830183516_39203_39224.mp4,E:\cross_sucking\Pen 3 - Group 1\PREWEANING\Day 3\CS_0505_PREWEAN_d3_p3_cow6_3082025_ch04-20250830183516_39203_39224.mp4,skipped_existing,1,1,Pen_3_PREWEAN_Day_3_3082025,Pen 3 - Group 1,PREWEAN,3,3,3082025,6,other|7|None|behind,39203.661,39224.619,39203.661,39224.619,G:\MONITORING CROSS SUCKING IN CALVES - KAPPEL - 2025\Pen 3 - Group 1\PREWEANING\Day 3\ch04_20250830183516.mp4,ch04_20250830183516.mp4,38866.910338,41643.090005,336.750662,357.708662
525,CS_0506_PREWEAN_d3_p3_cow6_3082025_ch04-20250830183516_39225_39236.mp4,Pen 3 - Group 1\PREWEANING\Day 3\CS_0506_PREWEAN_d3_p3_cow6_3082025_ch04-20250830183516_39225_39236.mp4,E:\cross_sucking\Pen 3 - Group 1\PREWEANING\Day 3\CS_0506_PREWEAN_d3_p3_cow6_3082025_ch04-20250830183516_39225_39236.mp4,skipped_existing,1,1,Pen_3_PREWEAN_Day_3_3082025,Pen 3 - Group 1,PREWEAN,3,3,3082025,6,other|7|None|behind,39225.572,39236.287,39225.572,39236.287,G:\MONITORING CROSS SUCKING IN CALVES - KAPPEL - 2025\Pen 3 - Group 1\PREWEANING\Day 3\ch04_20250830183516.mp4,ch04_20250830183516.mp4,38866.910338,41643.090005,358.661662,369.376662
526,CS_0507_PREWEAN_d3_p3_cowT_3082025_ch04-20250830183516_40399_40407.mp4,Pen 3 - Group 1\PREWEANING\Day 3\CS_0507_PREWEAN_d3_p3_cowT_3082025_ch04-20250830183516_40399_40407.mp4,E:\cross_sucking\Pen 3 - Group 1\PREWEANING\Day 3\CS_0507_PREWEAN_d3_p3_cowT_3082025_ch04-20250830183516_40399_40407.mp4,skipped_existing,1,1,Pen_3_PREWEAN_Day_3_3082025,Pen 3 - Group 1,PREWEAN,3,3,3082025,T,hay|7|None|behind,40399.589,40407.508,40399.589,40407.508,G:\MONITORING CROSS SUCKING IN CALVES - KAPPEL - 2025\Pen 3 - Group 1\PREWEANING\Day 3\ch04_20250830183516.mp4,ch04_20250830183516.mp4,38866.910338,41643.090005,1532.678662,1540.597662
527,CS_0508_PREWEAN_d3_p3_cow3_3082025_ch04-20250830183516_40476_40526.mp4,Pen 3 - Group 1\PREWEANING\Day 3\CS_0508_PREWEAN_d3_p3_cow3_3082025_ch04-20250830183516_40476_40526.mp4,E:\cross_sucking\Pen 3 - Group 1\PREWEANING\Day 3\CS_0508_PREWEAN_d3_p3_cow3_3082025_ch04-20250830183516_40476_40526.mp4,skipped_existing,1,1,Pen_3_PREWEAN_Day_3_3082025,Pen 3 - Group 1,PREWEAN,3,3,3082025,3,hay|2|None|lying down,40476.523,40526.799,40476.523,40526.799,G:\MONITORING CROSS SUCKING IN CALVES - KAPPEL - 2025\Pen 3 - Group 1\PREWEANING\Day 3\ch04_20250830183516.mp4,ch04_20250830183516.mp4,38866.910338,41643.090005,1609.612662,1659.888662
528,CS_0509_PREWEAN_d3_p3_cowT_3082025_ch04-20250830183516_40521_40533.mp4,Pen 3 - Group 1\PREWEANING\Day 3\CS_0509_PREWEAN_d3_p3_cowT_3082025_ch04-20250830183516_40521_40533.mp4,E:\cross_sucking\Pen 3 - Group 1\PREWEANING\Day 3\CS_0509_PREWEAN_d3_p3_cowT_3082025_ch04-20250830183516_40521_40533.mp4,skipped_existing,1,1,Pen_3_PREWEAN_Day_3_3082025,Pen 3 - Group 1,PREWEAN,3,3,3082025,T,hay|7|None|behind,40521.618,40533.541,40521.618,40533.541,G:\MONITORING CROSS SUCKING IN CALVES - KAPPEL - 2025\Pen 3 - Group 1\PREWEANING\Day 3\ch04_20250830183516.mp4,ch04_20250830183516.mp4,38866.910338,41643.090005,1654.707662,1666.630662
529,CS_0510_PREWEAN_d3_p3_cow3_3082025_ch04-20250830183516_40526_40568.mp4,Pen 3 - Group 1\PREWEANING\Day 3\CS_0510_PREWEAN_d3_p3_cow3_3082025_ch04-20250830183516_40526_40568.mp4,E:\cross_sucking\Pen 3 - Group 1\PREWEANING\Day 3\CS_0510_PREWEAN_d3_p3_cow3_3082025_ch04-20250830183516_40526_40568.mp4,skipped_existing,1,1,Pen_3_PREWEAN_Day_3_3082025,Pen 3 - Group 1,PREWEAN,3,3,3082025,3,hay|3|None|lying down,40526.8,40568.876,40526.8,40568.876,G:\MONITORING CROSS SUCKING IN CALVES - KAPPEL - 2025\Pen 3 - Group 1\PREWEANING\Day 3\ch04_20250830183516.mp4,ch04_20250830183516.mp4,38866.910338,41643.090005,1659.889662,1701.965662
530,CS_0511_PREWEAN_d3_p3_cow3_3082025_ch04-20250830183516_40568_40687.mp4,Pen 3 - Group 1\PREWEANING\Day 3\CS_0511_PREWEAN_d3_p3_cow3_3082025_ch04-20250830183516_40568_40687.mp4,E:\cross_sucking\Pen 3 - Group 1\PREWEANING\Day 3\CS_0511_PREWEAN_d3_p3_cow3_3082025_ch04-20250830183516_40568_40687.mp4,skipped_existing,1,1,Pen_3_PREWEAN_Day_3_3082025,Pen 3 - Group 1,PREWEAN,3,3,3082025,3,hay|2|None|lying down,40568.877,40687.763,40568.877,40687.763,G:\MONITORING CROSS SUCKING IN CALVES - KAPPEL - 2025\Pen 3 - Group 1\PREWEANING\Day 3\ch04_20250830183516.mp4,ch04_20250830183516.mp4,38866.910338,41643.090005,1701.966662,1820.852662
531,CS_0512_PREWEAN_d3_p3_cow3_3082025_ch04-20250830183516_40694_40724.mp4,Pen 3 - Group 1\PREWEANING\Day 3\CS_0512_PREWEAN_d3_p3_cow3_3082025_ch04-20250830183516_40694_40724.mp4,E:\cross_sucking\Pen 3 - Group 1\PREWEANING\Day 3\CS_0512_PREWEAN_d3_p3_cow3_3082025_ch04-20250830183516_40694_40724.mp4,skipped_existing,1,1,Pen_3_PREWEAN_Day_3_3082025,Pen 3 - Group 1,PREWEAN,3,3,3082025,3,hay|2|None|lying down,40694.672,40724.126,40694.672,40724.126,G:\MONITORING CROSS SUCKING IN CALVES - KAPPEL - 2025\Pen 3 - Group 1\PREWEANING\Day 3\ch04_20250830183516.mp4,ch04_20250830183516.mp4,38866.910338,41643.090005,1827.761662,1857.215662
532,CS_0513_PREWEAN_d3_p3_cow3_3082025_ch04-20250830183516_40733_40939.mp4,Pen 3 - Group 1\PREWEANING\Day 3\CS_0513_PREWEAN_d3_p3_cow3_3082025_ch04-20250830183516_40733_40939.mp4,E:\cross_sucking\Pen 3 - Group 1\PREWEANING\Day 3\CS_0513_PREWEAN_d3_p3_cow3_3082025_ch04-20250830183516_40733_40939.mp4,skipped_existing,1,1,Pen_3_PREWEAN_Day_3_3082025,Pen 3 - Group 1,PREWEAN,3,3,3082025,3,hay|2|None|lying down,40733.736,40939.356,40733.736,40939.356,G:\MONITORING CROSS SUCKING IN CALVES - KAPPEL - 2025\Pen 3 - Group 1\PREWEANING\Day 3\ch04_20250830183516.mp4,ch04_20250830183516.mp4,38866.910338,41643.090005,1866.825662,2072.445662
533,CS_0514_PREWEAN_d3_p3_cowO_3082025_ch04-20250830214257_51803_51810.mp4,Pen 3 - Group 1\PREWEANING\Day 3\CS_0514_PREWEAN_d3_p3_cowO_3082025_ch04-20250830214257_51803_51810.mp4,E:\cross_sucking\Pen 3 - Group 1\PREWEANING\Day 3\CS_0514_PREWEAN_d3_p3_cowO_3082025_ch04-20250830214257_51803_51810.mp4,skipped_existing,1,1,Pen_3_PREWEAN_Day_3_3082025,Pen 3 - Group 1,PREWEAN,3,3,3082025,O,hay|2|None|behind,51803.166,51810.659,51803.166,51810.659,G:\MONITORING CROSS SUCKING IN CALVES - KAPPEL - 2025\Pen 3 - Group 1\PREWEANING\Day 3\ch04_20250830214257.mp4,ch04_20250830214257.mp4,49970.777006,52747.945673,1832.388994,1839.881994
534,CS_0515_PREWEAN_d3_p3_cow1_3082025_ch04-20250830214257_52111_52156.mp4,Pen 3 - Group 1\PREWEANING\Day 3\CS_0515_PREWEAN_d3_p3_cow1_3082025_ch04-20250830214257_52111_52156.mp4,E:\cross_sucking\Pen 3 - Group 1\PREWEANING\Day 3\CS_0515_PREWEAN_d3_p3_cow1_3082025_ch04-20250830214257_52111_52156.mp4,skipped_existing,1,1,Pen_3_PREWEAN_Day_3_3082025,Pen 3 - Group 1,PREWEAN,3,3,3082025,1,other|2|None|side,52111.349,52156.026,52111.349,52156.026,G:\MONITORING CROSS SUCKING IN CALVES - KAPPEL - 2025\Pen 3 - Group 1\PREWEANING\Day 3\ch04_20250830214257.mp4,ch04_20250830214257.mp4,49970.777006,52747.945673,2140.571994,2185.248994
535,CS_0516_PREWEAN_d3_p3_cow1_3082025_ch04-20250830214257_52176_52184.mp4,Pen 3 - Group 1\PREWEANING\Day 3\CS_0516_PREWEAN_d3_p3_cow1_3082025_ch04-20250830214257_52176_52184.mp4,E:\cross_sucking\Pen 3 - Group 1\PREWEANING\Day 3\CS_0516_PREWEAN_d3_p3_cow1_3082025_ch04-20250830214257_52176_52184.mp4,skipped_existing,1,1,Pen_3_PREWEAN_Day_3_3082025,Pen 3 - Group 1,PREWEAN,3,3,3082025,1,other|T|None|behind,52176.173,52184.124,52176.173,52184.124,G:\MONITORING CROSS SUCKING IN CALVES - KAPPEL - 2025\Pen 3 - Group 1\PREWEANING\Day 3\ch04_20250830214257.mp4,ch04_20250830214257.mp4,49970.777006,52747.945673,2205.395994,2213.346994
536,CS_0517_PREWEAN_d3_p3_cowO_3082025_ch04-20250830214257_52443_52447.mp4,Pen 3 - Group 1\PREWEANING\Day 3\CS_0517_PREWEAN_d3_p3_cowO_3082025_ch04-20250830214257_52443_52447.mp4,E:\cross_sucking\Pen 3 - Group 1\PREWEANING\Day 3\CS_0517_PREWEAN_d3_p3_cowO_3082025_ch04-20250830214257_52443_52447.mp4,skipped_existing,1,1,Pen_3_PREWEAN_Day_3_3082025,Pen 3 - Group 1,PREWEAN,3,3,3082025,O,hay|T|None|side,52443.227,52447.133,52443.227,52447.133,G:\MONITORING CROSS SUCKING IN CALVES - KAPPEL - 2025\Pen 3 - Group 1\PREWEANING\Day 3\ch04_20250830214257.mp4,ch04_20250830214257.mp4,49970.777006,52747.945673,2472.449994,2476.355994
537,CS_0518_PREWEAN_d3_p3_cowT_3082025_ch04-20250830214257_52459_52472.mp4,Pen 3 - Group 1\PREWEANING\Day 3\CS_0518_PREWEAN_d3_p3_cowT_3082025_ch04-20250830214257_52459_52472.mp4,E:\cross_sucking\Pen 3 - Group 1\PREWEANING\Day 3\CS_0518_PREWEAN_d3_p3_cowT_3082025_ch04-20250830214257_52459_52472.mp4,skipped_existing,1,1,Pen_3_PREWEAN_Day_3_3082025,Pen 3 - Group 1,PREWEAN,3,3,3082025,T,other|2|None|behind,52459.719,52472.439,52459.719,52472.439,G:\MONITORING CROSS SUCKING IN CALVES - KAPPEL - 2025\Pen 3 - Group 1\PREWEANING\Day 3\ch04_20250830214257.mp4,ch04_20250830214257.mp4,49970.777006,52747.945673,2488.941994,2501.661994
538,CS_0519_PREWEAN_d3_p3_cowT_3082025_ch04-20250830214257_52476_52485.mp4,Pen 3 - Group 1\PREWEANING\Day 3\CS_0519_PREWEAN_d3_p3_cowT_3082025_ch04-20250830214257_52476_52485.mp4,E:\cross_sucking\Pen 3 - Group 1\PREWEANING\Day 3\CS_0519_PREWEAN_d3_p3_cowT_3082025_ch04-20250830214257_52476_52485.mp4,skipped_existing,1,1,Pen_3_PREWEAN_Day_3_3082025,Pen 3 - Group 1,PREWEAN,3,3,3082025,T,other|2|None|behind,52476.181,52485.252,52476.181,52485.252,G:\MONITORING CROSS SUCKING IN CALVES - KAPPEL - 2025\Pen 3 - Group 1\PREWEANING\Day 3\ch04_20250830214257.mp4,ch04_20250830214257.mp4,49970.777006,52747.945673,2505.403994,2514.474994
539,CS_0520_PREWEAN_d3_p3_cow3_3082025_ch04-20250830222953_55512_55515.mp4,Pen 3 - Group 1\PREWEANING\Day 3\CS_0520_PREWEAN_d3_p3_cow3_3082025_ch04-20250830222953_55512_55515.mp4,E:\cross_sucking\Pen 3 - Group 1\PREWEANING\Day 3\CS_0520_PREWEAN_d3_p3_cow3_3082025_ch04-20250830222953_55512_55515.mp4,skipped_existing,1,1,Pen_3_PREWEAN_Day_3_3082025,Pen 3 - Group 1,PREWEAN,3,3,3082025,3,other|2|None|side,55512.373,55515.786,55512.373,55515.786,G:\MONITORING CROSS SUCKING IN CALVES - KAPPEL - 2025\Pen 3 - Group 1\PREWEANING\Day 3\ch04_20250830222953.mp4,ch04_20250830222953.mp4,52747.945673,55523.21034,2764.427327,2767.840327
540,CS_0521_PREWEAN_d3_p3_cow1_3082025_ch04-20250830231648_56767_56804.mp4,Pen 3 - Group 1\PREWEANING\Day 3\CS_0521_PREWEAN_d3_p3_cow1_3082025_ch04-20250830231648_56767_56804.mp4,E:\cross_sucking\Pen 3 - Group 1\PREWEANING\Day 3\CS_0521_PREWEAN_d3_p3_cow1_3082025_ch04-20250830231648_56767_56804.mp4,skipped_existing,1,1,Pen_3_PREWEAN_Day_3_3082025,Pen 3 - Group 1,PREWEAN,3,3,3082025,1,other|2|None|side,56767.386,56804.766,56767.386,56804.766,G:\MONITORING CROSS SUCKING IN CALVES - KAPPEL - 2025\Pen 3 - Group 1\PREWEANING\Day 3\ch04_20250830231648.mp4,ch04_20250830231648.mp4,55523.21034,58299.384007,1244.17566,1281.55566
541,CS_0522_PREWEAN_d3_p3_cow2_3082025_ch04-20250830231648_56808_56815.mp4,Pen 3 - Group 1\PREWEANING\Day 3\CS_0522_PREWEAN_d3_p3_cow2_3082025_ch04-20250830231648_56808_56815.mp4,E:\cross_sucking\Pen 3 - Group 1\PREWEANING\Day 3\CS_0522_PREWEAN_d3_p3_cow2_3082025_ch04-20250830231648_56808_56815.mp4,skipped_existing,1,1,Pen_3_PREWEAN_Day_3_3082025,Pen 3 - Group 1,PREWEAN,3,3,3082025,2,other|1|reciprocal|side,56808.053,56815.223,56808.053,56815.223,G:\MONITORING CROSS SUCKING IN CALVES - KAPPEL - 2025\Pen 3 - Group 1\PREWEANING\Day 3\ch04_20250830231648.mp4,ch04_20250830231648.mp4,55523.21034,58299.384007,1284.84266,1292.01266
542,CS_0523_PREWEAN_d3_p3_cow1_3082025_ch04-20250830231648_56808_56828.mp4,Pen 3 - Group 1\PREWEANING\Day 3\CS_0523_PREWEAN_d3_p3_cow1_3082025_ch04-20250830231648_56808_56828.mp4,E:\cross_sucking\Pen 3 - Group 1\PREWEANING\Day 3\CS_0523_PREWEAN_d3_p3_cow1_3082025_ch04-20250830231648_56808_56828.mp4,skipped_existing,1,1,Pen_3_PREWEAN_Day_3_3082025,Pen 3 - Group 1,PREWEAN,3,3,3082025,1,other|2|None|side,56808.84,56828.031,56808.84,56828.031,G:\MONITORING CROSS SUCKING IN CALVES - KAPPEL - 2025\Pen 3 - Group 1\PREWEANING\Day 3\ch04_20250830231648.mp4,ch04_20250830231648.mp4,55523.21034,58299.384007,1285.62966,1304.82066
543,CS_0524_PREWEAN_d3_p3_cow1_3082025_ch04-20250830231648_56843_56845.mp4,Pen 3 - Group 1\PREWEANING\Day 3\CS_0524_PREWEAN_d3_p3_cow1_3082025_ch04-20250830231648_56843_56845.mp4,E:\cross_sucking\Pen 3 - Group 1\PREWEANING\Day 3\CS_0524_PREWEAN_d3_p3_cow1_3082025_ch04-20250830231648_56843_56845.mp4,skipped_existing,1,1,Pen_3_PREWEAN_Day_3_3082025,Pen 3 - Group 1,PREWEAN,3,3,3082025,1,other|2|None|behind,56843.906,56845.751,56843.906,56845.751,G:\MONITORING CROSS SUCKING IN CALVES - KAPPEL - 2025\Pen 3 - Group 1\PREWEANING\Day 3\ch04_20250830231648.mp4,ch04_20250830231648.mp4,55523.21034,58299.384007,1320.69566,1322.54066
544,CS_0525_PREWEAN_d3_p3_cow1_3082025_ch04-20250830231648_56850_56851.mp4,Pen 3 - Group 1\PREWEANING\Day 3\CS_0525_PREWEAN_d3_p3_cow1_3082025_ch04-20250830231648_56850_56851.mp4,E:\cross_sucking\Pen 3 - Group 1\PREWEANING\Day 3\CS_0525_PREWEAN_d3_p3_cow1_3082025_ch04-20250830231648_56850_56851.mp4,skipped_existing,1,1,Pen_3_PREWEAN_Day_3_3082025,Pen 3 - Group 1,PREWEAN,3,3,3082025,1,other|2|None|side,56850.059,56851.997,56850.059,56851.997,G:\MONITORING CROSS SUCKING IN CALVES - KAPPEL - 2025\Pen 3 - Group 1\PREWEANING\Day 3\ch04_20250830231648.mp4,ch04_20250830231648.mp4,55523.21034,58299.384007,1326.84866,1328.78666
545,CS_0526_PREWEAN_d3_p3_cow1_3082025_ch04-20250830231648_56861_56875.mp4,Pen 3 - Group 1\PREWEANING\Day 3\CS_0526_PREWEAN_d3_p3_cow1_3082025_ch04-20250830231648_56861_56875.mp4,E:\cross_sucking\Pen 3 - Group 1\PREWEANING\Day 3\CS_0526_PREWEAN_d3_p3_cow1_3082025_ch04-20250830231648_56861_56875.mp4,skipped_existing,1,1,Pen_3_PREWEAN_Day_3_3082025,Pen 3 - Group 1,PREWEAN,3,3,3082025,1,other|2|None|side,56861.833,56875.341,56861.833,56875.341,G:\MONITORING CROSS SUCKING IN CALVES - KAPPEL - 2025\Pen 3 - Group 1\PREWEANING\Day 3\ch04_20250830231648.mp4,ch04_20250830231648.mp4,55523.21034,58299.384007,1338.62266,1352.13066
546,CS_0527_PREWEAN_d3_p3_cow3_3082025_ch04-20250831061906_80863_80912.mp4,Pen 3 - Group 1\PREWEANING\Day 3\CS_0527_PREWEAN_d3_p3_cow3_3082025_ch04-20250831061906_80863_80912.mp4,E:\cross_sucking\Pen 3 - Group 1\PREWEANING\Day 3\CS_0527_PREWEAN_d3_p3_cow3_3082025_ch04-20250831061906_80863_80912.mp4,skipped_existing,1,1,Pen_3_PREWEAN_Day_3_3082025,Pen 3 - Group 1,PREWEAN,3,3,3082025,3,other|1|None|side,80863.901,80912.323,80863.901,80912.323,G:\MONITORING CROSS SUCKING IN CALVES - KAPPEL - 2025\Pen 3 - Group 1\PREWEANING\Day 3\ch04_20250831061906.mp4,ch04_20250831061906.mp4,80508.743343,83285.89901,355.157657,403.579657
547,CS_0528_WEAN_d1_p3_cowO_27092025_ch04-20250927090249_7039_7062.mp4,Pen 3 - Group 1\WEANING\Day 1\CS_0528_WEAN_d1_p3_cowO_27092025_ch04-20250927090249_7039_7062.mp4,E:\cross_sucking\Pen 3 - Group 1\WEANING\Day 1\CS_0528_WEAN_d1_p3_cowO_27092025_ch04-20250927090249_7039_7062.mp4,skipped_existing,1,1,Pen_3_WEAN_Day_1_27092025,Pen 3 - Group 1,WEAN,1,3,27092025,O,grain feeder|A|None|behind,7039.939,7062.388,7039.939,7062.388,G:\MONITORING CROSS SUCKING IN CALVES - KAPPEL - 2025\Pen 3 - Group 1\WEANING\Day 1\ch04_20250927090249.mp4,ch04_20250927090249.mp4,5550.620334,8327.675001,1489.318666,1511.767666
548,CS_0529_WEAN_d1_p3_cowO_27092025_ch04-20250927090249_7074_7097.mp4,Pen 3 - Group 1\WEANING\Day 1\CS_0529_WEAN_d1_p3_cowO_27092025_ch04-20250927090249_7074_7097.mp4,E:\cross_sucking\Pen 3 - Group 1\WEANING\Day 1\CS_0529_WEAN_d1_p3_cowO_27092025_ch04-20250927090249_7074_7097.mp4,skipped_existing,1,1,Pen_3_WEAN_Day_1_27092025,Pen 3 - Group 1,WEAN,1,3,27092025,O,grain feeder|A|None|behind,7074.151,7097.545,7074.151,7097.545,G:\MONITORING CROSS SUCKING IN CALVES - KAPPEL - 2025\Pen 3 - Group 1\WEANING\Day 1\ch04_20250927090249.mp4,ch04_20250927090249.mp4,5550.620334,8327.675001,1523.530666,1546.924666
549,CS_0530_WEAN_d1_p3_cowO_27092025_ch04-20250927090249_7109_7173.mp4,Pen 3 - Group 1\WEANING\Day 1\CS_0530_WEAN_d1_p3_cowO_27092025_ch04-20250927090249_7109_7173.mp4,E:\cross_sucking\Pen 3 - Group 1\WEANING\Day 1\CS_0530_WEAN_d1_p3_cowO_27092025_ch04-20250927090249_7109_7173.mp4,skipped_existing,1,1,Pen_3_WEAN_Day_1_27092025,Pen 3 - Group 1,WEAN,1,3,27092025,O,grain feeder|A|None|behind,7109.875,7173.89,7109.875,7173.89,G:\MONITORING CROSS SUCKING IN CALVES - KAPPEL - 2025\Pen 3 - Group 1\WEANING\Day 1\ch04_20250927090249.mp4,ch04_20250927090249.mp4,5550.620334,8327.675001,1559.254666,1623.269666
550,CS_0531_WEAN_d1_p3_cowO_27092025_ch04-20250927090249_7187_7227.mp4,Pen 3 - Group 1\WEANING\Day 1\CS_0531_WEAN_d1_p3_cowO_27092025_ch04-20250927090249_7187_7227.mp4,E:\cross_sucking\Pen 3 - Group 1\WEANING\Day 1\CS_0531_WEAN_d1_p3_cowO_27092025_ch04-20250927090249_7187_7227.mp4,skipped_existing,1,1,Pen_3_WEAN_Day_1_27092025,Pen 3 - Group 1,WEAN,1,3,27092025,O,grain feeder|A|None|behind,7187.367,7227.84,7187.367,7227.84,G:\MONITORING CROSS SUCKING IN CALVES - KAPPEL - 2025\Pen 3 - Group 1\WEANING\Day 1\ch04_20250927090249.mp4,ch04_20250927090249.mp4,5550.620334,8327.675001,1636.746666,1677.219666
551,CS_0532_WEAN_d1_p3_cow7_27092025_ch04-20250927094946_8838_8980.mp4,Pen 3 - Group 1\WEANING\Day 1\CS_0532_WEAN_d1_p3_cow7_27092025_ch04-20250927094946_8838_8980.mp4,E:\cross_sucking\Pen 3 - Group 1\WEANING\Day 1\CS_0532_WEAN_d1_p3_cow7_27092025_ch04-20250927094946_8838_8980.mp4,skipped_existing,1,1,Pen_3_WEAN_Day_1_27092025,Pen 3 - Group 1,WEAN,1,3,27092025,7,other|A|None|side,8838.843,8980.181,8838.843,8980.181,G:\MONITORING CROSS SUCKING IN CALVES - KAPPEL - 2025\Pen 3 - Group 1\WEANING\Day 1\ch04_20250927094946.mp4,ch04_20250927094946.mp4,8327.675001,11102.231668,511.167999,652.505999
552,CS_0533_WEAN_d1_p3_cow3_27092025_ch04-20250927094946_9042_9066.mp4,Pen 3 - Group 1\WEANING\Day 1\CS_0533_WEAN_d1_p3_cow3_27092025_ch04-20250927094946_9042_9066.mp4,E:\cross_sucking\Pen 3 - Group 1\WEANING\Day 1\CS_0533_WEAN_d1_p3_cow3_27092025_ch04-20250927094946_9042_9066.mp4,skipped_existing,1,1,Pen_3_WEAN_Day_1_27092025,Pen 3 - Group 1,WEAN,1,3,27092025,3,other|2|None|side,9042.018,9066.234,9042.018,9066.234,G:\MONITORING CROSS SUCKING IN CALVES - KAPPEL - 2025\Pen 3 - Group 1\WEANING\Day 1\ch04_20250927094946.mp4,ch04_20250927094946.mp4,8327.675001,11102.231668,714.342999,738.558999
553,CS_0534_WEAN_d1_p3_cow2_27092025_ch04-20250927094946_9069_9099.mp4,Pen 3 - Group 1\WEANING\Day 1\CS_0534_WEAN_d1_p3_cow2_27092025_ch04-20250927094946_9069_9099.mp4,E:\cross_sucking\Pen 3 - Group 1\WEANING\Day 1\CS_0534_WEAN_d1_p3_cow2_27092025_ch04-20250927094946_9069_9099.mp4,skipped_existing,1,1,Pen_3_WEAN_Day_1_27092025,Pen 3 - Group 1,WEAN,1,3,27092025,2,other|3|None|side,9069.453,9099.332,9069.453,9099.332,G:\MONITORING CROSS SUCKING IN CALVES - KAPPEL - 2025\Pen 3 - Group 1\WEANING\Day 1\ch04_20250927094946.mp4,ch04_20250927094946.mp4,8327.675001,11102.231668,741.777999,771.656999
554,CS_0535_WEAN_d1_p3_cow3_27092025_ch04-20250927094946_9069_9162.mp4,Pen 3 - Group 1\WEANING\Day 1\CS_0535_WEAN_d1_p3_cow3_27092025_ch04-20250927094946_9069_9162.mp4,E:\cross_sucking\Pen 3 - Group 1\WEANING\Day 1\CS_0535_WEAN_d1_p3_cow3_27092025_ch04-20250927094946_9069_9162.mp4,skipped_existing,1,1,Pen_3_WEAN_Day_1_27092025,Pen 3 - Group 1,WEAN,1,3,27092025,3,other|2|reciprocal|side,9069.699,9162.001,9069.699,9162.001,G:\MONITORING CROSS SUCKING IN CALVES - KAPPEL - 2025\Pen 3 - Group 1\WEANING\Day 1\ch04_20250927094946.mp4,ch04_20250927094946.mp4,8327.675001,11102.231668,742.023999,834.325999
555,CS_0536_WEAN_d1_p3_cow2_27092025_ch04-20250927094946_9114_9136.mp4,Pen 3 - Group 1\WEANING\Day 1\CS_0536_WEAN_d1_p3_cow2_27092025_ch04-20250927094946_9114_9136.mp4,E:\cross_sucking\Pen 3 - Group 1\WEANING\Day 1\CS_0536_WEAN_d1_p3_cow2_27092025_ch04-20250927094946_9114_9136.mp4,skipped_existing,1,1,Pen_3_WEAN_Day_1_27092025,Pen 3 - Group 1,WEAN,1,3,27092025,2,other|3|reciprocal|side,9114.915,9136.142,9114.915,9136.142,G:\MONITORING CROSS SUCKING IN CALVES - KAPPEL - 2025\Pen 3 - Group 1\WEANING\Day 1\ch04_20250927094946.mp4,ch04_20250927094946.mp4,8327.675001,11102.231668,787.239999,808.466999
556,CS_0537_WEAN_d1_p3_cow2_27092025_ch04-20250927094946_9151_9160.mp4,Pen 3 - Group 1\WEANING\Day 1\CS_0537_WEAN_d1_p3_cow2_27092025_ch04-20250927094946_9151_9160.mp4,E:\cross_sucking\Pen 3 - Group 1\WEANING\Day 1\CS_0537_WEAN_d1_p3_cow2_27092025_ch04-20250927094946_9151_9160.mp4,skipped_existing,1,1,Pen_3_WEAN_Day_1_27092025,Pen 3 - Group 1,WEAN,1,3,27092025,2,other|3|reciprocal|side,9151.061,9160.722,9151.061,9160.722,G:\MONITORING CROSS SUCKING IN CALVES - KAPPEL - 2025\Pen 3 - Group 1\WEANING\Day 1\ch04_20250927094946.mp4,ch04_20250927094946.mp4,8327.675001,11102.231668,823.385999,833.046999
557,CS_0538_WEAN_d1_p3_cow1_27092025_ch04-20250927094946_9196_9575.mp4,Pen 3 - Group 1\WEANING\Day 1\CS_0538_WEAN_d1_p3_cow1_27092025_ch04-20250927094946_9196_9575.mp4,E:\cross_sucking\Pen 3 - Group 1\WEANING\Day 1\CS_0538_WEAN_d1_p3_cow1_27092025_ch04-20250927094946_9196_9575.mp4,skipped_existing,1,1,Pen_3_WEAN_Day_1_27092025,Pen 3 - Group 1,WEAN,1,3,27092025,1,other|2|reciprocal|side,9196.512,9575.436,9196.512,9575.436,G:\MONITORING CROSS SUCKING IN CALVES - KAPPEL - 2025\Pen 3 - Group 1\WEANING\Day 1\ch04_20250927094946.mp4,ch04_20250927094946.mp4,8327.675001,11102.231668,868.836999,1247.760999
558,CS_0539_WEAN_d1_p3_cow2_27092025_ch04-20250927094946_9196_9210.mp4,Pen 3 - Group 1\WEANING\Day 1\CS_0539_WEAN_d1_p3_cow2_27092025_ch04-20250927094946_9196_9210.mp4,E:\cross_sucking\Pen 3 - Group 1\WEANING\Day 1\CS_0539_WEAN_d1_p3_cow2_27092025_ch04-20250927094946_9196_9210.mp4,skipped_existing,1,1,Pen_3_WEAN_Day_1_27092025,Pen 3 - Group 1,WEAN,1,3,27092025,2,other|1|reciprocal|side,9196.512,9210.77,9196.512,9210.77,G:\MONITORING CROSS SUCKING IN CALVES - KAPPEL - 2025\Pen 3 - Group 1\WEANING\Day 1\ch04_20250927094946.mp4,ch04_20250927094946.mp4,8327.675001,11102.231668,868.836999,883.094999
559,CS_0540_WEAN_d1_p3_cow2_27092025_ch04-20250927094946_9219_9324.mp4,Pen 3 - Group 1\WEANING\Day 1\CS_0540_WEAN_d1_p3_cow2_27092025_ch04-20250927094946_9219_9324.mp4,E:\cross_sucking\Pen 3 - Group 1\WEANING\Day 1\CS_0540_WEAN_d1_p3_cow2_27092025_ch04-20250927094946_9219_9324.mp4,skipped_existing,1,1,Pen_3_WEAN_Day_1_27092025,Pen 3 - Group 1,WEAN,1,3,27092025,2,other|1|reciprocal|side,9219.741,9324.604,9219.741,9324.604,G:\MONITORING CROSS SUCKING IN CALVES - KAPPEL - 2025\Pen 3 - Group 1\WEANING\Day 1\ch04_20250927094946.mp4,ch04_20250927094946.mp4,8327.675001,11102.231668,892.065999,996.928999
560,CS_0541_WEAN_d1_p3_cow2_27092025_ch04-20250927094946_9327_9550.mp4,Pen 3 - Group 1\WEANING\Day 1\CS_0541_WEAN_d1_p3_cow2_27092025_ch04-20250927094946_9327_9550.mp4,E:\cross_sucking\Pen 3 - Group 1\WEANING\Day 1\CS_0541_WEAN_d1_p3_cow2_27092025_ch04-20250927094946_9327_9550.mp4,skipped_existing,1,1,Pen_3_WEAN_Day_1_27092025,Pen 3 - Group 1,WEAN,1,3,27092025,2,other|1|reciprocal|side,9327.523,9550.916,9327.523,9550.916,G:\MONITORING CROSS SUCKING IN CALVES - KAPPEL - 2025\Pen 3 - Group 1\WEANING\Day 1\ch04_20250927094946.mp4,ch04_20250927094946.mp4,8327.675001,11102.231668,999.847999,1223.240999
561,CS_0542_WEAN_d1_p3_cow1_27092025_ch04-20250927094946_10416_10428.mp4,Pen 3 - Group 1\WEANING\Day 1\CS_0542_WEAN_d1_p3_cow1_27092025_ch04-20250927094946_10416_10428.mp4,E:\cross_sucking\Pen 3 - Group 1\WEANING\Day 1\CS_0542_WEAN_d1_p3_cow1_27092025_ch04-20250927094946_10416_10428.mp4,skipped_existing,1,1,Pen_3_WEAN_Day_1_27092025,Pen 3 - Group 1,WEAN,1,3,27092025,1,other|3|reciprocal|side,10416.977,10428.882,10416.977,10428.882,G:\MONITORING CROSS SUCKING IN CALVES - KAPPEL - 2025\Pen 3 - Group 1\WEANING\Day 1\ch04_20250927094946.mp4,ch04_20250927094946.mp4,8327.675001,11102.231668,2089.301999,2101.206999
562,CS_0543_WEAN_d1_p3_cow3_27092025_ch04-20250927094946_10416_10465.mp4,Pen 3 - Group 1\WEANING\Day 1\CS_0543_WEAN_d1_p3_cow3_27092025_ch04-20250927094946_10416_10465.mp4,E:\cross_sucking\Pen 3 - Group 1\WEANING\Day 1\CS_0543_WEAN_d1_p3_cow3_27092025_ch04-20250927094946_10416_10465.mp4,skipped_existing,1,1,Pen_3_WEAN_Day_1_27092025,Pen 3 - Group 1,WEAN,1,3,27092025,3,other|1|reciprocal|side,10416.977,10465.487,10416.977,10465.487,G:\MONITORING CROSS SUCKING IN CALVES - KAPPEL - 2025\Pen 3 - Group 1\WEANING\Day 1\ch04_20250927094946.mp4,ch04_20250927094946.mp4,8327.675001,11102.231668,2089.301999,2137.811999
563,CS_0544_WEAN_d1_p3_cowT_27092025_ch04-20250927125728_21623_21640.mp4,Pen 3 - Group 1\WEANING\Day 1\CS_0544_WEAN_d1_p3_cowT_27092025_ch04-20250927125728_21623_21640.mp4,E:\cross_sucking\Pen 3 - Group 1\WEANING\Day 1\CS_0544_WEAN_d1_p3_cowT_27092025_ch04-20250927125728_21623_21640.mp4,skipped_existing,1,1,Pen_3_WEAN_Day_1_27092025,Pen 3 - Group 1,WEAN,1,3,27092025,T,milk feeder|3|None|behind,21623.785,21640.085,21623.785,21640.085,G:\MONITORING CROSS SUCKING IN CALVES - KAPPEL - 2025\Pen 3 - Group 1\WEANING\Day 1\ch04_20250927125728.mp4,ch04_20250927125728.mp4,19430.309669,22206.463336,2193.475331,2209.775331
564,CS_0545_WEAN_d1_p3_cow1_27092025_ch04-20250927134424_23059_23063.mp4,Pen 3 - Group 1\WEANING\Day 1\CS_0545_WEAN_d1_p3_cow1_27092025_ch04-20250927134424_23059_23063.mp4,E:\cross_sucking\Pen 3 - Group 1\WEANING\Day 1\CS_0545_WEAN_d1_p3_cow1_27092025_ch04-20250927134424_23059_23063.mp4,skipped_existing,1,1,Pen_3_WEAN_Day_1_27092025,Pen 3 - Group 1,WEAN,1,3,27092025,1,other|3|reciprocal|side,23059.048,23063.647,23059.048,23063.647,G:\MONITORING CROSS SUCKING IN CALVES - KAPPEL - 2025\Pen 3 - Group 1\WEANING\Day 1\ch04_20250927134424.mp4,ch04_20250927134424.mp4,22206.463336,24981.153003,852.584664,857.183664
565,CS_0546_WEAN_d1_p3_cow3_27092025_ch04-20250927134424_23059_23066.mp4,Pen 3 - Group 1\WEANING\Day 1\CS_0546_WEAN_d1_p3_cow3_27092025_ch04-20250927134424_23059_23066.mp4,E:\cross_sucking\Pen 3 - Group 1\WEANING\Day 1\CS_0546_WEAN_d1_p3_cow3_27092025_ch04-20250927134424_23059_23066.mp4,skipped_existing,1,1,Pen_3_WEAN_Day_1_27092025,Pen 3 - Group 1,WEAN,1,3,27092025,3,other|1|reciprocal|side,23059.048,23066.114,23059.048,23066.114,G:\MONITORING CROSS SUCKING IN CALVES - KAPPEL - 2025\Pen 3 - Group 1\WEANING\Day 1\ch04_20250927134424.mp4,ch04_20250927134424.mp4,22206.463336,24981.153003,852.584664,859.650664
566,CS_0547_WEAN_d1_p3_cow7_27092025_ch04-20250927165204_34008_34028.mp4,Pen 3 - Group 1\WEANING\Day 1\CS_0547_WEAN_d1_p3_cow7_27092025_ch04-20250927165204_34008_34028.mp4,E:\cross_sucking\Pen 3 - Group 1\WEANING\Day 1\CS_0547_WEAN_d1_p3_cow7_27092025_ch04-20250927165204_34008_34028.mp4,skipped_existing,1,1,Pen_3_WEAN_Day_1_27092025,Pen 3 - Group 1,WEAN,1,3,27092025,7,hay|1|None|behind,34008.379,34028.245,34008.379,34028.245,G:\MONITORING CROSS SUCKING IN CALVES - KAPPEL - 2025\Pen 3 - Group 1\WEANING\Day 1\ch04_20250927165204.mp4,ch04_20250927165204.mp4,33308.683004,36085.024671,699.695996,719.561996
567,CS_0548_WEAN_d1_p3_cow7_27092025_ch04-20250927165204_34076_34089.mp4,Pen 3 - Group 1\WEANING\Day 1\CS_0548_WEAN_d1_p3_cow7_27092025_ch04-20250927165204_34076_34089.mp4,E:\cross_sucking\Pen 3 - Group 1\WEANING\Day 1\CS_0548_WEAN_d1_p3_cow7_27092025_ch04-20250927165204_34076_34089.mp4,skipped_existing,1,1,Pen_3_WEAN_Day_1_27092025,Pen 3 - Group 1,WEAN,1,3,27092025,7,hay|2|None|behind,34076.593,34089.611,34076.593,34089.611,G:\MONITORING CROSS SUCKING IN CALVES - KAPPEL - 2025\Pen 3 - Group 1\WEANING\Day 1\ch04_20250927165204.mp4,ch04_20250927165204.mp4,33308.683004,36085.024671,767.909996,780.927996
568,CS_0549_WEAN_d1_p3_cowA_27092025_ch04-20250927191252_44337_44370.mp4,Pen 3 - Group 1\WEANING\Day 1\CS_0549_WEAN_d1_p3_cowA_27092025_ch04-20250927191252_44337_44370.mp4,E:\cross_sucking\Pen 3 - Group 1\WEANING\Day 1\CS_0549_WEAN_d1_p3_cowA_27092025_ch04-20250927191252_44337_44370.mp4,skipped_existing,1,1,Pen_3_WEAN_Day_1_27092025,Pen 3 - Group 1,WEAN,1,3,27092025,A,grain feeder|6|None|behind,44337.629,44370.932,44337.629,44370.932,G:\MONITORING CROSS SUCKING IN CALVES - KAPPEL - 2025\Pen 3 - Group 1\WEANING\Day 1\ch04_20250927191252.mp4,ch04_20250927191252.mp4,41637.175005,44412.295672,2700.453995,2733.756995
569,CS_0550_WEAN_d1_p3_cowA_27092025_ch04-20250927195946_44436_44467.mp4,Pen 3 - Group 1\WEANING\Day 1\CS_0550_WEAN_d1_p3_cowA_27092025_ch04-20250927195946_44436_44467.mp4,E:\cross_sucking\Pen 3 - Group 1\WEANING\Day 1\CS_0550_WEAN_d1_p3_cowA_27092025_ch04-20250927195946_44436_44467.mp4,skipped_existing,1,1,Pen_3_WEAN_Day_1_27092025,Pen 3 - Group 1,WEAN,1,3,27092025,A,other|6|None|behind,44436.227,44467.063,44436.227,44467.063,G:\MONITORING CROSS SUCKING IN CALVES - KAPPEL - 2025\Pen 3 - Group 1\WEANING\Day 1\ch04_20250927195946.mp4,ch04_20250927195946.mp4,44412.295672,47188.806339,23.931328,54.767328
570,CS_0551_WEAN_d1_p3_cowO_27092025_ch04-20250927195946_44819_44830.mp4,Pen 3 - Group 1\WEANING\Day 1\CS_0551_WEAN_d1_p3_cowO_27092025_ch04-20250927195946_44819_44830.mp4,E:\cross_sucking\Pen 3 - Group 1\WEANING\Day 1\CS_0551_WEAN_d1_p3_cowO_27092025_ch04-20250927195946_44819_44830.mp4,skipped_existing,1,1,Pen_3_WEAN_Day_1_27092025,Pen 3 - Group 1,WEAN,1,3,27092025,O,grain feeder|6|None|side,44819.58,44830.432,44819.58,44830.432,G:\MONITORING CROSS SUCKING IN CALVES - KAPPEL - 2025\Pen 3 - Group 1\WEANING\Day 1\ch04_20250927195946.mp4,ch04_20250927195946.mp4,44412.295672,47188.806339,407.284328,418.136328
571,CS_0552_WEAN_d1_p3_cow7_27092025_ch04-20250927213339_51609_51626.mp4,Pen 3 - Group 1\WEANING\Day 1\CS_0552_WEAN_d1_p3_cow7_27092025_ch04-20250927213339_51609_51626.mp4,E:\cross_sucking\Pen 3 - Group 1\WEANING\Day 1\CS_0552_WEAN_d1_p3_cow7_27092025_ch04-20250927213339_51609_51626.mp4,skipped_existing,1,1,Pen_3_WEAN_Day_1_27092025,Pen 3 - Group 1,WEAN,1,3,27092025,7,hay|T|None|side,51609.168,51626.886,51609.168,51626.886,G:\MONITORING CROSS SUCKING IN CALVES - KAPPEL - 2025\Pen 3 - Group 1\WEANING\Day 1\ch04_20250927213339.mp4,ch04_20250927213339.mp4,49965.749006,52742.404673,1643.418994,1661.136994
572,CS_0553_WEAN_d1_p3_cow3_27092025_ch04-20250927213339_51897_51903.mp4,Pen 3 - Group 1\WEANING\Day 1\CS_0553_WEAN_d1_p3_cow3_27092025_ch04-20250927213339_51897_51903.mp4,E:\cross_sucking\Pen 3 - Group 1\WEANING\Day 1\CS_0553_WEAN_d1_p3_cow3_27092025_ch04-20250927213339_51897_51903.mp4,skipped_existing,1,1,Pen_3_WEAN_Day_1_27092025,Pen 3 - Group 1,WEAN,1,3,27092025,3,milk feeder|A|None|behind,51897.146,51903.748,51897.146,51903.748,G:\MONITORING CROSS SUCKING IN CALVES - KAPPEL - 2025\Pen 3 - Group 1\WEANING\Day 1\ch04_20250927213339.mp4,ch04_20250927213339.mp4,49965.749006,52742.404673,1931.396994,1937.998994
573,CS_0554_WEAN_d1_p3_cow3_27092025_ch04-20250927213339_52036_52036.mp4,Pen 3 - Group 1\WEANING\Day 1\CS_0554_WEAN_d1_p3_cow3_27092025_ch04-20250927213339_52036_52036.mp4,E:\cross_sucking\Pen 3 - Group 1\WEANING\Day 1\CS_0554_WEAN_d1_p3_cow3_27092025_ch04-20250927213339_52036_52036.mp4,skipped_existing,1,1,Pen_3_WEAN_Day_1_27092025,Pen 3 - Group 1,WEAN,1,3,27092025,3,milk feeder|6|None|behind,52036.226,52036.661,52036.226,52036.661,G:\MONITORING CROSS SUCKING IN CALVES - KAPPEL - 2025\Pen 3 - Group 1\WEANING\Day 1\ch04_20250927213339.mp4,ch04_20250927213339.mp4,49965.749006,52742.404673,2070.476994,2070.911994
574,CS_0555_WEAN_d1_p3_cow3_27092025_ch04-20250927213339_52040_52041.mp4,Pen 3 - Group 1\WEANING\Day 1\CS_0555_WEAN_d1_p3_cow3_27092025_ch04-20250927213339_52040_52041.mp4,E:\cross_sucking\Pen 3 - Group 1\WEANING\Day 1\CS_0555_WEAN_d1_p3_cow3_27092025_ch04-20250927213339_52040_52041.mp4,skipped_existing,1,1,Pen_3_WEAN_Day_1_27092025,Pen 3 - Group 1,WEAN,1,3,27092025,3,milk feeder|6|None|behind,52040.998,52041.632,52040.998,52041.632,G:\MONITORING CROSS SUCKING IN CALVES - KAPPEL - 2025\Pen 3 - Group 1\WEANING\Day 1\ch04_20250927213339.mp4,ch04_20250927213339.mp4,49965.749006,52742.404673,2075.248994,2075.882994
575,CS_0556_WEAN_d1_p3_cow3_27092025_ch04-20250927213339_52050_52100.mp4,Pen 3 - Group 1\WEANING\Day 1\CS_0556_WEAN_d1_p3_cow3_27092025_ch04-20250927213339_52050_52100.mp4,E:\cross_sucking\Pen 3 - Group 1\WEANING\Day 1\CS_0556_WEAN_d1_p3_cow3_27092025_ch04-20250927213339_52050_52100.mp4,skipped_existing,1,1,Pen_3_WEAN_Day_1_27092025,Pen 3 - Group 1,WEAN,1,3,27092025,3,milk feeder|6|None|behind,52050.003,52100.521,52050.003,52100.521,G:\MONITORING CROSS SUCKING IN CALVES - KAPPEL - 2025\Pen 3 - Group 1\WEANING\Day 1\ch04_20250927213339.mp4,ch04_20250927213339.mp4,49965.749006,52742.404673,2084.253994,2134.771994
576,CS_0557_WEAN_d1_p3_cow3_27092025_ch04-20250927213339_52100_52100.mp4,Pen 3 - Group 1\WEANING\Day 1\CS_0557_WEAN_d1_p3_cow3_27092025_ch04-20250927213339_52100_52100.mp4,E:\cross_sucking\Pen 3 - Group 1\WEANING\Day 1\CS_0557_WEAN_d1_p3_cow3_27092025_ch04-20250927213339_52100_52100.mp4,skipped_existing,1,1,Pen_3_WEAN_Day_1_27092025,Pen 3 - Group 1,WEAN,1,3,27092025,3,milk feeder|6|None|behind,52100.522,52100.853,52100.522,52100.853,G:\MONITORING CROSS SUCKING IN CALVES - KAPPEL - 2025\Pen 3 - Group 1\WEANING\Day 1\ch04_20250927213339.mp4,ch04_20250927213339.mp4,49965.749006,52742.404673,2134.772994,2135.103994
577,CS_0558_WEAN_d1_p3_cow3_27092025_ch04-20250927213339_52617_52675.mp4,Pen 3 - Group 1\WEANING\Day 1\CS_0558_WEAN_d1_p3_cow3_27092025_ch04-20250927213339_52617_52675.mp4,E:\cross_sucking\Pen 3 - Group 1\WEANING\Day 1\CS_0558_WEAN_d1_p3_cow3_27092025_ch04-20250927213339_52617_52675.mp4,skipped_existing,1,1,Pen_3_WEAN_Day_1_27092025,Pen 3 - Group 1,WEAN,1,3,27092025,3,hay|A|None|behind,52617.447,52675.309,52617.447,52675.309,G:\MONITORING CROSS SUCKING IN CALVES - KAPPEL - 2025\Pen 3 - Group 1\WEANING\Day 1\ch04_20250927213339.mp4,ch04_20250927213339.mp4,49965.749006,52742.404673,2651.697994,2709.559994
578,CS_0559_WEAN_d1_p3_cow2_27092025_ch04-20250927230729_57434_57449.mp4,Pen 3 - Group 1\WEANING\Day 1\CS_0559_WEAN_d1_p3_cow2_27092025_ch04-20250927230729_57434_57449.mp4,E:\cross_sucking\Pen 3 - Group 1\WEANING\Day 1\CS_0559_WEAN_d1_p3_cow2_27092025_ch04-20250927230729_57434_57449.mp4,skipped_existing,1,1,Pen_3_WEAN_Day_1_27092025,Pen 3 - Group 1,WEAN,1,3,27092025,2,grain feeder|T|None|behind,57434.153,57449.075,57434.153,57449.075,G:\MONITORING CROSS SUCKING IN CALVES - KAPPEL - 2025\Pen 3 - Group 1\WEANING\Day 1\ch04_20250927230729.mp4,ch04_20250927230729.mp4,55517.85634,58293.424007,1916.29666,1931.21866
579,CS_0560_WEAN_d1_p3_cow2_27092025_ch04-20250927230729_57459_57461.mp4,Pen 3 - Group 1\WEANING\Day 1\CS_0560_WEAN_d1_p3_cow2_27092025_ch04-20250927230729_57459_57461.mp4,E:\cross_sucking\Pen 3 - Group 1\WEANING\Day 1\CS_0560_WEAN_d1_p3_cow2_27092025_ch04-20250927230729_57459_57461.mp4,skipped_existing,1,1,Pen_3_WEAN_Day_1_27092025,Pen 3 - Group 1,WEAN,1,3,27092025,2,grain feeder|T|None|behind,57459.36,57461.726,57459.36,57461.726,G:\MONITORING CROSS SUCKING IN CALVES - KAPPEL - 2025\Pen 3 - Group 1\WEANING\Day 1\ch04_20250927230729.mp4,ch04_20250927230729.mp4,55517.85634,58293.424007,1941.50366,1943.86966
580,CS_0561_WEAN_d1_p3_cow6_27092025_ch04-20250927230729_57788_57844.mp4,Pen 3 - Group 1\WEANING\Day 1\CS_0561_WEAN_d1_p3_cow6_27092025_ch04-20250927230729_57788_57844.mp4,E:\cross_sucking\Pen 3 - Group 1\WEANING\Day 1\CS_0561_WEAN_d1_p3_cow6_27092025_ch04-20250927230729_57788_57844.mp4,skipped_existing,1,1,Pen_3_WEAN_Day_1_27092025,Pen 3 - Group 1,WEAN,1,3,27092025,6,other|A|None|behind,57788.529,57844.294,57788.529,57844.294,G:\MONITORING CROSS SUCKING IN CALVES - KAPPEL - 2025\Pen 3 - Group 1\WEANING\Day 1\ch04_20250927230729.mp4,ch04_20250927230729.mp4,55517.85634,58293.424007,2270.67266,2326.43766
581,CS_0562_WEAN_d1_p3_cow3_27092025_ch04-20250927235425_59859_59862.mp4,Pen 3 - Group 1\WEANING\Day 1\CS_0562_WEAN_d1_p3_cow3_27092025_ch04-20250927235425_59859_59862.mp4,E:\cross_sucking\Pen 3 - Group 1\WEANING\Day 1\CS_0562_WEAN_d1_p3_cow3_27092025_ch04-20250927235425_59859_59862.mp4,skipped_existing,1,1,Pen_3_WEAN_Day_1_27092025,Pen 3 - Group 1,WEAN,1,3,27092025,3,hay|6|None|behind,59859.767,59862.919,59859.767,59862.919,G:\MONITORING CROSS SUCKING IN CALVES - KAPPEL - 2025\Pen 3 - Group 1\WEANING\Day 1\ch04_20250927235425.mp4,ch04_20250927235425.mp4,58293.424007,61068.785674,1566.342993,1569.494993
582,CS_0563_WEAN_d1_p3_cow1_27092025_ch04-20250928065643_84585_84681.mp4,Pen 3 - Group 1\WEANING\Day 1\CS_0563_WEAN_d1_p3_cow1_27092025_ch04-20250928065643_84585_84681.mp4,E:\cross_sucking\Pen 3 - Group 1\WEANING\Day 1\CS_0563_WEAN_d1_p3_cow1_27092025_ch04-20250928065643_84585_84681.mp4,skipped_existing,1,1,Pen_3_WEAN_Day_1_27092025,Pen 3 - Group 1,WEAN,1,3,27092025,1,other|2|None|side,84585.476,84681.814,84585.476,84681.814,G:\MONITORING CROSS SUCKING IN CALVES - KAPPEL - 2025\Pen 3 - Group 1\WEANING\Day 1\ch04_20250928065643.mp4,ch04_20250928065643.mp4,83275.96301,86052.280677,1309.51299,1405.85099
583,CS_0564_WEAN_d1_p3_cow2_27092025_ch04-20250928065643_84588_84685.mp4,Pen 3 - Group 1\WEANING\Day 1\CS_0564_WEAN_d1_p3_cow2_27092025_ch04-20250928065643_84588_84685.mp4,E:\cross_sucking\Pen 3 - Group 1\WEANING\Day 1\CS_0564_WEAN_d1_p3_cow2_27092025_ch04-20250928065643_84588_84685.mp4,skipped_existing,1,1,Pen_3_WEAN_Day_1_27092025,Pen 3 - Group 1,WEAN,1,3,27092025,2,other|1|reciprocal|side,84588.96,84685.76,84588.96,84685.76,G:\MONITORING CROSS SUCKING IN CALVES - KAPPEL - 2025\Pen 3 - Group 1\WEANING\Day 1\ch04_20250928065643.mp4,ch04_20250928065643.mp4,83275.96301,86052.280677,1312.99699,1409.79699
584,CS_0565_WEAN_d1_p3_cow3_27092025_ch04-20250928065643_84612_84615.mp4,Pen 3 - Group 1\WEANING\Day 1\CS_0565_WEAN_d1_p3_cow3_27092025_ch04-20250928065643_84612_84615.mp4,E:\cross_sucking\Pen 3 - Group 1\WEANING\Day 1\CS_0565_WEAN_d1_p3_cow3_27092025_ch04-20250928065643_84612_84615.mp4,skipped_existing,1,1,Pen_3_WEAN_Day_1_27092025,Pen 3 - Group 1,WEAN,1,3,27092025,3,other|2|None|behind,84612.007,84615.689,84612.007,84615.689,G:\MONITORING CROSS SUCKING IN CALVES - KAPPEL - 2025\Pen 3 - Group 1\WEANING\Day 1\ch04_20250928065643.mp4,ch04_20250928065643.mp4,83275.96301,86052.280677,1336.04399,1339.72599
585,CS_0566_WEAN_d1_p3_cow2_27092025_ch04-20250928065643_84690_84747.mp4,Pen 3 - Group 1\WEANING\Day 1\CS_0566_WEAN_d1_p3_cow2_27092025_ch04-20250928065643_84690_84747.mp4,E:\cross_sucking\Pen 3 - Group 1\WEANING\Day 1\CS_0566_WEAN_d1_p3_cow2_27092025_ch04-20250928065643_84690_84747.mp4,skipped_existing,1,1,Pen_3_WEAN_Day_1_27092025,Pen 3 - Group 1,WEAN,1,3,27092025,2,other|1|None|side,84690.1,84747.852,84690.1,84747.852,G:\MONITORING CROSS SUCKING IN CALVES - KAPPEL - 2025\Pen 3 - Group 1\WEANING\Day 1\ch04_20250928065643.mp4,ch04_20250928065643.mp4,83275.96301,86052.280677,1414.13699,1471.88899
586,CS_0567_WEAN_d2_p3_cow2_28092025_ch04-20250928074339_2150_2161.mp4,Pen 3 - Group 1\WEANING\Day 2\CS_0567_WEAN_d2_p3_cow2_28092025_ch04-20250928074339_2150_2161.mp4,E:\cross_sucking\Pen 3 - Group 1\WEANING\Day 2\CS_0567_WEAN_d2_p3_cow2_28092025_ch04-20250928074339_2150_2161.mp4,skipped_existing,1,1,Pen_3_WEAN_Day_2_28092025,Pen 3 - Group 1,WEAN,2,3,28092025,2,grain feeder|T|None|behind,2150.704,2161.937,2150.704,2161.937,G:\MONITORING CROSS SUCKING IN CALVES - KAPPEL - 2025\Pen 3 - Group 1\WEANING\Day 2\ch04_20250928074339.mp4,ch04_20250928074339.mp4,0.0,2774.732667,2150.704,2161.937
587,CS_0568_WEAN_d2_p3_cowA_28092025_ch04-20250928083034_4148_4156.mp4,Pen 3 - Group 1\WEANING\Day 2\CS_0568_WEAN_d2_p3_cowA_28092025_ch04-20250928083034_4148_4156.mp4,E:\cross_sucking\Pen 3 - Group 1\WEANING\Day 2\CS_0568_WEAN_d2_p3_cowA_28092025_ch04-20250928083034_4148_4156.mp4,skipped_existing,1,1,Pen_3_WEAN_Day_2_28092025,Pen 3 - Group 1,WEAN,2,3,28092025,A,grain feeder|2|None|behind,4148.736,4156.687,4148.736,4156.687,G:\MONITORING CROSS SUCKING IN CALVES - KAPPEL - 2025\Pen 3 - Group 1\WEANING\Day 2\ch04_20250928083034.mp4,ch04_20250928083034.mp4,2774.732667,5550.961334,1374.003333,1381.954333
588,CS_0569_WEAN_d2_p3_cow6_28092025_ch04-20250928083034_4582_4605.mp4,Pen 3 - Group 1\WEANING\Day 2\CS_0569_WEAN_d2_p3_cow6_28092025_ch04-20250928083034_4582_4605.mp4,E:\cross_sucking\Pen 3 - Group 1\WEANING\Day 2\CS_0569_WEAN_d2_p3_cow6_28092025_ch04-20250928083034_4582_4605.mp4,skipped_existing,1,1,Pen_3_WEAN_Day_2_28092025,Pen 3 - Group 1,WEAN,2,3,28092025,6,other|3|None|behind,4582.504,4605.556,4582.504,4605.556,G:\MONITORING CROSS SUCKING IN CALVES - KAPPEL - 2025\Pen 3 - Group 1\WEANING\Day 2\ch04_20250928083034.mp4,ch04_20250928083034.mp4,2774.732667,5550.961334,1807.771333,1830.823333
589,CS_0570_WEAN_d2_p3_cow1_28092025_ch04-20250928091729_6748_7099.mp4,Pen 3 - Group 1\WEANING\Day 2\CS_0570_WEAN_d2_p3_cow1_28092025_ch04-20250928091729_6748_7099.mp4,E:\cross_sucking\Pen 3 - Group 1\WEANING\Day 2\CS_0570_WEAN_d2_p3_cow1_28092025_ch04-20250928091729_6748_7099.mp4,skipped_existing,1,1,Pen_3_WEAN_Day_2_28092025,Pen 3 - Group 1,WEAN,2,3,28092025,1,other|2|None|side,6748.19,7099.702,6748.19,7099.702,G:\MONITORING CROSS SUCKING IN CALVES - KAPPEL - 2025\Pen 3 - Group 1\WEANING\Day 2\ch04_20250928091729.mp4,ch04_20250928091729.mp4,5550.961334,8327.182001,1197.228666,1548.740666
590,CS_0571_WEAN_d2_p3_cow2_28092025_ch04-20250928091729_6756_6936.mp4,Pen 3 - Group 1\WEANING\Day 2\CS_0571_WEAN_d2_p3_cow2_28092025_ch04-20250928091729_6756_6936.mp4,E:\cross_sucking\Pen 3 - Group 1\WEANING\Day 2\CS_0571_WEAN_d2_p3_cow2_28092025_ch04-20250928091729_6756_6936.mp4,skipped_existing,1,1,Pen_3_WEAN_Day_2_28092025,Pen 3 - Group 1,WEAN,2,3,28092025,2,other|1|reciprocal|side,6756.209,6936.6,6756.209,6936.6,G:\MONITORING CROSS SUCKING IN CALVES - KAPPEL - 2025\Pen 3 - Group 1\WEANING\Day 2\ch04_20250928091729.mp4,ch04_20250928091729.mp4,5550.961334,8327.182001,1205.247666,1385.638666
591,CS_0572_WEAN_d2_p3_cow2_28092025_ch04-20250928091729_6940_7025.mp4,Pen 3 - Group 1\WEANING\Day 2\CS_0572_WEAN_d2_p3_cow2_28092025_ch04-20250928091729_6940_7025.mp4,E:\cross_sucking\Pen 3 - Group 1\WEANING\Day 2\CS_0572_WEAN_d2_p3_cow2_28092025_ch04-20250928091729_6940_7025.mp4,skipped_existing,1,1,Pen_3_WEAN_Day_2_28092025,Pen 3 - Group 1,WEAN,2,3,28092025,2,other|1|reciprocal|side,6940.318,7025.118,6940.318,7025.118,G:\MONITORING CROSS SUCKING IN CALVES - KAPPEL - 2025\Pen 3 - Group 1\WEANING\Day 2\ch04_20250928091729.mp4,ch04_20250928091729.mp4,5550.961334,8327.182001,1389.356666,1474.156666
592,CS_0573_WEAN_d2_p3_cow2_28092025_ch04-20250928091729_7029_7083.mp4,Pen 3 - Group 1\WEANING\Day 2\CS_0573_WEAN_d2_p3_cow2_28092025_ch04-20250928091729_7029_7083.mp4,E:\cross_sucking\Pen 3 - Group 1\WEANING\Day 2\CS_0573_WEAN_d2_p3_cow2_28092025_ch04-20250928091729_7029_7083.mp4,skipped_existing,1,1,Pen_3_WEAN_Day_2_28092025,Pen 3 - Group 1,WEAN,2,3,28092025,2,other|1|reciprocal|side,7029.842,7083.898,7029.842,7083.898,G:\MONITORING CROSS SUCKING IN CALVES - KAPPEL - 2025\Pen 3 - Group 1\WEANING\Day 2\ch04_20250928091729.mp4,ch04_20250928091729.mp4,5550.961334,8327.182001,1478.880666,1532.936666
593,CS_0574_WEAN_d2_p3_cow2_28092025_ch04-20250928091729_7094_7099.mp4,Pen 3 - Group 1\WEANING\Day 2\CS_0574_WEAN_d2_p3_cow2_28092025_ch04-20250928091729_7094_7099.mp4,E:\cross_sucking\Pen 3 - Group 1\WEANING\Day 2\CS_0574_WEAN_d2_p3_cow2_28092025_ch04-20250928091729_7094_7099.mp4,skipped_existing,1,1,Pen_3_WEAN_Day_2_28092025,Pen 3 - Group 1,WEAN,2,3,28092025,2,other|1|reciprocal|side,7094.678,7099.868,7094.678,7099.868,G:\MONITORING CROSS SUCKING IN CALVES - KAPPEL - 2025\Pen 3 - Group 1\WEANING\Day 2\ch04_20250928091729.mp4,ch04_20250928091729.mp4,5550.961334,8327.182001,1543.716666,1548.906666
594,CS_0575_WEAN_d2_p3_cow3_28092025_ch04-20250928100425_8449_8452.mp4,Pen 3 - Group 1\WEANING\Day 2\CS_0575_WEAN_d2_p3_cow3_28092025_ch04-20250928100425_8449_8452.mp4,E:\cross_sucking\Pen 3 - Group 1\WEANING\Day 2\CS_0575_WEAN_d2_p3_cow3_28092025_ch04-20250928100425_8449_8452.mp4,skipped_existing,1,1,Pen_3_WEAN_Day_2_28092025,Pen 3 - Group 1,WEAN,2,3,28092025,3,hay|6|None|behind,8449.405,8452.923,8449.405,8452.923,G:\MONITORING CROSS SUCKING IN CALVES - KAPPEL - 2025\Pen 3 - Group 1\WEANING\Day 2\ch04_20250928100425.mp4,ch04_20250928100425.mp4,8327.182001,11102.776668,122.222999,125.740999
595,CS_0576_WEAN_d2_p3_cow7_28092025_ch04-20250928100425_8499_8502.mp4,Pen 3 - Group 1\WEANING\Day 2\CS_0576_WEAN_d2_p3_cow7_28092025_ch04-20250928100425_8499_8502.mp4,E:\cross_sucking\Pen 3 - Group 1\WEANING\Day 2\CS_0576_WEAN_d2_p3_cow7_28092025_ch04-20250928100425_8499_8502.mp4,skipped_existing,1,1,Pen_3_WEAN_Day_2_28092025,Pen 3 - Group 1,WEAN,2,3,28092025,7,other|6|None|behind,8499.324,8502.444,8499.324,8502.444,G:\MONITORING CROSS SUCKING IN CALVES - KAPPEL - 2025\Pen 3 - Group 1\WEANING\Day 2\ch04_20250928100425.mp4,ch04_20250928100425.mp4,8327.182001,11102.776668,172.141999,175.261999
596,CS_0577_WEAN_d2_p3_cow3_28092025_ch04-20250928100425_8675_8717.mp4,Pen 3 - Group 1\WEANING\Day 2\CS_0577_WEAN_d2_p3_cow3_28092025_ch04-20250928100425_8675_8717.mp4,E:\cross_sucking\Pen 3 - Group 1\WEANING\Day 2\CS_0577_WEAN_d2_p3_cow3_28092025_ch04-20250928100425_8675_8717.mp4,skipped_existing,1,1,Pen_3_WEAN_Day_2_28092025,Pen 3 - Group 1,WEAN,2,3,28092025,3,grain feeder|A|None|behind,8675.013,8717.104,8675.013,8717.104,G:\MONITORING CROSS SUCKING IN CALVES - KAPPEL - 2025\Pen 3 - Group 1\WEANING\Day 2\ch04_20250928100425.mp4,ch04_20250928100425.mp4,8327.182001,11102.776668,347.830999,389.921999
597,CS_0578_WEAN_d2_p3_cow3_28092025_ch04-20250928100425_8733_8742.mp4,Pen 3 - Group 1\WEANING\Day 2\CS_0578_WEAN_d2_p3_cow3_28092025_ch04-20250928100425_8733_8742.mp4,E:\cross_sucking\Pen 3 - Group 1\WEANING\Day 2\CS_0578_WEAN_d2_p3_cow3_28092025_ch04-20250928100425_8733_8742.mp4,skipped_existing,1,1,Pen_3_WEAN_Day_2_28092025,Pen 3 - Group 1,WEAN,2,3,28092025,3,milk feeder|6|None|behind,8733.404,8742.666,8733.404,8742.666,G:\MONITORING CROSS SUCKING IN CALVES - KAPPEL - 2025\Pen 3 - Group 1\WEANING\Day 2\ch04_20250928100425.mp4,ch04_20250928100425.mp4,8327.182001,11102.776668,406.221999,415.483999
598,CS_0579_WEAN_d2_p3_cow3_28092025_ch04-20250928100425_8752_8755.mp4,Pen 3 - Group 1\WEANING\Day 2\CS_0579_WEAN_d2_p3_cow3_28092025_ch04-20250928100425_8752_8755.mp4,E:\cross_sucking\Pen 3 - Group 1\WEANING\Day 2\CS_0579_WEAN_d2_p3_cow3_28092025_ch04-20250928100425_8752_8755.mp4,skipped_existing,1,1,Pen_3_WEAN_Day_2_28092025,Pen 3 - Group 1,WEAN,2,3,28092025,3,milk feeder|6|None|behind,8752.791,8755.125,8752.791,8755.125,G:\MONITORING CROSS SUCKING IN CALVES - KAPPEL - 2025\Pen 3 - Group 1\WEANING\Day 2\ch04_20250928100425.mp4,ch04_20250928100425.mp4,8327.182001,11102.776668,425.608999,427.942999
599,CS_0580_WEAN_d2_p3_cow3_28092025_ch04-20250928100425_8768_8779.mp4,Pen 3 - Group 1\WEANING\Day 2\CS_0580_WEAN_d2_p3_cow3_28092025_ch04-20250928100425_8768_8779.mp4,E:\cross_sucking\Pen 3 - Group 1\WEANING\Day 2\CS_0580_WEAN_d2_p3_cow3_28092025_ch04-20250928100425_8768_8779.mp4,skipped_existing,1,1,Pen_3_WEAN_Day_2_28092025,Pen 3 - Group 1,WEAN,2,3,28092025,3,milk feeder|6|None|behind,8768.157,8779.09,8768.157,8779.09,G:\MONITORING CROSS SUCKING IN CALVES - KAPPEL - 2025\Pen 3 - Group 1\WEANING\Day 2\ch04_20250928100425.mp4,ch04_20250928100425.mp4,8327.182001,11102.776668,440.974999,451.907999
600,CS_0581_WEAN_d2_p3_cow3_28092025_ch04-20250928100425_8787_8795.mp4,Pen 3 - Group 1\WEANING\Day 2\CS_0581_WEAN_d2_p3_cow3_28092025_ch04-20250928100425_8787_8795.mp4,E:\cross_sucking\Pen 3 - Group 1\WEANING\Day 2\CS_0581_WEAN_d2_p3_cow3_28092025_ch04-20250928100425_8787_8795.mp4,skipped_existing,1,1,Pen_3_WEAN_Day_2_28092025,Pen 3 - Group 1,WEAN,2,3,28092025,3,milk feeder|6|None|behind,8787.698,8795.332,8787.698,8795.332,G:\MONITORING CROSS SUCKING IN CALVES - KAPPEL - 2025\Pen 3 - Group 1\WEANING\Day 2\ch04_20250928100425.mp4,ch04_20250928100425.mp4,8327.182001,11102.776668,460.515999,468.149999
601,CS_0582_WEAN_d2_p3_cow3_28092025_ch04-20250928100425_8803_8834.mp4,Pen 3 - Group 1\WEANING\Day 2\CS_0582_WEAN_d2_p3_cow3_28092025_ch04-20250928100425_8803_8834.mp4,E:\cross_sucking\Pen 3 - Group 1\WEANING\Day 2\CS_0582_WEAN_d2_p3_cow3_28092025_ch04-20250928100425_8803_8834.mp4,skipped_existing,1,1,Pen_3_WEAN_Day_2_28092025,Pen 3 - Group 1,WEAN,2,3,28092025,3,milk feeder|6|None|behind,8803.147,8834.142,8803.147,8834.142,G:\MONITORING CROSS SUCKING IN CALVES - KAPPEL - 2025\Pen 3 - Group 1\WEANING\Day 2\ch04_20250928100425.mp4,ch04_20250928100425.mp4,8327.182001,11102.776668,475.964999,506.959999
602,CS_0583_WEAN_d2_p3_cow3_28092025_ch04-20250928100425_8844_8924.mp4,Pen 3 - Group 1\WEANING\Day 2\CS_0583_WEAN_d2_p3_cow3_28092025_ch04-20250928100425_8844_8924.mp4,E:\cross_sucking\Pen 3 - Group 1\WEANING\Day 2\CS_0583_WEAN_d2_p3_cow3_28092025_ch04-20250928100425_8844_8924.mp4,skipped_existing,1,1,Pen_3_WEAN_Day_2_28092025,Pen 3 - Group 1,WEAN,2,3,28092025,3,milk feeder|6|None|behind,8844.959,8924.553,8844.959,8924.553,G:\MONITORING CROSS SUCKING IN CALVES - KAPPEL - 2025\Pen 3 - Group 1\WEANING\Day 2\ch04_20250928100425.mp4,ch04_20250928100425.mp4,8327.182001,11102.776668,517.776999,597.370999
603,CS_0584_WEAN_d2_p3_cow3_28092025_ch04-20250928100425_8931_8936.mp4,Pen 3 - Group 1\WEANING\Day 2\CS_0584_WEAN_d2_p3_cow3_28092025_ch04-20250928100425_8931_8936.mp4,E:\cross_sucking\Pen 3 - Group 1\WEANING\Day 2\CS_0584_WEAN_d2_p3_cow3_28092025_ch04-20250928100425_8931_8936.mp4,skipped_existing,1,1,Pen_3_WEAN_Day_2_28092025,Pen 3 - Group 1,WEAN,2,3,28092025,3,grain feeder|A|None|behind,8931.653,8936.321,8931.653,8936.321,G:\MONITORING CROSS SUCKING IN CALVES - KAPPEL - 2025\Pen 3 - Group 1\WEANING\Day 2\ch04_20250928100425.mp4,ch04_20250928100425.mp4,8327.182001,11102.776668,604.470999,609.138999
604,CS_0585_WEAN_d2_p3_cow3_28092025_ch04-20250928100425_8951_9020.mp4,Pen 3 - Group 1\WEANING\Day 2\CS_0585_WEAN_d2_p3_cow3_28092025_ch04-20250928100425_8951_9020.mp4,E:\cross_sucking\Pen 3 - Group 1\WEANING\Day 2\CS_0585_WEAN_d2_p3_cow3_28092025_ch04-20250928100425_8951_9020.mp4,skipped_existing,1,1,Pen_3_WEAN_Day_2_28092025,Pen 3 - Group 1,WEAN,2,3,28092025,3,grain feeder|A|None|behind,8951.831,9020.758,8951.831,9020.758,G:\MONITORING CROSS SUCKING IN CALVES - KAPPEL - 2025\Pen 3 - Group 1\WEANING\Day 2\ch04_20250928100425.mp4,ch04_20250928100425.mp4,8327.182001,11102.776668,624.648999,693.575999
605,CS_0586_WEAN_d2_p3_cow3_28092025_ch04-20250928100425_9023_9024.mp4,Pen 3 - Group 1\WEANING\Day 2\CS_0586_WEAN_d2_p3_cow3_28092025_ch04-20250928100425_9023_9024.mp4,E:\cross_sucking\Pen 3 - Group 1\WEANING\Day 2\CS_0586_WEAN_d2_p3_cow3_28092025_ch04-20250928100425_9023_9024.mp4,skipped_existing,1,1,Pen_3_WEAN_Day_2_28092025,Pen 3 - Group 1,WEAN,2,3,28092025,3,grain feeder|A|None|behind,9023.055,9024.895,9023.055,9024.895,G:\MONITORING CROSS SUCKING IN CALVES - KAPPEL - 2025\Pen 3 - Group 1\WEANING\Day 2\ch04_20250928100425.mp4,ch04_20250928100425.mp4,8327.182001,11102.776668,695.872999,697.712999
606,CS_0587_WEAN_d2_p3_cow6_28092025_ch04-20250928100425_9596_9603.mp4,Pen 3 - Group 1\WEANING\Day 2\CS_0587_WEAN_d2_p3_cow6_28092025_ch04-20250928100425_9596_9603.mp4,E:\cross_sucking\Pen 3 - Group 1\WEANING\Day 2\CS_0587_WEAN_d2_p3_cow6_28092025_ch04-20250928100425_9596_9603.mp4,skipped_existing,1,1,Pen_3_WEAN_Day_2_28092025,Pen 3 - Group 1,WEAN,2,3,28092025,6,other|A|None|behind,9596.483,9603.756,9596.483,9603.756,G:\MONITORING CROSS SUCKING IN CALVES - KAPPEL - 2025\Pen 3 - Group 1\WEANING\Day 2\ch04_20250928100425.mp4,ch04_20250928100425.mp4,8327.182001,11102.776668,1269.300999,1276.573999
607,CS_0588_WEAN_d2_p3_cow3_28092025_ch04-20250928105120_13405_13431.mp4,Pen 3 - Group 1\WEANING\Day 2\CS_0588_WEAN_d2_p3_cow3_28092025_ch04-20250928105120_13405_13431.mp4,E:\cross_sucking\Pen 3 - Group 1\WEANING\Day 2\CS_0588_WEAN_d2_p3_cow3_28092025_ch04-20250928105120_13405_13431.mp4,skipped_existing,1,1,Pen_3_WEAN_Day_2_28092025,Pen 3 - Group 1,WEAN,2,3,28092025,3,other|1|None|side,13405.489,13431.826,13405.489,13431.826,G:\MONITORING CROSS SUCKING IN CALVES - KAPPEL - 2025\Pen 3 - Group 1\WEANING\Day 2\ch04_20250928105120.mp4,ch04_20250928105120.mp4,11102.776668,13878.658335,2302.712332,2329.049332
608,CS_0589_WEAN_d2_p3_cow7_28092025_ch04-20250928105120_13812_13834.mp4,Pen 3 - Group 1\WEANING\Day 2\CS_0589_WEAN_d2_p3_cow7_28092025_ch04-20250928105120_13812_13834.mp4,E:\cross_sucking\Pen 3 - Group 1\WEANING\Day 2\CS_0589_WEAN_d2_p3_cow7_28092025_ch04-20250928105120_13812_13834.mp4,skipped_existing,1,1,Pen_3_WEAN_Day_2_28092025,Pen 3 - Group 1,WEAN,2,3,28092025,7,other|A|None|behind,13812.401,13834.741,13812.401,13834.741,G:\MONITORING CROSS SUCKING IN CALVES - KAPPEL - 2025\Pen 3 - Group 1\WEANING\Day 2\ch04_20250928105120.mp4,ch04_20250928105120.mp4,11102.776668,13878.658335,2709.624332,2731.964332
609,CS_0590_WEAN_d2_p3_cow3_28092025_ch04-20250928113816_13994_14018.mp4,Pen 3 - Group 1\WEANING\Day 2\CS_0590_WEAN_d2_p3_cow3_28092025_ch04-20250928113816_13994_14018.mp4,E:\cross_sucking\Pen 3 - Group 1\WEANING\Day 2\CS_0590_WEAN_d2_p3_cow3_28092025_ch04-20250928113816_13994_14018.mp4,skipped_existing,1,1,Pen_3_WEAN_Day_2_28092025,Pen 3 - Group 1,WEAN,2,3,28092025,3,milk feeder|A|None|behind,13994.924,14018.804,13994.924,14018.804,G:\MONITORING CROSS SUCKING IN CALVES - KAPPEL - 2025\Pen 3 - Group 1\WEANING\Day 2\ch04_20250928113816.mp4,ch04_20250928113816.mp4,13878.658335,16653.971002,116.265665,140.145665
610,CS_0591_WEAN_d2_p3_cowA_28092025_ch04-20250928113816_16085_16107.mp4,Pen 3 - Group 1\WEANING\Day 2\CS_0591_WEAN_d2_p3_cowA_28092025_ch04-20250928113816_16085_16107.mp4,E:\cross_sucking\Pen 3 - Group 1\WEANING\Day 2\CS_0591_WEAN_d2_p3_cowA_28092025_ch04-20250928113816_16085_16107.mp4,skipped_existing,1,1,Pen_3_WEAN_Day_2_28092025,Pen 3 - Group 1,WEAN,2,3,28092025,A,other|A|None|behind,16085.026,16107.24,16085.026,16107.24,G:\MONITORING CROSS SUCKING IN CALVES - KAPPEL - 2025\Pen 3 - Group 1\WEANING\Day 2\ch04_20250928113816.mp4,ch04_20250928113816.mp4,13878.658335,16653.971002,2206.367665,2228.581665
611,CS_0592_WEAN_d2_p3_cow7_28092025_ch04-20250928122511_16705_16708.mp4,Pen 3 - Group 1\WEANING\Day 2\CS_0592_WEAN_d2_p3_cow7_28092025_ch04-20250928122511_16705_16708.mp4,E:\cross_sucking\Pen 3 - Group 1\WEANING\Day 2\CS_0592_WEAN_d2_p3_cow7_28092025_ch04-20250928122511_16705_16708.mp4,skipped_existing,1,1,Pen_3_WEAN_Day_2_28092025,Pen 3 - Group 1,WEAN,2,3,28092025,7,other|T|None|behind,16705.062,16708.205,16705.062,16708.205,G:\MONITORING CROSS SUCKING IN CALVES - KAPPEL - 2025\Pen 3 - Group 1\WEANING\Day 2\ch04_20250928122511.mp4,ch04_20250928122511.mp4,16653.971002,19430.780669,51.090998,54.233998
612,CS_0593_WEAN_d2_p3_cowO_28092025_ch04-20250928135903_23722_23751.mp4,Pen 3 - Group 1\WEANING\Day 2\CS_0593_WEAN_d2_p3_cowO_28092025_ch04-20250928135903_23722_23751.mp4,E:\cross_sucking\Pen 3 - Group 1\WEANING\Day 2\CS_0593_WEAN_d2_p3_cowO_28092025_ch04-20250928135903_23722_23751.mp4,skipped_existing,1,1,Pen_3_WEAN_Day_2_28092025,Pen 3 - Group 1,WEAN,2,3,28092025,O,other|2|None|side,23722.143,23751.876,23722.143,23751.876,G:\MONITORING CROSS SUCKING IN CALVES - KAPPEL - 2025\Pen 3 - Group 1\WEANING\Day 2\ch04_20250928135903.mp4,ch04_20250928135903.mp4,22206.555336,24981.863003,1515.587664,1545.320664
613,CS_0594_WEAN_d2_p3_cow2_28092025_ch04-20250928135903_23727_23736.mp4,Pen 3 - Group 1\WEANING\Day 2\CS_0594_WEAN_d2_p3_cow2_28092025_ch04-20250928135903_23727_23736.mp4,E:\cross_sucking\Pen 3 - Group 1\WEANING\Day 2\CS_0594_WEAN_d2_p3_cow2_28092025_ch04-20250928135903_23727_23736.mp4,skipped_existing,1,1,Pen_3_WEAN_Day_2_28092025,Pen 3 - Group 1,WEAN,2,3,28092025,2,other|O|reciprocal|side,23727.916,23736.104,23727.916,23736.104,G:\MONITORING CROSS SUCKING IN CALVES - KAPPEL - 2025\Pen 3 - Group 1\WEANING\Day 2\ch04_20250928135903.mp4,ch04_20250928135903.mp4,22206.555336,24981.863003,1521.360664,1529.548664
614,CS_0595_WEAN_d2_p3_cowO_28092025_ch04-20250928135903_23923_23928.mp4,Pen 3 - Group 1\WEANING\Day 2\CS_0595_WEAN_d2_p3_cowO_28092025_ch04-20250928135903_23923_23928.mp4,E:\cross_sucking\Pen 3 - Group 1\WEANING\Day 2\CS_0595_WEAN_d2_p3_cowO_28092025_ch04-20250928135903_23923_23928.mp4,skipped_existing,1,1,Pen_3_WEAN_Day_2_28092025,Pen 3 - Group 1,WEAN,2,3,28092025,O,other|2|None|side,23923.597,23928.883,23923.597,23928.883,G:\MONITORING CROSS SUCKING IN CALVES - KAPPEL - 2025\Pen 3 - Group 1\WEANING\Day 2\ch04_20250928135903.mp4,ch04_20250928135903.mp4,22206.555336,24981.863003,1717.041664,1722.327664
615,CS_0596_WEAN_d2_p3_cowO_28092025_ch04-20250928135903_23928_23930.mp4,Pen 3 - Group 1\WEANING\Day 2\CS_0596_WEAN_d2_p3_cowO_28092025_ch04-20250928135903_23928_23930.mp4,E:\cross_sucking\Pen 3 - Group 1\WEANING\Day 2\CS_0596_WEAN_d2_p3_cowO_28092025_ch04-20250928135903_23928_23930.mp4,skipped_existing,1,1,Pen_3_WEAN_Day_2_28092025,Pen 3 - Group 1,WEAN,2,3,28092025,O,None|2|None|side,23928.884,23930.797,23928.884,23930.797,G:\MONITORING CROSS SUCKING IN CALVES - KAPPEL - 2025\Pen 3 - Group 1\WEANING\Day 2\ch04_20250928135903.mp4,ch04_20250928135903.mp4,22206.555336,24981.863003,1722.328664,1724.241664
616,CS_0597_WEAN_d2_p3_cowA_28092025_ch04-20250928135903_24748_24767.mp4,Pen 3 - Group 1\WEANING\Day 2\CS_0597_WEAN_d2_p3_cowA_28092025_ch04-20250928135903_24748_24767.mp4,E:\cross_sucking\Pen 3 - Group 1\WEANING\Day 2\CS_0597_WEAN_d2_p3_cowA_28092025_ch04-20250928135903_24748_24767.mp4,skipped_existing,1,1,Pen_3_WEAN_Day_2_28092025,Pen 3 - Group 1,WEAN,2,3,28092025,A,milk feeder|T|None|behind,24748.883,24767.524,24748.883,24767.524,G:\MONITORING CROSS SUCKING IN CALVES - KAPPEL - 2025\Pen 3 - Group 1\WEANING\Day 2\ch04_20250928135903.mp4,ch04_20250928135903.mp4,22206.555336,24981.863003,2542.327664,2560.968664
617,CS_0598_WEAN_d2_p3_cow3_28092025_ch04-20250928144558_25349_25360.mp4,Pen 3 - Group 1\WEANING\Day 2\CS_0598_WEAN_d2_p3_cow3_28092025_ch04-20250928144558_25349_25360.mp4,E:\cross_sucking\Pen 3 - Group 1\WEANING\Day 2\CS_0598_WEAN_d2_p3_cow3_28092025_ch04-20250928144558_25349_25360.mp4,skipped_existing,1,1,Pen_3_WEAN_Day_2_28092025,Pen 3 - Group 1,WEAN,2,3,28092025,3,other|6|None|behind,25349.849,25360.784,25349.849,25360.784,G:\MONITORING CROSS SUCKING IN CALVES - KAPPEL - 2025\Pen 3 - Group 1\WEANING\Day 2\ch04_20250928144558.mp4,ch04_20250928144558.mp4,24981.863003,27757.23167,367.985997,378.920997
618,CS_0599_WEAN_d2_p3_cowT_28092025_ch04-20250928144558_25407_25420.mp4,Pen 3 - Group 1\WEANING\Day 2\CS_0599_WEAN_d2_p3_cowT_28092025_ch04-20250928144558_25407_25420.mp4,E:\cross_sucking\Pen 3 - Group 1\WEANING\Day 2\CS_0599_WEAN_d2_p3_cowT_28092025_ch04-20250928144558_25407_25420.mp4,skipped_existing,1,1,Pen_3_WEAN_Day_2_28092025,Pen 3 - Group 1,WEAN,2,3,28092025,T,milk feeder|2|None|side,25407.106,25420.873,25407.106,25420.873,G:\MONITORING CROSS SUCKING IN CALVES - KAPPEL - 2025\Pen 3 - Group 1\WEANING\Day 2\ch04_20250928144558.mp4,ch04_20250928144558.mp4,24981.863003,27757.23167,425.242997,439.009997
619,CS_0600_WEAN_d2_p3_cow3_28092025_ch04-20250928144558_25633_25673.mp4,Pen 3 - Group 1\WEANING\Day 2\CS_0600_WEAN_d2_p3_cow3_28092025_ch04-20250928144558_25633_25673.mp4,E:\cross_sucking\Pen 3 - Group 1\WEANING\Day 2\CS_0600_WEAN_d2_p3_cow3_28092025_ch04-20250928144558_25633_25673.mp4,skipped_existing,1,1,Pen_3_WEAN_Day_2_28092025,Pen 3 - Group 1,WEAN,2,3,28092025,3,other|A|None|behind,25633.131,25673.617,25633.131,25673.617,G:\MONITORING CROSS SUCKING IN CALVES - KAPPEL - 2025\Pen 3 - Group 1\WEANING\Day 2\ch04_20250928144558.mp4,ch04_20250928144558.mp4,24981.863003,27757.23167,651.267997,691.753997
620,CS_0601_WEAN_d2_p3_cow3_28092025_ch04-20250928144558_26105_26119.mp4,Pen 3 - Group 1\WEANING\Day 2\CS_0601_WEAN_d2_p3_cow3_28092025_ch04-20250928144558_26105_26119.mp4,E:\cross_sucking\Pen 3 - Group 1\WEANING\Day 2\CS_0601_WEAN_d2_p3_cow3_28092025_ch04-20250928144558_26105_26119.mp4,skipped_existing,1,1,Pen_3_WEAN_Day_2_28092025,Pen 3 - Group 1,WEAN,2,3,28092025,3,grain feeder|A|None|behind,26105.194,26119.35,26105.194,26119.35,G:\MONITORING CROSS SUCKING IN CALVES - KAPPEL - 2025\Pen 3 - Group 1\WEANING\Day 2\ch04_20250928144558.mp4,ch04_20250928144558.mp4,24981.863003,27757.23167,1123.330997,1137.486997
621,CS_0602_WEAN_d2_p3_cow7_28092025_ch04-20250928144558_26272_26278.mp4,Pen 3 - Group 1\WEANING\Day 2\CS_0602_WEAN_d2_p3_cow7_28092025_ch04-20250928144558_26272_26278.mp4,E:\cross_sucking\Pen 3 - Group 1\WEANING\Day 2\CS_0602_WEAN_d2_p3_cow7_28092025_ch04-20250928144558_26272_26278.mp4,skipped_existing,1,1,Pen_3_WEAN_Day_2_28092025,Pen 3 - Group 1,WEAN,2,3,28092025,7,grain feeder|A|None|behind,26272.731,26278.554,26272.731,26278.554,G:\MONITORING CROSS SUCKING IN CALVES - KAPPEL - 2025\Pen 3 - Group 1\WEANING\Day 2\ch04_20250928144558.mp4,ch04_20250928144558.mp4,24981.863003,27757.23167,1290.867997,1296.690997
622,CS_0603_WEAN_d2_p3_cow7_28092025_ch04-20250928161948_32346_32374.mp4,Pen 3 - Group 1\WEANING\Day 2\CS_0603_WEAN_d2_p3_cow7_28092025_ch04-20250928161948_32346_32374.mp4,E:\cross_sucking\Pen 3 - Group 1\WEANING\Day 2\CS_0603_WEAN_d2_p3_cow7_28092025_ch04-20250928161948_32346_32374.mp4,skipped_existing,1,1,Pen_3_WEAN_Day_2_28092025,Pen 3 - Group 1,WEAN,2,3,28092025,7,other|A|None|behind,32346.447,32374.157,32346.447,32374.157,G:\MONITORING CROSS SUCKING IN CALVES - KAPPEL - 2025\Pen 3 - Group 1\WEANING\Day 2\ch04_20250928161948.mp4,ch04_20250928161948.mp4,30532.430337,33308.824004,1814.016663,1841.726663
623,CS_0604_WEAN_d2_p3_cow7_28092025_ch04-20250928161948_32384_32420.mp4,Pen 3 - Group 1\WEANING\Day 2\CS_0604_WEAN_d2_p3_cow7_28092025_ch04-20250928161948_32384_32420.mp4,E:\cross_sucking\Pen 3 - Group 1\WEANING\Day 2\CS_0604_WEAN_d2_p3_cow7_28092025_ch04-20250928161948_32384_32420.mp4,skipped_existing,1,1,Pen_3_WEAN_Day_2_28092025,Pen 3 - Group 1,WEAN,2,3,28092025,7,other|A|None|behind,32384.902,32420.111,32384.902,32420.111,G:\MONITORING CROSS SUCKING IN CALVES - KAPPEL - 2025\Pen 3 - Group 1\WEANING\Day 2\ch04_20250928161948.mp4,ch04_20250928161948.mp4,30532.430337,33308.824004,1852.471663,1887.680663
624,CS_0605_WEAN_d2_p3_cow7_28092025_ch04-20250928175339_38854_38862_part01.mp4,Pen 3 - Group 1\WEANING\Day 2\CS_0605_WEAN_d2_p3_cow7_28092025_ch04-20250928175339_38854_38862_part01.mp4,E:\cross_sucking\Pen 3 - Group 1\WEANING\Day 2\CS_0605_WEAN_d2_p3_cow7_28092025_ch04-20250928175339_38854_38862_part01.mp4,skipped_existing,1,2,Pen_3_WEAN_Day_2_28092025,Pen 3 - Group 1,WEAN,2,3,28092025,7,milk feeder|A|None|behind,38854.032,38862.397,38854.032,38861.023338,G:\MONITORING CROSS SUCKING IN CALVES - KAPPEL - 2025\Pen 3 - Group 1\WEANING\Day 2\ch04_20250928175339.mp4,ch04_20250928175339.mp4,36084.643671,38861.023338,2769.388329,2776.379667
625,CS_0605_WEAN_d2_p3_cow7_28092025_ch04-20250928175339_38854_38862_part02.mp4,Pen 3 - Group 1\WEANING\Day 2\CS_0605_WEAN_d2_p3_cow7_28092025_ch04-20250928175339_38854_38862_part02.mp4,E:\cross_sucking\Pen 3 - Group 1\WEANING\Day 2\CS_0605_WEAN_d2_p3_cow7_28092025_ch04-20250928175339_38854_38862_part02.mp4,skipped_existing,2,2,Pen_3_WEAN_Day_2_28092025,Pen 3 - Group 1,WEAN,2,3,28092025,7,milk feeder|A|None|behind,38854.032,38862.397,38861.023338,38862.397,G:\MONITORING CROSS SUCKING IN CALVES - KAPPEL - 2025\Pen 3 - Group 1\WEANING\Day 2\ch04_20250928184035.mp4,ch04_20250928184035.mp4,38861.023338,41637.860005,0.0,1.373662
626,CS_0606_WEAN_d2_p3_cow7_28092025_ch04-20250928184035_38869_38929.mp4,Pen 3 - Group 1\WEANING\Day 2\CS_0606_WEAN_d2_p3_cow7_28092025_ch04-20250928184035_38869_38929.mp4,E:\cross_sucking\Pen 3 - Group 1\WEANING\Day 2\CS_0606_WEAN_d2_p3_cow7_28092025_ch04-20250928184035_38869_38929.mp4,skipped_existing,1,1,Pen_3_WEAN_Day_2_28092025,Pen 3 - Group 1,WEAN,2,3,28092025,7,milk feeder|A|None|behind,38869.797,38929.842,38869.797,38929.842,G:\MONITORING CROSS SUCKING IN CALVES - KAPPEL - 2025\Pen 3 - Group 1\WEANING\Day 2\ch04_20250928184035.mp4,ch04_20250928184035.mp4,38861.023338,41637.860005,8.773662,68.818662
627,CS_0607_WEAN_d2_p3_cow7_28092025_ch04-20250928184035_38935_38999.mp4,Pen 3 - Group 1\WEANING\Day 2\CS_0607_WEAN_d2_p3_cow7_28092025_ch04-20250928184035_38935_38999.mp4,E:\cross_sucking\Pen 3 - Group 1\WEANING\Day 2\CS_0607_WEAN_d2_p3_cow7_28092025_ch04-20250928184035_38935_38999.mp4,skipped_existing,1,1,Pen_3_WEAN_Day_2_28092025,Pen 3 - Group 1,WEAN,2,3,28092025,7,milk feeder|A|None|behind,38935.563,38999.223,38935.563,38999.223,G:\MONITORING CROSS SUCKING IN CALVES - KAPPEL - 2025\Pen 3 - Group 1\WEANING\Day 2\ch04_20250928184035.mp4,ch04_20250928184035.mp4,38861.023338,41637.860005,74.539662,138.199662
628,CS_0608_WEAN_d2_p3_cow7_28092025_ch04-20250928184035_39008_39020.mp4,Pen 3 - Group 1\WEANING\Day 2\CS_0608_WEAN_d2_p3_cow7_28092025_ch04-20250928184035_39008_39020.mp4,E:\cross_sucking\Pen 3 - Group 1\WEANING\Day 2\CS_0608_WEAN_d2_p3_cow7_28092025_ch04-20250928184035_39008_39020.mp4,skipped_existing,1,1,Pen_3_WEAN_Day_2_28092025,Pen 3 - Group 1,WEAN,2,3,28092025,7,milk feeder|A|None|behind,39008.981,39020.544,39008.981,39020.544,G:\MONITORING CROSS SUCKING IN CALVES - KAPPEL - 2025\Pen 3 - Group 1\WEANING\Day 2\ch04_20250928184035.mp4,ch04_20250928184035.mp4,38861.023338,41637.860005,147.957662,159.520662
629,CS_0609_WEAN_d2_p3_cowA_28092025_ch04-20250928184035_39021_39032.mp4,Pen 3 - Group 1\WEANING\Day 2\CS_0609_WEAN_d2_p3_cowA_28092025_ch04-20250928184035_39021_39032.mp4,E:\cross_sucking\Pen 3 - Group 1\WEANING\Day 2\CS_0609_WEAN_d2_p3_cowA_28092025_ch04-20250928184035_39021_39032.mp4,skipped_existing,1,1,Pen_3_WEAN_Day_2_28092025,Pen 3 - Group 1,WEAN,2,3,28092025,A,grain feeder|O|None|behind,39021.473,39032.827,39021.473,39032.827,G:\MONITORING CROSS SUCKING IN CALVES - KAPPEL - 2025\Pen 3 - Group 1\WEANING\Day 2\ch04_20250928184035.mp4,ch04_20250928184035.mp4,38861.023338,41637.860005,160.449662,171.803662
630,CS_0610_WEAN_d2_p3_cow1_28092025_ch04-20250928184035_39112_39177.mp4,Pen 3 - Group 1\WEANING\Day 2\CS_0610_WEAN_d2_p3_cow1_28092025_ch04-20250928184035_39112_39177.mp4,E:\cross_sucking\Pen 3 - Group 1\WEANING\Day 2\CS_0610_WEAN_d2_p3_cow1_28092025_ch04-20250928184035_39112_39177.mp4,skipped_existing,1,1,Pen_3_WEAN_Day_2_28092025,Pen 3 - Group 1,WEAN,2,3,28092025,1,other|2|None|side,39112.23,39177.074,39112.23,39177.074,G:\MONITORING CROSS SUCKING IN CALVES - KAPPEL - 2025\Pen 3 - Group 1\WEANING\Day 2\ch04_20250928184035.mp4,ch04_20250928184035.mp4,38861.023338,41637.860005,251.206662,316.050662
631,CS_0611_WEAN_d2_p3_cow2_28092025_ch04-20250928184035_39117_39177.mp4,Pen 3 - Group 1\WEANING\Day 2\CS_0611_WEAN_d2_p3_cow2_28092025_ch04-20250928184035_39117_39177.mp4,E:\cross_sucking\Pen 3 - Group 1\WEANING\Day 2\CS_0611_WEAN_d2_p3_cow2_28092025_ch04-20250928184035_39117_39177.mp4,skipped_existing,1,1,Pen_3_WEAN_Day_2_28092025,Pen 3 - Group 1,WEAN,2,3,28092025,2,other|1|reciprocal|side,39117.912,39177.074,39117.912,39177.074,G:\MONITORING CROSS SUCKING IN CALVES - KAPPEL - 2025\Pen 3 - Group 1\WEANING\Day 2\ch04_20250928184035.mp4,ch04_20250928184035.mp4,38861.023338,41637.860005,256.888662,316.050662
632,CS_0612_WEAN_d2_p3_cow1_28092025_ch04-20250928184035_39191_39426.mp4,Pen 3 - Group 1\WEANING\Day 2\CS_0612_WEAN_d2_p3_cow1_28092025_ch04-20250928184035_39191_39426.mp4,E:\cross_sucking\Pen 3 - Group 1\WEANING\Day 2\CS_0612_WEAN_d2_p3_cow1_28092025_ch04-20250928184035_39191_39426.mp4,skipped_existing,1,1,Pen_3_WEAN_Day_2_28092025,Pen 3 - Group 1,WEAN,2,3,28092025,1,other|2|reciprocal|side,39191.795,39426.18,39191.795,39426.18,G:\MONITORING CROSS SUCKING IN CALVES - KAPPEL - 2025\Pen 3 - Group 1\WEANING\Day 2\ch04_20250928184035.mp4,ch04_20250928184035.mp4,38861.023338,41637.860005,330.771662,565.156662
633,CS_0613_WEAN_d2_p3_cow2_28092025_ch04-20250928184035_39191_39463.mp4,Pen 3 - Group 1\WEANING\Day 2\CS_0613_WEAN_d2_p3_cow2_28092025_ch04-20250928184035_39191_39463.mp4,E:\cross_sucking\Pen 3 - Group 1\WEANING\Day 2\CS_0613_WEAN_d2_p3_cow2_28092025_ch04-20250928184035_39191_39463.mp4,skipped_existing,1,1,Pen_3_WEAN_Day_2_28092025,Pen 3 - Group 1,WEAN,2,3,28092025,2,other|1|reciprocal|side,39191.795,39463.28,39191.795,39463.28,G:\MONITORING CROSS SUCKING IN CALVES - KAPPEL - 2025\Pen 3 - Group 1\WEANING\Day 2\ch04_20250928184035.mp4,ch04_20250928184035.mp4,38861.023338,41637.860005,330.771662,602.256662
634,CS_0614_WEAN_d2_p3_cow1_28092025_ch04-20250928184035_39431_39463.mp4,Pen 3 - Group 1\WEANING\Day 2\CS_0614_WEAN_d2_p3_cow1_28092025_ch04-20250928184035_39431_39463.mp4,E:\cross_sucking\Pen 3 - Group 1\WEANING\Day 2\CS_0614_WEAN_d2_p3_cow1_28092025_ch04-20250928184035_39431_39463.mp4,skipped_existing,1,1,Pen_3_WEAN_Day_2_28092025,Pen 3 - Group 1,WEAN,2,3,28092025,1,other|2|reciprocal|side,39431.17,39463.28,39431.17,39463.28,G:\MONITORING CROSS SUCKING IN CALVES - KAPPEL - 2025\Pen 3 - Group 1\WEANING\Day 2\ch04_20250928184035.mp4,ch04_20250928184035.mp4,38861.023338,41637.860005,570.146662,602.256662
635,CS_0615_WEAN_d2_p3_cow2_28092025_ch04-20250928184035_39616_39628.mp4,Pen 3 - Group 1\WEANING\Day 2\CS_0615_WEAN_d2_p3_cow2_28092025_ch04-20250928184035_39616_39628.mp4,E:\cross_sucking\Pen 3 - Group 1\WEANING\Day 2\CS_0615_WEAN_d2_p3_cow2_28092025_ch04-20250928184035_39616_39628.mp4,skipped_existing,1,1,Pen_3_WEAN_Day_2_28092025,Pen 3 - Group 1,WEAN,2,3,28092025,2,other|1|None|side,39616.458,39628.82,39616.458,39628.82,G:\MONITORING CROSS SUCKING IN CALVES - KAPPEL - 2025\Pen 3 - Group 1\WEANING\Day 2\ch04_20250928184035.mp4,ch04_20250928184035.mp4,38861.023338,41637.860005,755.434662,767.796662
636,CS_0616_WEAN_d2_p3_cow7_28092025_ch04-20250928223514_53964_53978.mp4,Pen 3 - Group 1\WEANING\Day 2\CS_0616_WEAN_d2_p3_cow7_28092025_ch04-20250928223514_53964_53978.mp4,E:\cross_sucking\Pen 3 - Group 1\WEANING\Day 2\CS_0616_WEAN_d2_p3_cow7_28092025_ch04-20250928223514_53964_53978.mp4,skipped_existing,1,1,Pen_3_WEAN_Day_2_28092025,Pen 3 - Group 1,WEAN,2,3,28092025,7,other|6|None|behind,53964.969,53978.802,53964.969,53978.802,G:\MONITORING CROSS SUCKING IN CALVES - KAPPEL - 2025\Pen 3 - Group 1\WEANING\Day 2\ch04_20250928223514.mp4,ch04_20250928223514.mp4,52741.842673,55517.46834,1223.126327,1236.959327
637,CS_0617_WEAN_d2_p3_cow7_28092025_ch04-20250928223514_54039_54042.mp4,Pen 3 - Group 1\WEANING\Day 2\CS_0617_WEAN_d2_p3_cow7_28092025_ch04-20250928223514_54039_54042.mp4,E:\cross_sucking\Pen 3 - Group 1\WEANING\Day 2\CS_0617_WEAN_d2_p3_cow7_28092025_ch04-20250928223514_54039_54042.mp4,skipped_existing,1,1,Pen_3_WEAN_Day_2_28092025,Pen 3 - Group 1,WEAN,2,3,28092025,7,milk feeder|6|None|behind,54039.702,54042.103,54039.702,54042.103,G:\MONITORING CROSS SUCKING IN CALVES - KAPPEL - 2025\Pen 3 - Group 1\WEANING\Day 2\ch04_20250928223514.mp4,ch04_20250928223514.mp4,52741.842673,55517.46834,1297.859327,1300.260327
638,CS_0618_WEAN_d2_p3_cow7_28092025_ch04-20250928223514_54051_54061.mp4,Pen 3 - Group 1\WEANING\Day 2\CS_0618_WEAN_d2_p3_cow7_28092025_ch04-20250928223514_54051_54061.mp4,E:\cross_sucking\Pen 3 - Group 1\WEANING\Day 2\CS_0618_WEAN_d2_p3_cow7_28092025_ch04-20250928223514_54051_54061.mp4,skipped_existing,1,1,Pen_3_WEAN_Day_2_28092025,Pen 3 - Group 1,WEAN,2,3,28092025,7,milk feeder|6|None|behind,54051.757,54061.157,54051.757,54061.157,G:\MONITORING CROSS SUCKING IN CALVES - KAPPEL - 2025\Pen 3 - Group 1\WEANING\Day 2\ch04_20250928223514.mp4,ch04_20250928223514.mp4,52741.842673,55517.46834,1309.914327,1319.314327
639,CS_0619_WEAN_d2_p3_cowA_28092025_ch04-20250928232209_55602_55728.mp4,Pen 3 - Group 1\WEANING\Day 2\CS_0619_WEAN_d2_p3_cowA_28092025_ch04-20250928232209_55602_55728.mp4,E:\cross_sucking\Pen 3 - Group 1\WEANING\Day 2\CS_0619_WEAN_d2_p3_cowA_28092025_ch04-20250928232209_55602_55728.mp4,skipped_existing,1,1,Pen_3_WEAN_Day_2_28092025,Pen 3 - Group 1,WEAN,2,3,28092025,A,milk feeder|3|None|behind,55602.182,55728.828,55602.182,55728.828,G:\MONITORING CROSS SUCKING IN CALVES - KAPPEL - 2025\Pen 3 - Group 1\WEANING\Day 2\ch04_20250928232209.mp4,ch04_20250928232209.mp4,55517.46834,58293.445007,84.71366,211.35966
640,CS_0620_WEAN_d2_p3_cowA_28092025_ch04-20250928232209_55744_55760.mp4,Pen 3 - Group 1\WEANING\Day 2\CS_0620_WEAN_d2_p3_cowA_28092025_ch04-20250928232209_55744_55760.mp4,E:\cross_sucking\Pen 3 - Group 1\WEANING\Day 2\CS_0620_WEAN_d2_p3_cowA_28092025_ch04-20250928232209_55744_55760.mp4,skipped_existing,1,1,Pen_3_WEAN_Day_2_28092025,Pen 3 - Group 1,WEAN,2,3,28092025,A,milk feeder|3|None|behind,55744.233,55760.414,55744.233,55760.414,G:\MONITORING CROSS SUCKING IN CALVES - KAPPEL - 2025\Pen 3 - Group 1\WEANING\Day 2\ch04_20250928232209.mp4,ch04_20250928232209.mp4,55517.46834,58293.445007,226.76466,242.94566
641,CS_0621_WEAN_d2_p3_cowA_28092025_ch04-20250928232209_55765_55771.mp4,Pen 3 - Group 1\WEANING\Day 2\CS_0621_WEAN_d2_p3_cowA_28092025_ch04-20250928232209_55765_55771.mp4,E:\cross_sucking\Pen 3 - Group 1\WEANING\Day 2\CS_0621_WEAN_d2_p3_cowA_28092025_ch04-20250928232209_55765_55771.mp4,skipped_existing,1,1,Pen_3_WEAN_Day_2_28092025,Pen 3 - Group 1,WEAN,2,3,28092025,A,milk feeder|3|None|behind,55765.909,55771.529,55765.909,55771.529,G:\MONITORING CROSS SUCKING IN CALVES - KAPPEL - 2025\Pen 3 - Group 1\WEANING\Day 2\ch04_20250928232209.mp4,ch04_20250928232209.mp4,55517.46834,58293.445007,248.44066,254.06066
642,CS_0622_WEAN_d2_p3_cow7_28092025_ch04-20250929014254_63935_64019.mp4,Pen 3 - Group 1\WEANING\Day 2\CS_0622_WEAN_d2_p3_cow7_28092025_ch04-20250929014254_63935_64019.mp4,E:\cross_sucking\Pen 3 - Group 1\WEANING\Day 2\CS_0622_WEAN_d2_p3_cow7_28092025_ch04-20250929014254_63935_64019.mp4,skipped_existing,1,1,Pen_3_WEAN_Day_2_28092025,Pen 3 - Group 1,WEAN,2,3,28092025,7,hay|T|None|behind,63935.678,64019.338,63935.678,64019.338,G:\MONITORING CROSS SUCKING IN CALVES - KAPPEL - 2025\Pen 3 - Group 1\WEANING\Day 2\ch04_20250929014254.mp4,ch04_20250929014254.mp4,63844.630341,66620.388008,91.047659,174.707659
643,CS_0623_WEAN_d2_p3_cowO_28092025_ch04-20250929014254_64259_64276.mp4,Pen 3 - Group 1\WEANING\Day 2\CS_0623_WEAN_d2_p3_cowO_28092025_ch04-20250929014254_64259_64276.mp4,E:\cross_sucking\Pen 3 - Group 1\WEANING\Day 2\CS_0623_WEAN_d2_p3_cowO_28092025_ch04-20250929014254_64259_64276.mp4,skipped_existing,1,1,Pen_3_WEAN_Day_2_28092025,Pen 3 - Group 1,WEAN,2,3,28092025,O,other|A|None|behind,64259.617,64276.664,64259.617,64276.664,G:\MONITORING CROSS SUCKING IN CALVES - KAPPEL - 2025\Pen 3 - Group 1\WEANING\Day 2\ch04_20250929014254.mp4,ch04_20250929014254.mp4,63844.630341,66620.388008,414.986659,432.033659
644,CS_0624_WEAN_d2_p3_cowO_28092025_ch04-20250929014254_64284_64309.mp4,Pen 3 - Group 1\WEANING\Day 2\CS_0624_WEAN_d2_p3_cowO_28092025_ch04-20250929014254_64284_64309.mp4,E:\cross_sucking\Pen 3 - Group 1\WEANING\Day 2\CS_0624_WEAN_d2_p3_cowO_28092025_ch04-20250929014254_64284_64309.mp4,skipped_existing,1,1,Pen_3_WEAN_Day_2_28092025,Pen 3 - Group 1,WEAN,2,3,28092025,O,other|A|None|behind,64284.912,64309.733,64284.912,64309.733,G:\MONITORING CROSS SUCKING IN CALVES - KAPPEL - 2025\Pen 3 - Group 1\WEANING\Day 2\ch04_20250929014254.mp4,ch04_20250929014254.mp4,63844.630341,66620.388008,440.281659,465.102659
645,CS_0625_WEAN_d3_p3_cow1_29102025_ch04-20250929075820_001_1702_1864.mp4,Pen 3 - Group 1\WEANING\Day 3\CS_0625_WEAN_d3_p3_cow1_29102025_ch04-20250929075820_001_1702_1864.mp4,E:\cross_sucking\Pen 3 - Group 1\WEANING\Day 3\CS_0625_WEAN_d3_p3_cow1_29102025_ch04-20250929075820_001_1702_1864.mp4,skipped_existing,1,1,Pen_3_WEAN_Day_3_29102025,Pen 3 - Group 1,WEAN,3,3,29102025,1,other|2|None|side,1702.349,1864.013,1702.349,1864.013,G:\MONITORING CROSS SUCKING IN CALVES - KAPPEL - 2025\Pen 3 - Group 1\WEANING\Day 3\ch04_20250929075820_001.mp4,ch04_20250929075820_001.mp4,0.0,2776.063667,1702.349,1864.013
646,CS_0626_WEAN_d3_p3_cow2_29102025_ch04-20250929075820_001_1704_1727.mp4,Pen 3 - Group 1\WEANING\Day 3\CS_0626_WEAN_d3_p3_cow2_29102025_ch04-20250929075820_001_1704_1727.mp4,E:\cross_sucking\Pen 3 - Group 1\WEANING\Day 3\CS_0626_WEAN_d3_p3_cow2_29102025_ch04-20250929075820_001_1704_1727.mp4,skipped_existing,1,1,Pen_3_WEAN_Day_3_29102025,Pen 3 - Group 1,WEAN,3,3,29102025,2,other|1|reciprocal|side,1704.915,1727.356,1704.915,1727.356,G:\MONITORING CROSS SUCKING IN CALVES - KAPPEL - 2025\Pen 3 - Group 1\WEANING\Day 3\ch04_20250929075820_001.mp4,ch04_20250929075820_001.mp4,0.0,2776.063667,1704.915,1727.356
647,CS_0627_WEAN_d3_p3_cow7_29102025_ch04-20250929075820_001_1716_1724.mp4,Pen 3 - Group 1\WEANING\Day 3\CS_0627_WEAN_d3_p3_cow7_29102025_ch04-20250929075820_001_1716_1724.mp4,E:\cross_sucking\Pen 3 - Group 1\WEANING\Day 3\CS_0627_WEAN_d3_p3_cow7_29102025_ch04-20250929075820_001_1716_1724.mp4,skipped_existing,1,1,Pen_3_WEAN_Day_3_29102025,Pen 3 - Group 1,WEAN,3,3,29102025,7,grain feeder|A|None|behind,1716.646,1724.698,1716.646,1724.698,G:\MONITORING CROSS SUCKING IN CALVES - KAPPEL - 2025\Pen 3 - Group 1\WEANING\Day 3\ch04_20250929075820_001.mp4,ch04_20250929075820_001.mp4,0.0,2776.063667,1716.646,1724.698
648,CS_0628_WEAN_d3_p3_cow7_29102025_ch04-20250929075820_001_1733_1748.mp4,Pen 3 - Group 1\WEANING\Day 3\CS_0628_WEAN_d3_p3_cow7_29102025_ch04-20250929075820_001_1733_1748.mp4,E:\cross_sucking\Pen 3 - Group 1\WEANING\Day 3\CS_0628_WEAN_d3_p3_cow7_29102025_ch04-20250929075820_001_1733_1748.mp4,skipped_existing,1,1,Pen_3_WEAN_Day_3_29102025,Pen 3 - Group 1,WEAN,3,3,29102025,7,grain feeder|A|None|behind,1733.605,1748.615,1733.605,1748.615,G:\MONITORING CROSS SUCKING IN CALVES - KAPPEL - 2025\Pen 3 - Group 1\WEANING\Day 3\ch04_20250929075820_001.mp4,ch04_20250929075820_001.mp4,0.0,2776.063667,1733.605,1748.615
649,CS_0629_WEAN_d3_p3_cow2_29102025_ch04-20250929075820_001_1735_1761.mp4,Pen 3 - Group 1\WEANING\Day 3\CS_0629_WEAN_d3_p3_cow2_29102025_ch04-20250929075820_001_1735_1761.mp4,E:\cross_sucking\Pen 3 - Group 1\WEANING\Day 3\CS_0629_WEAN_d3_p3_cow2_29102025_ch04-20250929075820_001_1735_1761.mp4,skipped_existing,1,1,Pen_3_WEAN_Day_3_29102025,Pen 3 - Group 1,WEAN,3,3,29102025,2,other|1|reciprocal|side,1735.719,1761.695,1735.719,1761.695,G:\MONITORING CROSS SUCKING IN CALVES - KAPPEL - 2025\Pen 3 - Group 1\WEANING\Day 3\ch04_20250929075820_001.mp4,ch04_20250929075820_001.mp4,0.0,2776.063667,1735.719,1761.695
650,CS_0630_WEAN_d3_p3_cow2_29102025_ch04-20250929075820_001_1780_1829.mp4,Pen 3 - Group 1\WEANING\Day 3\CS_0630_WEAN_d3_p3_cow2_29102025_ch04-20250929075820_001_1780_1829.mp4,E:\cross_sucking\Pen 3 - Group 1\WEANING\Day 3\CS_0630_WEAN_d3_p3_cow2_29102025_ch04-20250929075820_001_1780_1829.mp4,skipped_existing,1,1,Pen_3_WEAN_Day_3_29102025,Pen 3 - Group 1,WEAN,3,3,29102025,2,other|1|reciprocal|side,1780.528,1829.968,1780.528,1829.968,G:\MONITORING CROSS SUCKING IN CALVES - KAPPEL - 2025\Pen 3 - Group 1\WEANING\Day 3\ch04_20250929075820_001.mp4,ch04_20250929075820_001.mp4,0.0,2776.063667,1780.528,1829.968
651,CS_0631_WEAN_d3_p3_cow1_29102025_ch04-20250929075820_001_1866_1874.mp4,Pen 3 - Group 1\WEANING\Day 3\CS_0631_WEAN_d3_p3_cow1_29102025_ch04-20250929075820_001_1866_1874.mp4,E:\cross_sucking\Pen 3 - Group 1\WEANING\Day 3\CS_0631_WEAN_d3_p3_cow1_29102025_ch04-20250929075820_001_1866_1874.mp4,skipped_existing,1,1,Pen_3_WEAN_Day_3_29102025,Pen 3 - Group 1,WEAN,3,3,29102025,1,other|2|None|side,1866.616,1874.659,1866.616,1874.659,G:\MONITORING CROSS SUCKING IN CALVES - KAPPEL - 2025\Pen 3 - Group 1\WEANING\Day 3\ch04_20250929075820_001.mp4,ch04_20250929075820_001.mp4,0.0,2776.063667,1866.616,1874.659
652,CS_0632_WEAN_d3_p3_cow1_29102025_ch04-20250929075820_001_1876_2011.mp4,Pen 3 - Group 1\WEANING\Day 3\CS_0632_WEAN_d3_p3_cow1_29102025_ch04-20250929075820_001_1876_2011.mp4,E:\cross_sucking\Pen 3 - Group 1\WEANING\Day 3\CS_0632_WEAN_d3_p3_cow1_29102025_ch04-20250929075820_001_1876_2011.mp4,skipped_existing,1,1,Pen_3_WEAN_Day_3_29102025,Pen 3 - Group 1,WEAN,3,3,29102025,1,other|2|None|side,1876.562,2011.561,1876.562,2011.561,G:\MONITORING CROSS SUCKING IN CALVES - KAPPEL - 2025\Pen 3 - Group 1\WEANING\Day 3\ch04_20250929075820_001.mp4,ch04_20250929075820_001.mp4,0.0,2776.063667,1876.562,2011.561
653,CS_0633_WEAN_d3_p3_cow2_29102025_ch04-20250929075820_001_1881_1890.mp4,Pen 3 - Group 1\WEANING\Day 3\CS_0633_WEAN_d3_p3_cow2_29102025_ch04-20250929075820_001_1881_1890.mp4,E:\cross_sucking\Pen 3 - Group 1\WEANING\Day 3\CS_0633_WEAN_d3_p3_cow2_29102025_ch04-20250929075820_001_1881_1890.mp4,skipped_existing,1,1,Pen_3_WEAN_Day_3_29102025,Pen 3 - Group 1,WEAN,3,3,29102025,2,other|1|reciprocal|side,1881.258,1890.009,1881.258,1890.009,G:\MONITORING CROSS SUCKING IN CALVES - KAPPEL - 2025\Pen 3 - Group 1\WEANING\Day 3\ch04_20250929075820_001.mp4,ch04_20250929075820_001.mp4,0.0,2776.063667,1881.258,1890.009
654,CS_0634_WEAN_d3_p3_cow2_29102025_ch04-20250929075820_001_1936_1955.mp4,Pen 3 - Group 1\WEANING\Day 3\CS_0634_WEAN_d3_p3_cow2_29102025_ch04-20250929075820_001_1936_1955.mp4,E:\cross_sucking\Pen 3 - Group 1\WEANING\Day 3\CS_0634_WEAN_d3_p3_cow2_29102025_ch04-20250929075820_001_1936_1955.mp4,skipped_existing,1,1,Pen_3_WEAN_Day_3_29102025,Pen 3 - Group 1,WEAN,3,3,29102025,2,other|1|reciprocal|side,1936.551,1955.721,1936.551,1955.721,G:\MONITORING CROSS SUCKING IN CALVES - KAPPEL - 2025\Pen 3 - Group 1\WEANING\Day 3\ch04_20250929075820_001.mp4,ch04_20250929075820_001.mp4,0.0,2776.063667,1936.551,1955.721
655,CS_0635_WEAN_d3_p3_cow2_29102025_ch04-20250929075820_001_2020_2045.mp4,Pen 3 - Group 1\WEANING\Day 3\CS_0635_WEAN_d3_p3_cow2_29102025_ch04-20250929075820_001_2020_2045.mp4,E:\cross_sucking\Pen 3 - Group 1\WEANING\Day 3\CS_0635_WEAN_d3_p3_cow2_29102025_ch04-20250929075820_001_2020_2045.mp4,skipped_existing,1,1,Pen_3_WEAN_Day_3_29102025,Pen 3 - Group 1,WEAN,3,3,29102025,2,other|1|None|side,2020.506,2045.142,2020.506,2045.142,G:\MONITORING CROSS SUCKING IN CALVES - KAPPEL - 2025\Pen 3 - Group 1\WEANING\Day 3\ch04_20250929075820_001.mp4,ch04_20250929075820_001.mp4,0.0,2776.063667,2020.506,2045.142
656,CS_0636_WEAN_d3_p3_cow1_29102025_ch04-20250929075820_001_2032_2079.mp4,Pen 3 - Group 1\WEANING\Day 3\CS_0636_WEAN_d3_p3_cow1_29102025_ch04-20250929075820_001_2032_2079.mp4,E:\cross_sucking\Pen 3 - Group 1\WEANING\Day 3\CS_0636_WEAN_d3_p3_cow1_29102025_ch04-20250929075820_001_2032_2079.mp4,skipped_existing,1,1,Pen_3_WEAN_Day_3_29102025,Pen 3 - Group 1,WEAN,3,3,29102025,1,other|2|reciprocal|side,2032.165,2079.475,2032.165,2079.475,G:\MONITORING CROSS SUCKING IN CALVES - KAPPEL - 2025\Pen 3 - Group 1\WEANING\Day 3\ch04_20250929075820_001.mp4,ch04_20250929075820_001.mp4,0.0,2776.063667,2032.165,2079.475
657,CS_0637_WEAN_d3_p3_cow6_29102025_ch04-20250929075820_001_2091_2102.mp4,Pen 3 - Group 1\WEANING\Day 3\CS_0637_WEAN_d3_p3_cow6_29102025_ch04-20250929075820_001_2091_2102.mp4,E:\cross_sucking\Pen 3 - Group 1\WEANING\Day 3\CS_0637_WEAN_d3_p3_cow6_29102025_ch04-20250929075820_001_2091_2102.mp4,skipped_existing,1,1,Pen_3_WEAN_Day_3_29102025,Pen 3 - Group 1,WEAN,3,3,29102025,6,other|T|None|behind,2091.179,2102.116,2091.179,2102.116,G:\MONITORING CROSS SUCKING IN CALVES - KAPPEL - 2025\Pen 3 - Group 1\WEANING\Day 3\ch04_20250929075820_001.mp4,ch04_20250929075820_001.mp4,0.0,2776.063667,2091.179,2102.116
658,CS_0638_WEAN_d3_p3_cow1_29102025_ch04-20250929075820_001_2095_2125.mp4,Pen 3 - Group 1\WEANING\Day 3\CS_0638_WEAN_d3_p3_cow1_29102025_ch04-20250929075820_001_2095_2125.mp4,E:\cross_sucking\Pen 3 - Group 1\WEANING\Day 3\CS_0638_WEAN_d3_p3_cow1_29102025_ch04-20250929075820_001_2095_2125.mp4,skipped_existing,1,1,Pen_3_WEAN_Day_3_29102025,Pen 3 - Group 1,WEAN,3,3,29102025,1,other|2|None|side,2095.121,2125.616,2095.121,2125.616,G:\MONITORING CROSS SUCKING IN CALVES - KAPPEL - 2025\Pen 3 - Group 1\WEANING\Day 3\ch04_20250929075820_001.mp4,ch04_20250929075820_001.mp4,0.0,2776.063667,2095.121,2125.616
659,CS_0639_WEAN_d3_p3_cowT_29102025_ch04-20250929084516_2981_3155.mp4,Pen 3 - Group 1\WEANING\Day 3\CS_0639_WEAN_d3_p3_cowT_29102025_ch04-20250929084516_2981_3155.mp4,E:\cross_sucking\Pen 3 - Group 1\WEANING\Day 3\CS_0639_WEAN_d3_p3_cowT_29102025_ch04-20250929084516_2981_3155.mp4,skipped_existing,1,1,Pen_3_WEAN_Day_3_29102025,Pen 3 - Group 1,WEAN,3,3,29102025,T,other|A|None|side,2981.78,3155.016,2981.78,3155.016,G:\MONITORING CROSS SUCKING IN CALVES - KAPPEL - 2025\Pen 3 - Group 1\WEANING\Day 3\ch04_20250929084516.mp4,ch04_20250929084516.mp4,2776.063667,5550.449334,205.716333,378.952333
660,CS_0640_WEAN_d3_p3_cow7_29102025_ch04-20250929084516_5218_5250.mp4,Pen 3 - Group 1\WEANING\Day 3\CS_0640_WEAN_d3_p3_cow7_29102025_ch04-20250929084516_5218_5250.mp4,E:\cross_sucking\Pen 3 - Group 1\WEANING\Day 3\CS_0640_WEAN_d3_p3_cow7_29102025_ch04-20250929084516_5218_5250.mp4,skipped_existing,1,1,Pen_3_WEAN_Day_3_29102025,Pen 3 - Group 1,WEAN,3,3,29102025,7,hay|6|None|behind,5218.243,5250.95,5218.243,5250.95,G:\MONITORING CROSS SUCKING IN CALVES - KAPPEL - 2025\Pen 3 - Group 1\WEANING\Day 3\ch04_20250929084516.mp4,ch04_20250929084516.mp4,2776.063667,5550.449334,2442.179333,2474.886333
661,CS_0641_WEAN_d3_p3_cowT_29102025_ch04-20250929093211_5853_5859.mp4,Pen 3 - Group 1\WEANING\Day 3\CS_0641_WEAN_d3_p3_cowT_29102025_ch04-20250929093211_5853_5859.mp4,E:\cross_sucking\Pen 3 - Group 1\WEANING\Day 3\CS_0641_WEAN_d3_p3_cowT_29102025_ch04-20250929093211_5853_5859.mp4,skipped_existing,1,1,Pen_3_WEAN_Day_3_29102025,Pen 3 - Group 1,WEAN,3,3,29102025,T,other|A|None|side,5853.764,5859.712,5853.764,5859.712,G:\MONITORING CROSS SUCKING IN CALVES - KAPPEL - 2025\Pen 3 - Group 1\WEANING\Day 3\ch04_20250929093211.mp4,ch04_20250929093211.mp4,5550.449334,8326.412001,303.314666,309.262666
662,CS_0642_WEAN_d3_p3_cow3_29102025_ch04-20250929093211_6090_6121.mp4,Pen 3 - Group 1\WEANING\Day 3\CS_0642_WEAN_d3_p3_cow3_29102025_ch04-20250929093211_6090_6121.mp4,E:\cross_sucking\Pen 3 - Group 1\WEANING\Day 3\CS_0642_WEAN_d3_p3_cow3_29102025_ch04-20250929093211_6090_6121.mp4,skipped_existing,1,1,Pen_3_WEAN_Day_3_29102025,Pen 3 - Group 1,WEAN,3,3,29102025,3,other|2|None|side,6090.319,6121.14,6090.319,6121.14,G:\MONITORING CROSS SUCKING IN CALVES - KAPPEL - 2025\Pen 3 - Group 1\WEANING\Day 3\ch04_20250929093211.mp4,ch04_20250929093211.mp4,5550.449334,8326.412001,539.869666,570.690666
663,CS_0643_WEAN_d3_p3_cow7_29102025_ch04-20250929093211_6445_6485.mp4,Pen 3 - Group 1\WEANING\Day 3\CS_0643_WEAN_d3_p3_cow7_29102025_ch04-20250929093211_6445_6485.mp4,E:\cross_sucking\Pen 3 - Group 1\WEANING\Day 3\CS_0643_WEAN_d3_p3_cow7_29102025_ch04-20250929093211_6445_6485.mp4,skipped_existing,1,1,Pen_3_WEAN_Day_3_29102025,Pen 3 - Group 1,WEAN,3,3,29102025,7,grain feeder|6|None|behind,6445.036,6485.689,6445.036,6485.689,G:\MONITORING CROSS SUCKING IN CALVES - KAPPEL - 2025\Pen 3 - Group 1\WEANING\Day 3\ch04_20250929093211.mp4,ch04_20250929093211.mp4,5550.449334,8326.412001,894.586666,935.239666
664,CS_0644_WEAN_d3_p3_cow7_29102025_ch04-20250929141345_23524_23594.mp4,Pen 3 - Group 1\WEANING\Day 3\CS_0644_WEAN_d3_p3_cow7_29102025_ch04-20250929141345_23524_23594.mp4,E:\cross_sucking\Pen 3 - Group 1\WEANING\Day 3\CS_0644_WEAN_d3_p3_cow7_29102025_ch04-20250929141345_23524_23594.mp4,skipped_existing,1,1,Pen_3_WEAN_Day_3_29102025,Pen 3 - Group 1,WEAN,3,3,29102025,7,grain feeder|A|None|behind,23524.045,23594.464,23524.045,23594.464,G:\MONITORING CROSS SUCKING IN CALVES - KAPPEL - 2025\Pen 3 - Group 1\WEANING\Day 3\ch04_20250929141345.mp4,ch04_20250929141345.mp4,22205.044336,24979.604003,1319.000664,1389.419664
665,CS_0645_WEAN_d3_p3_cow7_29102025_ch04-20250929141345_23599_23657.mp4,Pen 3 - Group 1\WEANING\Day 3\CS_0645_WEAN_d3_p3_cow7_29102025_ch04-20250929141345_23599_23657.mp4,E:\cross_sucking\Pen 3 - Group 1\WEANING\Day 3\CS_0645_WEAN_d3_p3_cow7_29102025_ch04-20250929141345_23599_23657.mp4,skipped_existing,1,1,Pen_3_WEAN_Day_3_29102025,Pen 3 - Group 1,WEAN,3,3,29102025,7,grain feeder|A|None|behind,23599.592,23657.395,23599.592,23657.395,G:\MONITORING CROSS SUCKING IN CALVES - KAPPEL - 2025\Pen 3 - Group 1\WEANING\Day 3\ch04_20250929141345.mp4,ch04_20250929141345.mp4,22205.044336,24979.604003,1394.547664,1452.350664
666,CS_0646_WEAN_d3_p3_cow7_29102025_ch04-20250929141345_23660_23722.mp4,Pen 3 - Group 1\WEANING\Day 3\CS_0646_WEAN_d3_p3_cow7_29102025_ch04-20250929141345_23660_23722.mp4,E:\cross_sucking\Pen 3 - Group 1\WEANING\Day 3\CS_0646_WEAN_d3_p3_cow7_29102025_ch04-20250929141345_23660_23722.mp4,skipped_existing,1,1,Pen_3_WEAN_Day_3_29102025,Pen 3 - Group 1,WEAN,3,3,29102025,7,grain feeder|A|None|behind,23660.605,23722.545,23660.605,23722.545,G:\MONITORING CROSS SUCKING IN CALVES - KAPPEL - 2025\Pen 3 - Group 1\WEANING\Day 3\ch04_20250929141345.mp4,ch04_20250929141345.mp4,22205.044336,24979.604003,1455.560664,1517.500664
667,CS_0647_WEAN_d3_p3_cow7_29102025_ch04-20250929141345_23744_23802.mp4,Pen 3 - Group 1\WEANING\Day 3\CS_0647_WEAN_d3_p3_cow7_29102025_ch04-20250929141345_23744_23802.mp4,E:\cross_sucking\Pen 3 - Group 1\WEANING\Day 3\CS_0647_WEAN_d3_p3_cow7_29102025_ch04-20250929141345_23744_23802.mp4,skipped_existing,1,1,Pen_3_WEAN_Day_3_29102025,Pen 3 - Group 1,WEAN,3,3,29102025,7,grain feeder|A|None|behind,23744.468,23802.981,23744.468,23802.981,G:\MONITORING CROSS SUCKING IN CALVES - KAPPEL - 2025\Pen 3 - Group 1\WEANING\Day 3\ch04_20250929141345.mp4,ch04_20250929141345.mp4,22205.044336,24979.604003,1539.423664,1597.936664
668,CS_0648_WEAN_d3_p3_cow7_29102025_ch04-20250929141345_23828_23867.mp4,Pen 3 - Group 1\WEANING\Day 3\CS_0648_WEAN_d3_p3_cow7_29102025_ch04-20250929141345_23828_23867.mp4,E:\cross_sucking\Pen 3 - Group 1\WEANING\Day 3\CS_0648_WEAN_d3_p3_cow7_29102025_ch04-20250929141345_23828_23867.mp4,skipped_existing,1,1,Pen_3_WEAN_Day_3_29102025,Pen 3 - Group 1,WEAN,3,3,29102025,7,grain feeder|A|None|behind,23828.225,23867.378,23828.225,23867.378,G:\MONITORING CROSS SUCKING IN CALVES - KAPPEL - 2025\Pen 3 - Group 1\WEANING\Day 3\ch04_20250929141345.mp4,ch04_20250929141345.mp4,22205.044336,24979.604003,1623.180664,1662.333664
669,CS_0649_WEAN_d3_p3_cow7_29102025_ch04-20250929141345_23871_23882.mp4,Pen 3 - Group 1\WEANING\Day 3\CS_0649_WEAN_d3_p3_cow7_29102025_ch04-20250929141345_23871_23882.mp4,E:\cross_sucking\Pen 3 - Group 1\WEANING\Day 3\CS_0649_WEAN_d3_p3_cow7_29102025_ch04-20250929141345_23871_23882.mp4,skipped_existing,1,1,Pen_3_WEAN_Day_3_29102025,Pen 3 - Group 1,WEAN,3,3,29102025,7,grain feeder|A|None|behind,23871.05,23882.483,23871.05,23882.483,G:\MONITORING CROSS SUCKING IN CALVES - KAPPEL - 2025\Pen 3 - Group 1\WEANING\Day 3\ch04_20250929141345.mp4,ch04_20250929141345.mp4,22205.044336,24979.604003,1666.005664,1677.438664
670,CS_0650_WEAN_d3_p3_cow1_29102025_ch04-20250929141345_24059_24071.mp4,Pen 3 - Group 1\WEANING\Day 3\CS_0650_WEAN_d3_p3_cow1_29102025_ch04-20250929141345_24059_24071.mp4,E:\cross_sucking\Pen 3 - Group 1\WEANING\Day 3\CS_0650_WEAN_d3_p3_cow1_29102025_ch04-20250929141345_24059_24071.mp4,skipped_existing,1,1,Pen_3_WEAN_Day_3_29102025,Pen 3 - Group 1,WEAN,3,3,29102025,1,other|2|None|side,24059.934,24071.901,24059.934,24071.901,G:\MONITORING CROSS SUCKING IN CALVES - KAPPEL - 2025\Pen 3 - Group 1\WEANING\Day 3\ch04_20250929141345.mp4,ch04_20250929141345.mp4,22205.044336,24979.604003,1854.889664,1866.856664
671,CS_0651_WEAN_d3_p3_cowA_29102025_ch04-20250929163431_31267_31271.mp4,Pen 3 - Group 1\WEANING\Day 3\CS_0651_WEAN_d3_p3_cowA_29102025_ch04-20250929163431_31267_31271.mp4,E:\cross_sucking\Pen 3 - Group 1\WEANING\Day 3\CS_0651_WEAN_d3_p3_cowA_29102025_ch04-20250929163431_31267_31271.mp4,skipped_existing,1,1,Pen_3_WEAN_Day_3_29102025,Pen 3 - Group 1,WEAN,3,3,29102025,A,grain feeder|2|None|behind,31267.083,31271.224,31267.083,31271.224,G:\MONITORING CROSS SUCKING IN CALVES - KAPPEL - 2025\Pen 3 - Group 1\WEANING\Day 3\ch04_20250929163431.mp4,ch04_20250929163431.mp4,30531.480337,33306.177004,735.602663,739.743663
672,CS_0652_WEAN_d3_p3_cow3_29102025_ch04-20250929163431_32063_32095.mp4,Pen 3 - Group 1\WEANING\Day 3\CS_0652_WEAN_d3_p3_cow3_29102025_ch04-20250929163431_32063_32095.mp4,E:\cross_sucking\Pen 3 - Group 1\WEANING\Day 3\CS_0652_WEAN_d3_p3_cow3_29102025_ch04-20250929163431_32063_32095.mp4,skipped_existing,1,1,Pen_3_WEAN_Day_3_29102025,Pen 3 - Group 1,WEAN,3,3,29102025,3,other|2|None|side,32063.074,32095.335,32063.074,32095.335,G:\MONITORING CROSS SUCKING IN CALVES - KAPPEL - 2025\Pen 3 - Group 1\WEANING\Day 3\ch04_20250929163431.mp4,ch04_20250929163431.mp4,30531.480337,33306.177004,1531.593663,1563.854663
673,CS_0653_WEAN_d3_p3_cowT_29102025_ch04-20250929180820_36516_36556.mp4,Pen 3 - Group 1\WEANING\Day 3\CS_0653_WEAN_d3_p3_cowT_29102025_ch04-20250929180820_36516_36556.mp4,E:\cross_sucking\Pen 3 - Group 1\WEANING\Day 3\CS_0653_WEAN_d3_p3_cowT_29102025_ch04-20250929180820_36516_36556.mp4,skipped_existing,1,1,Pen_3_WEAN_Day_3_29102025,Pen 3 - Group 1,WEAN,3,3,29102025,T,other|A|None|side,36516.034,36556.139,36516.034,36556.139,G:\MONITORING CROSS SUCKING IN CALVES - KAPPEL - 2025\Pen 3 - Group 1\WEANING\Day 3\ch04_20250929180820.mp4,ch04_20250929180820.mp4,36081.491671,38857.421338,434.542329,474.647329
674,CS_0654_WEAN_d3_p3_cowT_29102025_ch04-20250929180820_36568_36620.mp4,Pen 3 - Group 1\WEANING\Day 3\CS_0654_WEAN_d3_p3_cowT_29102025_ch04-20250929180820_36568_36620.mp4,E:\cross_sucking\Pen 3 - Group 1\WEANING\Day 3\CS_0654_WEAN_d3_p3_cowT_29102025_ch04-20250929180820_36568_36620.mp4,skipped_existing,1,1,Pen_3_WEAN_Day_3_29102025,Pen 3 - Group 1,WEAN,3,3,29102025,T,other|A|None|side,36568.169,36620.007,36568.169,36620.007,G:\MONITORING CROSS SUCKING IN CALVES - KAPPEL - 2025\Pen 3 - Group 1\WEANING\Day 3\ch04_20250929180820.mp4,ch04_20250929180820.mp4,36081.491671,38857.421338,486.677329,538.515329
675,CS_0655_WEAN_d3_p3_cowA_29102025_ch04-20250929180820_36587_36595.mp4,Pen 3 - Group 1\WEANING\Day 3\CS_0655_WEAN_d3_p3_cowA_29102025_ch04-20250929180820_36587_36595.mp4,E:\cross_sucking\Pen 3 - Group 1\WEANING\Day 3\CS_0655_WEAN_d3_p3_cowA_29102025_ch04-20250929180820_36587_36595.mp4,skipped_existing,1,1,Pen_3_WEAN_Day_3_29102025,Pen 3 - Group 1,WEAN,3,3,29102025,A,other|T|reciprocal|side,36587.459,36595.777,36587.459,36595.777,G:\MONITORING CROSS SUCKING IN CALVES - KAPPEL - 2025\Pen 3 - Group 1\WEANING\Day 3\ch04_20250929180820.mp4,ch04_20250929180820.mp4,36081.491671,38857.421338,505.967329,514.285329
676,CS_0656_WEAN_d3_p3_cowA_29102025_ch04-20250929180820_36608_36616.mp4,Pen 3 - Group 1\WEANING\Day 3\CS_0656_WEAN_d3_p3_cowA_29102025_ch04-20250929180820_36608_36616.mp4,E:\cross_sucking\Pen 3 - Group 1\WEANING\Day 3\CS_0656_WEAN_d3_p3_cowA_29102025_ch04-20250929180820_36608_36616.mp4,skipped_existing,1,1,Pen_3_WEAN_Day_3_29102025,Pen 3 - Group 1,WEAN,3,3,29102025,A,other|T|reciprocal|side,36608.465,36616.095,36608.465,36616.095,G:\MONITORING CROSS SUCKING IN CALVES - KAPPEL - 2025\Pen 3 - Group 1\WEANING\Day 3\ch04_20250929180820.mp4,ch04_20250929180820.mp4,36081.491671,38857.421338,526.973329,534.603329
677,CS_0657_WEAN_d3_p3_cow3_29102025_ch04-20250929180820_36640_36687.mp4,Pen 3 - Group 1\WEANING\Day 3\CS_0657_WEAN_d3_p3_cow3_29102025_ch04-20250929180820_36640_36687.mp4,E:\cross_sucking\Pen 3 - Group 1\WEANING\Day 3\CS_0657_WEAN_d3_p3_cow3_29102025_ch04-20250929180820_36640_36687.mp4,skipped_existing,1,1,Pen_3_WEAN_Day_3_29102025,Pen 3 - Group 1,WEAN,3,3,29102025,3,other|2|None|side,36640.665,36687.859,36640.665,36687.859,G:\MONITORING CROSS SUCKING IN CALVES - KAPPEL - 2025\Pen 3 - Group 1\WEANING\Day 3\ch04_20250929180820.mp4,ch04_20250929180820.mp4,36081.491671,38857.421338,559.173329,606.367329
678,CS_0658_WEAN_d3_p3_cow1_29102025_ch04-20250929180820_36718_36965.mp4,Pen 3 - Group 1\WEANING\Day 3\CS_0658_WEAN_d3_p3_cow1_29102025_ch04-20250929180820_36718_36965.mp4,E:\cross_sucking\Pen 3 - Group 1\WEANING\Day 3\CS_0658_WEAN_d3_p3_cow1_29102025_ch04-20250929180820_36718_36965.mp4,skipped_existing,1,1,Pen_3_WEAN_Day_3_29102025,Pen 3 - Group 1,WEAN,3,3,29102025,1,other|2|None|side,36718.361,36965.571,36718.361,36965.571,G:\MONITORING CROSS SUCKING IN CALVES - KAPPEL - 2025\Pen 3 - Group 1\WEANING\Day 3\ch04_20250929180820.mp4,ch04_20250929180820.mp4,36081.491671,38857.421338,636.869329,884.079329
679,CS_0659_WEAN_d3_p3_cow2_29102025_ch04-20250929180820_36720_36781.mp4,Pen 3 - Group 1\WEANING\Day 3\CS_0659_WEAN_d3_p3_cow2_29102025_ch04-20250929180820_36720_36781.mp4,E:\cross_sucking\Pen 3 - Group 1\WEANING\Day 3\CS_0659_WEAN_d3_p3_cow2_29102025_ch04-20250929180820_36720_36781.mp4,skipped_existing,1,1,Pen_3_WEAN_Day_3_29102025,Pen 3 - Group 1,WEAN,3,3,29102025,2,other|1|reciprocal|side,36720.695,36781.465,36720.695,36781.465,G:\MONITORING CROSS SUCKING IN CALVES - KAPPEL - 2025\Pen 3 - Group 1\WEANING\Day 3\ch04_20250929180820.mp4,ch04_20250929180820.mp4,36081.491671,38857.421338,639.203329,699.973329
680,CS_0660_WEAN_d3_p3_cow2_29102025_ch04-20250929180820_36899_36920.mp4,Pen 3 - Group 1\WEANING\Day 3\CS_0660_WEAN_d3_p3_cow2_29102025_ch04-20250929180820_36899_36920.mp4,E:\cross_sucking\Pen 3 - Group 1\WEANING\Day 3\CS_0660_WEAN_d3_p3_cow2_29102025_ch04-20250929180820_36899_36920.mp4,skipped_existing,1,1,Pen_3_WEAN_Day_3_29102025,Pen 3 - Group 1,WEAN,3,3,29102025,2,other|1|reciprocal|side,36899.047,36920.155,36899.047,36920.155,G:\MONITORING CROSS SUCKING IN CALVES - KAPPEL - 2025\Pen 3 - Group 1\WEANING\Day 3\ch04_20250929180820.mp4,ch04_20250929180820.mp4,36081.491671,38857.421338,817.555329,838.663329
681,CS_0661_WEAN_d3_p3_cow2_29102025_ch04-20250929180820_36925_36945.mp4,Pen 3 - Group 1\WEANING\Day 3\CS_0661_WEAN_d3_p3_cow2_29102025_ch04-20250929180820_36925_36945.mp4,E:\cross_sucking\Pen 3 - Group 1\WEANING\Day 3\CS_0661_WEAN_d3_p3_cow2_29102025_ch04-20250929180820_36925_36945.mp4,skipped_existing,1,1,Pen_3_WEAN_Day_3_29102025,Pen 3 - Group 1,WEAN,3,3,29102025,2,other|1|reciprocal|side,36925.941,36945.139,36925.941,36945.139,G:\MONITORING CROSS SUCKING IN CALVES - KAPPEL - 2025\Pen 3 - Group 1\WEANING\Day 3\ch04_20250929180820.mp4,ch04_20250929180820.mp4,36081.491671,38857.421338,844.449329,863.647329
682,CS_0662_WEAN_d3_p3_cowA_29102025_ch04-20250929180820_36961_36971.mp4,Pen 3 - Group 1\WEANING\Day 3\CS_0662_WEAN_d3_p3_cowA_29102025_ch04-20250929180820_36961_36971.mp4,E:\cross_sucking\Pen 3 - Group 1\WEANING\Day 3\CS_0662_WEAN_d3_p3_cowA_29102025_ch04-20250929180820_36961_36971.mp4,skipped_existing,1,1,Pen_3_WEAN_Day_3_29102025,Pen 3 - Group 1,WEAN,3,3,29102025,A,other|2|three|behind,36961.205,36971.847,36961.205,36971.847,G:\MONITORING CROSS SUCKING IN CALVES - KAPPEL - 2025\Pen 3 - Group 1\WEANING\Day 3\ch04_20250929180820.mp4,ch04_20250929180820.mp4,36081.491671,38857.421338,879.713329,890.355329
683,CS_0663_WEAN_d3_p3_cow1_29102025_ch04-20250929180820_36967_36972.mp4,Pen 3 - Group 1\WEANING\Day 3\CS_0663_WEAN_d3_p3_cow1_29102025_ch04-20250929180820_36967_36972.mp4,E:\cross_sucking\Pen 3 - Group 1\WEANING\Day 3\CS_0663_WEAN_d3_p3_cow1_29102025_ch04-20250929180820_36967_36972.mp4,skipped_existing,1,1,Pen_3_WEAN_Day_3_29102025,Pen 3 - Group 1,WEAN,3,3,29102025,1,other|2|three|side,36967.709,36972.275,36967.709,36972.275,G:\MONITORING CROSS SUCKING IN CALVES - KAPPEL - 2025\Pen 3 - Group 1\WEANING\Day 3\ch04_20250929180820.mp4,ch04_20250929180820.mp4,36081.491671,38857.421338,886.217329,890.783329
684,CS_0664_WEAN_d3_p3_cow6_29102025_ch04-20250929180820_37520_37603.mp4,Pen 3 - Group 1\WEANING\Day 3\CS_0664_WEAN_d3_p3_cow6_29102025_ch04-20250929180820_37520_37603.mp4,E:\cross_sucking\Pen 3 - Group 1\WEANING\Day 3\CS_0664_WEAN_d3_p3_cow6_29102025_ch04-20250929180820_37520_37603.mp4,skipped_existing,1,1,Pen_3_WEAN_Day_3_29102025,Pen 3 - Group 1,WEAN,3,3,29102025,6,other|A|None|behind,37520.294,37603.038,37520.294,37603.038,G:\MONITORING CROSS SUCKING IN CALVES - KAPPEL - 2025\Pen 3 - Group 1\WEANING\Day 3\ch04_20250929180820.mp4,ch04_20250929180820.mp4,36081.491671,38857.421338,1438.802329,1521.546329
685,CS_0665_WEAN_d3_p3_cow1_29102025_ch04-20250929180820_37762_37771.mp4,Pen 3 - Group 1\WEANING\Day 3\CS_0665_WEAN_d3_p3_cow1_29102025_ch04-20250929180820_37762_37771.mp4,E:\cross_sucking\Pen 3 - Group 1\WEANING\Day 3\CS_0665_WEAN_d3_p3_cow1_29102025_ch04-20250929180820_37762_37771.mp4,skipped_existing,1,1,Pen_3_WEAN_Day_3_29102025,Pen 3 - Group 1,WEAN,3,3,29102025,1,other|2|None|side,37762.545,37771.263,37762.545,37771.263,G:\MONITORING CROSS SUCKING IN CALVES - KAPPEL - 2025\Pen 3 - Group 1\WEANING\Day 3\ch04_20250929180820.mp4,ch04_20250929180820.mp4,36081.491671,38857.421338,1681.053329,1689.771329
686,CS_0666_WEAN_d3_p3_cow1_29102025_ch04-20250929180820_37771_37771.mp4,Pen 3 - Group 1\WEANING\Day 3\CS_0666_WEAN_d3_p3_cow1_29102025_ch04-20250929180820_37771_37771.mp4,E:\cross_sucking\Pen 3 - Group 1\WEANING\Day 3\CS_0666_WEAN_d3_p3_cow1_29102025_ch04-20250929180820_37771_37771.mp4,skipped_existing,1,1,Pen_3_WEAN_Day_3_29102025,Pen 3 - Group 1,WEAN,3,3,29102025,1,other|2|None|side,37771.846,37771.847,37771.846,37771.847,G:\MONITORING CROSS SUCKING IN CALVES - KAPPEL - 2025\Pen 3 - Group 1\WEANING\Day 3\ch04_20250929180820.mp4,ch04_20250929180820.mp4,36081.491671,38857.421338,1690.354329,1690.355329
687,CS_0667_WEAN_d3_p3_cow3_29102025_ch04-20250929194212_44394_44413_part01.mp4,Pen 3 - Group 1\WEANING\Day 3\CS_0667_WEAN_d3_p3_cow3_29102025_ch04-20250929194212_44394_44413_part01.mp4,E:\cross_sucking\Pen 3 - Group 1\WEANING\Day 3\CS_0667_WEAN_d3_p3_cow3_29102025_ch04-20250929194212_44394_44413_part01.mp4,skipped_existing,1,2,Pen_3_WEAN_Day_3_29102025,Pen 3 - Group 1,WEAN,3,3,29102025,3,grain feeder|A|None|behind,44394.386,44413.59,44394.386,44409.910672,G:\MONITORING CROSS SUCKING IN CALVES - KAPPEL - 2025\Pen 3 - Group 1\WEANING\Day 3\ch04_20250929194212.mp4,ch04_20250929194212.mp4,41633.859005,44409.910672,2760.526995,2776.051667
688,CS_0667_WEAN_d3_p3_cow3_29102025_ch04-20250929194212_44394_44413_part02.mp4,Pen 3 - Group 1\WEANING\Day 3\CS_0667_WEAN_d3_p3_cow3_29102025_ch04-20250929194212_44394_44413_part02.mp4,E:\cross_sucking\Pen 3 - Group 1\WEANING\Day 3\CS_0667_WEAN_d3_p3_cow3_29102025_ch04-20250929194212_44394_44413_part02.mp4,skipped_existing,2,2,Pen_3_WEAN_Day_3_29102025,Pen 3 - Group 1,WEAN,3,3,29102025,3,grain feeder|A|None|behind,44394.386,44413.59,44409.910672,44413.59,G:\MONITORING CROSS SUCKING IN CALVES - KAPPEL - 2025\Pen 3 - Group 1\WEANING\Day 3\ch04_20250929202907.mp4,ch04_20250929202907.mp4,44409.910672,47187.045339,0.0,3.679328
689,CS_0668_WEAN_d3_p3_cow6_29102025_ch04-20250929202907_44964_45093.mp4,Pen 3 - Group 1\WEANING\Day 3\CS_0668_WEAN_d3_p3_cow6_29102025_ch04-20250929202907_44964_45093.mp4,E:\cross_sucking\Pen 3 - Group 1\WEANING\Day 3\CS_0668_WEAN_d3_p3_cow6_29102025_ch04-20250929202907_44964_45093.mp4,skipped_existing,1,1,Pen_3_WEAN_Day_3_29102025,Pen 3 - Group 1,WEAN,3,3,29102025,6,grain feeder|A|None|behind,44964.183,45093.224,44964.183,45093.224,G:\MONITORING CROSS SUCKING IN CALVES - KAPPEL - 2025\Pen 3 - Group 1\WEANING\Day 3\ch04_20250929202907.mp4,ch04_20250929202907.mp4,44409.910672,47187.045339,554.272328,683.313328
690,CS_0669_WEAN_d3_p3_cow2_29102025_ch04-20250929224955_53961_54035.mp4,Pen 3 - Group 1\WEANING\Day 3\CS_0669_WEAN_d3_p3_cow2_29102025_ch04-20250929224955_53961_54035.mp4,E:\cross_sucking\Pen 3 - Group 1\WEANING\Day 3\CS_0669_WEAN_d3_p3_cow2_29102025_ch04-20250929224955_53961_54035.mp4,skipped_existing,1,1,Pen_3_WEAN_Day_3_29102025,Pen 3 - Group 1,WEAN,3,3,29102025,2,other|6|None|side,53961.083,54035.675,53961.083,54035.675,G:\MONITORING CROSS SUCKING IN CALVES - KAPPEL - 2025\Pen 3 - Group 1\WEANING\Day 3\ch04_20250929224955.mp4,ch04_20250929224955.mp4,52739.586673,55516.67234,1221.496327,1296.088327
691,CS_0670_WEAN_d3_p3_cow2_29102025_ch04-20250929224955_54039_54080.mp4,Pen 3 - Group 1\WEANING\Day 3\CS_0670_WEAN_d3_p3_cow2_29102025_ch04-20250929224955_54039_54080.mp4,E:\cross_sucking\Pen 3 - Group 1\WEANING\Day 3\CS_0670_WEAN_d3_p3_cow2_29102025_ch04-20250929224955_54039_54080.mp4,skipped_existing,1,1,Pen_3_WEAN_Day_3_29102025,Pen 3 - Group 1,WEAN,3,3,29102025,2,other|6|None|side,54039.002,54080.521,54039.002,54080.521,G:\MONITORING CROSS SUCKING IN CALVES - KAPPEL - 2025\Pen 3 - Group 1\WEANING\Day 3\ch04_20250929224955.mp4,ch04_20250929224955.mp4,52739.586673,55516.67234,1299.415327,1340.934327
692,CS_0671_WEAN_d3_p3_cow2_29102025_ch04-20250929224955_54085_54123.mp4,Pen 3 - Group 1\WEANING\Day 3\CS_0671_WEAN_d3_p3_cow2_29102025_ch04-20250929224955_54085_54123.mp4,E:\cross_sucking\Pen 3 - Group 1\WEANING\Day 3\CS_0671_WEAN_d3_p3_cow2_29102025_ch04-20250929224955_54085_54123.mp4,skipped_existing,1,1,Pen_3_WEAN_Day_3_29102025,Pen 3 - Group 1,WEAN,3,3,29102025,2,other|6|None|side,54085.385,54123.0,54085.385,54123.0,G:\MONITORING CROSS SUCKING IN CALVES - KAPPEL - 2025\Pen 3 - Group 1\WEANING\Day 3\ch04_20250929224955.mp4,ch04_20250929224955.mp4,52739.586673,55516.67234,1345.798327,1383.413327
693,CS_0672_WEAN_d3_p3_cow2_29102025_ch04-20250929224955_54141_54147.mp4,Pen 3 - Group 1\WEANING\Day 3\CS_0672_WEAN_d3_p3_cow2_29102025_ch04-20250929224955_54141_54147.mp4,E:\cross_sucking\Pen 3 - Group 1\WEANING\Day 3\CS_0672_WEAN_d3_p3_cow2_29102025_ch04-20250929224955_54141_54147.mp4,skipped_existing,1,1,Pen_3_WEAN_Day_3_29102025,Pen 3 - Group 1,WEAN,3,3,29102025,2,other|6|None|side,54141.935,54147.326,54141.935,54147.326,G:\MONITORING CROSS SUCKING IN CALVES - KAPPEL - 2025\Pen 3 - Group 1\WEANING\Day 3\ch04_20250929224955.mp4,ch04_20250929224955.mp4,52739.586673,55516.67234,1402.348327,1407.739327
694,CS_0673_WEAN_d3_p3_cow7_29102025_ch04-20250930011043_62630_62639.mp4,Pen 3 - Group 1\WEANING\Day 3\CS_0673_WEAN_d3_p3_cow7_29102025_ch04-20250930011043_62630_62639.mp4,E:\cross_sucking\Pen 3 - Group 1\WEANING\Day 3\CS_0673_WEAN_d3_p3_cow7_29102025_ch04-20250930011043_62630_62639.mp4,skipped_existing,1,1,Pen_3_WEAN_Day_3_29102025,Pen 3 - Group 1,WEAN,3,3,29102025,7,other|6|None|behind,62630.174,62639.044,62630.174,62639.044,G:\MONITORING CROSS SUCKING IN CALVES - KAPPEL - 2025\Pen 3 - Group 1\WEANING\Day 3\ch04_20250930011043.mp4,ch04_20250930011043.mp4,61068.728674,63845.201341,1561.445326,1570.315326
695,CS_0674_WEAN_d3_p3_cow7_29102025_ch04-20250930011043_62644_62676.mp4,Pen 3 - Group 1\WEANING\Day 3\CS_0674_WEAN_d3_p3_cow7_29102025_ch04-20250930011043_62644_62676.mp4,E:\cross_sucking\Pen 3 - Group 1\WEANING\Day 3\CS_0674_WEAN_d3_p3_cow7_29102025_ch04-20250930011043_62644_62676.mp4,skipped_existing,1,1,Pen_3_WEAN_Day_3_29102025,Pen 3 - Group 1,WEAN,3,3,29102025,7,other|6|None|behind,62644.761,62676.869,62644.761,62676.869,G:\MONITORING CROSS SUCKING IN CALVES - KAPPEL - 2025\Pen 3 - Group 1\WEANING\Day 3\ch04_20250930011043.mp4,ch04_20250930011043.mp4,61068.728674,63845.201341,1576.032326,1608.140326
696,CS_0675_WEAN_d3_p3_cowA_29102025_ch04-20250930041824_73527_73539.mp4,Pen 3 - Group 1\WEANING\Day 3\CS_0675_WEAN_d3_p3_cowA_29102025_ch04-20250930041824_73527_73539.mp4,E:\cross_sucking\Pen 3 - Group 1\WEANING\Day 3\CS_0675_WEAN_d3_p3_cowA_29102025_ch04-20250930041824_73527_73539.mp4,skipped_existing,1,1,Pen_3_WEAN_Day_3_29102025,Pen 3 - Group 1,WEAN,3,3,29102025,A,milk feeder|T|None|behind,73527.771,73539.638,73527.771,73539.638,G:\MONITORING CROSS SUCKING IN CALVES - KAPPEL - 2025\Pen 3 - Group 1\WEANING\Day 3\ch04_20250930041824.mp4,ch04_20250930041824.mp4,72172.334342,74947.722009,1355.436658,1367.303658
697,CS_0676_WEAN_d3_p3_cowA_29102025_ch04-20250930041824_73542_73545.mp4,Pen 3 - Group 1\WEANING\Day 3\CS_0676_WEAN_d3_p3_cowA_29102025_ch04-20250930041824_73542_73545.mp4,E:\cross_sucking\Pen 3 - Group 1\WEANING\Day 3\CS_0676_WEAN_d3_p3_cowA_29102025_ch04-20250930041824_73542_73545.mp4,skipped_existing,1,1,Pen_3_WEAN_Day_3_29102025,Pen 3 - Group 1,WEAN,3,3,29102025,A,milk feeder|T|None|behind,73542.606,73545.292,73542.606,73545.292,G:\MONITORING CROSS SUCKING IN CALVES - KAPPEL - 2025\Pen 3 - Group 1\WEANING\Day 3\ch04_20250930041824.mp4,ch04_20250930041824.mp4,72172.334342,74947.722009,1370.271658,1372.957658
698,CS_0677_WEAN_d3_p3_cow3_29102025_ch04-20250930041824_74426_74460.mp4,Pen 3 - Group 1\WEANING\Day 3\CS_0677_WEAN_d3_p3_cow3_29102025_ch04-20250930041824_74426_74460.mp4,E:\cross_sucking\Pen 3 - Group 1\WEANING\Day 3\CS_0677_WEAN_d3_p3_cow3_29102025_ch04-20250930041824_74426_74460.mp4,skipped_existing,1,1,Pen_3_WEAN_Day_3_29102025,Pen 3 - Group 1,WEAN,3,3,29102025,3,grain feeder|A|None|behind,74426.498,74460.785,74426.498,74460.785,G:\MONITORING CROSS SUCKING IN CALVES - KAPPEL - 2025\Pen 3 - Group 1\WEANING\Day 3\ch04_20250930041824.mp4,ch04_20250930041824.mp4,72172.334342,74947.722009,2254.163658,2288.450658
699,CS_0678_WEAN_d3_p3_cow1_29102025_ch04-20250930050519_77475_77806_part01.mp4,Pen 3 - Group 1\WEANING\Day 3\CS_0678_WEAN_d3_p3_cow1_29102025_ch04-20250930050519_77475_77806_part01.mp4,E:\cross_sucking\Pen 3 - Group 1\WEANING\Day 3\CS_0678_WEAN_d3_p3_cow1_29102025_ch04-20250930050519_77475_77806_part01.mp4,skipped_existing,1,2,Pen_3_WEAN_Day_3_29102025,Pen 3 - Group 1,WEAN,3,3,29102025,1,other|2|None|side,77475.53,77806.254,77475.53,77723.552676,G:\MONITORING CROSS SUCKING IN CALVES - KAPPEL - 2025\Pen 3 - Group 1\WEANING\Day 3\ch04_20250930050519.mp4,ch04_20250930050519.mp4,74947.722009,77723.552676,2527.807991,2775.830667
700,CS_0678_WEAN_d3_p3_cow1_29102025_ch04-20250930050519_77475_77806_part02.mp4,Pen 3 - Group 1\WEANING\Day 3\CS_0678_WEAN_d3_p3_cow1_29102025_ch04-20250930050519_77475_77806_part02.mp4,E:\cross_sucking\Pen 3 - Group 1\WEANING\Day 3\CS_0678_WEAN_d3_p3_cow1_29102025_ch04-20250930050519_77475_77806_part02.mp4,skipped_existing,2,2,Pen_3_WEAN_Day_3_29102025,Pen 3 - Group 1,WEAN,3,3,29102025,1,other|2|None|side,77475.53,77806.254,77723.552676,77806.254,G:\MONITORING CROSS SUCKING IN CALVES - KAPPEL - 2025\Pen 3 - Group 1\WEANING\Day 3\ch04_20250930055214.mp4,ch04_20250930055214.mp4,77723.552676,80500.434343,0.0,82.701324
701,CS_0679_WEAN_d3_p3_cow2_29102025_ch04-20250930050519_77477_77505.mp4,Pen 3 - Group 1\WEANING\Day 3\CS_0679_WEAN_d3_p3_cow2_29102025_ch04-20250930050519_77477_77505.mp4,E:\cross_sucking\Pen 3 - Group 1\WEANING\Day 3\CS_0679_WEAN_d3_p3_cow2_29102025_ch04-20250930050519_77477_77505.mp4,skipped_existing,1,1,Pen_3_WEAN_Day_3_29102025,Pen 3 - Group 1,WEAN,3,3,29102025,2,other|1|reciprocal|side,77477.373,77505.265,77477.373,77505.265,G:\MONITORING CROSS SUCKING IN CALVES - KAPPEL - 2025\Pen 3 - Group 1\WEANING\Day 3\ch04_20250930050519.mp4,ch04_20250930050519.mp4,74947.722009,77723.552676,2529.650991,2557.542991
702,CS_0680_WEAN_d3_p3_cow2_29102025_ch04-20250930050519_77511_77532.mp4,Pen 3 - Group 1\WEANING\Day 3\CS_0680_WEAN_d3_p3_cow2_29102025_ch04-20250930050519_77511_77532.mp4,E:\cross_sucking\Pen 3 - Group 1\WEANING\Day 3\CS_0680_WEAN_d3_p3_cow2_29102025_ch04-20250930050519_77511_77532.mp4,skipped_existing,1,1,Pen_3_WEAN_Day_3_29102025,Pen 3 - Group 1,WEAN,3,3,29102025,2,other|1|reciprocal|side,77511.277,77532.35,77511.277,77532.35,G:\MONITORING CROSS SUCKING IN CALVES - KAPPEL - 2025\Pen 3 - Group 1\WEANING\Day 3\ch04_20250930050519.mp4,ch04_20250930050519.mp4,74947.722009,77723.552676,2563.554991,2584.627991
703,CS_0681_WEAN_d3_p3_cow2_29102025_ch04-20250930050519_77537_77583.mp4,Pen 3 - Group 1\WEANING\Day 3\CS_0681_WEAN_d3_p3_cow2_29102025_ch04-20250930050519_77537_77583.mp4,E:\cross_sucking\Pen 3 - Group 1\WEANING\Day 3\CS_0681_WEAN_d3_p3_cow2_29102025_ch04-20250930050519_77537_77583.mp4,skipped_existing,1,1,Pen_3_WEAN_Day_3_29102025,Pen 3 - Group 1,WEAN,3,3,29102025,2,other|1|reciprocal|side,77537.673,77583.149,77537.673,77583.149,G:\MONITORING CROSS SUCKING IN CALVES - KAPPEL - 2025\Pen 3 - Group 1\WEANING\Day 3\ch04_20250930050519.mp4,ch04_20250930050519.mp4,74947.722009,77723.552676,2589.950991,2635.426991
704,CS_0682_WEAN_d3_p3_cow2_29102025_ch04-20250930050519_77585_77610.mp4,Pen 3 - Group 1\WEANING\Day 3\CS_0682_WEAN_d3_p3_cow2_29102025_ch04-20250930050519_77585_77610.mp4,E:\cross_sucking\Pen 3 - Group 1\WEANING\Day 3\CS_0682_WEAN_d3_p3_cow2_29102025_ch04-20250930050519_77585_77610.mp4,skipped_existing,1,1,Pen_3_WEAN_Day_3_29102025,Pen 3 - Group 1,WEAN,3,3,29102025,2,other|1|reciprocal|side,77585.678,77610.026,77585.678,77610.026,G:\MONITORING CROSS SUCKING IN CALVES - KAPPEL - 2025\Pen 3 - Group 1\WEANING\Day 3\ch04_20250930050519.mp4,ch04_20250930050519.mp4,74947.722009,77723.552676,2637.955991,2662.303991
705,CS_0683_WEAN_d3_p3_cow2_29102025_ch04-20250930050519_77622_77638.mp4,Pen 3 - Group 1\WEANING\Day 3\CS_0683_WEAN_d3_p3_cow2_29102025_ch04-20250930050519_77622_77638.mp4,E:\cross_sucking\Pen 3 - Group 1\WEANING\Day 3\CS_0683_WEAN_d3_p3_cow2_29102025_ch04-20250930050519_77622_77638.mp4,skipped_existing,1,1,Pen_3_WEAN_Day_3_29102025,Pen 3 - Group 1,WEAN,3,3,29102025,2,other|1|reciprocal|side,77622.348,77638.006,77622.348,77638.006,G:\MONITORING CROSS SUCKING IN CALVES - KAPPEL - 2025\Pen 3 - Group 1\WEANING\Day 3\ch04_20250930050519.mp4,ch04_20250930050519.mp4,74947.722009,77723.552676,2674.625991,2690.283991
706,CS_0684_WEAN_d3_p3_cow2_29102025_ch04-20250930050519_77640_77726_part01.mp4,Pen 3 - Group 1\WEANING\Day 3\CS_0684_WEAN_d3_p3_cow2_29102025_ch04-20250930050519_77640_77726_part01.mp4,E:\cross_sucking\Pen 3 - Group 1\WEANING\Day 3\CS_0684_WEAN_d3_p3_cow2_29102025_ch04-20250930050519_77640_77726_part01.mp4,skipped_existing,1,2,Pen_3_WEAN_Day_3_29102025,Pen 3 - Group 1,WEAN,3,3,29102025,2,other|1|reciprocal|side,77640.521,77726.363,77640.521,77723.552676,G:\MONITORING CROSS SUCKING IN CALVES - KAPPEL - 2025\Pen 3 - Group 1\WEANING\Day 3\ch04_20250930050519.mp4,ch04_20250930050519.mp4,74947.722009,77723.552676,2692.798991,2775.830667
707,CS_0684_WEAN_d3_p3_cow2_29102025_ch04-20250930050519_77640_77726_part02.mp4,Pen 3 - Group 1\WEANING\Day 3\CS_0684_WEAN_d3_p3_cow2_29102025_ch04-20250930050519_77640_77726_part02.mp4,E:\cross_sucking\Pen 3 - Group 1\WEANING\Day 3\CS_0684_WEAN_d3_p3_cow2_29102025_ch04-20250930050519_77640_77726_part02.mp4,skipped_existing,2,2,Pen_3_WEAN_Day_3_29102025,Pen 3 - Group 1,WEAN,3,3,29102025,2,other|1|reciprocal|side,77640.521,77726.363,77723.552676,77726.363,G:\MONITORING CROSS SUCKING IN CALVES - KAPPEL - 2025\Pen 3 - Group 1\WEANING\Day 3\ch04_20250930055214.mp4,ch04_20250930055214.mp4,77723.552676,80500.434343,0.0,2.810324
708,CS_0685_WEAN_d3_p3_cow2_29102025_ch04-20250930055214_77746_77757.mp4,Pen 3 - Group 1\WEANING\Day 3\CS_0685_WEAN_d3_p3_cow2_29102025_ch04-20250930055214_77746_77757.mp4,E:\cross_sucking\Pen 3 - Group 1\WEANING\Day 3\CS_0685_WEAN_d3_p3_cow2_29102025_ch04-20250930055214_77746_77757.mp4,skipped_existing,1,1,Pen_3_WEAN_Day_3_29102025,Pen 3 - Group 1,WEAN,3,3,29102025,2,other|1|reciprocal|side,77746.937,77757.069,77746.937,77757.069,G:\MONITORING CROSS SUCKING IN CALVES - KAPPEL - 2025\Pen 3 - Group 1\WEANING\Day 3\ch04_20250930055214.mp4,ch04_20250930055214.mp4,77723.552676,80500.434343,23.384324,33.516324
709,CS_0686_WEAN_d3_p3_cow7_29102025_ch04-20250930063911_82965_83131.mp4,Pen 3 - Group 1\WEANING\Day 3\CS_0686_WEAN_d3_p3_cow7_29102025_ch04-20250930063911_82965_83131.mp4,E:\cross_sucking\Pen 3 - Group 1\WEANING\Day 3\CS_0686_WEAN_d3_p3_cow7_29102025_ch04-20250930063911_82965_83131.mp4,skipped_existing,1,1,Pen_3_WEAN_Day_3_29102025,Pen 3 - Group 1,WEAN,3,3,29102025,7,other|A|None|behind,82965.964,83131.121,82965.964,83131.121,G:\MONITORING CROSS SUCKING IN CALVES - KAPPEL - 2025\Pen 3 - Group 1\WEANING\Day 3\ch04_20250930063911.mp4,ch04_20250930063911.mp4,80500.434343,83276.44501,2465.529657,2630.686657
710,CS_0687_WEAN_d3_p3_cow7_29102025_ch04-20250930063911_83157_83281_part01.mp4,Pen 3 - Group 1\WEANING\Day 3\CS_0687_WEAN_d3_p3_cow7_29102025_ch04-20250930063911_83157_83281_part01.mp4,E:\cross_sucking\Pen 3 - Group 1\WEANING\Day 3\CS_0687_WEAN_d3_p3_cow7_29102025_ch04-20250930063911_83157_83281_part01.mp4,skipped_existing,1,2,Pen_3_WEAN_Day_3_29102025,Pen 3 - Group 1,WEAN,3,3,29102025,7,other|A|None|behind,83157.519,83281.658,83157.519,83276.44501,G:\MONITORING CROSS SUCKING IN CALVES - KAPPEL - 2025\Pen 3 - Group 1\WEANING\Day 3\ch04_20250930063911.mp4,ch04_20250930063911.mp4,80500.434343,83276.44501,2657.084657,2776.010667
711,CS_0687_WEAN_d3_p3_cow7_29102025_ch04-20250930063911_83157_83281_part02.mp4,Pen 3 - Group 1\WEANING\Day 3\CS_0687_WEAN_d3_p3_cow7_29102025_ch04-20250930063911_83157_83281_part02.mp4,E:\cross_sucking\Pen 3 - Group 1\WEANING\Day 3\CS_0687_WEAN_d3_p3_cow7_29102025_ch04-20250930063911_83157_83281_part02.mp4,skipped_existing,2,2,Pen_3_WEAN_Day_3_29102025,Pen 3 - Group 1,WEAN,3,3,29102025,7,other|A|None|behind,83157.519,83281.658,83276.44501,83281.658,G:\MONITORING CROSS SUCKING IN CALVES - KAPPEL - 2025\Pen 3 - Group 1\WEANING\Day 3\ch04_20250930072606.mp4,ch04_20250930072606.mp4,83276.44501,86053.048677,0.0,5.21299
712,CS_0688_WEAN_d3_p3_cow7_29102025_ch04-20250930072606_83330_83343.mp4,Pen 3 - Group 1\WEANING\Day 3\CS_0688_WEAN_d3_p3_cow7_29102025_ch04-20250930072606_83330_83343.mp4,E:\cross_sucking\Pen 3 - Group 1\WEANING\Day 3\CS_0688_WEAN_d3_p3_cow7_29102025_ch04-20250930072606_83330_83343.mp4,skipped_existing,1,1,Pen_3_WEAN_Day_3_29102025,Pen 3 - Group 1,WEAN,3,3,29102025,7,other|A|None|behind,83330.002,83343.975,83330.002,83343.975,G:\MONITORING CROSS SUCKING IN CALVES - KAPPEL - 2025\Pen 3 - Group 1\WEANING\Day 3\ch04_20250930072606.mp4,ch04_20250930072606.mp4,83276.44501,86053.048677,53.55699,67.52999
713,CS_0689_WEAN_d3_p3_cow7_29102025_ch04-20250930072606_83626_83653.mp4,Pen 3 - Group 1\WEANING\Day 3\CS_0689_WEAN_d3_p3_cow7_29102025_ch04-20250930072606_83626_83653.mp4,E:\cross_sucking\Pen 3 - Group 1\WEANING\Day 3\CS_0689_WEAN_d3_p3_cow7_29102025_ch04-20250930072606_83626_83653.mp4,skipped_existing,1,1,Pen_3_WEAN_Day_3_29102025,Pen 3 - Group 1,WEAN,3,3,29102025,7,hay|A|None|behind,83626.77,83653.322,83626.77,83653.322,G:\MONITORING CROSS SUCKING IN CALVES - KAPPEL - 2025\Pen 3 - Group 1\WEANING\Day 3\ch04_20250930072606.mp4,ch04_20250930072606.mp4,83276.44501,86053.048677,350.32499,376.87699
714,CS_0690_POSTWEAN_d1_p5_cowO_14112025_ch05-20251114075822_2773_2927_part01.mp4,Pen 5 - Group 3\POSTWEANING\Day 1\CS_0690_POSTWEAN_d1_p5_cowO_14112025_ch05-20251114075822_2773_2927_part01.mp4,E:\cross_sucking\Pen 5 - Group 3\POSTWEANING\Day 1\CS_0690_POSTWEAN_d1_p5_cowO_14112025_ch05-20251114075822_2773_2927_part01.mp4,skipped_existing,1,2,Pen_5_POSTWEAN_Day_1_14112025,Pen 5 - Group 3,POSTWEAN,1,5,14112025,O,other|8|reciprocal|side,2773.333,2927.937,2773.333,2802.781578,G:\MONITORING CROSS SUCKING IN CALVES - KAPPEL - 2025\Pen 5 - Group 3\POSTWEANING\Day 1\ch05_20251114075822.mp4,ch05_20251114075822.mp4,1401.349289,2802.781578,1371.983711,1401.432289
715,CS_0690_POSTWEAN_d1_p5_cowO_14112025_ch05-20251114075822_2773_2927_part02.mp4,Pen 5 - Group 3\POSTWEANING\Day 1\CS_0690_POSTWEAN_d1_p5_cowO_14112025_ch05-20251114075822_2773_2927_part02.mp4,E:\cross_sucking\Pen 5 - Group 3\POSTWEANING\Day 1\CS_0690_POSTWEAN_d1_p5_cowO_14112025_ch05-20251114075822_2773_2927_part02.mp4,skipped_existing,2,2,Pen_5_POSTWEAN_Day_1_14112025,Pen 5 - Group 3,POSTWEAN,1,5,14112025,O,other|8|reciprocal|side,2773.333,2927.937,2802.781578,2927.937,G:\MONITORING CROSS SUCKING IN CALVES - KAPPEL - 2025\Pen 5 - Group 3\POSTWEANING\Day 1\ch05_20251114082154.mp4,ch05_20251114082154.mp4,2802.781578,4204.139867,0.0,125.155422
716,CS_0691_POSTWEAN_d1_p5_cow8_14112025_ch05-20251114075822_2774_2818_part01.mp4,Pen 5 - Group 3\POSTWEANING\Day 1\CS_0691_POSTWEAN_d1_p5_cow8_14112025_ch05-20251114075822_2774_2818_part01.mp4,E:\cross_sucking\Pen 5 - Group 3\POSTWEANING\Day 1\CS_0691_POSTWEAN_d1_p5_cow8_14112025_ch05-20251114075822_2774_2818_part01.mp4,skipped_existing,1,2,Pen_5_POSTWEAN_Day_1_14112025,Pen 5 - Group 3,POSTWEAN,1,5,14112025,8,other|O|reciprocal|side,2774.128,2818.657,2774.128,2802.781578,G:\MONITORING CROSS SUCKING IN CALVES - KAPPEL - 2025\Pen 5 - Group 3\POSTWEANING\Day 1\ch05_20251114075822.mp4,ch05_20251114075822.mp4,1401.349289,2802.781578,1372.778711,1401.432289
717,CS_0691_POSTWEAN_d1_p5_cow8_14112025_ch05-20251114075822_2774_2818_part02.mp4,Pen 5 - Group 3\POSTWEANING\Day 1\CS_0691_POSTWEAN_d1_p5_cow8_14112025_ch05-20251114075822_2774_2818_part02.mp4,E:\cross_sucking\Pen 5 - Group 3\POSTWEANING\Day 1\CS_0691_POSTWEAN_d1_p5_cow8_14112025_ch05-20251114075822_2774_2818_part02.mp4,skipped_existing,2,2,Pen_5_POSTWEAN_Day_1_14112025,Pen 5 - Group 3,POSTWEAN,1,5,14112025,8,other|O|reciprocal|side,2774.128,2818.657,2802.781578,2818.657,G:\MONITORING CROSS SUCKING IN CALVES - KAPPEL - 2025\Pen 5 - Group 3\POSTWEANING\Day 1\ch05_20251114082154.mp4,ch05_20251114082154.mp4,2802.781578,4204.139867,0.0,15.875422
718,CS_0692_POSTWEAN_d1_p5_cow8_14112025_ch05-20251114082154_2825_2918.mp4,Pen 5 - Group 3\POSTWEANING\Day 1\CS_0692_POSTWEAN_d1_p5_cow8_14112025_ch05-20251114082154_2825_2918.mp4,E:\cross_sucking\Pen 5 - Group 3\POSTWEANING\Day 1\CS_0692_POSTWEAN_d1_p5_cow8_14112025_ch05-20251114082154_2825_2918.mp4,skipped_existing,1,1,Pen_5_POSTWEAN_Day_1_14112025,Pen 5 - Group 3,POSTWEAN,1,5,14112025,8,other|O|reciprocal|side,2825.334,2918.409,2825.334,2918.409,G:\MONITORING CROSS SUCKING IN CALVES - KAPPEL - 2025\Pen 5 - Group 3\POSTWEANING\Day 1\ch05_20251114082154.mp4,ch05_20251114082154.mp4,2802.781578,4204.139867,22.552422,115.627422
719,CS_0693_POSTWEAN_d1_p5_cowO_14112025_ch05-20251114082154_2938_3026.mp4,Pen 5 - Group 3\POSTWEANING\Day 1\CS_0693_POSTWEAN_d1_p5_cowO_14112025_ch05-20251114082154_2938_3026.mp4,E:\cross_sucking\Pen 5 - Group 3\POSTWEANING\Day 1\CS_0693_POSTWEAN_d1_p5_cowO_14112025_ch05-20251114082154_2938_3026.mp4,skipped_existing,1,1,Pen_5_POSTWEAN_Day_1_14112025,Pen 5 - Group 3,POSTWEAN,1,5,14112025,O,other|8|reciprocal|side,2938.194,3026.726,2938.194,3026.726,G:\MONITORING CROSS SUCKING IN CALVES - KAPPEL - 2025\Pen 5 - Group 3\POSTWEANING\Day 1\ch05_20251114082154.mp4,ch05_20251114082154.mp4,2802.781578,4204.139867,135.412422,223.944422
720,CS_0694_POSTWEAN_d1_p5_cow8_14112025_ch05-20251114082154_2939_3072.mp4,Pen 5 - Group 3\POSTWEANING\Day 1\CS_0694_POSTWEAN_d1_p5_cow8_14112025_ch05-20251114082154_2939_3072.mp4,E:\cross_sucking\Pen 5 - Group 3\POSTWEANING\Day 1\CS_0694_POSTWEAN_d1_p5_cow8_14112025_ch05-20251114082154_2939_3072.mp4,skipped_existing,1,1,Pen_5_POSTWEAN_Day_1_14112025,Pen 5 - Group 3,POSTWEAN,1,5,14112025,8,other|O|reciprocal|side,2939.119,3072.722,2939.119,3072.722,G:\MONITORING CROSS SUCKING IN CALVES - KAPPEL - 2025\Pen 5 - Group 3\POSTWEANING\Day 1\ch05_20251114082154.mp4,ch05_20251114082154.mp4,2802.781578,4204.139867,136.337422,269.940422
721,CS_0695_POSTWEAN_d1_p5_cowO_14112025_ch05-20251114082154_3034_3060.mp4,Pen 5 - Group 3\POSTWEANING\Day 1\CS_0695_POSTWEAN_d1_p5_cowO_14112025_ch05-20251114082154_3034_3060.mp4,E:\cross_sucking\Pen 5 - Group 3\POSTWEANING\Day 1\CS_0695_POSTWEAN_d1_p5_cowO_14112025_ch05-20251114082154_3034_3060.mp4,skipped_existing,1,1,Pen_5_POSTWEAN_Day_1_14112025,Pen 5 - Group 3,POSTWEAN,1,5,14112025,O,other|8|reciprocal|side,3034.859,3060.539,3034.859,3060.539,G:\MONITORING CROSS SUCKING IN CALVES - KAPPEL - 2025\Pen 5 - Group 3\POSTWEANING\Day 1\ch05_20251114082154.mp4,ch05_20251114082154.mp4,2802.781578,4204.139867,232.077422,257.757422
722,CS_0696_POSTWEAN_d1_p5_cowO_14112025_ch05-20251114082154_3072_3080.mp4,Pen 5 - Group 3\POSTWEANING\Day 1\CS_0696_POSTWEAN_d1_p5_cowO_14112025_ch05-20251114082154_3072_3080.mp4,E:\cross_sucking\Pen 5 - Group 3\POSTWEANING\Day 1\CS_0696_POSTWEAN_d1_p5_cowO_14112025_ch05-20251114082154_3072_3080.mp4,skipped_existing,1,1,Pen_5_POSTWEAN_Day_1_14112025,Pen 5 - Group 3,POSTWEAN,1,5,14112025,O,other|8|None|side,3072.722,3080.657,3072.722,3080.657,G:\MONITORING CROSS SUCKING IN CALVES - KAPPEL - 2025\Pen 5 - Group 3\POSTWEANING\Day 1\ch05_20251114082154.mp4,ch05_20251114082154.mp4,2802.781578,4204.139867,269.940422,277.875422
723,CS_0697_POSTWEAN_d1_p5_cowO_14112025_ch05-20251114082154_3088_3094.mp4,Pen 5 - Group 3\POSTWEANING\Day 1\CS_0697_POSTWEAN_d1_p5_cowO_14112025_ch05-20251114082154_3088_3094.mp4,E:\cross_sucking\Pen 5 - Group 3\POSTWEANING\Day 1\CS_0697_POSTWEAN_d1_p5_cowO_14112025_ch05-20251114082154_3088_3094.mp4,skipped_existing,1,1,Pen_5_POSTWEAN_Day_1_14112025,Pen 5 - Group 3,POSTWEAN,1,5,14112025,O,other|8|None|side,3088.528,3094.814,3088.528,3094.814,G:\MONITORING CROSS SUCKING IN CALVES - KAPPEL - 2025\Pen 5 - Group 3\POSTWEANING\Day 1\ch05_20251114082154.mp4,ch05_20251114082154.mp4,2802.781578,4204.139867,285.746422,292.032422
724,CS_0698_POSTWEAN_d1_p5_cow8_14112025_ch05-20251114082154_3118_3125.mp4,Pen 5 - Group 3\POSTWEANING\Day 1\CS_0698_POSTWEAN_d1_p5_cow8_14112025_ch05-20251114082154_3118_3125.mp4,E:\cross_sucking\Pen 5 - Group 3\POSTWEANING\Day 1\CS_0698_POSTWEAN_d1_p5_cow8_14112025_ch05-20251114082154_3118_3125.mp4,skipped_existing,1,1,Pen_5_POSTWEAN_Day_1_14112025,Pen 5 - Group 3,POSTWEAN,1,5,14112025,8,other|O|None|side,3118.629,3125.381,3118.629,3125.381,G:\MONITORING CROSS SUCKING IN CALVES - KAPPEL - 2025\Pen 5 - Group 3\POSTWEANING\Day 1\ch05_20251114082154.mp4,ch05_20251114082154.mp4,2802.781578,4204.139867,315.847422,322.599422
725,CS_0699_POSTWEAN_d1_p5_cow8_14112025_ch05-20251114082154_3143_3170.mp4,Pen 5 - Group 3\POSTWEANING\Day 1\CS_0699_POSTWEAN_d1_p5_cow8_14112025_ch05-20251114082154_3143_3170.mp4,E:\cross_sucking\Pen 5 - Group 3\POSTWEANING\Day 1\CS_0699_POSTWEAN_d1_p5_cow8_14112025_ch05-20251114082154_3143_3170.mp4,skipped_existing,1,1,Pen_5_POSTWEAN_Day_1_14112025,Pen 5 - Group 3,POSTWEAN,1,5,14112025,8,other|O|None|side,3143.906,3170.973,3143.906,3170.973,G:\MONITORING CROSS SUCKING IN CALVES - KAPPEL - 2025\Pen 5 - Group 3\POSTWEANING\Day 1\ch05_20251114082154.mp4,ch05_20251114082154.mp4,2802.781578,4204.139867,341.124422,368.191422
726,CS_0700_POSTWEAN_d1_p5_cowT_14112025_ch05-20251114101933_10764_10779.mp4,Pen 5 - Group 3\POSTWEANING\Day 1\CS_0700_POSTWEAN_d1_p5_cowT_14112025_ch05-20251114101933_10764_10779.mp4,E:\cross_sucking\Pen 5 - Group 3\POSTWEANING\Day 1\CS_0700_POSTWEAN_d1_p5_cowT_14112025_ch05-20251114101933_10764_10779.mp4,skipped_existing,1,1,Pen_5_POSTWEAN_Day_1_14112025,Pen 5 - Group 3,POSTWEAN,1,5,14112025,T,other|O|None|side,10764.974,10779.593,10764.974,10779.593,G:\MONITORING CROSS SUCKING IN CALVES - KAPPEL - 2025\Pen 5 - Group 3\POSTWEANING\Day 1\ch05_20251114101933.mp4,ch05_20251114101933.mp4,9809.066667,11210.539956,955.907333,970.526333
727,CS_0701_POSTWEAN_d1_p5_cowA_14112025_ch05-20251114101933_10816_10950.mp4,Pen 5 - Group 3\POSTWEANING\Day 1\CS_0701_POSTWEAN_d1_p5_cowA_14112025_ch05-20251114101933_10816_10950.mp4,E:\cross_sucking\Pen 5 - Group 3\POSTWEANING\Day 1\CS_0701_POSTWEAN_d1_p5_cowA_14112025_ch05-20251114101933_10816_10950.mp4,skipped_existing,1,1,Pen_5_POSTWEAN_Day_1_14112025,Pen 5 - Group 3,POSTWEAN,1,5,14112025,A,other|1|None|side,10816.255,10950.44,10816.255,10950.44,G:\MONITORING CROSS SUCKING IN CALVES - KAPPEL - 2025\Pen 5 - Group 3\POSTWEANING\Day 1\ch05_20251114101933.mp4,ch05_20251114101933.mp4,9809.066667,11210.539956,1007.188333,1141.373333
728,CS_0702_POSTWEAN_d1_p5_cow1_14112025_ch05-20251114101933_10820_10862.mp4,Pen 5 - Group 3\POSTWEANING\Day 1\CS_0702_POSTWEAN_d1_p5_cow1_14112025_ch05-20251114101933_10820_10862.mp4,E:\cross_sucking\Pen 5 - Group 3\POSTWEANING\Day 1\CS_0702_POSTWEAN_d1_p5_cow1_14112025_ch05-20251114101933_10820_10862.mp4,skipped_existing,1,1,Pen_5_POSTWEAN_Day_1_14112025,Pen 5 - Group 3,POSTWEAN,1,5,14112025,1,other|A|reciprocal|side,10820.225,10862.172,10820.225,10862.172,G:\MONITORING CROSS SUCKING IN CALVES - KAPPEL - 2025\Pen 5 - Group 3\POSTWEANING\Day 1\ch05_20251114101933.mp4,ch05_20251114101933.mp4,9809.066667,11210.539956,1011.158333,1053.105333
729,CS_0703_POSTWEAN_d1_p5_cow1_14112025_ch05-20251114101933_10908_10949.mp4,Pen 5 - Group 3\POSTWEANING\Day 1\CS_0703_POSTWEAN_d1_p5_cow1_14112025_ch05-20251114101933_10908_10949.mp4,E:\cross_sucking\Pen 5 - Group 3\POSTWEANING\Day 1\CS_0703_POSTWEAN_d1_p5_cow1_14112025_ch05-20251114101933_10908_10949.mp4,skipped_existing,1,1,Pen_5_POSTWEAN_Day_1_14112025,Pen 5 - Group 3,POSTWEAN,1,5,14112025,1,other|A|reciprocal|side,10908.35,10949.505,10908.35,10949.505,G:\MONITORING CROSS SUCKING IN CALVES - KAPPEL - 2025\Pen 5 - Group 3\POSTWEANING\Day 1\ch05_20251114101933.mp4,ch05_20251114101933.mp4,9809.066667,11210.539956,1099.283333,1140.438333
730,CS_0704_POSTWEAN_d1_p5_cowA_14112025_ch05-20251114101933_10957_10977.mp4,Pen 5 - Group 3\POSTWEANING\Day 1\CS_0704_POSTWEAN_d1_p5_cowA_14112025_ch05-20251114101933_10957_10977.mp4,E:\cross_sucking\Pen 5 - Group 3\POSTWEANING\Day 1\CS_0704_POSTWEAN_d1_p5_cowA_14112025_ch05-20251114101933_10957_10977.mp4,skipped_existing,1,1,Pen_5_POSTWEAN_Day_1_14112025,Pen 5 - Group 3,POSTWEAN,1,5,14112025,A,other|1|None|side,10957.712,10977.09,10957.712,10977.09,G:\MONITORING CROSS SUCKING IN CALVES - KAPPEL - 2025\Pen 5 - Group 3\POSTWEANING\Day 1\ch05_20251114101933.mp4,ch05_20251114101933.mp4,9809.066667,11210.539956,1148.645333,1168.023333
731,CS_0705_POSTWEAN_d1_p5_cow1_14112025_ch05-20251114101933_10958_10977.mp4,Pen 5 - Group 3\POSTWEANING\Day 1\CS_0705_POSTWEAN_d1_p5_cow1_14112025_ch05-20251114101933_10958_10977.mp4,E:\cross_sucking\Pen 5 - Group 3\POSTWEANING\Day 1\CS_0705_POSTWEAN_d1_p5_cow1_14112025_ch05-20251114101933_10958_10977.mp4,skipped_existing,1,1,Pen_5_POSTWEAN_Day_1_14112025,Pen 5 - Group 3,POSTWEAN,1,5,14112025,1,other|A|reciprocal|side,10958.901,10977.09,10958.901,10977.09,G:\MONITORING CROSS SUCKING IN CALVES - KAPPEL - 2025\Pen 5 - Group 3\POSTWEANING\Day 1\ch05_20251114101933.mp4,ch05_20251114101933.mp4,9809.066667,11210.539956,1149.834333,1168.023333
732,CS_0706_POSTWEAN_d1_p5_cow1_14112025_ch05-20251114101933_10991_11036.mp4,Pen 5 - Group 3\POSTWEANING\Day 1\CS_0706_POSTWEAN_d1_p5_cow1_14112025_ch05-20251114101933_10991_11036.mp4,E:\cross_sucking\Pen 5 - Group 3\POSTWEANING\Day 1\CS_0706_POSTWEAN_d1_p5_cow1_14112025_ch05-20251114101933_10991_11036.mp4,skipped_existing,1,1,Pen_5_POSTWEAN_Day_1_14112025,Pen 5 - Group 3,POSTWEAN,1,5,14112025,1,other|A|reciprocal|side,10991.246,11036.166,10991.246,11036.166,G:\MONITORING CROSS SUCKING IN CALVES - KAPPEL - 2025\Pen 5 - Group 3\POSTWEANING\Day 1\ch05_20251114101933.mp4,ch05_20251114101933.mp4,9809.066667,11210.539956,1182.179333,1227.099333
733,CS_0707_POSTWEAN_d1_p5_cowA_14112025_ch05-20251114101933_10991_11052.mp4,Pen 5 - Group 3\POSTWEANING\Day 1\CS_0707_POSTWEAN_d1_p5_cowA_14112025_ch05-20251114101933_10991_11052.mp4,E:\cross_sucking\Pen 5 - Group 3\POSTWEANING\Day 1\CS_0707_POSTWEAN_d1_p5_cowA_14112025_ch05-20251114101933_10991_11052.mp4,skipped_existing,1,1,Pen_5_POSTWEAN_Day_1_14112025,Pen 5 - Group 3,POSTWEAN,1,5,14112025,A,other|1|reciprocal|side,10991.246,11052.979,10991.246,11052.979,G:\MONITORING CROSS SUCKING IN CALVES - KAPPEL - 2025\Pen 5 - Group 3\POSTWEANING\Day 1\ch05_20251114101933.mp4,ch05_20251114101933.mp4,9809.066667,11210.539956,1182.179333,1243.912333
734,CS_0708_POSTWEAN_d1_p5_cowA_14112025_ch05-20251114101933_11052_11182.mp4,Pen 5 - Group 3\POSTWEANING\Day 1\CS_0708_POSTWEAN_d1_p5_cowA_14112025_ch05-20251114101933_11052_11182.mp4,E:\cross_sucking\Pen 5 - Group 3\POSTWEANING\Day 1\CS_0708_POSTWEAN_d1_p5_cowA_14112025_ch05-20251114101933_11052_11182.mp4,skipped_existing,1,1,Pen_5_POSTWEAN_Day_1_14112025,Pen 5 - Group 3,POSTWEAN,1,5,14112025,A,other|1|None|side,11052.98,11182.272,11052.98,11182.272,G:\MONITORING CROSS SUCKING IN CALVES - KAPPEL - 2025\Pen 5 - Group 3\POSTWEANING\Day 1\ch05_20251114101933.mp4,ch05_20251114101933.mp4,9809.066667,11210.539956,1243.913333,1373.205333
735,CS_0709_POSTWEAN_d1_p5_cow1_14112025_ch05-20251114101933_11109_11119.mp4,Pen 5 - Group 3\POSTWEANING\Day 1\CS_0709_POSTWEAN_d1_p5_cow1_14112025_ch05-20251114101933_11109_11119.mp4,E:\cross_sucking\Pen 5 - Group 3\POSTWEANING\Day 1\CS_0709_POSTWEAN_d1_p5_cow1_14112025_ch05-20251114101933_11109_11119.mp4,skipped_existing,1,1,Pen_5_POSTWEAN_Day_1_14112025,Pen 5 - Group 3,POSTWEAN,1,5,14112025,1,other|A|reciprocal|side,11109.748,11119.158,11109.748,11119.158,G:\MONITORING CROSS SUCKING IN CALVES - KAPPEL - 2025\Pen 5 - Group 3\POSTWEANING\Day 1\ch05_20251114101933.mp4,ch05_20251114101933.mp4,9809.066667,11210.539956,1300.681333,1310.091333
736,CS_0710_POSTWEAN_d1_p5_cow2_14112025_ch05-20251114104305_11602_11617.mp4,Pen 5 - Group 3\POSTWEANING\Day 1\CS_0710_POSTWEAN_d1_p5_cow2_14112025_ch05-20251114104305_11602_11617.mp4,E:\cross_sucking\Pen 5 - Group 3\POSTWEANING\Day 1\CS_0710_POSTWEAN_d1_p5_cow2_14112025_ch05-20251114104305_11602_11617.mp4,skipped_existing,1,1,Pen_5_POSTWEAN_Day_1_14112025,Pen 5 - Group 3,POSTWEAN,1,5,14112025,2,other|O|None|side,11602.451,11617.138,11602.451,11617.138,G:\MONITORING CROSS SUCKING IN CALVES - KAPPEL - 2025\Pen 5 - Group 3\POSTWEANING\Day 1\ch05_20251114104305.mp4,ch05_20251114104305.mp4,11210.539956,12612.057245,391.911044,406.598044
737,CS_0711_POSTWEAN_d1_p5_cowA_14112025_ch05-20251114104305_12341_12355.mp4,Pen 5 - Group 3\POSTWEANING\Day 1\CS_0711_POSTWEAN_d1_p5_cowA_14112025_ch05-20251114104305_12341_12355.mp4,E:\cross_sucking\Pen 5 - Group 3\POSTWEANING\Day 1\CS_0711_POSTWEAN_d1_p5_cowA_14112025_ch05-20251114104305_12341_12355.mp4,skipped_existing,1,1,Pen_5_POSTWEAN_Day_1_14112025,Pen 5 - Group 3,POSTWEAN,1,5,14112025,A,other|6|None|side,12341.493,12355.385,12341.493,12355.385,G:\MONITORING CROSS SUCKING IN CALVES - KAPPEL - 2025\Pen 5 - Group 3\POSTWEANING\Day 1\ch05_20251114104305.mp4,ch05_20251114104305.mp4,11210.539956,12612.057245,1130.953044,1144.845044
738,CS_0712_POSTWEAN_d1_p5_cow6_14112025_ch05-20251114104305_12342_12362.mp4,Pen 5 - Group 3\POSTWEANING\Day 1\CS_0712_POSTWEAN_d1_p5_cow6_14112025_ch05-20251114104305_12342_12362.mp4,E:\cross_sucking\Pen 5 - Group 3\POSTWEANING\Day 1\CS_0712_POSTWEAN_d1_p5_cow6_14112025_ch05-20251114104305_12342_12362.mp4,skipped_existing,1,1,Pen_5_POSTWEAN_Day_1_14112025,Pen 5 - Group 3,POSTWEAN,1,5,14112025,6,other|A|reciprocal|side,12342.287,12362.728,12342.287,12362.728,G:\MONITORING CROSS SUCKING IN CALVES - KAPPEL - 2025\Pen 5 - Group 3\POSTWEANING\Day 1\ch05_20251114104305.mp4,ch05_20251114104305.mp4,11210.539956,12612.057245,1131.747044,1152.188044
739,CS_0713_POSTWEAN_d1_p5_cow8_14112025_ch05-20251114110637_12630_12672.mp4,Pen 5 - Group 3\POSTWEANING\Day 1\CS_0713_POSTWEAN_d1_p5_cow8_14112025_ch05-20251114110637_12630_12672.mp4,E:\cross_sucking\Pen 5 - Group 3\POSTWEANING\Day 1\CS_0713_POSTWEAN_d1_p5_cow8_14112025_ch05-20251114110637_12630_12672.mp4,skipped_existing,1,1,Pen_5_POSTWEAN_Day_1_14112025,Pen 5 - Group 3,POSTWEAN,1,5,14112025,8,other|1|None|behind,12630.97,12672.395,12630.97,12672.395,G:\MONITORING CROSS SUCKING IN CALVES - KAPPEL - 2025\Pen 5 - Group 3\POSTWEANING\Day 1\ch05_20251114110637.mp4,ch05_20251114110637.mp4,12612.057245,14012.404534,18.912755,60.337755
740,CS_0714_POSTWEAN_d1_p5_cow2_14112025_ch05-20251114110637_12826_12868.mp4,Pen 5 - Group 3\POSTWEANING\Day 1\CS_0714_POSTWEAN_d1_p5_cow2_14112025_ch05-20251114110637_12826_12868.mp4,E:\cross_sucking\Pen 5 - Group 3\POSTWEANING\Day 1\CS_0714_POSTWEAN_d1_p5_cow2_14112025_ch05-20251114110637_12826_12868.mp4,skipped_existing,1,1,Pen_5_POSTWEAN_Day_1_14112025,Pen 5 - Group 3,POSTWEAN,1,5,14112025,2,other|8|None|side,12826.959,12868.517,12826.959,12868.517,G:\MONITORING CROSS SUCKING IN CALVES - KAPPEL - 2025\Pen 5 - Group 3\POSTWEANING\Day 1\ch05_20251114110637.mp4,ch05_20251114110637.mp4,12612.057245,14012.404534,214.901755,256.459755
741,CS_0715_POSTWEAN_d1_p5_cowT_14112025_ch05-20251114163604_32341_32351.mp4,Pen 5 - Group 3\POSTWEANING\Day 1\CS_0715_POSTWEAN_d1_p5_cowT_14112025_ch05-20251114163604_32341_32351.mp4,E:\cross_sucking\Pen 5 - Group 3\POSTWEANING\Day 1\CS_0715_POSTWEAN_d1_p5_cowT_14112025_ch05-20251114163604_32341_32351.mp4,skipped_existing,1,1,Pen_5_POSTWEAN_Day_1_14112025,Pen 5 - Group 3,POSTWEAN,1,5,14112025,T,grain feeder|1|None|side,32341.027,32351.954,32341.027,32351.954,G:\MONITORING CROSS SUCKING IN CALVES - KAPPEL - 2025\Pen 5 - Group 3\POSTWEANING\Day 1\ch05_20251114163604.mp4,ch05_20251114163604.mp4,32230.854935,33632.397224,110.172065,121.099065
742,CS_0716_POSTWEAN_d1_p5_cowT_14112025_ch05-20251114163604_32353_32376.mp4,Pen 5 - Group 3\POSTWEANING\Day 1\CS_0716_POSTWEAN_d1_p5_cowT_14112025_ch05-20251114163604_32353_32376.mp4,E:\cross_sucking\Pen 5 - Group 3\POSTWEANING\Day 1\CS_0716_POSTWEAN_d1_p5_cowT_14112025_ch05-20251114163604_32353_32376.mp4,skipped_existing,1,1,Pen_5_POSTWEAN_Day_1_14112025,Pen 5 - Group 3,POSTWEAN,1,5,14112025,T,grain feeder|1|None|behind,32353.796,32376.688,32353.796,32376.688,G:\MONITORING CROSS SUCKING IN CALVES - KAPPEL - 2025\Pen 5 - Group 3\POSTWEANING\Day 1\ch05_20251114163604.mp4,ch05_20251114163604.mp4,32230.854935,33632.397224,122.941065,145.833065
743,CS_0717_POSTWEAN_d1_p5_cowT_14112025_ch05-20251114165936_34144_34162.mp4,Pen 5 - Group 3\POSTWEANING\Day 1\CS_0717_POSTWEAN_d1_p5_cowT_14112025_ch05-20251114165936_34144_34162.mp4,E:\cross_sucking\Pen 5 - Group 3\POSTWEANING\Day 1\CS_0717_POSTWEAN_d1_p5_cowT_14112025_ch05-20251114165936_34144_34162.mp4,skipped_existing,1,1,Pen_5_POSTWEAN_Day_1_14112025,Pen 5 - Group 3,POSTWEAN,1,5,14112025,T,other|O|None|side,34144.655,34162.055,34144.655,34162.055,G:\MONITORING CROSS SUCKING IN CALVES - KAPPEL - 2025\Pen 5 - Group 3\POSTWEANING\Day 1\ch05_20251114165936.mp4,ch05_20251114165936.mp4,33632.397224,35033.948513,512.257776,529.657776
744,CS_0718_POSTWEAN_d1_p5_cowslash_14112025_ch05-20251114165936_34718_34765.mp4,Pen 5 - Group 3\POSTWEANING\Day 1\CS_0718_POSTWEAN_d1_p5_cowslash_14112025_ch05-20251114165936_34718_34765.mp4,E:\cross_sucking\Pen 5 - Group 3\POSTWEANING\Day 1\CS_0718_POSTWEAN_d1_p5_cowslash_14112025_ch05-20251114165936_34718_34765.mp4,skipped_existing,1,1,Pen_5_POSTWEAN_Day_1_14112025,Pen 5 - Group 3,POSTWEAN,1,5,14112025,/,other|1|None|side,34718.403,34765.768,34718.403,34765.768,G:\MONITORING CROSS SUCKING IN CALVES - KAPPEL - 2025\Pen 5 - Group 3\POSTWEANING\Day 1\ch05_20251114165936.mp4,ch05_20251114165936.mp4,33632.397224,35033.948513,1086.005776,1133.370776
745,CS_0719_POSTWEAN_d1_p5_cow1_14112025_ch05-20251114165936_34719_34765.mp4,Pen 5 - Group 3\POSTWEANING\Day 1\CS_0719_POSTWEAN_d1_p5_cow1_14112025_ch05-20251114165936_34719_34765.mp4,E:\cross_sucking\Pen 5 - Group 3\POSTWEANING\Day 1\CS_0719_POSTWEAN_d1_p5_cow1_14112025_ch05-20251114165936_34719_34765.mp4,skipped_existing,1,1,Pen_5_POSTWEAN_Day_1_14112025,Pen 5 - Group 3,POSTWEAN,1,5,14112025,1,other|/|reciprocal|side,34719.395,34765.108,34719.395,34765.108,G:\MONITORING CROSS SUCKING IN CALVES - KAPPEL - 2025\Pen 5 - Group 3\POSTWEANING\Day 1\ch05_20251114165936.mp4,ch05_20251114165936.mp4,33632.397224,35033.948513,1086.997776,1132.710776
746,CS_0720_POSTWEAN_d1_p5_cowO_14112025_ch05-20251114165936_34764_34892.mp4,Pen 5 - Group 3\POSTWEANING\Day 1\CS_0720_POSTWEAN_d1_p5_cowO_14112025_ch05-20251114165936_34764_34892.mp4,E:\cross_sucking\Pen 5 - Group 3\POSTWEANING\Day 1\CS_0720_POSTWEAN_d1_p5_cowO_14112025_ch05-20251114165936_34764_34892.mp4,skipped_existing,1,1,Pen_5_POSTWEAN_Day_1_14112025,Pen 5 - Group 3,POSTWEAN,1,5,14112025,O,other|1|None|side,34764.513,34892.272,34764.513,34892.272,G:\MONITORING CROSS SUCKING IN CALVES - KAPPEL - 2025\Pen 5 - Group 3\POSTWEANING\Day 1\ch05_20251114165936.mp4,ch05_20251114165936.mp4,33632.397224,35033.948513,1132.115776,1259.874776
747,CS_0721_POSTWEAN_d1_p5_cow1_14112025_ch05-20251114165936_34765_34893.mp4,Pen 5 - Group 3\POSTWEANING\Day 1\CS_0721_POSTWEAN_d1_p5_cow1_14112025_ch05-20251114165936_34765_34893.mp4,E:\cross_sucking\Pen 5 - Group 3\POSTWEANING\Day 1\CS_0721_POSTWEAN_d1_p5_cow1_14112025_ch05-20251114165936_34765_34893.mp4,skipped_existing,1,1,Pen_5_POSTWEAN_Day_1_14112025,Pen 5 - Group 3,POSTWEAN,1,5,14112025,1,other|O|None|side,34765.636,34893.396,34765.636,34893.396,G:\MONITORING CROSS SUCKING IN CALVES - KAPPEL - 2025\Pen 5 - Group 3\POSTWEANING\Day 1\ch05_20251114165936.mp4,ch05_20251114165936.mp4,33632.397224,35033.948513,1133.238776,1260.998776
748,CS_0722_POSTWEAN_d1_p5_cowslash_14112025_ch05-20251114165936_34773_34895.mp4,Pen 5 - Group 3\POSTWEANING\Day 1\CS_0722_POSTWEAN_d1_p5_cowslash_14112025_ch05-20251114165936_34773_34895.mp4,E:\cross_sucking\Pen 5 - Group 3\POSTWEANING\Day 1\CS_0722_POSTWEAN_d1_p5_cowslash_14112025_ch05-20251114165936_34773_34895.mp4,skipped_existing,1,1,Pen_5_POSTWEAN_Day_1_14112025,Pen 5 - Group 3,POSTWEAN,1,5,14112025,/,None|1|three|side,34773.772,34895.912,34773.772,34895.912,G:\MONITORING CROSS SUCKING IN CALVES - KAPPEL - 2025\Pen 5 - Group 3\POSTWEANING\Day 1\ch05_20251114165936.mp4,ch05_20251114165936.mp4,33632.397224,35033.948513,1141.374776,1263.514776
749,CS_0723_POSTWEAN_d1_p5_cowO_14112025_ch05-20251114165936_34900_34942.mp4,Pen 5 - Group 3\POSTWEANING\Day 1\CS_0723_POSTWEAN_d1_p5_cowO_14112025_ch05-20251114165936_34900_34942.mp4,E:\cross_sucking\Pen 5 - Group 3\POSTWEANING\Day 1\CS_0723_POSTWEAN_d1_p5_cowO_14112025_ch05-20251114165936_34900_34942.mp4,skipped_existing,1,1,Pen_5_POSTWEAN_Day_1_14112025,Pen 5 - Group 3,POSTWEAN,1,5,14112025,O,other|8|None|side,34900.274,34942.281,34900.274,34942.281,G:\MONITORING CROSS SUCKING IN CALVES - KAPPEL - 2025\Pen 5 - Group 3\POSTWEANING\Day 1\ch05_20251114165936.mp4,ch05_20251114165936.mp4,33632.397224,35033.948513,1267.876776,1309.883776
750,CS_0724_POSTWEAN_d1_p5_cow8_14112025_ch05-20251114165936_34905_34943.mp4,Pen 5 - Group 3\POSTWEANING\Day 1\CS_0724_POSTWEAN_d1_p5_cow8_14112025_ch05-20251114165936_34905_34943.mp4,E:\cross_sucking\Pen 5 - Group 3\POSTWEANING\Day 1\CS_0724_POSTWEAN_d1_p5_cow8_14112025_ch05-20251114165936_34905_34943.mp4,skipped_existing,1,1,Pen_5_POSTWEAN_Day_1_14112025,Pen 5 - Group 3,POSTWEAN,1,5,14112025,8,other|O|None|side,34905.037,34943.472,34905.037,34943.472,G:\MONITORING CROSS SUCKING IN CALVES - KAPPEL - 2025\Pen 5 - Group 3\POSTWEANING\Day 1\ch05_20251114165936.mp4,ch05_20251114165936.mp4,33632.397224,35033.948513,1272.639776,1311.074776
751,CS_0725_POSTWEAN_d1_p5_cowslash_14112025_ch05-20251114165936_34907_34954.mp4,Pen 5 - Group 3\POSTWEANING\Day 1\CS_0725_POSTWEAN_d1_p5_cowslash_14112025_ch05-20251114165936_34907_34954.mp4,E:\cross_sucking\Pen 5 - Group 3\POSTWEANING\Day 1\CS_0725_POSTWEAN_d1_p5_cowslash_14112025_ch05-20251114165936_34907_34954.mp4,skipped_existing,1,1,Pen_5_POSTWEAN_Day_1_14112025,Pen 5 - Group 3,POSTWEAN,1,5,14112025,/,hay|1|None|behind,34907.486,34954.261,34907.486,34954.261,G:\MONITORING CROSS SUCKING IN CALVES - KAPPEL - 2025\Pen 5 - Group 3\POSTWEANING\Day 1\ch05_20251114165936.mp4,ch05_20251114165936.mp4,33632.397224,35033.948513,1275.088776,1321.863776
752,CS_0726_POSTWEAN_d1_p5_cow8_14112025_ch05-20251114165936_34965_34968.mp4,Pen 5 - Group 3\POSTWEANING\Day 1\CS_0726_POSTWEAN_d1_p5_cow8_14112025_ch05-20251114165936_34965_34968.mp4,E:\cross_sucking\Pen 5 - Group 3\POSTWEANING\Day 1\CS_0726_POSTWEAN_d1_p5_cow8_14112025_ch05-20251114165936_34965_34968.mp4,skipped_existing,1,1,Pen_5_POSTWEAN_Day_1_14112025,Pen 5 - Group 3,POSTWEAN,1,5,14112025,8,other|O|None|side,34965.446,34968.155,34965.446,34968.155,G:\MONITORING CROSS SUCKING IN CALVES - KAPPEL - 2025\Pen 5 - Group 3\POSTWEANING\Day 1\ch05_20251114165936.mp4,ch05_20251114165936.mp4,33632.397224,35033.948513,1333.048776,1335.757776
753,CS_0727_POSTWEAN_d1_p5_cow8_14112025_ch05-20251114165936_34981_35022.mp4,Pen 5 - Group 3\POSTWEANING\Day 1\CS_0727_POSTWEAN_d1_p5_cow8_14112025_ch05-20251114165936_34981_35022.mp4,E:\cross_sucking\Pen 5 - Group 3\POSTWEANING\Day 1\CS_0727_POSTWEAN_d1_p5_cow8_14112025_ch05-20251114165936_34981_35022.mp4,skipped_existing,1,1,Pen_5_POSTWEAN_Day_1_14112025,Pen 5 - Group 3,POSTWEAN,1,5,14112025,8,other|O|None|side,34981.13,35022.885,34981.13,35022.885,G:\MONITORING CROSS SUCKING IN CALVES - KAPPEL - 2025\Pen 5 - Group 3\POSTWEANING\Day 1\ch05_20251114165936.mp4,ch05_20251114165936.mp4,33632.397224,35033.948513,1348.732776,1390.487776
754,CS_0728_POSTWEAN_d1_p5_cowO_14112025_ch05-20251114165936_34981_35010.mp4,Pen 5 - Group 3\POSTWEANING\Day 1\CS_0728_POSTWEAN_d1_p5_cowO_14112025_ch05-20251114165936_34981_35010.mp4,E:\cross_sucking\Pen 5 - Group 3\POSTWEANING\Day 1\CS_0728_POSTWEAN_d1_p5_cowO_14112025_ch05-20251114165936_34981_35010.mp4,skipped_existing,1,1,Pen_5_POSTWEAN_Day_1_14112025,Pen 5 - Group 3,POSTWEAN,1,5,14112025,O,other|8|reciprocal|side,34981.792,35010.181,34981.792,35010.181,G:\MONITORING CROSS SUCKING IN CALVES - KAPPEL - 2025\Pen 5 - Group 3\POSTWEANING\Day 1\ch05_20251114165936.mp4,ch05_20251114165936.mp4,33632.397224,35033.948513,1349.394776,1377.783776
755,CS_0729_POSTWEAN_d1_p5_cowO_14112025_ch05-20251114165936_35018_35020.mp4,Pen 5 - Group 3\POSTWEANING\Day 1\CS_0729_POSTWEAN_d1_p5_cowO_14112025_ch05-20251114165936_35018_35020.mp4,E:\cross_sucking\Pen 5 - Group 3\POSTWEANING\Day 1\CS_0729_POSTWEAN_d1_p5_cowO_14112025_ch05-20251114165936_35018_35020.mp4,skipped_existing,1,1,Pen_5_POSTWEAN_Day_1_14112025,Pen 5 - Group 3,POSTWEAN,1,5,14112025,O,other|8|reciprocal|side,35018.125,35020.835,35018.125,35020.835,G:\MONITORING CROSS SUCKING IN CALVES - KAPPEL - 2025\Pen 5 - Group 3\POSTWEANING\Day 1\ch05_20251114165936.mp4,ch05_20251114165936.mp4,33632.397224,35033.948513,1385.727776,1388.437776
756,CS_0730_POSTWEAN_d1_p5_cowO_14112025_ch05-20251114165936_35020_35022.mp4,Pen 5 - Group 3\POSTWEANING\Day 1\CS_0730_POSTWEAN_d1_p5_cowO_14112025_ch05-20251114165936_35020_35022.mp4,E:\cross_sucking\Pen 5 - Group 3\POSTWEANING\Day 1\CS_0730_POSTWEAN_d1_p5_cowO_14112025_ch05-20251114165936_35020_35022.mp4,skipped_existing,1,1,Pen_5_POSTWEAN_Day_1_14112025,Pen 5 - Group 3,POSTWEAN,1,5,14112025,O,None|8|reciprocal|side,35020.836,35022.553,35020.836,35022.553,G:\MONITORING CROSS SUCKING IN CALVES - KAPPEL - 2025\Pen 5 - Group 3\POSTWEANING\Day 1\ch05_20251114165936.mp4,ch05_20251114165936.mp4,33632.397224,35033.948513,1388.438776,1390.155776
757,CS_0731_POSTWEAN_d1_p5_cowO_14112025_ch05-20251114165936_35033_35046_part01.mp4,Pen 5 - Group 3\POSTWEANING\Day 1\CS_0731_POSTWEAN_d1_p5_cowO_14112025_ch05-20251114165936_35033_35046_part01.mp4,E:\cross_sucking\Pen 5 - Group 3\POSTWEANING\Day 1\CS_0731_POSTWEAN_d1_p5_cowO_14112025_ch05-20251114165936_35033_35046_part01.mp4,skipped_existing,1,2,Pen_5_POSTWEAN_Day_1_14112025,Pen 5 - Group 3,POSTWEAN,1,5,14112025,O,grain feeder|/|None|side,35033.075,35046.972,35033.075,35033.948513,G:\MONITORING CROSS SUCKING IN CALVES - KAPPEL - 2025\Pen 5 - Group 3\POSTWEANING\Day 1\ch05_20251114165936.mp4,ch05_20251114165936.mp4,33632.397224,35033.948513,1400.677776,1401.551289
758,CS_0731_POSTWEAN_d1_p5_cowO_14112025_ch05-20251114165936_35033_35046_part02.mp4,Pen 5 - Group 3\POSTWEANING\Day 1\CS_0731_POSTWEAN_d1_p5_cowO_14112025_ch05-20251114165936_35033_35046_part02.mp4,E:\cross_sucking\Pen 5 - Group 3\POSTWEANING\Day 1\CS_0731_POSTWEAN_d1_p5_cowO_14112025_ch05-20251114165936_35033_35046_part02.mp4,skipped_existing,2,2,Pen_5_POSTWEAN_Day_1_14112025,Pen 5 - Group 3,POSTWEAN,1,5,14112025,O,grain feeder|/|None|side,35033.075,35046.972,35033.948513,35046.972,G:\MONITORING CROSS SUCKING IN CALVES - KAPPEL - 2025\Pen 5 - Group 3\POSTWEANING\Day 1\ch05_20251114172308.mp4,ch05_20251114172308.mp4,35033.948513,36435.400802,0.0,13.023487
759,CS_0732_POSTWEAN_d1_p5_cowslash_14112025_ch05-20251114172308_35043_35056.mp4,Pen 5 - Group 3\POSTWEANING\Day 1\CS_0732_POSTWEAN_d1_p5_cowslash_14112025_ch05-20251114172308_35043_35056.mp4,E:\cross_sucking\Pen 5 - Group 3\POSTWEANING\Day 1\CS_0732_POSTWEAN_d1_p5_cowslash_14112025_ch05-20251114172308_35043_35056.mp4,skipped_existing,1,1,Pen_5_POSTWEAN_Day_1_14112025,Pen 5 - Group 3,POSTWEAN,1,5,14112025,/,grain feeder|O|reciprocal|side,35043.464,35056.631,35043.464,35056.631,G:\MONITORING CROSS SUCKING IN CALVES - KAPPEL - 2025\Pen 5 - Group 3\POSTWEANING\Day 1\ch05_20251114172308.mp4,ch05_20251114172308.mp4,35033.948513,36435.400802,9.515487,22.682487
760,CS_0733_POSTWEAN_d1_p5_cowslash_14112025_ch05-20251114172308_35068_35074.mp4,Pen 5 - Group 3\POSTWEANING\Day 1\CS_0733_POSTWEAN_d1_p5_cowslash_14112025_ch05-20251114172308_35068_35074.mp4,E:\cross_sucking\Pen 5 - Group 3\POSTWEANING\Day 1\CS_0733_POSTWEAN_d1_p5_cowslash_14112025_ch05-20251114172308_35068_35074.mp4,skipped_existing,1,1,Pen_5_POSTWEAN_Day_1_14112025,Pen 5 - Group 3,POSTWEAN,1,5,14112025,/,grain feeder|O|None|behind,35068.009,35074.424,35068.009,35074.424,G:\MONITORING CROSS SUCKING IN CALVES - KAPPEL - 2025\Pen 5 - Group 3\POSTWEANING\Day 1\ch05_20251114172308.mp4,ch05_20251114172308.mp4,35033.948513,36435.400802,34.060487,40.475487
761,CS_0734_POSTWEAN_d1_p5_cowslash_14112025_ch05-20251114172308_35100_35122.mp4,Pen 5 - Group 3\POSTWEANING\Day 1\CS_0734_POSTWEAN_d1_p5_cowslash_14112025_ch05-20251114172308_35100_35122.mp4,E:\cross_sucking\Pen 5 - Group 3\POSTWEANING\Day 1\CS_0734_POSTWEAN_d1_p5_cowslash_14112025_ch05-20251114172308_35100_35122.mp4,skipped_existing,1,1,Pen_5_POSTWEAN_Day_1_14112025,Pen 5 - Group 3,POSTWEAN,1,5,14112025,/,grain feeder|O|None|side,35100.029,35122.266,35100.029,35122.266,G:\MONITORING CROSS SUCKING IN CALVES - KAPPEL - 2025\Pen 5 - Group 3\POSTWEANING\Day 1\ch05_20251114172308.mp4,ch05_20251114172308.mp4,35033.948513,36435.400802,66.080487,88.317487
762,CS_0735_POSTWEAN_d1_p5_cow1_14112025_ch05-20251114222904_53978_54076.mp4,Pen 5 - Group 3\POSTWEANING\Day 1\CS_0735_POSTWEAN_d1_p5_cow1_14112025_ch05-20251114222904_53978_54076.mp4,E:\cross_sucking\Pen 5 - Group 3\POSTWEANING\Day 1\CS_0735_POSTWEAN_d1_p5_cow1_14112025_ch05-20251114222904_53978_54076.mp4,skipped_existing,1,1,Pen_5_POSTWEAN_Day_1_14112025,Pen 5 - Group 3,POSTWEAN,1,5,14112025,1,other|A|None|side,53978.267,54076.912,53978.267,54076.912,G:\MONITORING CROSS SUCKING IN CALVES - KAPPEL - 2025\Pen 5 - Group 3\POSTWEANING\Day 1\ch05_20251114222904.mp4,ch05_20251114222904.mp4,53253.58127,54654.997559,724.68573,823.33073
763,CS_0736_POSTWEAN_d1_p5_cowA_14112025_ch05-20251114222904_53989_54076.mp4,Pen 5 - Group 3\POSTWEANING\Day 1\CS_0736_POSTWEAN_d1_p5_cowA_14112025_ch05-20251114222904_53989_54076.mp4,E:\cross_sucking\Pen 5 - Group 3\POSTWEANING\Day 1\CS_0736_POSTWEAN_d1_p5_cowA_14112025_ch05-20251114222904_53989_54076.mp4,skipped_existing,1,1,Pen_5_POSTWEAN_Day_1_14112025,Pen 5 - Group 3,POSTWEAN,1,5,14112025,A,other|1|reciprocal|side,53989.581,54076.912,53989.581,54076.912,G:\MONITORING CROSS SUCKING IN CALVES - KAPPEL - 2025\Pen 5 - Group 3\POSTWEANING\Day 1\ch05_20251114222904.mp4,ch05_20251114222904.mp4,53253.58127,54654.997559,735.99973,823.33073
764,CS_0737_POSTWEAN_d1_p5_cowA_14112025_ch05-20251114222904_54096_54106.mp4,Pen 5 - Group 3\POSTWEANING\Day 1\CS_0737_POSTWEAN_d1_p5_cowA_14112025_ch05-20251114222904_54096_54106.mp4,E:\cross_sucking\Pen 5 - Group 3\POSTWEANING\Day 1\CS_0737_POSTWEAN_d1_p5_cowA_14112025_ch05-20251114222904_54096_54106.mp4,skipped_existing,1,1,Pen_5_POSTWEAN_Day_1_14112025,Pen 5 - Group 3,POSTWEAN,1,5,14112025,A,other|8|None|side,54096.636,54106.953,54096.636,54106.953,G:\MONITORING CROSS SUCKING IN CALVES - KAPPEL - 2025\Pen 5 - Group 3\POSTWEANING\Day 1\ch05_20251114222904.mp4,ch05_20251114222904.mp4,53253.58127,54654.997559,843.05473,853.37173
765,CS_0738_POSTWEAN_d1_p5_cowT_14112025_ch05-20251114222904_54099_54106.mp4,Pen 5 - Group 3\POSTWEANING\Day 1\CS_0738_POSTWEAN_d1_p5_cowT_14112025_ch05-20251114222904_54099_54106.mp4,E:\cross_sucking\Pen 5 - Group 3\POSTWEANING\Day 1\CS_0738_POSTWEAN_d1_p5_cowT_14112025_ch05-20251114222904_54099_54106.mp4,skipped_existing,1,1,Pen_5_POSTWEAN_Day_1_14112025,Pen 5 - Group 3,POSTWEAN,1,5,14112025,T,other|8|None|side,54099.747,54106.953,54099.747,54106.953,G:\MONITORING CROSS SUCKING IN CALVES - KAPPEL - 2025\Pen 5 - Group 3\POSTWEANING\Day 1\ch05_20251114222904.mp4,ch05_20251114222904.mp4,53253.58127,54654.997559,846.16573,853.37173
766,CS_0739_POSTWEAN_d1_p5_cowA_14112025_ch05-20251114222904_54127_54130.mp4,Pen 5 - Group 3\POSTWEANING\Day 1\CS_0739_POSTWEAN_d1_p5_cowA_14112025_ch05-20251114222904_54127_54130.mp4,E:\cross_sucking\Pen 5 - Group 3\POSTWEANING\Day 1\CS_0739_POSTWEAN_d1_p5_cowA_14112025_ch05-20251114222904_54127_54130.mp4,skipped_existing,1,1,Pen_5_POSTWEAN_Day_1_14112025,Pen 5 - Group 3,POSTWEAN,1,5,14112025,A,other|T|None|side,54127.715,54130.628,54127.715,54130.628,G:\MONITORING CROSS SUCKING IN CALVES - KAPPEL - 2025\Pen 5 - Group 3\POSTWEANING\Day 1\ch05_20251114222904.mp4,ch05_20251114222904.mp4,53253.58127,54654.997559,874.13373,877.04673
767,CS_0740_POSTWEAN_d1_p5_cow8_14112025_ch05-20251114222904_54207_54216.mp4,Pen 5 - Group 3\POSTWEANING\Day 1\CS_0740_POSTWEAN_d1_p5_cow8_14112025_ch05-20251114222904_54207_54216.mp4,E:\cross_sucking\Pen 5 - Group 3\POSTWEANING\Day 1\CS_0740_POSTWEAN_d1_p5_cow8_14112025_ch05-20251114222904_54207_54216.mp4,skipped_existing,1,1,Pen_5_POSTWEAN_Day_1_14112025,Pen 5 - Group 3,POSTWEAN,1,5,14112025,8,other|1|None|behind,54207.961,54216.233,54207.961,54216.233,G:\MONITORING CROSS SUCKING IN CALVES - KAPPEL - 2025\Pen 5 - Group 3\POSTWEANING\Day 1\ch05_20251114222904.mp4,ch05_20251114222904.mp4,53253.58127,54654.997559,954.37973,962.65173
768,CS_0741_POSTWEAN_d1_p5_cowA_14112025_ch05-20251114222904_54220_54259.mp4,Pen 5 - Group 3\POSTWEANING\Day 1\CS_0741_POSTWEAN_d1_p5_cowA_14112025_ch05-20251114222904_54220_54259.mp4,E:\cross_sucking\Pen 5 - Group 3\POSTWEANING\Day 1\CS_0741_POSTWEAN_d1_p5_cowA_14112025_ch05-20251114222904_54220_54259.mp4,skipped_existing,1,1,Pen_5_POSTWEAN_Day_1_14112025,Pen 5 - Group 3,POSTWEAN,1,5,14112025,A,None|1|None|side,54220.994,54259.236,54220.994,54259.236,G:\MONITORING CROSS SUCKING IN CALVES - KAPPEL - 2025\Pen 5 - Group 3\POSTWEANING\Day 1\ch05_20251114222904.mp4,ch05_20251114222904.mp4,53253.58127,54654.997559,967.41273,1005.65473
769,CS_0742_POSTWEAN_d1_p5_cow1_14112025_ch05-20251114222904_54245_54261.mp4,Pen 5 - Group 3\POSTWEANING\Day 1\CS_0742_POSTWEAN_d1_p5_cow1_14112025_ch05-20251114222904_54245_54261.mp4,E:\cross_sucking\Pen 5 - Group 3\POSTWEANING\Day 1\CS_0742_POSTWEAN_d1_p5_cow1_14112025_ch05-20251114222904_54245_54261.mp4,skipped_existing,1,1,Pen_5_POSTWEAN_Day_1_14112025,Pen 5 - Group 3,POSTWEAN,1,5,14112025,1,other|A|reciprocal|side,54245.604,54261.354,54245.604,54261.354,G:\MONITORING CROSS SUCKING IN CALVES - KAPPEL - 2025\Pen 5 - Group 3\POSTWEANING\Day 1\ch05_20251114222904.mp4,ch05_20251114222904.mp4,53253.58127,54654.997559,992.02273,1007.77273
770,CS_0743_POSTWEAN_d1_p5_cowslash_14112025_ch05-20251115044536_76892_76901.mp4,Pen 5 - Group 3\POSTWEANING\Day 1\CS_0743_POSTWEAN_d1_p5_cowslash_14112025_ch05-20251115044536_76892_76901.mp4,E:\cross_sucking\Pen 5 - Group 3\POSTWEANING\Day 1\CS_0743_POSTWEAN_d1_p5_cowslash_14112025_ch05-20251115044536_76892_76901.mp4,skipped_existing,1,1,Pen_5_POSTWEAN_Day_1_14112025,Pen 5 - Group 3,POSTWEAN,1,5,14112025,/,grain feeder|1|None|behind,76892.611,76901.013,76892.611,76901.013,G:\MONITORING CROSS SUCKING IN CALVES - KAPPEL - 2025\Pen 5 - Group 3\POSTWEANING\Day 1\ch05_20251115044536.mp4,ch05_20251115044536.mp4,75676.588538,77077.963827,1216.022462,1224.424462
771,CS_0744_POSTWEAN_d1_p5_cowslash_14112025_ch05-20251115044536_76905_76962.mp4,Pen 5 - Group 3\POSTWEANING\Day 1\CS_0744_POSTWEAN_d1_p5_cowslash_14112025_ch05-20251115044536_76905_76962.mp4,E:\cross_sucking\Pen 5 - Group 3\POSTWEANING\Day 1\CS_0744_POSTWEAN_d1_p5_cowslash_14112025_ch05-20251115044536_76905_76962.mp4,skipped_existing,1,1,Pen_5_POSTWEAN_Day_1_14112025,Pen 5 - Group 3,POSTWEAN,1,5,14112025,/,grain feeder|1|None|behind,76905.245,76962.678,76905.245,76962.678,G:\MONITORING CROSS SUCKING IN CALVES - KAPPEL - 2025\Pen 5 - Group 3\POSTWEANING\Day 1\ch05_20251115044536.mp4,ch05_20251115044536.mp4,75676.588538,77077.963827,1228.656462,1286.089462
772,CS_0745_POSTWEAN_d2_p5_cowO_15112025_ch05-20251115090426_5560_5588.mp4,Pen 5 - Group 3\POSTWEANING\Day 2\CS_0745_POSTWEAN_d2_p5_cowO_15112025_ch05-20251115090426_5560_5588.mp4,E:\cross_sucking\Pen 5 - Group 3\POSTWEANING\Day 2\CS_0745_POSTWEAN_d2_p5_cowO_15112025_ch05-20251115090426_5560_5588.mp4,skipped_existing,1,1,Pen_5_POSTWEAN_Day_2_15112025,Pen 5 - Group 3,POSTWEAN,2,5,15112025,O,other|8|None|side,5560.435,5588.693,5560.435,5588.693,G:\MONITORING CROSS SUCKING IN CALVES - KAPPEL - 2025\Pen 5 - Group 3\POSTWEANING\Day 2\ch05_20251115090426.mp4,ch05_20251115090426.mp4,4203.107511,5604.5228,1357.327489,1385.585489
773,CS_0746_POSTWEAN_d2_p5_cow8_15112025_ch05-20251115090426_5564_5570.mp4,Pen 5 - Group 3\POSTWEANING\Day 2\CS_0746_POSTWEAN_d2_p5_cow8_15112025_ch05-20251115090426_5564_5570.mp4,E:\cross_sucking\Pen 5 - Group 3\POSTWEANING\Day 2\CS_0746_POSTWEAN_d2_p5_cow8_15112025_ch05-20251115090426_5564_5570.mp4,skipped_existing,1,1,Pen_5_POSTWEAN_Day_2_15112025,Pen 5 - Group 3,POSTWEAN,2,5,15112025,8,other|O|reciprocal|side,5564.406,5570.703,5564.406,5570.703,G:\MONITORING CROSS SUCKING IN CALVES - KAPPEL - 2025\Pen 5 - Group 3\POSTWEANING\Day 2\ch05_20251115090426.mp4,ch05_20251115090426.mp4,4203.107511,5604.5228,1361.298489,1367.595489
774,CS_0747_POSTWEAN_d2_p5_cow8_15112025_ch05-20251115090426_5579_5586.mp4,Pen 5 - Group 3\POSTWEANING\Day 2\CS_0747_POSTWEAN_d2_p5_cow8_15112025_ch05-20251115090426_5579_5586.mp4,E:\cross_sucking\Pen 5 - Group 3\POSTWEANING\Day 2\CS_0747_POSTWEAN_d2_p5_cow8_15112025_ch05-20251115090426_5579_5586.mp4,skipped_existing,1,1,Pen_5_POSTWEAN_Day_2_15112025,Pen 5 - Group 3,POSTWEAN,2,5,15112025,8,other|8|reciprocal|side,5579.824,5586.243,5579.824,5586.243,G:\MONITORING CROSS SUCKING IN CALVES - KAPPEL - 2025\Pen 5 - Group 3\POSTWEANING\Day 2\ch05_20251115090426.mp4,ch05_20251115090426.mp4,4203.107511,5604.5228,1376.716489,1383.135489
775,CS_0748_POSTWEAN_d2_p5_cowO_15112025_ch05-20251115090426_5593_5601.mp4,Pen 5 - Group 3\POSTWEANING\Day 2\CS_0748_POSTWEAN_d2_p5_cowO_15112025_ch05-20251115090426_5593_5601.mp4,E:\cross_sucking\Pen 5 - Group 3\POSTWEANING\Day 2\CS_0748_POSTWEAN_d2_p5_cowO_15112025_ch05-20251115090426_5593_5601.mp4,skipped_existing,1,1,Pen_5_POSTWEAN_Day_2_15112025,Pen 5 - Group 3,POSTWEAN,2,5,15112025,O,other|8|None|side,5593.126,5601.666,5593.126,5601.666,G:\MONITORING CROSS SUCKING IN CALVES - KAPPEL - 2025\Pen 5 - Group 3\POSTWEANING\Day 2\ch05_20251115090426.mp4,ch05_20251115090426.mp4,4203.107511,5604.5228,1390.018489,1398.558489
776,CS_0749_POSTWEAN_d2_p5_cow8_15112025_ch05-20251115090426_5595_5604_part01.mp4,Pen 5 - Group 3\POSTWEANING\Day 2\CS_0749_POSTWEAN_d2_p5_cow8_15112025_ch05-20251115090426_5595_5604_part01.mp4,E:\cross_sucking\Pen 5 - Group 3\POSTWEANING\Day 2\CS_0749_POSTWEAN_d2_p5_cow8_15112025_ch05-20251115090426_5595_5604_part01.mp4,skipped_existing,1,2,Pen_5_POSTWEAN_Day_2_15112025,Pen 5 - Group 3,POSTWEAN,2,5,15112025,8,other|O|reciprocal|side,5595.773,5604.839,5595.773,5604.5228,G:\MONITORING CROSS SUCKING IN CALVES - KAPPEL - 2025\Pen 5 - Group 3\POSTWEANING\Day 2\ch05_20251115090426.mp4,ch05_20251115090426.mp4,4203.107511,5604.5228,1392.665489,1401.415289
777,CS_0749_POSTWEAN_d2_p5_cow8_15112025_ch05-20251115090426_5595_5604_part02.mp4,Pen 5 - Group 3\POSTWEANING\Day 2\CS_0749_POSTWEAN_d2_p5_cow8_15112025_ch05-20251115090426_5595_5604_part02.mp4,E:\cross_sucking\Pen 5 - Group 3\POSTWEANING\Day 2\CS_0749_POSTWEAN_d2_p5_cow8_15112025_ch05-20251115090426_5595_5604_part02.mp4,skipped_existing,2,2,Pen_5_POSTWEAN_Day_2_15112025,Pen 5 - Group 3,POSTWEAN,2,5,15112025,8,other|O|reciprocal|side,5595.773,5604.839,5604.5228,5604.839,G:\MONITORING CROSS SUCKING IN CALVES - KAPPEL - 2025\Pen 5 - Group 3\POSTWEANING\Day 2\ch05_20251115092758.mp4,ch05_20251115092758.mp4,5604.5228,7005.973089,0.0,0.3162
778,CS_0750_POSTWEAN_d2_p5_cowO_15112025_ch05-20251115092758_5629_5650.mp4,Pen 5 - Group 3\POSTWEANING\Day 2\CS_0750_POSTWEAN_d2_p5_cowO_15112025_ch05-20251115092758_5629_5650.mp4,E:\cross_sucking\Pen 5 - Group 3\POSTWEANING\Day 2\CS_0750_POSTWEAN_d2_p5_cowO_15112025_ch05-20251115092758_5629_5650.mp4,skipped_existing,1,1,Pen_5_POSTWEAN_Day_2_15112025,Pen 5 - Group 3,POSTWEAN,2,5,15112025,O,other|8|None|side,5629.256,5650.822,5629.256,5650.822,G:\MONITORING CROSS SUCKING IN CALVES - KAPPEL - 2025\Pen 5 - Group 3\POSTWEANING\Day 2\ch05_20251115092758.mp4,ch05_20251115092758.mp4,5604.5228,7005.973089,24.7332,46.2992
779,CS_0751_POSTWEAN_d2_p5_cow8_15112025_ch05-20251115092758_5683_5719.mp4,Pen 5 - Group 3\POSTWEANING\Day 2\CS_0751_POSTWEAN_d2_p5_cow8_15112025_ch05-20251115092758_5683_5719.mp4,E:\cross_sucking\Pen 5 - Group 3\POSTWEANING\Day 2\CS_0751_POSTWEAN_d2_p5_cow8_15112025_ch05-20251115092758_5683_5719.mp4,skipped_existing,1,1,Pen_5_POSTWEAN_Day_2_15112025,Pen 5 - Group 3,POSTWEAN,2,5,15112025,8,other|O|None|side,5683.971,5719.502,5683.971,5719.502,G:\MONITORING CROSS SUCKING IN CALVES - KAPPEL - 2025\Pen 5 - Group 3\POSTWEANING\Day 2\ch05_20251115092758.mp4,ch05_20251115092758.mp4,5604.5228,7005.973089,79.4482,114.9792
780,CS_0752_POSTWEAN_d2_p5_cowO_15112025_ch05-20251115092758_5690_5697.mp4,Pen 5 - Group 3\POSTWEANING\Day 2\CS_0752_POSTWEAN_d2_p5_cowO_15112025_ch05-20251115092758_5690_5697.mp4,E:\cross_sucking\Pen 5 - Group 3\POSTWEANING\Day 2\CS_0752_POSTWEAN_d2_p5_cowO_15112025_ch05-20251115092758_5690_5697.mp4,skipped_existing,1,1,Pen_5_POSTWEAN_Day_2_15112025,Pen 5 - Group 3,POSTWEAN,2,5,15112025,O,other|8|reciprocal|side,5690.124,5697.869,5690.124,5697.869,G:\MONITORING CROSS SUCKING IN CALVES - KAPPEL - 2025\Pen 5 - Group 3\POSTWEANING\Day 2\ch05_20251115092758.mp4,ch05_20251115092758.mp4,5604.5228,7005.973089,85.6012,93.3462
781,CS_0753_POSTWEAN_d2_p5_cowA_15112025_ch05-20251115092758_6024_6056.mp4,Pen 5 - Group 3\POSTWEANING\Day 2\CS_0753_POSTWEAN_d2_p5_cowA_15112025_ch05-20251115092758_6024_6056.mp4,E:\cross_sucking\Pen 5 - Group 3\POSTWEANING\Day 2\CS_0753_POSTWEAN_d2_p5_cowA_15112025_ch05-20251115092758_6024_6056.mp4,skipped_existing,1,1,Pen_5_POSTWEAN_Day_2_15112025,Pen 5 - Group 3,POSTWEAN,2,5,15112025,A,other|1|None|side,6024.163,6056.842,6024.163,6056.842,G:\MONITORING CROSS SUCKING IN CALVES - KAPPEL - 2025\Pen 5 - Group 3\POSTWEANING\Day 2\ch05_20251115092758.mp4,ch05_20251115092758.mp4,5604.5228,7005.973089,419.6402,452.3192
782,CS_0754_POSTWEAN_d2_p5_cow1_15112025_ch05-20251115092758_6032_6049.mp4,Pen 5 - Group 3\POSTWEANING\Day 2\CS_0754_POSTWEAN_d2_p5_cow1_15112025_ch05-20251115092758_6032_6049.mp4,E:\cross_sucking\Pen 5 - Group 3\POSTWEANING\Day 2\CS_0754_POSTWEAN_d2_p5_cow1_15112025_ch05-20251115092758_6032_6049.mp4,skipped_existing,1,1,Pen_5_POSTWEAN_Day_2_15112025,Pen 5 - Group 3,POSTWEAN,2,5,15112025,1,other|A|reciprocal|side,6032.365,6049.767,6032.365,6049.767,G:\MONITORING CROSS SUCKING IN CALVES - KAPPEL - 2025\Pen 5 - Group 3\POSTWEANING\Day 2\ch05_20251115092758.mp4,ch05_20251115092758.mp4,5604.5228,7005.973089,427.8422,445.2442
783,CS_0755_POSTWEAN_d2_p5_cowO_15112025_ch05-20251115092758_6053_6067.mp4,Pen 5 - Group 3\POSTWEANING\Day 2\CS_0755_POSTWEAN_d2_p5_cowO_15112025_ch05-20251115092758_6053_6067.mp4,E:\cross_sucking\Pen 5 - Group 3\POSTWEANING\Day 2\CS_0755_POSTWEAN_d2_p5_cowO_15112025_ch05-20251115092758_6053_6067.mp4,skipped_existing,1,1,Pen_5_POSTWEAN_Day_2_15112025,Pen 5 - Group 3,POSTWEAN,2,5,15112025,O,other|1|three|side,6053.735,6067.826,6053.735,6067.826,G:\MONITORING CROSS SUCKING IN CALVES - KAPPEL - 2025\Pen 5 - Group 3\POSTWEANING\Day 2\ch05_20251115092758.mp4,ch05_20251115092758.mp4,5604.5228,7005.973089,449.2122,463.3032
784,CS_0756_POSTWEAN_d2_p5_cow1_15112025_ch05-20251115092758_6059_6067.mp4,Pen 5 - Group 3\POSTWEANING\Day 2\CS_0756_POSTWEAN_d2_p5_cow1_15112025_ch05-20251115092758_6059_6067.mp4,E:\cross_sucking\Pen 5 - Group 3\POSTWEANING\Day 2\CS_0756_POSTWEAN_d2_p5_cow1_15112025_ch05-20251115092758_6059_6067.mp4,skipped_existing,1,1,Pen_5_POSTWEAN_Day_2_15112025,Pen 5 - Group 3,POSTWEAN,2,5,15112025,1,other|O|reciprocal|side,6059.888,6067.827,6059.888,6067.827,G:\MONITORING CROSS SUCKING IN CALVES - KAPPEL - 2025\Pen 5 - Group 3\POSTWEANING\Day 2\ch05_20251115092758.mp4,ch05_20251115092758.mp4,5604.5228,7005.973089,455.3652,463.3042
785,CS_0757_POSTWEAN_d2_p5_cowO_15112025_ch05-20251115092758_6075_6118.mp4,Pen 5 - Group 3\POSTWEANING\Day 2\CS_0757_POSTWEAN_d2_p5_cowO_15112025_ch05-20251115092758_6075_6118.mp4,E:\cross_sucking\Pen 5 - Group 3\POSTWEANING\Day 2\CS_0757_POSTWEAN_d2_p5_cowO_15112025_ch05-20251115092758_6075_6118.mp4,skipped_existing,1,1,Pen_5_POSTWEAN_Day_2_15112025,Pen 5 - Group 3,POSTWEAN,2,5,15112025,O,other|1|None|side,6075.372,6118.316,6075.372,6118.316,G:\MONITORING CROSS SUCKING IN CALVES - KAPPEL - 2025\Pen 5 - Group 3\POSTWEANING\Day 2\ch05_20251115092758.mp4,ch05_20251115092758.mp4,5604.5228,7005.973089,470.8492,513.7932
786,CS_0758_POSTWEAN_d2_p5_cow1_15112025_ch05-20251115092758_6086_6125.mp4,Pen 5 - Group 3\POSTWEANING\Day 2\CS_0758_POSTWEAN_d2_p5_cow1_15112025_ch05-20251115092758_6086_6125.mp4,E:\cross_sucking\Pen 5 - Group 3\POSTWEANING\Day 2\CS_0758_POSTWEAN_d2_p5_cow1_15112025_ch05-20251115092758_6086_6125.mp4,skipped_existing,1,1,Pen_5_POSTWEAN_Day_2_15112025,Pen 5 - Group 3,POSTWEAN,2,5,15112025,1,other|1|reciprocal|side,6086.891,6125.929,6086.891,6125.929,G:\MONITORING CROSS SUCKING IN CALVES - KAPPEL - 2025\Pen 5 - Group 3\POSTWEANING\Day 2\ch05_20251115092758.mp4,ch05_20251115092758.mp4,5604.5228,7005.973089,482.3682,521.4062
787,CS_0759_POSTWEAN_d2_p5_cowA_15112025_ch05-20251115092758_6143_6182.mp4,Pen 5 - Group 3\POSTWEANING\Day 2\CS_0759_POSTWEAN_d2_p5_cowA_15112025_ch05-20251115092758_6143_6182.mp4,E:\cross_sucking\Pen 5 - Group 3\POSTWEANING\Day 2\CS_0759_POSTWEAN_d2_p5_cowA_15112025_ch05-20251115092758_6143_6182.mp4,skipped_existing,1,1,Pen_5_POSTWEAN_Day_2_15112025,Pen 5 - Group 3,POSTWEAN,2,5,15112025,A,other|1|None|side,6143.0,6182.973,6143.0,6182.973,G:\MONITORING CROSS SUCKING IN CALVES - KAPPEL - 2025\Pen 5 - Group 3\POSTWEANING\Day 2\ch05_20251115092758.mp4,ch05_20251115092758.mp4,5604.5228,7005.973089,538.4772,578.4502
788,CS_0760_POSTWEAN_d2_p5_cow1_15112025_ch05-20251115092758_6152_6182.mp4,Pen 5 - Group 3\POSTWEANING\Day 2\CS_0760_POSTWEAN_d2_p5_cow1_15112025_ch05-20251115092758_6152_6182.mp4,E:\cross_sucking\Pen 5 - Group 3\POSTWEANING\Day 2\CS_0760_POSTWEAN_d2_p5_cow1_15112025_ch05-20251115092758_6152_6182.mp4,skipped_existing,1,1,Pen_5_POSTWEAN_Day_2_15112025,Pen 5 - Group 3,POSTWEAN,2,5,15112025,1,other|A|reciprocal|side,6152.196,6182.123,6152.196,6182.123,G:\MONITORING CROSS SUCKING IN CALVES - KAPPEL - 2025\Pen 5 - Group 3\POSTWEANING\Day 2\ch05_20251115092758.mp4,ch05_20251115092758.mp4,5604.5228,7005.973089,547.6732,577.6002
789,CS_0761_POSTWEAN_d2_p5_cowA_15112025_ch05-20251115092758_6190_6223.mp4,Pen 5 - Group 3\POSTWEANING\Day 2\CS_0761_POSTWEAN_d2_p5_cowA_15112025_ch05-20251115092758_6190_6223.mp4,E:\cross_sucking\Pen 5 - Group 3\POSTWEANING\Day 2\CS_0761_POSTWEAN_d2_p5_cowA_15112025_ch05-20251115092758_6190_6223.mp4,skipped_existing,1,1,Pen_5_POSTWEAN_Day_2_15112025,Pen 5 - Group 3,POSTWEAN,2,5,15112025,A,other|1|None|side,6190.848,6223.205,6190.848,6223.205,G:\MONITORING CROSS SUCKING IN CALVES - KAPPEL - 2025\Pen 5 - Group 3\POSTWEANING\Day 2\ch05_20251115092758.mp4,ch05_20251115092758.mp4,5604.5228,7005.973089,586.3252,618.6822
790,CS_0762_POSTWEAN_d2_p5_cowA_15112025_ch05-20251115092758_6291_6511.mp4,Pen 5 - Group 3\POSTWEANING\Day 2\CS_0762_POSTWEAN_d2_p5_cowA_15112025_ch05-20251115092758_6291_6511.mp4,E:\cross_sucking\Pen 5 - Group 3\POSTWEANING\Day 2\CS_0762_POSTWEAN_d2_p5_cowA_15112025_ch05-20251115092758_6291_6511.mp4,skipped_existing,1,1,Pen_5_POSTWEAN_Day_2_15112025,Pen 5 - Group 3,POSTWEAN,2,5,15112025,A,other|1|None|side,6291.757,6511.082,6291.757,6511.082,G:\MONITORING CROSS SUCKING IN CALVES - KAPPEL - 2025\Pen 5 - Group 3\POSTWEANING\Day 2\ch05_20251115092758.mp4,ch05_20251115092758.mp4,5604.5228,7005.973089,687.2342,906.5592
791,CS_0763_POSTWEAN_d2_p5_cow1_15112025_ch05-20251115092758_6297_6322.mp4,Pen 5 - Group 3\POSTWEANING\Day 2\CS_0763_POSTWEAN_d2_p5_cow1_15112025_ch05-20251115092758_6297_6322.mp4,E:\cross_sucking\Pen 5 - Group 3\POSTWEANING\Day 2\CS_0763_POSTWEAN_d2_p5_cow1_15112025_ch05-20251115092758_6297_6322.mp4,skipped_existing,1,1,Pen_5_POSTWEAN_Day_2_15112025,Pen 5 - Group 3,POSTWEAN,2,5,15112025,1,other|A|reciprocal|side,6297.447,6322.526,6297.447,6322.526,G:\MONITORING CROSS SUCKING IN CALVES - KAPPEL - 2025\Pen 5 - Group 3\POSTWEANING\Day 2\ch05_20251115092758.mp4,ch05_20251115092758.mp4,5604.5228,7005.973089,692.9242,718.0032
792,CS_0764_POSTWEAN_d2_p5_cow1_15112025_ch05-20251115092758_6361_6478.mp4,Pen 5 - Group 3\POSTWEANING\Day 2\CS_0764_POSTWEAN_d2_p5_cow1_15112025_ch05-20251115092758_6361_6478.mp4,E:\cross_sucking\Pen 5 - Group 3\POSTWEANING\Day 2\CS_0764_POSTWEAN_d2_p5_cow1_15112025_ch05-20251115092758_6361_6478.mp4,skipped_existing,1,1,Pen_5_POSTWEAN_Day_2_15112025,Pen 5 - Group 3,POSTWEAN,2,5,15112025,1,other|A|reciprocal|side,6361.105,6478.936,6361.105,6478.936,G:\MONITORING CROSS SUCKING IN CALVES - KAPPEL - 2025\Pen 5 - Group 3\POSTWEANING\Day 2\ch05_20251115092758.mp4,ch05_20251115092758.mp4,5604.5228,7005.973089,756.5822,874.4132
793,CS_0765_POSTWEAN_d2_p5_cow6_15112025_ch05-20251115092758_6718_6740.mp4,Pen 5 - Group 3\POSTWEANING\Day 2\CS_0765_POSTWEAN_d2_p5_cow6_15112025_ch05-20251115092758_6718_6740.mp4,E:\cross_sucking\Pen 5 - Group 3\POSTWEANING\Day 2\CS_0765_POSTWEAN_d2_p5_cow6_15112025_ch05-20251115092758_6718_6740.mp4,skipped_existing,1,1,Pen_5_POSTWEAN_Day_2_15112025,Pen 5 - Group 3,POSTWEAN,2,5,15112025,6,other|O|None|lying down,6718.901,6740.474,6718.901,6740.474,G:\MONITORING CROSS SUCKING IN CALVES - KAPPEL - 2025\Pen 5 - Group 3\POSTWEANING\Day 2\ch05_20251115092758.mp4,ch05_20251115092758.mp4,5604.5228,7005.973089,1114.3782,1135.9512
794,CS_0766_POSTWEAN_d2_p5_cow6_15112025_ch05-20251115092758_6746_6766.mp4,Pen 5 - Group 3\POSTWEANING\Day 2\CS_0766_POSTWEAN_d2_p5_cow6_15112025_ch05-20251115092758_6746_6766.mp4,E:\cross_sucking\Pen 5 - Group 3\POSTWEANING\Day 2\CS_0766_POSTWEAN_d2_p5_cow6_15112025_ch05-20251115092758_6746_6766.mp4,skipped_existing,1,1,Pen_5_POSTWEAN_Day_2_15112025,Pen 5 - Group 3,POSTWEAN,2,5,15112025,6,other|O|None|lying down,6746.102,6766.48,6746.102,6766.48,G:\MONITORING CROSS SUCKING IN CALVES - KAPPEL - 2025\Pen 5 - Group 3\POSTWEANING\Day 2\ch05_20251115092758.mp4,ch05_20251115092758.mp4,5604.5228,7005.973089,1141.5792,1161.9572
795,CS_0767_POSTWEAN_d2_p5_cow6_15112025_ch05-20251115092758_6801_6919.mp4,Pen 5 - Group 3\POSTWEANING\Day 2\CS_0767_POSTWEAN_d2_p5_cow6_15112025_ch05-20251115092758_6801_6919.mp4,E:\cross_sucking\Pen 5 - Group 3\POSTWEANING\Day 2\CS_0767_POSTWEAN_d2_p5_cow6_15112025_ch05-20251115092758_6801_6919.mp4,skipped_existing,1,1,Pen_5_POSTWEAN_Day_2_15112025,Pen 5 - Group 3,POSTWEAN,2,5,15112025,6,other|O|None|lying down,6801.443,6919.939,6801.443,6919.939,G:\MONITORING CROSS SUCKING IN CALVES - KAPPEL - 2025\Pen 5 - Group 3\POSTWEANING\Day 2\ch05_20251115092758.mp4,ch05_20251115092758.mp4,5604.5228,7005.973089,1196.9202,1315.4162
796,CS_0768_POSTWEAN_d2_p5_cow8_15112025_ch05-20251115095130_7012_7046.mp4,Pen 5 - Group 3\POSTWEANING\Day 2\CS_0768_POSTWEAN_d2_p5_cow8_15112025_ch05-20251115095130_7012_7046.mp4,E:\cross_sucking\Pen 5 - Group 3\POSTWEANING\Day 2\CS_0768_POSTWEAN_d2_p5_cow8_15112025_ch05-20251115095130_7012_7046.mp4,skipped_existing,1,1,Pen_5_POSTWEAN_Day_2_15112025,Pen 5 - Group 3,POSTWEAN,2,5,15112025,8,other|O|None|side,7012.312,7046.86,7012.312,7046.86,G:\MONITORING CROSS SUCKING IN CALVES - KAPPEL - 2025\Pen 5 - Group 3\POSTWEANING\Day 2\ch05_20251115095130.mp4,ch05_20251115095130.mp4,7005.973089,8407.593378,6.338911,40.886911
797,CS_0769_POSTWEAN_d2_p5_cowO_15112025_ch05-20251115095130_7018_7067.mp4,Pen 5 - Group 3\POSTWEANING\Day 2\CS_0769_POSTWEAN_d2_p5_cowO_15112025_ch05-20251115095130_7018_7067.mp4,E:\cross_sucking\Pen 5 - Group 3\POSTWEANING\Day 2\CS_0769_POSTWEAN_d2_p5_cowO_15112025_ch05-20251115095130_7018_7067.mp4,skipped_existing,1,1,Pen_5_POSTWEAN_Day_2_15112025,Pen 5 - Group 3,POSTWEAN,2,5,15112025,O,other|8|None|side,7018.536,7067.443,7018.536,7067.443,G:\MONITORING CROSS SUCKING IN CALVES - KAPPEL - 2025\Pen 5 - Group 3\POSTWEANING\Day 2\ch05_20251115095130.mp4,ch05_20251115095130.mp4,7005.973089,8407.593378,12.562911,61.469911
798,CS_0770_POSTWEAN_d2_p5_cow8_15112025_ch05-20251115095130_7055_7083.mp4,Pen 5 - Group 3\POSTWEANING\Day 2\CS_0770_POSTWEAN_d2_p5_cow8_15112025_ch05-20251115095130_7055_7083.mp4,E:\cross_sucking\Pen 5 - Group 3\POSTWEANING\Day 2\CS_0770_POSTWEAN_d2_p5_cow8_15112025_ch05-20251115095130_7055_7083.mp4,skipped_existing,1,1,Pen_5_POSTWEAN_Day_2_15112025,Pen 5 - Group 3,POSTWEAN,2,5,15112025,8,other|O|None|side,7055.331,7083.853,7055.331,7083.853,G:\MONITORING CROSS SUCKING IN CALVES - KAPPEL - 2025\Pen 5 - Group 3\POSTWEANING\Day 2\ch05_20251115095130.mp4,ch05_20251115095130.mp4,7005.973089,8407.593378,49.357911,77.879911
799,CS_0771_POSTWEAN_d2_p5_cow8_15112025_ch05-20251115095130_7089_7129.mp4,Pen 5 - Group 3\POSTWEANING\Day 2\CS_0771_POSTWEAN_d2_p5_cow8_15112025_ch05-20251115095130_7089_7129.mp4,E:\cross_sucking\Pen 5 - Group 3\POSTWEANING\Day 2\CS_0771_POSTWEAN_d2_p5_cow8_15112025_ch05-20251115095130_7089_7129.mp4,skipped_existing,1,1,Pen_5_POSTWEAN_Day_2_15112025,Pen 5 - Group 3,POSTWEAN,2,5,15112025,8,other|O|None|side,7089.015,7129.904,7089.015,7129.904,G:\MONITORING CROSS SUCKING IN CALVES - KAPPEL - 2025\Pen 5 - Group 3\POSTWEANING\Day 2\ch05_20251115095130.mp4,ch05_20251115095130.mp4,7005.973089,8407.593378,83.041911,123.930911
800,CS_0772_POSTWEAN_d2_p5_cowO_15112025_ch05-20251115095130_7674_7693.mp4,Pen 5 - Group 3\POSTWEANING\Day 2\CS_0772_POSTWEAN_d2_p5_cowO_15112025_ch05-20251115095130_7674_7693.mp4,E:\cross_sucking\Pen 5 - Group 3\POSTWEANING\Day 2\CS_0772_POSTWEAN_d2_p5_cowO_15112025_ch05-20251115095130_7674_7693.mp4,skipped_existing,1,1,Pen_5_POSTWEAN_Day_2_15112025,Pen 5 - Group 3,POSTWEAN,2,5,15112025,O,other|1|None|side,7674.219,7693.747,7674.219,7693.747,G:\MONITORING CROSS SUCKING IN CALVES - KAPPEL - 2025\Pen 5 - Group 3\POSTWEANING\Day 2\ch05_20251115095130.mp4,ch05_20251115095130.mp4,7005.973089,8407.593378,668.245911,687.773911
801,CS_0773_POSTWEAN_d2_p5_cow2_15112025_ch05-20251115095130_8070_8090.mp4,Pen 5 - Group 3\POSTWEANING\Day 2\CS_0773_POSTWEAN_d2_p5_cow2_15112025_ch05-20251115095130_8070_8090.mp4,E:\cross_sucking\Pen 5 - Group 3\POSTWEANING\Day 2\CS_0773_POSTWEAN_d2_p5_cow2_15112025_ch05-20251115095130_8070_8090.mp4,skipped_existing,1,1,Pen_5_POSTWEAN_Day_2_15112025,Pen 5 - Group 3,POSTWEAN,2,5,15112025,2,other|1|None|side,8070.278,8090.396,8070.278,8090.396,G:\MONITORING CROSS SUCKING IN CALVES - KAPPEL - 2025\Pen 5 - Group 3\POSTWEANING\Day 2\ch05_20251115095130.mp4,ch05_20251115095130.mp4,7005.973089,8407.593378,1064.304911,1084.422911
802,CS_0774_POSTWEAN_d2_p5_cowA_15112025_ch05-20251115160800_29684_29825.mp4,Pen 5 - Group 3\POSTWEANING\Day 2\CS_0774_POSTWEAN_d2_p5_cowA_15112025_ch05-20251115160800_29684_29825.mp4,E:\cross_sucking\Pen 5 - Group 3\POSTWEANING\Day 2\CS_0774_POSTWEAN_d2_p5_cowA_15112025_ch05-20251115160800_29684_29825.mp4,skipped_existing,1,1,Pen_5_POSTWEAN_Day_2_15112025,Pen 5 - Group 3,POSTWEAN,2,5,15112025,A,other|1|None|side,29684.943,29825.314,29684.943,29825.314,G:\MONITORING CROSS SUCKING IN CALVES - KAPPEL - 2025\Pen 5 - Group 3\POSTWEANING\Day 2\ch05_20251115160800.mp4,ch05_20251115160800.mp4,29428.701357,30830.233646,256.241643,396.612643
803,CS_0775_POSTWEAN_d2_p5_cow1_15112025_ch05-20251115160800_29700_29728.mp4,Pen 5 - Group 3\POSTWEANING\Day 2\CS_0775_POSTWEAN_d2_p5_cow1_15112025_ch05-20251115160800_29700_29728.mp4,E:\cross_sucking\Pen 5 - Group 3\POSTWEANING\Day 2\CS_0775_POSTWEAN_d2_p5_cow1_15112025_ch05-20251115160800_29700_29728.mp4,skipped_existing,1,1,Pen_5_POSTWEAN_Day_2_15112025,Pen 5 - Group 3,POSTWEAN,2,5,15112025,1,other|A|reciprocal|side,29700.896,29728.028,29700.896,29728.028,G:\MONITORING CROSS SUCKING IN CALVES - KAPPEL - 2025\Pen 5 - Group 3\POSTWEANING\Day 2\ch05_20251115160800.mp4,ch05_20251115160800.mp4,29428.701357,30830.233646,272.194643,299.326643
804,CS_0776_POSTWEAN_d2_p5_cow1_15112025_ch05-20251115160800_29734_29811.mp4,Pen 5 - Group 3\POSTWEANING\Day 2\CS_0776_POSTWEAN_d2_p5_cow1_15112025_ch05-20251115160800_29734_29811.mp4,E:\cross_sucking\Pen 5 - Group 3\POSTWEANING\Day 2\CS_0776_POSTWEAN_d2_p5_cow1_15112025_ch05-20251115160800_29734_29811.mp4,skipped_existing,1,1,Pen_5_POSTWEAN_Day_2_15112025,Pen 5 - Group 3,POSTWEAN,2,5,15112025,1,other|A|reciprocal|side,29734.052,29811.543,29734.052,29811.543,G:\MONITORING CROSS SUCKING IN CALVES - KAPPEL - 2025\Pen 5 - Group 3\POSTWEANING\Day 2\ch05_20251115160800.mp4,ch05_20251115160800.mp4,29428.701357,30830.233646,305.350643,382.841643
805,CS_0777_POSTWEAN_d2_p5_cow2_15112025_ch05-20251115163131_30903_30909.mp4,Pen 5 - Group 3\POSTWEANING\Day 2\CS_0777_POSTWEAN_d2_p5_cow2_15112025_ch05-20251115163131_30903_30909.mp4,E:\cross_sucking\Pen 5 - Group 3\POSTWEANING\Day 2\CS_0777_POSTWEAN_d2_p5_cow2_15112025_ch05-20251115163131_30903_30909.mp4,skipped_existing,1,1,Pen_5_POSTWEAN_Day_2_15112025,Pen 5 - Group 3,POSTWEAN,2,5,15112025,2,other|8|None|side,30903.736,30909.16,30903.736,30909.16,G:\MONITORING CROSS SUCKING IN CALVES - KAPPEL - 2025\Pen 5 - Group 3\POSTWEANING\Day 2\ch05_20251115163131.mp4,ch05_20251115163131.mp4,30830.233646,32230.836935,73.502354,78.926354
806,CS_0778_POSTWEAN_d2_p5_cow2_15112025_ch05-20251115163131_30944_30954.mp4,Pen 5 - Group 3\POSTWEANING\Day 2\CS_0778_POSTWEAN_d2_p5_cow2_15112025_ch05-20251115163131_30944_30954.mp4,E:\cross_sucking\Pen 5 - Group 3\POSTWEANING\Day 2\CS_0778_POSTWEAN_d2_p5_cow2_15112025_ch05-20251115163131_30944_30954.mp4,skipped_existing,1,1,Pen_5_POSTWEAN_Day_2_15112025,Pen 5 - Group 3,POSTWEAN,2,5,15112025,2,other|O|None|side,30944.165,30954.952,30944.165,30954.952,G:\MONITORING CROSS SUCKING IN CALVES - KAPPEL - 2025\Pen 5 - Group 3\POSTWEANING\Day 2\ch05_20251115163131.mp4,ch05_20251115163131.mp4,30830.233646,32230.836935,113.931354,124.718354
807,CS_0779_POSTWEAN_d2_p5_cowO_15112025_ch05-20251115182911_39224_39292_part01.mp4,Pen 5 - Group 3\POSTWEANING\Day 2\CS_0779_POSTWEAN_d2_p5_cowO_15112025_ch05-20251115182911_39224_39292_part01.mp4,E:\cross_sucking\Pen 5 - Group 3\POSTWEANING\Day 2\CS_0779_POSTWEAN_d2_p5_cowO_15112025_ch05-20251115182911_39224_39292_part01.mp4,skipped_existing,1,2,Pen_5_POSTWEAN_Day_2_15112025,Pen 5 - Group 3,POSTWEAN,2,5,15112025,O,other|8|None|side,39224.258,39292.488,39224.258,39239.493024,G:\MONITORING CROSS SUCKING IN CALVES - KAPPEL - 2025\Pen 5 - Group 3\POSTWEANING\Day 2\ch05_20251115182911.mp4,ch05_20251115182911.mp4,37837.898735,39239.493024,1386.359265,1401.594289
808,CS_0779_POSTWEAN_d2_p5_cowO_15112025_ch05-20251115182911_39224_39292_part02.mp4,Pen 5 - Group 3\POSTWEANING\Day 2\CS_0779_POSTWEAN_d2_p5_cowO_15112025_ch05-20251115182911_39224_39292_part02.mp4,E:\cross_sucking\Pen 5 - Group 3\POSTWEANING\Day 2\CS_0779_POSTWEAN_d2_p5_cowO_15112025_ch05-20251115182911_39224_39292_part02.mp4,skipped_existing,2,2,Pen_5_POSTWEAN_Day_2_15112025,Pen 5 - Group 3,POSTWEAN,2,5,15112025,O,other|8|None|side,39224.258,39292.488,39239.493024,39292.488,G:\MONITORING CROSS SUCKING IN CALVES - KAPPEL - 2025\Pen 5 - Group 3\POSTWEANING\Day 2\ch05_20251115185243.mp4,ch05_20251115185243.mp4,39239.493024,40641.049313,0.0,52.994976
809,CS_0780_POSTWEAN_d2_p5_cow8_15112025_ch05-20251115182911_39224_39443_part01.mp4,Pen 5 - Group 3\POSTWEANING\Day 2\CS_0780_POSTWEAN_d2_p5_cow8_15112025_ch05-20251115182911_39224_39443_part01.mp4,E:\cross_sucking\Pen 5 - Group 3\POSTWEANING\Day 2\CS_0780_POSTWEAN_d2_p5_cow8_15112025_ch05-20251115182911_39224_39443_part01.mp4,skipped_existing,1,2,Pen_5_POSTWEAN_Day_2_15112025,Pen 5 - Group 3,POSTWEAN,2,5,15112025,8,other|O|reciprocal|side,39224.59,39443.496,39224.59,39239.493024,G:\MONITORING CROSS SUCKING IN CALVES - KAPPEL - 2025\Pen 5 - Group 3\POSTWEANING\Day 2\ch05_20251115182911.mp4,ch05_20251115182911.mp4,37837.898735,39239.493024,1386.691265,1401.594289
810,CS_0780_POSTWEAN_d2_p5_cow8_15112025_ch05-20251115182911_39224_39443_part02.mp4,Pen 5 - Group 3\POSTWEANING\Day 2\CS_0780_POSTWEAN_d2_p5_cow8_15112025_ch05-20251115182911_39224_39443_part02.mp4,E:\cross_sucking\Pen 5 - Group 3\POSTWEANING\Day 2\CS_0780_POSTWEAN_d2_p5_cow8_15112025_ch05-20251115182911_39224_39443_part02.mp4,skipped_existing,2,2,Pen_5_POSTWEAN_Day_2_15112025,Pen 5 - Group 3,POSTWEAN,2,5,15112025,8,other|O|reciprocal|side,39224.59,39443.496,39239.493024,39443.496,G:\MONITORING CROSS SUCKING IN CALVES - KAPPEL - 2025\Pen 5 - Group 3\POSTWEANING\Day 2\ch05_20251115185243.mp4,ch05_20251115185243.mp4,39239.493024,40641.049313,0.0,204.002976
811,CS_0781_POSTWEAN_d2_p5_cowO_15112025_ch05-20251115185243_39296_39419.mp4,Pen 5 - Group 3\POSTWEANING\Day 2\CS_0781_POSTWEAN_d2_p5_cowO_15112025_ch05-20251115185243_39296_39419.mp4,E:\cross_sucking\Pen 5 - Group 3\POSTWEANING\Day 2\CS_0781_POSTWEAN_d2_p5_cowO_15112025_ch05-20251115185243_39296_39419.mp4,skipped_existing,1,1,Pen_5_POSTWEAN_Day_2_15112025,Pen 5 - Group 3,POSTWEAN,2,5,15112025,O,other|8|reciprocal|side,39296.723,39419.283,39296.723,39419.283,G:\MONITORING CROSS SUCKING IN CALVES - KAPPEL - 2025\Pen 5 - Group 3\POSTWEANING\Day 2\ch05_20251115185243.mp4,ch05_20251115185243.mp4,39239.493024,40641.049313,57.229976,179.789976
812,CS_0782_POSTWEAN_d2_p5_cowO_15112025_ch05-20251115185243_39427_39438.mp4,Pen 5 - Group 3\POSTWEANING\Day 2\CS_0782_POSTWEAN_d2_p5_cowO_15112025_ch05-20251115185243_39427_39438.mp4,E:\cross_sucking\Pen 5 - Group 3\POSTWEANING\Day 2\CS_0782_POSTWEAN_d2_p5_cowO_15112025_ch05-20251115185243_39427_39438.mp4,skipped_existing,1,1,Pen_5_POSTWEAN_Day_2_15112025,Pen 5 - Group 3,POSTWEAN,2,5,15112025,O,other|8|reciprocal|side,39427.682,39438.865,39427.682,39438.865,G:\MONITORING CROSS SUCKING IN CALVES - KAPPEL - 2025\Pen 5 - Group 3\POSTWEANING\Day 2\ch05_20251115185243.mp4,ch05_20251115185243.mp4,39239.493024,40641.049313,188.188976,199.371976
813,CS_0783_POSTWEAN_d2_p5_cow6_15112025_ch05-20251115185243_39433_39438.mp4,Pen 5 - Group 3\POSTWEANING\Day 2\CS_0783_POSTWEAN_d2_p5_cow6_15112025_ch05-20251115185243_39433_39438.mp4,E:\cross_sucking\Pen 5 - Group 3\POSTWEANING\Day 2\CS_0783_POSTWEAN_d2_p5_cow6_15112025_ch05-20251115185243_39433_39438.mp4,skipped_existing,1,1,Pen_5_POSTWEAN_Day_2_15112025,Pen 5 - Group 3,POSTWEAN,2,5,15112025,6,other|8|three|side,39433.64,39438.865,39433.64,39438.865,G:\MONITORING CROSS SUCKING IN CALVES - KAPPEL - 2025\Pen 5 - Group 3\POSTWEANING\Day 2\ch05_20251115185243.mp4,ch05_20251115185243.mp4,39239.493024,40641.049313,194.146976,199.371976
814,CS_0784_POSTWEAN_d2_p5_cow8_15112025_ch05-20251115185243_39445_39476.mp4,Pen 5 - Group 3\POSTWEANING\Day 2\CS_0784_POSTWEAN_d2_p5_cow8_15112025_ch05-20251115185243_39445_39476.mp4,E:\cross_sucking\Pen 5 - Group 3\POSTWEANING\Day 2\CS_0784_POSTWEAN_d2_p5_cow8_15112025_ch05-20251115185243_39445_39476.mp4,skipped_existing,1,1,Pen_5_POSTWEAN_Day_2_15112025,Pen 5 - Group 3,POSTWEAN,2,5,15112025,8,other|O|reciprocal|side,39445.283,39476.454,39445.283,39476.454,G:\MONITORING CROSS SUCKING IN CALVES - KAPPEL - 2025\Pen 5 - Group 3\POSTWEANING\Day 2\ch05_20251115185243.mp4,ch05_20251115185243.mp4,39239.493024,40641.049313,205.789976,236.960976
815,CS_0785_POSTWEAN_d2_p5_cowO_15112025_ch05-20251115185243_39445_39463.mp4,Pen 5 - Group 3\POSTWEANING\Day 2\CS_0785_POSTWEAN_d2_p5_cowO_15112025_ch05-20251115185243_39445_39463.mp4,E:\cross_sucking\Pen 5 - Group 3\POSTWEANING\Day 2\CS_0785_POSTWEAN_d2_p5_cowO_15112025_ch05-20251115185243_39445_39463.mp4,skipped_existing,1,1,Pen_5_POSTWEAN_Day_2_15112025,Pen 5 - Group 3,POSTWEAN,2,5,15112025,O,other|8|reciprocal|side,39445.283,39463.148,39445.283,39463.148,G:\MONITORING CROSS SUCKING IN CALVES - KAPPEL - 2025\Pen 5 - Group 3\POSTWEANING\Day 2\ch05_20251115185243.mp4,ch05_20251115185243.mp4,39239.493024,40641.049313,205.789976,223.654976
816,CS_0786_POSTWEAN_d2_p5_cowO_15112025_ch05-20251115185243_39471_39476.mp4,Pen 5 - Group 3\POSTWEANING\Day 2\CS_0786_POSTWEAN_d2_p5_cowO_15112025_ch05-20251115185243_39471_39476.mp4,E:\cross_sucking\Pen 5 - Group 3\POSTWEANING\Day 2\CS_0786_POSTWEAN_d2_p5_cowO_15112025_ch05-20251115185243_39471_39476.mp4,skipped_existing,1,1,Pen_5_POSTWEAN_Day_2_15112025,Pen 5 - Group 3,POSTWEAN,2,5,15112025,O,other|8|reciprocal|side,39471.824,39476.454,39471.824,39476.454,G:\MONITORING CROSS SUCKING IN CALVES - KAPPEL - 2025\Pen 5 - Group 3\POSTWEANING\Day 2\ch05_20251115185243.mp4,ch05_20251115185243.mp4,39239.493024,40641.049313,232.330976,236.960976
817,CS_0787_POSTWEAN_d2_p5_cow1_15112025_ch05-20251115185243_39498_39551.mp4,Pen 5 - Group 3\POSTWEANING\Day 2\CS_0787_POSTWEAN_d2_p5_cow1_15112025_ch05-20251115185243_39498_39551.mp4,E:\cross_sucking\Pen 5 - Group 3\POSTWEANING\Day 2\CS_0787_POSTWEAN_d2_p5_cow1_15112025_ch05-20251115185243_39498_39551.mp4,skipped_existing,1,1,Pen_5_POSTWEAN_Day_2_15112025,Pen 5 - Group 3,POSTWEAN,2,5,15112025,1,other|O|reciprocal|side,39498.352,39551.678,39498.352,39551.678,G:\MONITORING CROSS SUCKING IN CALVES - KAPPEL - 2025\Pen 5 - Group 3\POSTWEANING\Day 2\ch05_20251115185243.mp4,ch05_20251115185243.mp4,39239.493024,40641.049313,258.858976,312.184976
818,CS_0788_POSTWEAN_d2_p5_cow8_15112025_ch05-20251115185243_39528_39537.mp4,Pen 5 - Group 3\POSTWEANING\Day 2\CS_0788_POSTWEAN_d2_p5_cow8_15112025_ch05-20251115185243_39528_39537.mp4,E:\cross_sucking\Pen 5 - Group 3\POSTWEANING\Day 2\CS_0788_POSTWEAN_d2_p5_cow8_15112025_ch05-20251115185243_39528_39537.mp4,skipped_existing,1,1,Pen_5_POSTWEAN_Day_2_15112025,Pen 5 - Group 3,POSTWEAN,2,5,15112025,8,other|O|three|side,39528.654,39537.322,39528.654,39537.322,G:\MONITORING CROSS SUCKING IN CALVES - KAPPEL - 2025\Pen 5 - Group 3\POSTWEANING\Day 2\ch05_20251115185243.mp4,ch05_20251115185243.mp4,39239.493024,40641.049313,289.160976,297.828976
819,CS_0789_POSTWEAN_d2_p5_cow1_15112025_ch05-20251115185243_39557_39729.mp4,Pen 5 - Group 3\POSTWEANING\Day 2\CS_0789_POSTWEAN_d2_p5_cow1_15112025_ch05-20251115185243_39557_39729.mp4,E:\cross_sucking\Pen 5 - Group 3\POSTWEANING\Day 2\CS_0789_POSTWEAN_d2_p5_cow1_15112025_ch05-20251115185243_39557_39729.mp4,skipped_existing,1,1,Pen_5_POSTWEAN_Day_2_15112025,Pen 5 - Group 3,POSTWEAN,2,5,15112025,1,other|O|None|side,39557.305,39729.661,39557.305,39729.661,G:\MONITORING CROSS SUCKING IN CALVES - KAPPEL - 2025\Pen 5 - Group 3\POSTWEANING\Day 2\ch05_20251115185243.mp4,ch05_20251115185243.mp4,39239.493024,40641.049313,317.811976,490.167976
820,CS_0790_POSTWEAN_d2_p5_cowO_15112025_ch05-20251115185243_39558_39729.mp4,Pen 5 - Group 3\POSTWEANING\Day 2\CS_0790_POSTWEAN_d2_p5_cowO_15112025_ch05-20251115185243_39558_39729.mp4,E:\cross_sucking\Pen 5 - Group 3\POSTWEANING\Day 2\CS_0790_POSTWEAN_d2_p5_cowO_15112025_ch05-20251115185243_39558_39729.mp4,skipped_existing,1,1,Pen_5_POSTWEAN_Day_2_15112025,Pen 5 - Group 3,POSTWEAN,2,5,15112025,O,other|1|reciprocal|side,39558.231,39729.067,39558.231,39729.067,G:\MONITORING CROSS SUCKING IN CALVES - KAPPEL - 2025\Pen 5 - Group 3\POSTWEANING\Day 2\ch05_20251115185243.mp4,ch05_20251115185243.mp4,39239.493024,40641.049313,318.737976,489.573976
821,CS_0791_POSTWEAN_d2_p5_cow8_15112025_ch05-20251115220100_50596_50617.mp4,Pen 5 - Group 3\POSTWEANING\Day 2\CS_0791_POSTWEAN_d2_p5_cow8_15112025_ch05-20251115220100_50596_50617.mp4,E:\cross_sucking\Pen 5 - Group 3\POSTWEANING\Day 2\CS_0791_POSTWEAN_d2_p5_cow8_15112025_ch05-20251115220100_50596_50617.mp4,skipped_existing,1,1,Pen_5_POSTWEAN_Day_2_15112025,Pen 5 - Group 3,POSTWEAN,2,5,15112025,8,grain feeder|O|None|side,50596.395,50617.169,50596.395,50617.169,G:\MONITORING CROSS SUCKING IN CALVES - KAPPEL - 2025\Pen 5 - Group 3\POSTWEANING\Day 2\ch05_20251115220100.mp4,ch05_20251115220100.mp4,50451.620336,51853.123625,144.774664,165.548664
822,CS_0792_POSTWEAN_d2_p5_cow2_15112025_ch05-20251115222431_52135_52177.mp4,Pen 5 - Group 3\POSTWEANING\Day 2\CS_0792_POSTWEAN_d2_p5_cow2_15112025_ch05-20251115222431_52135_52177.mp4,E:\cross_sucking\Pen 5 - Group 3\POSTWEANING\Day 2\CS_0792_POSTWEAN_d2_p5_cow2_15112025_ch05-20251115222431_52135_52177.mp4,skipped_existing,1,1,Pen_5_POSTWEAN_Day_2_15112025,Pen 5 - Group 3,POSTWEAN,2,5,15112025,2,grain feeder|A|None|behind,52135.306,52177.723,52135.306,52177.723,G:\MONITORING CROSS SUCKING IN CALVES - KAPPEL - 2025\Pen 5 - Group 3\POSTWEANING\Day 2\ch05_20251115222431.mp4,ch05_20251115222431.mp4,51853.123625,53254.610558,282.182375,324.599375
823,CS_0793_POSTWEAN_d2_p5_cowslash_15112025_ch05-20251116021951_66464_66571.mp4,Pen 5 - Group 3\POSTWEANING\Day 2\CS_0793_POSTWEAN_d2_p5_cowslash_15112025_ch05-20251116021951_66464_66571.mp4,E:\cross_sucking\Pen 5 - Group 3\POSTWEANING\Day 2\CS_0793_POSTWEAN_d2_p5_cowslash_15112025_ch05-20251116021951_66464_66571.mp4,skipped_existing,1,1,Pen_5_POSTWEAN_Day_2_15112025,Pen 5 - Group 3,POSTWEAN,2,5,15112025,/,other|1|None|side,66464.64,66571.702,66464.64,66571.702,G:\MONITORING CROSS SUCKING IN CALVES - KAPPEL - 2025\Pen 5 - Group 3\POSTWEANING\Day 2\ch05_20251116021951.mp4,ch05_20251116021951.mp4,65868.086803,67269.558092,596.553197,703.615197
824,CS_0794_POSTWEAN_d2_p5_cow1_15112025_ch05-20251116021951_66469_66507.mp4,Pen 5 - Group 3\POSTWEANING\Day 2\CS_0794_POSTWEAN_d2_p5_cow1_15112025_ch05-20251116021951_66469_66507.mp4,E:\cross_sucking\Pen 5 - Group 3\POSTWEANING\Day 2\CS_0794_POSTWEAN_d2_p5_cow1_15112025_ch05-20251116021951_66469_66507.mp4,skipped_existing,1,1,Pen_5_POSTWEAN_Day_2_15112025,Pen 5 - Group 3,POSTWEAN,2,5,15112025,1,other|/|reciprocal|side,66469.737,66507.312,66469.737,66507.312,G:\MONITORING CROSS SUCKING IN CALVES - KAPPEL - 2025\Pen 5 - Group 3\POSTWEANING\Day 2\ch05_20251116021951.mp4,ch05_20251116021951.mp4,65868.086803,67269.558092,601.650197,639.225197
825,CS_0795_POSTWEAN_d2_p5_cow1_15112025_ch05-20251116021951_66542_66559.mp4,Pen 5 - Group 3\POSTWEANING\Day 2\CS_0795_POSTWEAN_d2_p5_cow1_15112025_ch05-20251116021951_66542_66559.mp4,E:\cross_sucking\Pen 5 - Group 3\POSTWEANING\Day 2\CS_0795_POSTWEAN_d2_p5_cow1_15112025_ch05-20251116021951_66542_66559.mp4,skipped_existing,1,1,Pen_5_POSTWEAN_Day_2_15112025,Pen 5 - Group 3,POSTWEAN,2,5,15112025,1,other|/|reciprocal|side,66542.253,66559.788,66542.253,66559.788,G:\MONITORING CROSS SUCKING IN CALVES - KAPPEL - 2025\Pen 5 - Group 3\POSTWEANING\Day 2\ch05_20251116021951.mp4,ch05_20251116021951.mp4,65868.086803,67269.558092,674.166197,691.701197
826,CS_0796_POSTWEAN_d2_p5_cowslash_15112025_ch05-20251116021951_66588_66776.mp4,Pen 5 - Group 3\POSTWEANING\Day 2\CS_0796_POSTWEAN_d2_p5_cowslash_15112025_ch05-20251116021951_66588_66776.mp4,E:\cross_sucking\Pen 5 - Group 3\POSTWEANING\Day 2\CS_0796_POSTWEAN_d2_p5_cowslash_15112025_ch05-20251116021951_66588_66776.mp4,skipped_existing,1,1,Pen_5_POSTWEAN_Day_2_15112025,Pen 5 - Group 3,POSTWEAN,2,5,15112025,/,hay|1|None|behind,66588.112,66776.024,66588.112,66776.024,G:\MONITORING CROSS SUCKING IN CALVES - KAPPEL - 2025\Pen 5 - Group 3\POSTWEANING\Day 2\ch05_20251116021951.mp4,ch05_20251116021951.mp4,65868.086803,67269.558092,720.025197,907.937197
827,CS_0797_POSTWEAN_d3_p5_cow6_16112025_ch05-20251116094658_7736_7756.mp4,Pen 5 - Group 3\POSTWEANING\Day 3\CS_0797_POSTWEAN_d3_p5_cow6_16112025_ch05-20251116094658_7736_7756.mp4,E:\cross_sucking\Pen 5 - Group 3\POSTWEANING\Day 3\CS_0797_POSTWEAN_d3_p5_cow6_16112025_ch05-20251116094658_7736_7756.mp4,skipped_existing,1,1,Pen_5_POSTWEAN_Day_3_16112025,Pen 5 - Group 3,POSTWEAN,3,5,16112025,6,hay|A|None|side,7736.146,7756.521,7736.146,7756.521,G:\MONITORING CROSS SUCKING IN CALVES - KAPPEL - 2025\Pen 5 - Group 3\POSTWEANING\Day 3\ch05_20251116094658.mp4,ch05_20251116094658.mp4,7005.853445,8407.300734,730.292555,750.667555
828,CS_0798_POSTWEAN_d3_p5_cow6_16112025_ch05-20251116094658_7766_7789.mp4,Pen 5 - Group 3\POSTWEANING\Day 3\CS_0798_POSTWEAN_d3_p5_cow6_16112025_ch05-20251116094658_7766_7789.mp4,E:\cross_sucking\Pen 5 - Group 3\POSTWEANING\Day 3\CS_0798_POSTWEAN_d3_p5_cow6_16112025_ch05-20251116094658_7766_7789.mp4,skipped_existing,1,1,Pen_5_POSTWEAN_Day_3_16112025,Pen 5 - Group 3,POSTWEAN,3,5,16112025,6,None|A|None|side,7766.191,7789.475,7766.191,7789.475,G:\MONITORING CROSS SUCKING IN CALVES - KAPPEL - 2025\Pen 5 - Group 3\POSTWEANING\Day 3\ch05_20251116094658.mp4,ch05_20251116094658.mp4,7005.853445,8407.300734,760.337555,783.621555
829,CS_0799_POSTWEAN_d3_p5_cowA_16112025_ch05-20251116094658_7784_7792.mp4,Pen 5 - Group 3\POSTWEANING\Day 3\CS_0799_POSTWEAN_d3_p5_cowA_16112025_ch05-20251116094658_7784_7792.mp4,E:\cross_sucking\Pen 5 - Group 3\POSTWEANING\Day 3\CS_0799_POSTWEAN_d3_p5_cowA_16112025_ch05-20251116094658_7784_7792.mp4,skipped_existing,1,1,Pen_5_POSTWEAN_Day_3_16112025,Pen 5 - Group 3,POSTWEAN,3,5,16112025,A,hay|8|None|side,7784.322,7792.584,7784.322,7792.584,G:\MONITORING CROSS SUCKING IN CALVES - KAPPEL - 2025\Pen 5 - Group 3\POSTWEANING\Day 3\ch05_20251116094658.mp4,ch05_20251116094658.mp4,7005.853445,8407.300734,778.468555,786.730555
830,CS_0800_POSTWEAN_d3_p5_cow6_16112025_ch05-20251116094658_7794_7871.mp4,Pen 5 - Group 3\POSTWEANING\Day 3\CS_0800_POSTWEAN_d3_p5_cow6_16112025_ch05-20251116094658_7794_7871.mp4,E:\cross_sucking\Pen 5 - Group 3\POSTWEANING\Day 3\CS_0800_POSTWEAN_d3_p5_cow6_16112025_ch05-20251116094658_7794_7871.mp4,skipped_existing,1,1,Pen_5_POSTWEAN_Day_3_16112025,Pen 5 - Group 3,POSTWEAN,3,5,16112025,6,other|A|None|side,7794.914,7871.852,7794.914,7871.852,G:\MONITORING CROSS SUCKING IN CALVES - KAPPEL - 2025\Pen 5 - Group 3\POSTWEANING\Day 3\ch05_20251116094658.mp4,ch05_20251116094658.mp4,7005.853445,8407.300734,789.060555,865.998555
831,CS_0801_POSTWEAN_d3_p5_cowA_16112025_ch05-20251116094658_7798_7874.mp4,Pen 5 - Group 3\POSTWEANING\Day 3\CS_0801_POSTWEAN_d3_p5_cowA_16112025_ch05-20251116094658_7798_7874.mp4,E:\cross_sucking\Pen 5 - Group 3\POSTWEANING\Day 3\CS_0801_POSTWEAN_d3_p5_cowA_16112025_ch05-20251116094658_7798_7874.mp4,skipped_existing,1,1,Pen_5_POSTWEAN_Day_3_16112025,Pen 5 - Group 3,POSTWEAN,3,5,16112025,A,other|6|reciprocal|side,7798.882,7874.632,7798.882,7874.632,G:\MONITORING CROSS SUCKING IN CALVES - KAPPEL - 2025\Pen 5 - Group 3\POSTWEANING\Day 3\ch05_20251116094658.mp4,ch05_20251116094658.mp4,7005.853445,8407.300734,793.028555,868.778555
832,CS_0802_POSTWEAN_d3_p5_cow6_16112025_ch05-20251116094658_7884_7896.mp4,Pen 5 - Group 3\POSTWEANING\Day 3\CS_0802_POSTWEAN_d3_p5_cow6_16112025_ch05-20251116094658_7884_7896.mp4,E:\cross_sucking\Pen 5 - Group 3\POSTWEANING\Day 3\CS_0802_POSTWEAN_d3_p5_cow6_16112025_ch05-20251116094658_7884_7896.mp4,skipped_existing,1,1,Pen_5_POSTWEAN_Day_3_16112025,Pen 5 - Group 3,POSTWEAN,3,5,16112025,6,other|A|None|side,7884.026,7896.397,7884.026,7896.397,G:\MONITORING CROSS SUCKING IN CALVES - KAPPEL - 2025\Pen 5 - Group 3\POSTWEANING\Day 3\ch05_20251116094658.mp4,ch05_20251116094658.mp4,7005.853445,8407.300734,878.172555,890.543555
833,CS_0803_POSTWEAN_d3_p5_cowA_16112025_ch05-20251116094658_7885_7894.mp4,Pen 5 - Group 3\POSTWEANING\Day 3\CS_0803_POSTWEAN_d3_p5_cowA_16112025_ch05-20251116094658_7885_7894.mp4,E:\cross_sucking\Pen 5 - Group 3\POSTWEANING\Day 3\CS_0803_POSTWEAN_d3_p5_cowA_16112025_ch05-20251116094658_7885_7894.mp4,skipped_existing,1,1,Pen_5_POSTWEAN_Day_3_16112025,Pen 5 - Group 3,POSTWEAN,3,5,16112025,A,other|6|reciprocal|side,7885.614,7894.347,7885.614,7894.347,G:\MONITORING CROSS SUCKING IN CALVES - KAPPEL - 2025\Pen 5 - Group 3\POSTWEANING\Day 3\ch05_20251116094658.mp4,ch05_20251116094658.mp4,7005.853445,8407.300734,879.760555,888.493555
834,CS_0804_POSTWEAN_d3_p5_cow6_16112025_ch05-20251116094658_7908_7919.mp4,Pen 5 - Group 3\POSTWEANING\Day 3\CS_0804_POSTWEAN_d3_p5_cow6_16112025_ch05-20251116094658_7908_7919.mp4,E:\cross_sucking\Pen 5 - Group 3\POSTWEANING\Day 3\CS_0804_POSTWEAN_d3_p5_cow6_16112025_ch05-20251116094658_7908_7919.mp4,skipped_existing,1,1,Pen_5_POSTWEAN_Day_3_16112025,Pen 5 - Group 3,POSTWEAN,3,5,16112025,6,other|A|reciprocal|side,7908.763,7919.957,7908.763,7919.957,G:\MONITORING CROSS SUCKING IN CALVES - KAPPEL - 2025\Pen 5 - Group 3\POSTWEANING\Day 3\ch05_20251116094658.mp4,ch05_20251116094658.mp4,7005.853445,8407.300734,902.909555,914.103555
835,CS_0805_POSTWEAN_d3_p5_cowA_16112025_ch05-20251116094658_7916_7920.mp4,Pen 5 - Group 3\POSTWEANING\Day 3\CS_0805_POSTWEAN_d3_p5_cowA_16112025_ch05-20251116094658_7916_7920.mp4,E:\cross_sucking\Pen 5 - Group 3\POSTWEANING\Day 3\CS_0805_POSTWEAN_d3_p5_cowA_16112025_ch05-20251116094658_7916_7920.mp4,skipped_existing,1,1,Pen_5_POSTWEAN_Day_3_16112025,Pen 5 - Group 3,POSTWEAN,3,5,16112025,A,other|6|None|side,7916.439,7920.145,7916.439,7920.145,G:\MONITORING CROSS SUCKING IN CALVES - KAPPEL - 2025\Pen 5 - Group 3\POSTWEANING\Day 3\ch05_20251116094658.mp4,ch05_20251116094658.mp4,7005.853445,8407.300734,910.585555,914.291555
836,CS_0806_POSTWEAN_d3_p5_cowA_16112025_ch05-20251116094658_7925_7940.mp4,Pen 5 - Group 3\POSTWEANING\Day 3\CS_0806_POSTWEAN_d3_p5_cowA_16112025_ch05-20251116094658_7925_7940.mp4,E:\cross_sucking\Pen 5 - Group 3\POSTWEANING\Day 3\CS_0806_POSTWEAN_d3_p5_cowA_16112025_ch05-20251116094658_7925_7940.mp4,skipped_existing,1,1,Pen_5_POSTWEAN_Day_3_16112025,Pen 5 - Group 3,POSTWEAN,3,5,16112025,A,other|6|None|side,7925.705,7940.998,7925.705,7940.998,G:\MONITORING CROSS SUCKING IN CALVES - KAPPEL - 2025\Pen 5 - Group 3\POSTWEANING\Day 3\ch05_20251116094658.mp4,ch05_20251116094658.mp4,7005.853445,8407.300734,919.851555,935.144555
837,CS_0807_POSTWEAN_d3_p5_cow6_16112025_ch05-20251116094658_7928_7937.mp4,Pen 5 - Group 3\POSTWEANING\Day 3\CS_0807_POSTWEAN_d3_p5_cow6_16112025_ch05-20251116094658_7928_7937.mp4,E:\cross_sucking\Pen 5 - Group 3\POSTWEANING\Day 3\CS_0807_POSTWEAN_d3_p5_cow6_16112025_ch05-20251116094658_7928_7937.mp4,skipped_existing,1,1,Pen_5_POSTWEAN_Day_3_16112025,Pen 5 - Group 3,POSTWEAN,3,5,16112025,6,other|A|reciprocal|side,7928.548,7937.956,7928.548,7937.956,G:\MONITORING CROSS SUCKING IN CALVES - KAPPEL - 2025\Pen 5 - Group 3\POSTWEANING\Day 3\ch05_20251116094658.mp4,ch05_20251116094658.mp4,7005.853445,8407.300734,922.694555,932.102555
838,CS_0808_POSTWEAN_d3_p5_cow6_16112025_ch05-20251116094658_7943_7966.mp4,Pen 5 - Group 3\POSTWEANING\Day 3\CS_0808_POSTWEAN_d3_p5_cow6_16112025_ch05-20251116094658_7943_7966.mp4,E:\cross_sucking\Pen 5 - Group 3\POSTWEANING\Day 3\CS_0808_POSTWEAN_d3_p5_cow6_16112025_ch05-20251116094658_7943_7966.mp4,skipped_existing,1,1,Pen_5_POSTWEAN_Day_3_16112025,Pen 5 - Group 3,POSTWEAN,3,5,16112025,6,other|A|None|side,7943.18,7966.2,7943.18,7966.2,G:\MONITORING CROSS SUCKING IN CALVES - KAPPEL - 2025\Pen 5 - Group 3\POSTWEANING\Day 3\ch05_20251116094658.mp4,ch05_20251116094658.mp4,7005.853445,8407.300734,937.326555,960.346555
839,CS_0809_POSTWEAN_d3_p5_cowA_16112025_ch05-20251116094658_7950_7966.mp4,Pen 5 - Group 3\POSTWEANING\Day 3\CS_0809_POSTWEAN_d3_p5_cowA_16112025_ch05-20251116094658_7950_7966.mp4,E:\cross_sucking\Pen 5 - Group 3\POSTWEANING\Day 3\CS_0809_POSTWEAN_d3_p5_cowA_16112025_ch05-20251116094658_7950_7966.mp4,skipped_existing,1,1,Pen_5_POSTWEAN_Day_3_16112025,Pen 5 - Group 3,POSTWEAN,3,5,16112025,A,other|6|reciprocal|side,7950.519,7966.2,7950.519,7966.2,G:\MONITORING CROSS SUCKING IN CALVES - KAPPEL - 2025\Pen 5 - Group 3\POSTWEANING\Day 3\ch05_20251116094658.mp4,ch05_20251116094658.mp4,7005.853445,8407.300734,944.665555,960.346555
840,CS_0810_POSTWEAN_d3_p5_cowT_16112025_ch05-20251116125510_18705_18720.mp4,Pen 5 - Group 3\POSTWEANING\Day 3\CS_0810_POSTWEAN_d3_p5_cowT_16112025_ch05-20251116125510_18705_18720.mp4,E:\cross_sucking\Pen 5 - Group 3\POSTWEANING\Day 3\CS_0810_POSTWEAN_d3_p5_cowT_16112025_ch05-20251116125510_18705_18720.mp4,skipped_existing,1,1,Pen_5_POSTWEAN_Day_3_16112025,Pen 5 - Group 3,POSTWEAN,3,5,16112025,T,other|O|None|side,18705.299,18720.318,18705.299,18720.318,G:\MONITORING CROSS SUCKING IN CALVES - KAPPEL - 2025\Pen 5 - Group 3\POSTWEANING\Day 3\ch05_20251116125510.mp4,ch05_20251116125510.mp4,18212.996757,19614.404046,492.302243,507.321243
841,CS_0811_POSTWEAN_d3_p5_cow8_16112025_ch05-20251116125510_18723_18743.mp4,Pen 5 - Group 3\POSTWEANING\Day 3\CS_0811_POSTWEAN_d3_p5_cow8_16112025_ch05-20251116125510_18723_18743.mp4,E:\cross_sucking\Pen 5 - Group 3\POSTWEANING\Day 3\CS_0811_POSTWEAN_d3_p5_cow8_16112025_ch05-20251116125510_18723_18743.mp4,skipped_existing,1,1,Pen_5_POSTWEAN_Day_3_16112025,Pen 5 - Group 3,POSTWEAN,3,5,16112025,8,other|O|reciprocal|side,18723.625,18743.016,18723.625,18743.016,G:\MONITORING CROSS SUCKING IN CALVES - KAPPEL - 2025\Pen 5 - Group 3\POSTWEANING\Day 3\ch05_20251116125510.mp4,ch05_20251116125510.mp4,18212.996757,19614.404046,510.628243,530.019243
842,CS_0812_POSTWEAN_d3_p5_cowO_16112025_ch05-20251116125510_18723_18773.mp4,Pen 5 - Group 3\POSTWEANING\Day 3\CS_0812_POSTWEAN_d3_p5_cowO_16112025_ch05-20251116125510_18723_18773.mp4,E:\cross_sucking\Pen 5 - Group 3\POSTWEANING\Day 3\CS_0812_POSTWEAN_d3_p5_cowO_16112025_ch05-20251116125510_18723_18773.mp4,skipped_existing,1,1,Pen_5_POSTWEAN_Day_3_16112025,Pen 5 - Group 3,POSTWEAN,3,5,16112025,O,other|8|reciprocal|side,18723.625,18773.525,18723.625,18773.525,G:\MONITORING CROSS SUCKING IN CALVES - KAPPEL - 2025\Pen 5 - Group 3\POSTWEANING\Day 3\ch05_20251116125510.mp4,ch05_20251116125510.mp4,18212.996757,19614.404046,510.628243,560.528243
843,CS_0813_POSTWEAN_d3_p5_cowO_16112025_ch05-20251116125510_18777_18835.mp4,Pen 5 - Group 3\POSTWEANING\Day 3\CS_0813_POSTWEAN_d3_p5_cowO_16112025_ch05-20251116125510_18777_18835.mp4,E:\cross_sucking\Pen 5 - Group 3\POSTWEANING\Day 3\CS_0813_POSTWEAN_d3_p5_cowO_16112025_ch05-20251116125510_18777_18835.mp4,skipped_existing,1,1,Pen_5_POSTWEAN_Day_3_16112025,Pen 5 - Group 3,POSTWEAN,3,5,16112025,O,other|8|None|side,18777.299,18835.196,18777.299,18835.196,G:\MONITORING CROSS SUCKING IN CALVES - KAPPEL - 2025\Pen 5 - Group 3\POSTWEANING\Day 3\ch05_20251116125510.mp4,ch05_20251116125510.mp4,18212.996757,19614.404046,564.302243,622.199243
844,CS_0814_POSTWEAN_d3_p5_cow8_16112025_ch05-20251116125510_18809_18827.mp4,Pen 5 - Group 3\POSTWEANING\Day 3\CS_0814_POSTWEAN_d3_p5_cow8_16112025_ch05-20251116125510_18809_18827.mp4,E:\cross_sucking\Pen 5 - Group 3\POSTWEANING\Day 3\CS_0814_POSTWEAN_d3_p5_cow8_16112025_ch05-20251116125510_18809_18827.mp4,skipped_existing,1,1,Pen_5_POSTWEAN_Day_3_16112025,Pen 5 - Group 3,POSTWEAN,3,5,16112025,8,other|O|reciprocal|side,18809.651,18827.453,18809.651,18827.453,G:\MONITORING CROSS SUCKING IN CALVES - KAPPEL - 2025\Pen 5 - Group 3\POSTWEANING\Day 3\ch05_20251116125510.mp4,ch05_20251116125510.mp4,18212.996757,19614.404046,596.654243,614.456243
845,CS_0815_POSTWEAN_d3_p5_cowO_16112025_ch05-20251116125510_18842_18852.mp4,Pen 5 - Group 3\POSTWEANING\Day 3\CS_0815_POSTWEAN_d3_p5_cowO_16112025_ch05-20251116125510_18842_18852.mp4,E:\cross_sucking\Pen 5 - Group 3\POSTWEANING\Day 3\CS_0815_POSTWEAN_d3_p5_cowO_16112025_ch05-20251116125510_18842_18852.mp4,skipped_existing,1,1,Pen_5_POSTWEAN_Day_3_16112025,Pen 5 - Group 3,POSTWEAN,3,5,16112025,O,other|8|None|side,18842.012,18852.857,18842.012,18852.857,G:\MONITORING CROSS SUCKING IN CALVES - KAPPEL - 2025\Pen 5 - Group 3\POSTWEANING\Day 3\ch05_20251116125510.mp4,ch05_20251116125510.mp4,18212.996757,19614.404046,629.015243,639.860243
846,CS_0816_POSTWEAN_d3_p5_cowO_16112025_ch05-20251116125510_18894_18924.mp4,Pen 5 - Group 3\POSTWEANING\Day 3\CS_0816_POSTWEAN_d3_p5_cowO_16112025_ch05-20251116125510_18894_18924.mp4,E:\cross_sucking\Pen 5 - Group 3\POSTWEANING\Day 3\CS_0816_POSTWEAN_d3_p5_cowO_16112025_ch05-20251116125510_18894_18924.mp4,skipped_existing,1,1,Pen_5_POSTWEAN_Day_3_16112025,Pen 5 - Group 3,POSTWEAN,3,5,16112025,O,other|8|None|side,18894.667,18924.588,18894.667,18924.588,G:\MONITORING CROSS SUCKING IN CALVES - KAPPEL - 2025\Pen 5 - Group 3\POSTWEANING\Day 3\ch05_20251116125510.mp4,ch05_20251116125510.mp4,18212.996757,19614.404046,681.670243,711.591243
847,CS_0817_POSTWEAN_d3_p5_cowO_16112025_ch05-20251116125510_18929_18935.mp4,Pen 5 - Group 3\POSTWEANING\Day 3\CS_0817_POSTWEAN_d3_p5_cowO_16112025_ch05-20251116125510_18929_18935.mp4,E:\cross_sucking\Pen 5 - Group 3\POSTWEANING\Day 3\CS_0817_POSTWEAN_d3_p5_cowO_16112025_ch05-20251116125510_18929_18935.mp4,skipped_existing,1,1,Pen_5_POSTWEAN_Day_3_16112025,Pen 5 - Group 3,POSTWEAN,3,5,16112025,O,other|8|None|side,18929.273,18935.359,18929.273,18935.359,G:\MONITORING CROSS SUCKING IN CALVES - KAPPEL - 2025\Pen 5 - Group 3\POSTWEANING\Day 3\ch05_20251116125510.mp4,ch05_20251116125510.mp4,18212.996757,19614.404046,716.276243,722.362243
848,CS_0818_POSTWEAN_d3_p5_cow8_16112025_ch05-20251116125510_18969_19031.mp4,Pen 5 - Group 3\POSTWEANING\Day 3\CS_0818_POSTWEAN_d3_p5_cow8_16112025_ch05-20251116125510_18969_19031.mp4,E:\cross_sucking\Pen 5 - Group 3\POSTWEANING\Day 3\CS_0818_POSTWEAN_d3_p5_cow8_16112025_ch05-20251116125510_18969_19031.mp4,skipped_existing,1,1,Pen_5_POSTWEAN_Day_3_16112025,Pen 5 - Group 3,POSTWEAN,3,5,16112025,8,other|O|reciprocal|side,18969.317,19031.321,18969.317,19031.321,G:\MONITORING CROSS SUCKING IN CALVES - KAPPEL - 2025\Pen 5 - Group 3\POSTWEANING\Day 3\ch05_20251116125510.mp4,ch05_20251116125510.mp4,18212.996757,19614.404046,756.320243,818.324243
849,CS_0819_POSTWEAN_d3_p5_cowO_16112025_ch05-20251116125510_18969_19057.mp4,Pen 5 - Group 3\POSTWEANING\Day 3\CS_0819_POSTWEAN_d3_p5_cowO_16112025_ch05-20251116125510_18969_19057.mp4,E:\cross_sucking\Pen 5 - Group 3\POSTWEANING\Day 3\CS_0819_POSTWEAN_d3_p5_cowO_16112025_ch05-20251116125510_18969_19057.mp4,skipped_existing,1,1,Pen_5_POSTWEAN_Day_3_16112025,Pen 5 - Group 3,POSTWEAN,3,5,16112025,O,other|O|reciprocal|side,18969.317,19057.386,18969.317,19057.386,G:\MONITORING CROSS SUCKING IN CALVES - KAPPEL - 2025\Pen 5 - Group 3\POSTWEANING\Day 3\ch05_20251116125510.mp4,ch05_20251116125510.mp4,18212.996757,19614.404046,756.320243,844.389243
850,CS_0820_POSTWEAN_d3_p5_cow8_16112025_ch05-20251116125510_19039_19072.mp4,Pen 5 - Group 3\POSTWEANING\Day 3\CS_0820_POSTWEAN_d3_p5_cow8_16112025_ch05-20251116125510_19039_19072.mp4,E:\cross_sucking\Pen 5 - Group 3\POSTWEANING\Day 3\CS_0820_POSTWEAN_d3_p5_cow8_16112025_ch05-20251116125510_19039_19072.mp4,skipped_existing,1,1,Pen_5_POSTWEAN_Day_3_16112025,Pen 5 - Group 3,POSTWEAN,3,5,16112025,8,other|O|reciprocal|side,19039.733,19072.671,19039.733,19072.671,G:\MONITORING CROSS SUCKING IN CALVES - KAPPEL - 2025\Pen 5 - Group 3\POSTWEANING\Day 3\ch05_20251116125510.mp4,ch05_20251116125510.mp4,18212.996757,19614.404046,826.736243,859.674243
851,CS_0821_POSTWEAN_d3_p5_cow8_16112025_ch05-20251116125510_19102_19115.mp4,Pen 5 - Group 3\POSTWEANING\Day 3\CS_0821_POSTWEAN_d3_p5_cow8_16112025_ch05-20251116125510_19102_19115.mp4,E:\cross_sucking\Pen 5 - Group 3\POSTWEANING\Day 3\CS_0821_POSTWEAN_d3_p5_cow8_16112025_ch05-20251116125510_19102_19115.mp4,skipped_existing,1,1,Pen_5_POSTWEAN_Day_3_16112025,Pen 5 - Group 3,POSTWEAN,3,5,16112025,8,other|O|None|side,19102.312,19115.086,19102.312,19115.086,G:\MONITORING CROSS SUCKING IN CALVES - KAPPEL - 2025\Pen 5 - Group 3\POSTWEANING\Day 3\ch05_20251116125510.mp4,ch05_20251116125510.mp4,18212.996757,19614.404046,889.315243,902.089243
852,CS_0822_POSTWEAN_d3_p5_cowslash_16112025_ch05-20251116140545_22661_22804.mp4,Pen 5 - Group 3\POSTWEANING\Day 3\CS_0822_POSTWEAN_d3_p5_cowslash_16112025_ch05-20251116140545_22661_22804.mp4,E:\cross_sucking\Pen 5 - Group 3\POSTWEANING\Day 3\CS_0822_POSTWEAN_d3_p5_cowslash_16112025_ch05-20251116140545_22661_22804.mp4,skipped_existing,1,1,Pen_5_POSTWEAN_Day_3_16112025,Pen 5 - Group 3,POSTWEAN,3,5,16112025,/,other|1|None|side,22661.961,22804.545,22661.961,22804.545,G:\MONITORING CROSS SUCKING IN CALVES - KAPPEL - 2025\Pen 5 - Group 3\POSTWEANING\Day 3\ch05_20251116140545.mp4,ch05_20251116140545.mp4,22417.115624,23818.506913,244.845376,387.429376
853,CS_0823_POSTWEAN_d3_p5_cow1_16112025_ch05-20251116140545_22664_22698.mp4,Pen 5 - Group 3\POSTWEANING\Day 3\CS_0823_POSTWEAN_d3_p5_cow1_16112025_ch05-20251116140545_22664_22698.mp4,E:\cross_sucking\Pen 5 - Group 3\POSTWEANING\Day 3\CS_0823_POSTWEAN_d3_p5_cow1_16112025_ch05-20251116140545_22664_22698.mp4,skipped_existing,1,1,Pen_5_POSTWEAN_Day_3_16112025,Pen 5 - Group 3,POSTWEAN,3,5,16112025,1,other|/|reciprocal|side,22664.412,22698.291,22664.412,22698.291,G:\MONITORING CROSS SUCKING IN CALVES - KAPPEL - 2025\Pen 5 - Group 3\POSTWEANING\Day 3\ch05_20251116140545.mp4,ch05_20251116140545.mp4,22417.115624,23818.506913,247.296376,281.175376
854,CS_0824_POSTWEAN_d3_p5_cow1_16112025_ch05-20251116140545_22720_22804.mp4,Pen 5 - Group 3\POSTWEANING\Day 3\CS_0824_POSTWEAN_d3_p5_cow1_16112025_ch05-20251116140545_22720_22804.mp4,E:\cross_sucking\Pen 5 - Group 3\POSTWEANING\Day 3\CS_0824_POSTWEAN_d3_p5_cow1_16112025_ch05-20251116140545_22720_22804.mp4,skipped_existing,1,1,Pen_5_POSTWEAN_Day_3_16112025,Pen 5 - Group 3,POSTWEAN,3,5,16112025,1,other|/|reciprocal|side,22720.19,22804.413,22720.19,22804.413,G:\MONITORING CROSS SUCKING IN CALVES - KAPPEL - 2025\Pen 5 - Group 3\POSTWEANING\Day 3\ch05_20251116140545.mp4,ch05_20251116140545.mp4,22417.115624,23818.506913,303.074376,387.297376
855,CS_0825_POSTWEAN_d3_p5_cowslash_16112025_ch05-20251116140545_22814_22867.mp4,Pen 5 - Group 3\POSTWEANING\Day 3\CS_0825_POSTWEAN_d3_p5_cowslash_16112025_ch05-20251116140545_22814_22867.mp4,E:\cross_sucking\Pen 5 - Group 3\POSTWEANING\Day 3\CS_0825_POSTWEAN_d3_p5_cowslash_16112025_ch05-20251116140545_22814_22867.mp4,skipped_existing,1,1,Pen_5_POSTWEAN_Day_3_16112025,Pen 5 - Group 3,POSTWEAN,3,5,16112025,/,other|1|reciprocal|side,22814.601,22867.88,22814.601,22867.88,G:\MONITORING CROSS SUCKING IN CALVES - KAPPEL - 2025\Pen 5 - Group 3\POSTWEANING\Day 3\ch05_20251116140545.mp4,ch05_20251116140545.mp4,22417.115624,23818.506913,397.485376,450.764376
856,CS_0826_POSTWEAN_d3_p5_cow1_16112025_ch05-20251116140545_22814_22836.mp4,Pen 5 - Group 3\POSTWEANING\Day 3\CS_0826_POSTWEAN_d3_p5_cow1_16112025_ch05-20251116140545_22814_22836.mp4,E:\cross_sucking\Pen 5 - Group 3\POSTWEANING\Day 3\CS_0826_POSTWEAN_d3_p5_cow1_16112025_ch05-20251116140545_22814_22836.mp4,skipped_existing,1,1,Pen_5_POSTWEAN_Day_3_16112025,Pen 5 - Group 3,POSTWEAN,3,5,16112025,1,other|/|reciprocal|side,22814.601,22836.773,22814.601,22836.773,G:\MONITORING CROSS SUCKING IN CALVES - KAPPEL - 2025\Pen 5 - Group 3\POSTWEANING\Day 3\ch05_20251116140545.mp4,ch05_20251116140545.mp4,22417.115624,23818.506913,397.485376,419.657376
857,CS_0827_POSTWEAN_d3_p5_cowslash_16112025_ch05-20251116140545_22881_22901.mp4,Pen 5 - Group 3\POSTWEANING\Day 3\CS_0827_POSTWEAN_d3_p5_cowslash_16112025_ch05-20251116140545_22881_22901.mp4,E:\cross_sucking\Pen 5 - Group 3\POSTWEANING\Day 3\CS_0827_POSTWEAN_d3_p5_cowslash_16112025_ch05-20251116140545_22881_22901.mp4,skipped_existing,1,1,Pen_5_POSTWEAN_Day_3_16112025,Pen 5 - Group 3,POSTWEAN,3,5,16112025,/,other|1|None|side,22881.118,22901.306,22881.118,22901.306,G:\MONITORING CROSS SUCKING IN CALVES - KAPPEL - 2025\Pen 5 - Group 3\POSTWEANING\Day 3\ch05_20251116140545.mp4,ch05_20251116140545.mp4,22417.115624,23818.506913,464.002376,484.190376
858,CS_0828_POSTWEAN_d3_p5_cowslash_16112025_ch05-20251116140545_22914_23007.mp4,Pen 5 - Group 3\POSTWEANING\Day 3\CS_0828_POSTWEAN_d3_p5_cowslash_16112025_ch05-20251116140545_22914_23007.mp4,E:\cross_sucking\Pen 5 - Group 3\POSTWEANING\Day 3\CS_0828_POSTWEAN_d3_p5_cowslash_16112025_ch05-20251116140545_22914_23007.mp4,skipped_existing,1,1,Pen_5_POSTWEAN_Day_3_16112025,Pen 5 - Group 3,POSTWEAN,3,5,16112025,/,other|1|reciprocal|side,22914.476,23007.571,22914.476,23007.571,G:\MONITORING CROSS SUCKING IN CALVES - KAPPEL - 2025\Pen 5 - Group 3\POSTWEANING\Day 3\ch05_20251116140545.mp4,ch05_20251116140545.mp4,22417.115624,23818.506913,497.360376,590.455376
859,CS_0829_POSTWEAN_d3_p5_cow1_16112025_ch05-20251116140545_22914_22931.mp4,Pen 5 - Group 3\POSTWEANING\Day 3\CS_0829_POSTWEAN_d3_p5_cow1_16112025_ch05-20251116140545_22914_22931.mp4,E:\cross_sucking\Pen 5 - Group 3\POSTWEANING\Day 3\CS_0829_POSTWEAN_d3_p5_cow1_16112025_ch05-20251116140545_22914_22931.mp4,skipped_existing,1,1,Pen_5_POSTWEAN_Day_3_16112025,Pen 5 - Group 3,POSTWEAN,3,5,16112025,1,other|/|reciprocal|side,22914.476,22931.947,22914.476,22931.947,G:\MONITORING CROSS SUCKING IN CALVES - KAPPEL - 2025\Pen 5 - Group 3\POSTWEANING\Day 3\ch05_20251116140545.mp4,ch05_20251116140545.mp4,22417.115624,23818.506913,497.360376,514.831376
860,CS_0830_POSTWEAN_d3_p5_cowslash_16112025_ch05-20251116140545_23024_23033.mp4,Pen 5 - Group 3\POSTWEANING\Day 3\CS_0830_POSTWEAN_d3_p5_cowslash_16112025_ch05-20251116140545_23024_23033.mp4,E:\cross_sucking\Pen 5 - Group 3\POSTWEANING\Day 3\CS_0830_POSTWEAN_d3_p5_cowslash_16112025_ch05-20251116140545_23024_23033.mp4,skipped_existing,1,1,Pen_5_POSTWEAN_Day_3_16112025,Pen 5 - Group 3,POSTWEAN,3,5,16112025,/,grain feeder|T|None|side,23024.776,23033.315,23024.776,23033.315,G:\MONITORING CROSS SUCKING IN CALVES - KAPPEL - 2025\Pen 5 - Group 3\POSTWEANING\Day 3\ch05_20251116140545.mp4,ch05_20251116140545.mp4,22417.115624,23818.506913,607.660376,616.199376
861,CS_0831_POSTWEAN_d3_p5_cowA_16112025_ch05-20251116153953_28757_28819.mp4,Pen 5 - Group 3\POSTWEANING\Day 3\CS_0831_POSTWEAN_d3_p5_cowA_16112025_ch05-20251116153953_28757_28819.mp4,E:\cross_sucking\Pen 5 - Group 3\POSTWEANING\Day 3\CS_0831_POSTWEAN_d3_p5_cowA_16112025_ch05-20251116153953_28757_28819.mp4,skipped_existing,1,1,Pen_5_POSTWEAN_Day_3_16112025,Pen 5 - Group 3,POSTWEAN,3,5,16112025,A,other|1|None|side,28757.978,28819.324,28757.978,28819.324,G:\MONITORING CROSS SUCKING IN CALVES - KAPPEL - 2025\Pen 5 - Group 3\POSTWEANING\Day 3\ch05_20251116153953.mp4,ch05_20251116153953.mp4,28022.815424,29424.249713,735.162576,796.508576
862,CS_0832_POSTWEAN_d3_p5_cowA_16112025_ch05-20251116182437_38530_38536.mp4,Pen 5 - Group 3\POSTWEANING\Day 3\CS_0832_POSTWEAN_d3_p5_cowA_16112025_ch05-20251116182437_38530_38536.mp4,E:\cross_sucking\Pen 5 - Group 3\POSTWEANING\Day 3\CS_0832_POSTWEAN_d3_p5_cowA_16112025_ch05-20251116182437_38530_38536.mp4,skipped_existing,1,1,Pen_5_POSTWEAN_Day_3_16112025,Pen 5 - Group 3,POSTWEAN,3,5,16112025,A,grain feeder|O|None|side,38530.881,38536.708,38530.881,38536.708,G:\MONITORING CROSS SUCKING IN CALVES - KAPPEL - 2025\Pen 5 - Group 3\POSTWEANING\Day 3\ch05_20251116182437.mp4,ch05_20251116182437.mp4,37832.552447,39233.931736,698.328553,704.155553
863,CS_0833_POSTWEAN_d3_p5_cowO_16112025_ch05-20251116182437_38588_38645.mp4,Pen 5 - Group 3\POSTWEANING\Day 3\CS_0833_POSTWEAN_d3_p5_cowO_16112025_ch05-20251116182437_38588_38645.mp4,E:\cross_sucking\Pen 5 - Group 3\POSTWEANING\Day 3\CS_0833_POSTWEAN_d3_p5_cowO_16112025_ch05-20251116182437_38588_38645.mp4,skipped_existing,1,1,Pen_5_POSTWEAN_Day_3_16112025,Pen 5 - Group 3,POSTWEAN,3,5,16112025,O,other|8|None|side,38588.182,38645.738,38588.182,38645.738,G:\MONITORING CROSS SUCKING IN CALVES - KAPPEL - 2025\Pen 5 - Group 3\POSTWEANING\Day 3\ch05_20251116182437.mp4,ch05_20251116182437.mp4,37832.552447,39233.931736,755.629553,813.185553
864,CS_0834_POSTWEAN_d3_p5_cow8_16112025_ch05-20251116182437_38692_38743.mp4,Pen 5 - Group 3\POSTWEANING\Day 3\CS_0834_POSTWEAN_d3_p5_cow8_16112025_ch05-20251116182437_38692_38743.mp4,E:\cross_sucking\Pen 5 - Group 3\POSTWEANING\Day 3\CS_0834_POSTWEAN_d3_p5_cow8_16112025_ch05-20251116182437_38692_38743.mp4,skipped_existing,1,1,Pen_5_POSTWEAN_Day_3_16112025,Pen 5 - Group 3,POSTWEAN,3,5,16112025,8,other|O|None|side,38692.859,38743.807,38692.859,38743.807,G:\MONITORING CROSS SUCKING IN CALVES - KAPPEL - 2025\Pen 5 - Group 3\POSTWEANING\Day 3\ch05_20251116182437.mp4,ch05_20251116182437.mp4,37832.552447,39233.931736,860.306553,911.254553
865,CS_0835_POSTWEAN_d3_p5_cowO_16112025_ch05-20251116224329_53553_53634.mp4,Pen 5 - Group 3\POSTWEANING\Day 3\CS_0835_POSTWEAN_d3_p5_cowO_16112025_ch05-20251116224329_53553_53634.mp4,E:\cross_sucking\Pen 5 - Group 3\POSTWEANING\Day 3\CS_0835_POSTWEAN_d3_p5_cowO_16112025_ch05-20251116224329_53553_53634.mp4,skipped_existing,1,1,Pen_5_POSTWEAN_Day_3_16112025,Pen 5 - Group 3,POSTWEAN,3,5,16112025,O,other|8|None|side,53553.819,53634.142,53553.819,53634.142,G:\MONITORING CROSS SUCKING IN CALVES - KAPPEL - 2025\Pen 5 - Group 3\POSTWEANING\Day 3\ch05_20251116224329.mp4,ch05_20251116224329.mp4,53247.518626,54648.874915,306.300374,386.623374
866,CS_0836_POSTWEAN_d3_p5_cow8_16112025_ch05-20251116224329_53555_53639.mp4,Pen 5 - Group 3\POSTWEANING\Day 3\CS_0836_POSTWEAN_d3_p5_cow8_16112025_ch05-20251116224329_53555_53639.mp4,E:\cross_sucking\Pen 5 - Group 3\POSTWEANING\Day 3\CS_0836_POSTWEAN_d3_p5_cow8_16112025_ch05-20251116224329_53555_53639.mp4,skipped_existing,1,1,Pen_5_POSTWEAN_Day_3_16112025,Pen 5 - Group 3,POSTWEAN,3,5,16112025,8,other|O|reciprocal|side,53555.074,53639.041,53555.074,53639.041,G:\MONITORING CROSS SUCKING IN CALVES - KAPPEL - 2025\Pen 5 - Group 3\POSTWEANING\Day 3\ch05_20251116224329.mp4,ch05_20251116224329.mp4,53247.518626,54648.874915,307.555374,391.522374
867,CS_0837_POSTWEAN_d3_p5_cow1_16112025_ch05-20251116224329_53644_53753.mp4,Pen 5 - Group 3\POSTWEANING\Day 3\CS_0837_POSTWEAN_d3_p5_cow1_16112025_ch05-20251116224329_53644_53753.mp4,E:\cross_sucking\Pen 5 - Group 3\POSTWEANING\Day 3\CS_0837_POSTWEAN_d3_p5_cow1_16112025_ch05-20251116224329_53644_53753.mp4,skipped_existing,1,1,Pen_5_POSTWEAN_Day_3_16112025,Pen 5 - Group 3,POSTWEAN,3,5,16112025,1,other|O|reciprocal|side,53644.998,53753.276,53644.998,53753.276,G:\MONITORING CROSS SUCKING IN CALVES - KAPPEL - 2025\Pen 5 - Group 3\POSTWEANING\Day 3\ch05_20251116224329.mp4,ch05_20251116224329.mp4,53247.518626,54648.874915,397.479374,505.757374
868,CS_0838_POSTWEAN_d3_p5_cow1_16112025_ch05-20251116224329_53772_53794.mp4,Pen 5 - Group 3\POSTWEANING\Day 3\CS_0838_POSTWEAN_d3_p5_cow1_16112025_ch05-20251116224329_53772_53794.mp4,E:\cross_sucking\Pen 5 - Group 3\POSTWEANING\Day 3\CS_0838_POSTWEAN_d3_p5_cow1_16112025_ch05-20251116224329_53772_53794.mp4,skipped_existing,1,1,Pen_5_POSTWEAN_Day_3_16112025,Pen 5 - Group 3,POSTWEAN,3,5,16112025,1,other|8|reciprocal|side,53772.394,53794.49,53772.394,53794.49,G:\MONITORING CROSS SUCKING IN CALVES - KAPPEL - 2025\Pen 5 - Group 3\POSTWEANING\Day 3\ch05_20251116224329.mp4,ch05_20251116224329.mp4,53247.518626,54648.874915,524.875374,546.971374
869,CS_0839_POSTWEAN_d3_p5_cow8_16112025_ch05-20251116224329_53772_53927.mp4,Pen 5 - Group 3\POSTWEANING\Day 3\CS_0839_POSTWEAN_d3_p5_cow8_16112025_ch05-20251116224329_53772_53927.mp4,E:\cross_sucking\Pen 5 - Group 3\POSTWEANING\Day 3\CS_0839_POSTWEAN_d3_p5_cow8_16112025_ch05-20251116224329_53772_53927.mp4,skipped_existing,1,1,Pen_5_POSTWEAN_Day_3_16112025,Pen 5 - Group 3,POSTWEAN,3,5,16112025,8,other|1|None|side,53772.594,53927.159,53772.594,53927.159,G:\MONITORING CROSS SUCKING IN CALVES - KAPPEL - 2025\Pen 5 - Group 3\POSTWEANING\Day 3\ch05_20251116224329.mp4,ch05_20251116224329.mp4,53247.518626,54648.874915,525.075374,679.640374
870,CS_0840_POSTWEAN_d3_p5_cow1_16112025_ch05-20251116224329_53807_53854.mp4,Pen 5 - Group 3\POSTWEANING\Day 3\CS_0840_POSTWEAN_d3_p5_cow1_16112025_ch05-20251116224329_53807_53854.mp4,E:\cross_sucking\Pen 5 - Group 3\POSTWEANING\Day 3\CS_0840_POSTWEAN_d3_p5_cow1_16112025_ch05-20251116224329_53807_53854.mp4,skipped_existing,1,1,Pen_5_POSTWEAN_Day_3_16112025,Pen 5 - Group 3,POSTWEAN,3,5,16112025,1,other|8|reciprocal|side,53807.121,53854.773,53807.121,53854.773,G:\MONITORING CROSS SUCKING IN CALVES - KAPPEL - 2025\Pen 5 - Group 3\POSTWEANING\Day 3\ch05_20251116224329.mp4,ch05_20251116224329.mp4,53247.518626,54648.874915,559.602374,607.254374
871,CS_0841_POSTWEAN_d3_p5_cowT_16112025_ch05-20251117032553_70779_70784.mp4,Pen 5 - Group 3\POSTWEANING\Day 3\CS_0841_POSTWEAN_d3_p5_cowT_16112025_ch05-20251117032553_70779_70784.mp4,E:\cross_sucking\Pen 5 - Group 3\POSTWEANING\Day 3\CS_0841_POSTWEAN_d3_p5_cowT_16112025_ch05-20251117032553_70779_70784.mp4,skipped_existing,1,1,Pen_5_POSTWEAN_Day_3_16112025,Pen 5 - Group 3,POSTWEAN,3,5,16112025,T,other|1|None|lying down,70779.689,70784.51,70779.689,70784.51,G:\MONITORING CROSS SUCKING IN CALVES - KAPPEL - 2025\Pen 5 - Group 3\POSTWEANING\Day 3\ch05_20251117032553.mp4,ch05_20251117032553.mp4,70064.174738,71465.557027,715.514262,720.335262
872,CS_0842_POSTWEAN_d3_p5_cow8_16112025_ch05-20251117054706_79508_79523.mp4,Pen 5 - Group 3\POSTWEANING\Day 3\CS_0842_POSTWEAN_d3_p5_cow8_16112025_ch05-20251117054706_79508_79523.mp4,E:\cross_sucking\Pen 5 - Group 3\POSTWEANING\Day 3\CS_0842_POSTWEAN_d3_p5_cow8_16112025_ch05-20251117054706_79508_79523.mp4,skipped_existing,1,1,Pen_5_POSTWEAN_Day_3_16112025,Pen 5 - Group 3,POSTWEAN,3,5,16112025,8,other|/|None|behind,79508.144,79523.488,79508.144,79523.488,G:\MONITORING CROSS SUCKING IN CALVES - KAPPEL - 2025\Pen 5 - Group 3\POSTWEANING\Day 3\ch05_20251117054706.mp4,ch05_20251117054706.mp4,78473.452472,79874.705761,1034.691528,1050.035528
873,CS_0843_POSTWEAN_d3_p5_cowO_16112025_ch05-20251117054706_79731_79815.mp4,Pen 5 - Group 3\POSTWEANING\Day 3\CS_0843_POSTWEAN_d3_p5_cowO_16112025_ch05-20251117054706_79731_79815.mp4,E:\cross_sucking\Pen 5 - Group 3\POSTWEANING\Day 3\CS_0843_POSTWEAN_d3_p5_cowO_16112025_ch05-20251117054706_79731_79815.mp4,skipped_existing,1,1,Pen_5_POSTWEAN_Day_3_16112025,Pen 5 - Group 3,POSTWEAN,3,5,16112025,O,other|1|reciprocal|side,79731.209,79815.092,79731.209,79815.092,G:\MONITORING CROSS SUCKING IN CALVES - KAPPEL - 2025\Pen 5 - Group 3\POSTWEANING\Day 3\ch05_20251117054706.mp4,ch05_20251117054706.mp4,78473.452472,79874.705761,1257.756528,1341.639528
874,CS_0844_POSTWEAN_d3_p5_cow1_16112025_ch05-20251117054706_79732_79815.mp4,Pen 5 - Group 3\POSTWEANING\Day 3\CS_0844_POSTWEAN_d3_p5_cow1_16112025_ch05-20251117054706_79732_79815.mp4,E:\cross_sucking\Pen 5 - Group 3\POSTWEANING\Day 3\CS_0844_POSTWEAN_d3_p5_cow1_16112025_ch05-20251117054706_79732_79815.mp4,skipped_existing,1,1,Pen_5_POSTWEAN_Day_3_16112025,Pen 5 - Group 3,POSTWEAN,3,5,16112025,1,other|O|reciprocal|side,79732.333,79815.091,79732.333,79815.091,G:\MONITORING CROSS SUCKING IN CALVES - KAPPEL - 2025\Pen 5 - Group 3\POSTWEANING\Day 3\ch05_20251117054706.mp4,ch05_20251117054706.mp4,78473.452472,79874.705761,1258.880528,1341.638528
875,CS_0845_PREWEAN_d1_p5_cowT_10102025_ch05-20251010082808_3190_3195.mp4,Pen 5 - Group 3\PREWEANING\Day 1\CS_0845_PREWEAN_d1_p5_cowT_10102025_ch05-20251010082808_3190_3195.mp4,E:\cross_sucking\Pen 5 - Group 3\PREWEANING\Day 1\CS_0845_PREWEAN_d1_p5_cowT_10102025_ch05-20251010082808_3190_3195.mp4,skipped_existing,1,1,Pen_5_PREWEAN_Day_1_10102025,Pen 5 - Group 3,PREWEAN,1,5,10102025,T,other|A|None|side,3190.645,3195.016,3190.645,3195.016,G:\MONITORING CROSS SUCKING IN CALVES - KAPPEL - 2025\Pen 5 - Group 3\PREWEANING\Day 1\ch05_20251010082808.mp4,ch05_20251010082808.mp4,2803.072578,4204.469867,387.572422,391.943422
876,CS_0846_PREWEAN_d1_p5_cowA_10102025_ch05-20251010082808_3456_3464.mp4,Pen 5 - Group 3\PREWEANING\Day 1\CS_0846_PREWEAN_d1_p5_cowA_10102025_ch05-20251010082808_3456_3464.mp4,E:\cross_sucking\Pen 5 - Group 3\PREWEANING\Day 1\CS_0846_PREWEAN_d1_p5_cowA_10102025_ch05-20251010082808_3456_3464.mp4,skipped_existing,1,1,Pen_5_PREWEAN_Day_1_10102025,Pen 5 - Group 3,PREWEAN,1,5,10102025,A,other|O|None|side,3456.192,3464.059,3456.192,3464.059,G:\MONITORING CROSS SUCKING IN CALVES - KAPPEL - 2025\Pen 5 - Group 3\PREWEANING\Day 1\ch05_20251010082808.mp4,ch05_20251010082808.mp4,2803.072578,4204.469867,653.119422,660.986422
877,CS_0847_PREWEAN_d1_p5_cowA_10102025_ch05-20251010082808_3464_3468.mp4,Pen 5 - Group 3\PREWEANING\Day 1\CS_0847_PREWEAN_d1_p5_cowA_10102025_ch05-20251010082808_3464_3468.mp4,E:\cross_sucking\Pen 5 - Group 3\PREWEANING\Day 1\CS_0847_PREWEAN_d1_p5_cowA_10102025_ch05-20251010082808_3464_3468.mp4,skipped_existing,1,1,Pen_5_PREWEAN_Day_1_10102025,Pen 5 - Group 3,PREWEAN,1,5,10102025,A,other|O|None|side,3464.06,3468.16,3464.06,3468.16,G:\MONITORING CROSS SUCKING IN CALVES - KAPPEL - 2025\Pen 5 - Group 3\PREWEANING\Day 1\ch05_20251010082808.mp4,ch05_20251010082808.mp4,2803.072578,4204.469867,660.987422,665.087422
878,CS_0848_PREWEAN_d1_p5_cowA_10102025_ch05-20251010082808_3468_3472.mp4,Pen 5 - Group 3\PREWEANING\Day 1\CS_0848_PREWEAN_d1_p5_cowA_10102025_ch05-20251010082808_3468_3472.mp4,E:\cross_sucking\Pen 5 - Group 3\PREWEANING\Day 1\CS_0848_PREWEAN_d1_p5_cowA_10102025_ch05-20251010082808_3468_3472.mp4,skipped_existing,1,1,Pen_5_PREWEAN_Day_1_10102025,Pen 5 - Group 3,PREWEAN,1,5,10102025,A,other|O|None|side,3468.161,3472.527,3468.161,3472.527,G:\MONITORING CROSS SUCKING IN CALVES - KAPPEL - 2025\Pen 5 - Group 3\PREWEANING\Day 1\ch05_20251010082808.mp4,ch05_20251010082808.mp4,2803.072578,4204.469867,665.088422,669.454422
879,CS_0849_PREWEAN_d1_p5_cow1_10102025_ch05-20251010082808_3661_3665.mp4,Pen 5 - Group 3\PREWEANING\Day 1\CS_0849_PREWEAN_d1_p5_cow1_10102025_ch05-20251010082808_3661_3665.mp4,E:\cross_sucking\Pen 5 - Group 3\PREWEANING\Day 1\CS_0849_PREWEAN_d1_p5_cow1_10102025_ch05-20251010082808_3661_3665.mp4,skipped_existing,1,1,Pen_5_PREWEAN_Day_1_10102025,Pen 5 - Group 3,PREWEAN,1,5,10102025,1,other|O|None|side,3661.098,3665.2,3661.098,3665.2,G:\MONITORING CROSS SUCKING IN CALVES - KAPPEL - 2025\Pen 5 - Group 3\PREWEANING\Day 1\ch05_20251010082808.mp4,ch05_20251010082808.mp4,2803.072578,4204.469867,858.025422,862.127422
880,CS_0850_PREWEAN_d1_p5_cow1_10102025_ch05-20251010091512_6488_6490.mp4,Pen 5 - Group 3\PREWEANING\Day 1\CS_0850_PREWEAN_d1_p5_cow1_10102025_ch05-20251010091512_6488_6490.mp4,E:\cross_sucking\Pen 5 - Group 3\PREWEANING\Day 1\CS_0850_PREWEAN_d1_p5_cow1_10102025_ch05-20251010091512_6488_6490.mp4,skipped_existing,1,1,Pen_5_PREWEAN_Day_1_10102025,Pen 5 - Group 3,PREWEAN,1,5,10102025,1,other|8|reciprocal|side,6488.431,6490.68,6488.431,6490.68,G:\MONITORING CROSS SUCKING IN CALVES - KAPPEL - 2025\Pen 5 - Group 3\PREWEANING\Day 1\ch05_20251010091512.mp4,ch05_20251010091512.mp4,5605.918156,7007.241445,882.512844,884.761844
881,CS_0851_PREWEAN_d1_p5_cow8_10102025_ch05-20251010091512_6488_6648.mp4,Pen 5 - Group 3\PREWEANING\Day 1\CS_0851_PREWEAN_d1_p5_cow8_10102025_ch05-20251010091512_6488_6648.mp4,E:\cross_sucking\Pen 5 - Group 3\PREWEANING\Day 1\CS_0851_PREWEAN_d1_p5_cow8_10102025_ch05-20251010091512_6488_6648.mp4,skipped_existing,1,1,Pen_5_PREWEAN_Day_1_10102025,Pen 5 - Group 3,PREWEAN,1,5,10102025,8,other|1|reciprocal|side,6488.431,6648.379,6488.431,6648.379,G:\MONITORING CROSS SUCKING IN CALVES - KAPPEL - 2025\Pen 5 - Group 3\PREWEANING\Day 1\ch05_20251010091512.mp4,ch05_20251010091512.mp4,5605.918156,7007.241445,882.512844,1042.460844
882,CS_0852_PREWEAN_d1_p5_cow1_10102025_ch05-20251010091512_6495_6765.mp4,Pen 5 - Group 3\PREWEANING\Day 1\CS_0852_PREWEAN_d1_p5_cow1_10102025_ch05-20251010091512_6495_6765.mp4,E:\cross_sucking\Pen 5 - Group 3\PREWEANING\Day 1\CS_0852_PREWEAN_d1_p5_cow1_10102025_ch05-20251010091512_6495_6765.mp4,skipped_existing,1,1,Pen_5_PREWEAN_Day_1_10102025,Pen 5 - Group 3,PREWEAN,1,5,10102025,1,other|8|reciprocal|side,6495.129,6765.544,6495.129,6765.544,G:\MONITORING CROSS SUCKING IN CALVES - KAPPEL - 2025\Pen 5 - Group 3\PREWEANING\Day 1\ch05_20251010091512.mp4,ch05_20251010091512.mp4,5605.918156,7007.241445,889.210844,1159.625844
883,CS_0853_PREWEAN_d1_p5_cow2_10102025_ch05-20251010100216_9254_9263.mp4,Pen 5 - Group 3\PREWEANING\Day 1\CS_0853_PREWEAN_d1_p5_cow2_10102025_ch05-20251010100216_9254_9263.mp4,E:\cross_sucking\Pen 5 - Group 3\PREWEANING\Day 1\CS_0853_PREWEAN_d1_p5_cow2_10102025_ch05-20251010100216_9254_9263.mp4,skipped_existing,1,1,Pen_5_PREWEAN_Day_1_10102025,Pen 5 - Group 3,PREWEAN,1,5,10102025,2,other|/|None|behind,9254.403,9263.467,9254.403,9263.467,G:\MONITORING CROSS SUCKING IN CALVES - KAPPEL - 2025\Pen 5 - Group 3\PREWEANING\Day 1\ch05_20251010100216.mp4,ch05_20251010100216.mp4,8408.665734,9809.138023,845.737266,854.801266
884,CS_0854_PREWEAN_d1_p5_cowO_10102025_ch05-20251010142106_24382_24386.mp4,Pen 5 - Group 3\PREWEANING\Day 1\CS_0854_PREWEAN_d1_p5_cowO_10102025_ch05-20251010142106_24382_24386.mp4,E:\cross_sucking\Pen 5 - Group 3\PREWEANING\Day 1\CS_0854_PREWEAN_d1_p5_cowO_10102025_ch05-20251010142106_24382_24386.mp4,skipped_existing,1,1,Pen_5_PREWEAN_Day_1_10102025,Pen 5 - Group 3,PREWEAN,1,5,10102025,O,milk feeder|2|None|behind,24382.192,24386.953,24382.192,24386.953,G:\MONITORING CROSS SUCKING IN CALVES - KAPPEL - 2025\Pen 5 - Group 3\PREWEANING\Day 1\ch05_20251010142106.mp4,ch05_20251010142106.mp4,23821.494557,25222.953846,560.697443,565.458443
885,CS_0855_PREWEAN_d1_p5_cow8_10102025_ch05-20251010142106_24685_24739.mp4,Pen 5 - Group 3\PREWEANING\Day 1\CS_0855_PREWEAN_d1_p5_cow8_10102025_ch05-20251010142106_24685_24739.mp4,E:\cross_sucking\Pen 5 - Group 3\PREWEANING\Day 1\CS_0855_PREWEAN_d1_p5_cow8_10102025_ch05-20251010142106_24685_24739.mp4,skipped_existing,1,1,Pen_5_PREWEAN_Day_1_10102025,Pen 5 - Group 3,PREWEAN,1,5,10102025,8,other|1|reciprocal|side,24685.593,24739.46,24685.593,24739.46,G:\MONITORING CROSS SUCKING IN CALVES - KAPPEL - 2025\Pen 5 - Group 3\PREWEANING\Day 1\ch05_20251010142106.mp4,ch05_20251010142106.mp4,23821.494557,25222.953846,864.098443,917.965443
886,CS_0856_PREWEAN_d1_p5_cowT_10102025_ch05-20251010142106_24694_24698.mp4,Pen 5 - Group 3\PREWEANING\Day 1\CS_0856_PREWEAN_d1_p5_cowT_10102025_ch05-20251010142106_24694_24698.mp4,E:\cross_sucking\Pen 5 - Group 3\PREWEANING\Day 1\CS_0856_PREWEAN_d1_p5_cowT_10102025_ch05-20251010142106_24694_24698.mp4,skipped_existing,1,1,Pen_5_PREWEAN_Day_1_10102025,Pen 5 - Group 3,PREWEAN,1,5,10102025,T,other|8|None|side,24694.195,24698.427,24694.195,24698.427,G:\MONITORING CROSS SUCKING IN CALVES - KAPPEL - 2025\Pen 5 - Group 3\PREWEANING\Day 1\ch05_20251010142106.mp4,ch05_20251010142106.mp4,23821.494557,25222.953846,872.700443,876.932443
887,CS_0857_PREWEAN_d1_p5_cow1_10102025_ch05-20251010142106_24694_24746.mp4,Pen 5 - Group 3\PREWEANING\Day 1\CS_0857_PREWEAN_d1_p5_cow1_10102025_ch05-20251010142106_24694_24746.mp4,E:\cross_sucking\Pen 5 - Group 3\PREWEANING\Day 1\CS_0857_PREWEAN_d1_p5_cow1_10102025_ch05-20251010142106_24694_24746.mp4,skipped_existing,1,1,Pen_5_PREWEAN_Day_1_10102025,Pen 5 - Group 3,PREWEAN,1,5,10102025,1,other|8|reciprocal|side,24694.869,24746.277,24694.869,24746.277,G:\MONITORING CROSS SUCKING IN CALVES - KAPPEL - 2025\Pen 5 - Group 3\PREWEANING\Day 1\ch05_20251010142106.mp4,ch05_20251010142106.mp4,23821.494557,25222.953846,873.374443,924.782443
888,CS_0858_PREWEAN_d1_p5_cowT_10102025_ch05-20251010142106_24730_24732.mp4,Pen 5 - Group 3\PREWEANING\Day 1\CS_0858_PREWEAN_d1_p5_cowT_10102025_ch05-20251010142106_24730_24732.mp4,E:\cross_sucking\Pen 5 - Group 3\PREWEANING\Day 1\CS_0858_PREWEAN_d1_p5_cowT_10102025_ch05-20251010142106_24730_24732.mp4,skipped_existing,1,1,Pen_5_PREWEAN_Day_1_10102025,Pen 5 - Group 3,PREWEAN,1,5,10102025,T,other|8|None|behind,24730.79,24732.643,24730.79,24732.643,G:\MONITORING CROSS SUCKING IN CALVES - KAPPEL - 2025\Pen 5 - Group 3\PREWEANING\Day 1\ch05_20251010142106.mp4,ch05_20251010142106.mp4,23821.494557,25222.953846,909.295443,911.148443
889,CS_0859_PREWEAN_d1_p5_cow1_10102025_ch05-20251010142106_24750_24752.mp4,Pen 5 - Group 3\PREWEANING\Day 1\CS_0859_PREWEAN_d1_p5_cow1_10102025_ch05-20251010142106_24750_24752.mp4,E:\cross_sucking\Pen 5 - Group 3\PREWEANING\Day 1\CS_0859_PREWEAN_d1_p5_cow1_10102025_ch05-20251010142106_24750_24752.mp4,skipped_existing,1,1,Pen_5_PREWEAN_Day_1_10102025,Pen 5 - Group 3,PREWEAN,1,5,10102025,1,other|8|None|side,24750.902,24752.69,24750.902,24752.69,G:\MONITORING CROSS SUCKING IN CALVES - KAPPEL - 2025\Pen 5 - Group 3\PREWEANING\Day 1\ch05_20251010142106.mp4,ch05_20251010142106.mp4,23821.494557,25222.953846,929.407443,931.195443
890,CS_0860_PREWEAN_d1_p5_cow8_10102025_ch05-20251010142106_24755_24755.mp4,Pen 5 - Group 3\PREWEANING\Day 1\CS_0860_PREWEAN_d1_p5_cow8_10102025_ch05-20251010142106_24755_24755.mp4,E:\cross_sucking\Pen 5 - Group 3\PREWEANING\Day 1\CS_0860_PREWEAN_d1_p5_cow8_10102025_ch05-20251010142106_24755_24755.mp4,skipped_existing,1,1,Pen_5_PREWEAN_Day_1_10102025,Pen 5 - Group 3,PREWEAN,1,5,10102025,8,other|1|reciprocal|side,24755.006,24755.667,24755.006,24755.667,G:\MONITORING CROSS SUCKING IN CALVES - KAPPEL - 2025\Pen 5 - Group 3\PREWEANING\Day 1\ch05_20251010142106.mp4,ch05_20251010142106.mp4,23821.494557,25222.953846,933.511443,934.172443
891,CS_0861_PREWEAN_d1_p5_cowT_10102025_ch05-20251010142106_24903_24914.mp4,Pen 5 - Group 3\PREWEANING\Day 1\CS_0861_PREWEAN_d1_p5_cowT_10102025_ch05-20251010142106_24903_24914.mp4,E:\cross_sucking\Pen 5 - Group 3\PREWEANING\Day 1\CS_0861_PREWEAN_d1_p5_cowT_10102025_ch05-20251010142106_24903_24914.mp4,skipped_existing,1,1,Pen_5_PREWEAN_Day_1_10102025,Pen 5 - Group 3,PREWEAN,1,5,10102025,T,other|8|None|side,24903.714,24914.035,24903.714,24914.035,G:\MONITORING CROSS SUCKING IN CALVES - KAPPEL - 2025\Pen 5 - Group 3\PREWEANING\Day 1\ch05_20251010142106.mp4,ch05_20251010142106.mp4,23821.494557,25222.953846,1082.219443,1092.540443
892,CS_0862_PREWEAN_d1_p5_cowT_10102025_ch05-20251010142106_24915_24958.mp4,Pen 5 - Group 3\PREWEANING\Day 1\CS_0862_PREWEAN_d1_p5_cowT_10102025_ch05-20251010142106_24915_24958.mp4,E:\cross_sucking\Pen 5 - Group 3\PREWEANING\Day 1\CS_0862_PREWEAN_d1_p5_cowT_10102025_ch05-20251010142106_24915_24958.mp4,skipped_existing,1,1,Pen_5_PREWEAN_Day_1_10102025,Pen 5 - Group 3,PREWEAN,1,5,10102025,T,other|8|None|side,24915.557,24958.156,24915.557,24958.156,G:\MONITORING CROSS SUCKING IN CALVES - KAPPEL - 2025\Pen 5 - Group 3\PREWEANING\Day 1\ch05_20251010142106.mp4,ch05_20251010142106.mp4,23821.494557,25222.953846,1094.062443,1136.661443
893,CS_0863_PREWEAN_d1_p5_cowT_10102025_ch05-20251010142106_24959_24961.mp4,Pen 5 - Group 3\PREWEANING\Day 1\CS_0863_PREWEAN_d1_p5_cowT_10102025_ch05-20251010142106_24959_24961.mp4,E:\cross_sucking\Pen 5 - Group 3\PREWEANING\Day 1\CS_0863_PREWEAN_d1_p5_cowT_10102025_ch05-20251010142106_24959_24961.mp4,skipped_existing,1,1,Pen_5_PREWEAN_Day_1_10102025,Pen 5 - Group 3,PREWEAN,1,5,10102025,T,other|2|None|side,24959.944,24961.528,24959.944,24961.528,G:\MONITORING CROSS SUCKING IN CALVES - KAPPEL - 2025\Pen 5 - Group 3\PREWEANING\Day 1\ch05_20251010142106.mp4,ch05_20251010142106.mp4,23821.494557,25222.953846,1138.449443,1140.033443
894,CS_0864_PREWEAN_d1_p5_cowT_10102025_ch05-20251010142106_24964_24976.mp4,Pen 5 - Group 3\PREWEANING\Day 1\CS_0864_PREWEAN_d1_p5_cowT_10102025_ch05-20251010142106_24964_24976.mp4,E:\cross_sucking\Pen 5 - Group 3\PREWEANING\Day 1\CS_0864_PREWEAN_d1_p5_cowT_10102025_ch05-20251010142106_24964_24976.mp4,skipped_existing,1,1,Pen_5_PREWEAN_Day_1_10102025,Pen 5 - Group 3,PREWEAN,1,5,10102025,T,other|O|None|side,24964.504,24976.874,24964.504,24976.874,G:\MONITORING CROSS SUCKING IN CALVES - KAPPEL - 2025\Pen 5 - Group 3\PREWEANING\Day 1\ch05_20251010142106.mp4,ch05_20251010142106.mp4,23821.494557,25222.953846,1143.009443,1155.379443
895,CS_0865_PREWEAN_d1_p5_cowT_10102025_ch05-20251010142106_24992_25001.mp4,Pen 5 - Group 3\PREWEANING\Day 1\CS_0865_PREWEAN_d1_p5_cowT_10102025_ch05-20251010142106_24992_25001.mp4,E:\cross_sucking\Pen 5 - Group 3\PREWEANING\Day 1\CS_0865_PREWEAN_d1_p5_cowT_10102025_ch05-20251010142106_24992_25001.mp4,skipped_existing,1,1,Pen_5_PREWEAN_Day_1_10102025,Pen 5 - Group 3,PREWEAN,1,5,10102025,T,milk feeder|6|None|behind,24992.548,25001.084,24992.548,25001.084,G:\MONITORING CROSS SUCKING IN CALVES - KAPPEL - 2025\Pen 5 - Group 3\PREWEANING\Day 1\ch05_20251010142106.mp4,ch05_20251010142106.mp4,23821.494557,25222.953846,1171.053443,1179.589443
896,CS_0866_PREWEAN_d1_p5_cowT_10102025_ch05-20251010142106_25015_25018.mp4,Pen 5 - Group 3\PREWEANING\Day 1\CS_0866_PREWEAN_d1_p5_cowT_10102025_ch05-20251010142106_25015_25018.mp4,E:\cross_sucking\Pen 5 - Group 3\PREWEANING\Day 1\CS_0866_PREWEAN_d1_p5_cowT_10102025_ch05-20251010142106_25015_25018.mp4,skipped_existing,1,1,Pen_5_PREWEAN_Day_1_10102025,Pen 5 - Group 3,PREWEAN,1,5,10102025,T,other|8|None|side,25015.041,25018.015,25015.041,25018.015,G:\MONITORING CROSS SUCKING IN CALVES - KAPPEL - 2025\Pen 5 - Group 3\PREWEANING\Day 1\ch05_20251010142106.mp4,ch05_20251010142106.mp4,23821.494557,25222.953846,1193.546443,1196.520443
897,CS_0867_PREWEAN_d1_p5_cow6_10102025_ch05-20251010142106_25093_25103.mp4,Pen 5 - Group 3\PREWEANING\Day 1\CS_0867_PREWEAN_d1_p5_cow6_10102025_ch05-20251010142106_25093_25103.mp4,E:\cross_sucking\Pen 5 - Group 3\PREWEANING\Day 1\CS_0867_PREWEAN_d1_p5_cow6_10102025_ch05-20251010142106_25093_25103.mp4,skipped_existing,1,1,Pen_5_PREWEAN_Day_1_10102025,Pen 5 - Group 3,PREWEAN,1,5,10102025,6,other|8|None|side,25093.0,25103.247,25093.0,25103.247,G:\MONITORING CROSS SUCKING IN CALVES - KAPPEL - 2025\Pen 5 - Group 3\PREWEANING\Day 1\ch05_20251010142106.mp4,ch05_20251010142106.mp4,23821.494557,25222.953846,1271.505443,1281.752443
898,CS_0868_PREWEAN_d1_p5_cow8_10102025_ch05-20251010142106_25093_25097.mp4,Pen 5 - Group 3\PREWEANING\Day 1\CS_0868_PREWEAN_d1_p5_cow8_10102025_ch05-20251010142106_25093_25097.mp4,E:\cross_sucking\Pen 5 - Group 3\PREWEANING\Day 1\CS_0868_PREWEAN_d1_p5_cow8_10102025_ch05-20251010142106_25093_25097.mp4,skipped_existing,1,1,Pen_5_PREWEAN_Day_1_10102025,Pen 5 - Group 3,PREWEAN,1,5,10102025,8,other|6|reciprocal|side,25093.527,25097.563,25093.527,25097.563,G:\MONITORING CROSS SUCKING IN CALVES - KAPPEL - 2025\Pen 5 - Group 3\PREWEANING\Day 1\ch05_20251010142106.mp4,ch05_20251010142106.mp4,23821.494557,25222.953846,1272.032443,1276.068443
899,CS_0869_PREWEAN_d1_p5_cow6_10102025_ch05-20251010142106_25109_25112.mp4,Pen 5 - Group 3\PREWEANING\Day 1\CS_0869_PREWEAN_d1_p5_cow6_10102025_ch05-20251010142106_25109_25112.mp4,E:\cross_sucking\Pen 5 - Group 3\PREWEANING\Day 1\CS_0869_PREWEAN_d1_p5_cow6_10102025_ch05-20251010142106_25109_25112.mp4,skipped_existing,1,1,Pen_5_PREWEAN_Day_1_10102025,Pen 5 - Group 3,PREWEAN,1,5,10102025,6,other|8|None|side,25109.802,25112.648,25109.802,25112.648,G:\MONITORING CROSS SUCKING IN CALVES - KAPPEL - 2025\Pen 5 - Group 3\PREWEANING\Day 1\ch05_20251010142106.mp4,ch05_20251010142106.mp4,23821.494557,25222.953846,1288.307443,1291.153443
900,CS_0870_PREWEAN_d1_p5_cow6_10102025_ch05-20251010142106_25116_25120.mp4,Pen 5 - Group 3\PREWEANING\Day 1\CS_0870_PREWEAN_d1_p5_cow6_10102025_ch05-20251010142106_25116_25120.mp4,E:\cross_sucking\Pen 5 - Group 3\PREWEANING\Day 1\CS_0870_PREWEAN_d1_p5_cow6_10102025_ch05-20251010142106_25116_25120.mp4,skipped_existing,1,1,Pen_5_PREWEAN_Day_1_10102025,Pen 5 - Group 3,PREWEAN,1,5,10102025,6,other|8|None|behind,25116.75,25120.787,25116.75,25120.787,G:\MONITORING CROSS SUCKING IN CALVES - KAPPEL - 2025\Pen 5 - Group 3\PREWEANING\Day 1\ch05_20251010142106.mp4,ch05_20251010142106.mp4,23821.494557,25222.953846,1295.255443,1299.292443
901,CS_0871_PREWEAN_d1_p5_cow6_10102025_ch05-20251010142106_25132_25134.mp4,Pen 5 - Group 3\PREWEANING\Day 1\CS_0871_PREWEAN_d1_p5_cow6_10102025_ch05-20251010142106_25132_25134.mp4,E:\cross_sucking\Pen 5 - Group 3\PREWEANING\Day 1\CS_0871_PREWEAN_d1_p5_cow6_10102025_ch05-20251010142106_25132_25134.mp4,skipped_existing,1,1,Pen_5_PREWEAN_Day_1_10102025,Pen 5 - Group 3,PREWEAN,1,5,10102025,6,other|8|None|side,25132.233,25134.944,25132.233,25134.944,G:\MONITORING CROSS SUCKING IN CALVES - KAPPEL - 2025\Pen 5 - Group 3\PREWEANING\Day 1\ch05_20251010142106.mp4,ch05_20251010142106.mp4,23821.494557,25222.953846,1310.738443,1313.449443
902,CS_0872_PREWEAN_d1_p5_cow6_10102025_ch05-20251010142106_25208_25215.mp4,Pen 5 - Group 3\PREWEANING\Day 1\CS_0872_PREWEAN_d1_p5_cow6_10102025_ch05-20251010142106_25208_25215.mp4,E:\cross_sucking\Pen 5 - Group 3\PREWEANING\Day 1\CS_0872_PREWEAN_d1_p5_cow6_10102025_ch05-20251010142106_25208_25215.mp4,skipped_existing,1,1,Pen_5_PREWEAN_Day_1_10102025,Pen 5 - Group 3,PREWEAN,1,5,10102025,6,hay|8|None|behind,25208.85,25215.199,25208.85,25215.199,G:\MONITORING CROSS SUCKING IN CALVES - KAPPEL - 2025\Pen 5 - Group 3\PREWEANING\Day 1\ch05_20251010142106.mp4,ch05_20251010142106.mp4,23821.494557,25222.953846,1387.355443,1393.704443
903,CS_0873_PREWEAN_d1_p5_cow1_10102025_ch05-20251010142106_25218_25232_part01.mp4,Pen 5 - Group 3\PREWEANING\Day 1\CS_0873_PREWEAN_d1_p5_cow1_10102025_ch05-20251010142106_25218_25232_part01.mp4,E:\cross_sucking\Pen 5 - Group 3\PREWEANING\Day 1\CS_0873_PREWEAN_d1_p5_cow1_10102025_ch05-20251010142106_25218_25232_part01.mp4,skipped_existing,1,2,Pen_5_PREWEAN_Day_1_10102025,Pen 5 - Group 3,PREWEAN,1,5,10102025,1,milk feeder|O|None|behind,25218.508,25232.337,25218.508,25222.953846,G:\MONITORING CROSS SUCKING IN CALVES - KAPPEL - 2025\Pen 5 - Group 3\PREWEANING\Day 1\ch05_20251010142106.mp4,ch05_20251010142106.mp4,23821.494557,25222.953846,1397.013443,1401.459289
904,CS_0873_PREWEAN_d1_p5_cow1_10102025_ch05-20251010142106_25218_25232_part02.mp4,Pen 5 - Group 3\PREWEANING\Day 1\CS_0873_PREWEAN_d1_p5_cow1_10102025_ch05-20251010142106_25218_25232_part02.mp4,E:\cross_sucking\Pen 5 - Group 3\PREWEANING\Day 1\CS_0873_PREWEAN_d1_p5_cow1_10102025_ch05-20251010142106_25218_25232_part02.mp4,skipped_existing,2,2,Pen_5_PREWEAN_Day_1_10102025,Pen 5 - Group 3,PREWEAN,1,5,10102025,1,milk feeder|O|None|behind,25218.508,25232.337,25222.953846,25232.337,G:\MONITORING CROSS SUCKING IN CALVES - KAPPEL - 2025\Pen 5 - Group 3\PREWEANING\Day 1\ch05_20251010144438.mp4,ch05_20251010144438.mp4,25222.953846,26624.396135,0.0,9.383154
905,CS_0874_PREWEAN_d1_p5_cow6_10102025_ch05-20251010144438_25235_25275.mp4,Pen 5 - Group 3\PREWEANING\Day 1\CS_0874_PREWEAN_d1_p5_cow6_10102025_ch05-20251010144438_25235_25275.mp4,E:\cross_sucking\Pen 5 - Group 3\PREWEANING\Day 1\CS_0874_PREWEAN_d1_p5_cow6_10102025_ch05-20251010144438_25235_25275.mp4,skipped_existing,1,1,Pen_5_PREWEAN_Day_1_10102025,Pen 5 - Group 3,PREWEAN,1,5,10102025,6,other|2|None|side,25235.648,25275.557,25235.648,25275.557,G:\MONITORING CROSS SUCKING IN CALVES - KAPPEL - 2025\Pen 5 - Group 3\PREWEANING\Day 1\ch05_20251010144438.mp4,ch05_20251010144438.mp4,25222.953846,26624.396135,12.694154,52.603154
906,CS_0875_PREWEAN_d1_p5_cow1_10102025_ch05-20251010144438_25240_25254.mp4,Pen 5 - Group 3\PREWEANING\Day 1\CS_0875_PREWEAN_d1_p5_cow1_10102025_ch05-20251010144438_25240_25254.mp4,E:\cross_sucking\Pen 5 - Group 3\PREWEANING\Day 1\CS_0875_PREWEAN_d1_p5_cow1_10102025_ch05-20251010144438_25240_25254.mp4,skipped_existing,1,1,Pen_5_PREWEAN_Day_1_10102025,Pen 5 - Group 3,PREWEAN,1,5,10102025,1,milk feeder|O|None|behind,25240.275,25254.57,25240.275,25254.57,G:\MONITORING CROSS SUCKING IN CALVES - KAPPEL - 2025\Pen 5 - Group 3\PREWEANING\Day 1\ch05_20251010144438.mp4,ch05_20251010144438.mp4,25222.953846,26624.396135,17.321154,31.616154
907,CS_0876_PREWEAN_d1_p5_cow1_10102025_ch05-20251010144438_25269_25305.mp4,Pen 5 - Group 3\PREWEANING\Day 1\CS_0876_PREWEAN_d1_p5_cow1_10102025_ch05-20251010144438_25269_25305.mp4,E:\cross_sucking\Pen 5 - Group 3\PREWEANING\Day 1\CS_0876_PREWEAN_d1_p5_cow1_10102025_ch05-20251010144438_25269_25305.mp4,skipped_existing,1,1,Pen_5_PREWEAN_Day_1_10102025,Pen 5 - Group 3,PREWEAN,1,5,10102025,1,milk feeder|O|None|behind,25269.399,25305.849,25269.399,25305.849,G:\MONITORING CROSS SUCKING IN CALVES - KAPPEL - 2025\Pen 5 - Group 3\PREWEANING\Day 1\ch05_20251010144438.mp4,ch05_20251010144438.mp4,25222.953846,26624.396135,46.445154,82.895154
908,CS_0877_PREWEAN_d1_p5_cowT_10102025_ch05-20251010144438_25311_25431.mp4,Pen 5 - Group 3\PREWEANING\Day 1\CS_0877_PREWEAN_d1_p5_cowT_10102025_ch05-20251010144438_25311_25431.mp4,E:\cross_sucking\Pen 5 - Group 3\PREWEANING\Day 1\CS_0877_PREWEAN_d1_p5_cowT_10102025_ch05-20251010144438_25311_25431.mp4,skipped_existing,1,1,Pen_5_PREWEAN_Day_1_10102025,Pen 5 - Group 3,PREWEAN,1,5,10102025,T,milk feeder|O|None|behind,25311.741,25431.818,25311.741,25431.818,G:\MONITORING CROSS SUCKING IN CALVES - KAPPEL - 2025\Pen 5 - Group 3\PREWEANING\Day 1\ch05_20251010144438.mp4,ch05_20251010144438.mp4,25222.953846,26624.396135,88.787154,208.864154
909,CS_0878_PREWEAN_d1_p5_cow2_10102025_ch05-20251010144438_25400_25445.mp4,Pen 5 - Group 3\PREWEANING\Day 1\CS_0878_PREWEAN_d1_p5_cow2_10102025_ch05-20251010144438_25400_25445.mp4,E:\cross_sucking\Pen 5 - Group 3\PREWEANING\Day 1\CS_0878_PREWEAN_d1_p5_cow2_10102025_ch05-20251010144438_25400_25445.mp4,skipped_existing,1,1,Pen_5_PREWEAN_Day_1_10102025,Pen 5 - Group 3,PREWEAN,1,5,10102025,2,hay|6|None|side,25400.791,25445.183,25400.791,25445.183,G:\MONITORING CROSS SUCKING IN CALVES - KAPPEL - 2025\Pen 5 - Group 3\PREWEANING\Day 1\ch05_20251010144438.mp4,ch05_20251010144438.mp4,25222.953846,26624.396135,177.837154,222.229154
910,CS_0879_PREWEAN_d1_p5_cow6_10102025_ch05-20251010144438_25418_25448.mp4,Pen 5 - Group 3\PREWEANING\Day 1\CS_0879_PREWEAN_d1_p5_cow6_10102025_ch05-20251010144438_25418_25448.mp4,E:\cross_sucking\Pen 5 - Group 3\PREWEANING\Day 1\CS_0879_PREWEAN_d1_p5_cow6_10102025_ch05-20251010144438_25418_25448.mp4,skipped_existing,1,1,Pen_5_PREWEAN_Day_1_10102025,Pen 5 - Group 3,PREWEAN,1,5,10102025,6,hay|2|reciprocal|side,25418.468,25448.956,25418.468,25448.956,G:\MONITORING CROSS SUCKING IN CALVES - KAPPEL - 2025\Pen 5 - Group 3\PREWEANING\Day 1\ch05_20251010144438.mp4,ch05_20251010144438.mp4,25222.953846,26624.396135,195.514154,226.002154
911,CS_0880_PREWEAN_d1_p5_cow2_10102025_ch05-20251010144438_25457_25556.mp4,Pen 5 - Group 3\PREWEANING\Day 1\CS_0880_PREWEAN_d1_p5_cow2_10102025_ch05-20251010144438_25457_25556.mp4,E:\cross_sucking\Pen 5 - Group 3\PREWEANING\Day 1\CS_0880_PREWEAN_d1_p5_cow2_10102025_ch05-20251010144438_25457_25556.mp4,skipped_existing,1,1,Pen_5_PREWEAN_Day_1_10102025,Pen 5 - Group 3,PREWEAN,1,5,10102025,2,hay|6|None|side,25457.297,25556.059,25457.297,25556.059,G:\MONITORING CROSS SUCKING IN CALVES - KAPPEL - 2025\Pen 5 - Group 3\PREWEANING\Day 1\ch05_20251010144438.mp4,ch05_20251010144438.mp4,25222.953846,26624.396135,234.343154,333.105154
912,CS_0881_PREWEAN_d1_p5_cowT_10102025_ch05-20251010144438_25598_25617.mp4,Pen 5 - Group 3\PREWEANING\Day 1\CS_0881_PREWEAN_d1_p5_cowT_10102025_ch05-20251010144438_25598_25617.mp4,E:\cross_sucking\Pen 5 - Group 3\PREWEANING\Day 1\CS_0881_PREWEAN_d1_p5_cowT_10102025_ch05-20251010144438_25598_25617.mp4,skipped_existing,1,1,Pen_5_PREWEAN_Day_1_10102025,Pen 5 - Group 3,PREWEAN,1,5,10102025,T,milk feeder|/|None|behind,25598.541,25617.477,25598.541,25617.477,G:\MONITORING CROSS SUCKING IN CALVES - KAPPEL - 2025\Pen 5 - Group 3\PREWEANING\Day 1\ch05_20251010144438.mp4,ch05_20251010144438.mp4,25222.953846,26624.396135,375.587154,394.523154
913,CS_0882_PREWEAN_d1_p5_cowT_10102025_ch05-20251010144438_25643_25663.mp4,Pen 5 - Group 3\PREWEANING\Day 1\CS_0882_PREWEAN_d1_p5_cowT_10102025_ch05-20251010144438_25643_25663.mp4,E:\cross_sucking\Pen 5 - Group 3\PREWEANING\Day 1\CS_0882_PREWEAN_d1_p5_cowT_10102025_ch05-20251010144438_25643_25663.mp4,skipped_existing,1,1,Pen_5_PREWEAN_Day_1_10102025,Pen 5 - Group 3,PREWEAN,1,5,10102025,T,grain feeder|O|None|behind,25643.157,25663.662,25643.157,25663.662,G:\MONITORING CROSS SUCKING IN CALVES - KAPPEL - 2025\Pen 5 - Group 3\PREWEANING\Day 1\ch05_20251010144438.mp4,ch05_20251010144438.mp4,25222.953846,26624.396135,420.203154,440.708154
914,CS_0883_PREWEAN_d1_p5_cow1_10102025_ch05-20251010144438_26078_26093.mp4,Pen 5 - Group 3\PREWEANING\Day 1\CS_0883_PREWEAN_d1_p5_cow1_10102025_ch05-20251010144438_26078_26093.mp4,E:\cross_sucking\Pen 5 - Group 3\PREWEANING\Day 1\CS_0883_PREWEAN_d1_p5_cow1_10102025_ch05-20251010144438_26078_26093.mp4,skipped_existing,1,1,Pen_5_PREWEAN_Day_1_10102025,Pen 5 - Group 3,PREWEAN,1,5,10102025,1,milk feeder|A|None|behind,26078.204,26093.557,26078.204,26093.557,G:\MONITORING CROSS SUCKING IN CALVES - KAPPEL - 2025\Pen 5 - Group 3\PREWEANING\Day 1\ch05_20251010144438.mp4,ch05_20251010144438.mp4,25222.953846,26624.396135,855.250154,870.603154
915,CS_0884_PREWEAN_d1_p5_cow1_10102025_ch05-20251010144438_26100_26166.mp4,Pen 5 - Group 3\PREWEANING\Day 1\CS_0884_PREWEAN_d1_p5_cow1_10102025_ch05-20251010144438_26100_26166.mp4,E:\cross_sucking\Pen 5 - Group 3\PREWEANING\Day 1\CS_0884_PREWEAN_d1_p5_cow1_10102025_ch05-20251010144438_26100_26166.mp4,skipped_existing,1,1,Pen_5_PREWEAN_Day_1_10102025,Pen 5 - Group 3,PREWEAN,1,5,10102025,1,milk feeder|A|None|behind,26100.321,26166.003,26100.321,26166.003,G:\MONITORING CROSS SUCKING IN CALVES - KAPPEL - 2025\Pen 5 - Group 3\PREWEANING\Day 1\ch05_20251010144438.mp4,ch05_20251010144438.mp4,25222.953846,26624.396135,877.367154,943.049154
916,CS_0885_PREWEAN_d1_p5_cow2_10102025_ch05-20251010150810_27664_27673.mp4,Pen 5 - Group 3\PREWEANING\Day 1\CS_0885_PREWEAN_d1_p5_cow2_10102025_ch05-20251010150810_27664_27673.mp4,E:\cross_sucking\Pen 5 - Group 3\PREWEANING\Day 1\CS_0885_PREWEAN_d1_p5_cow2_10102025_ch05-20251010150810_27664_27673.mp4,skipped_existing,1,1,Pen_5_PREWEAN_Day_1_10102025,Pen 5 - Group 3,PREWEAN,1,5,10102025,2,other|O|None|side,27664.054,27673.909,27664.054,27673.909,G:\MONITORING CROSS SUCKING IN CALVES - KAPPEL - 2025\Pen 5 - Group 3\PREWEANING\Day 1\ch05_20251010150810.mp4,ch05_20251010150810.mp4,26624.396135,28025.702424,1039.657865,1049.512865
917,CS_0886_PREWEAN_d1_p5_cow2_10102025_ch05-20251010150810_27679_27687.mp4,Pen 5 - Group 3\PREWEANING\Day 1\CS_0886_PREWEAN_d1_p5_cow2_10102025_ch05-20251010150810_27679_27687.mp4,E:\cross_sucking\Pen 5 - Group 3\PREWEANING\Day 1\CS_0886_PREWEAN_d1_p5_cow2_10102025_ch05-20251010150810_27679_27687.mp4,skipped_existing,1,1,Pen_5_PREWEAN_Day_1_10102025,Pen 5 - Group 3,PREWEAN,1,5,10102025,2,other|O|None|side,27679.598,27687.339,27679.598,27687.339,G:\MONITORING CROSS SUCKING IN CALVES - KAPPEL - 2025\Pen 5 - Group 3\PREWEANING\Day 1\ch05_20251010150810.mp4,ch05_20251010150810.mp4,26624.396135,28025.702424,1055.201865,1062.942865
918,CS_0887_PREWEAN_d1_p5_cowT_10102025_ch05-20251010181624_38609_38619.mp4,Pen 5 - Group 3\PREWEANING\Day 1\CS_0887_PREWEAN_d1_p5_cowT_10102025_ch05-20251010181624_38609_38619.mp4,E:\cross_sucking\Pen 5 - Group 3\PREWEANING\Day 1\CS_0887_PREWEAN_d1_p5_cowT_10102025_ch05-20251010181624_38609_38619.mp4,skipped_existing,1,1,Pen_5_PREWEAN_Day_1_10102025,Pen 5 - Group 3,PREWEAN,1,5,10102025,T,hay|8|None|behind,38609.299,38619.681,38609.299,38619.681,G:\MONITORING CROSS SUCKING IN CALVES - KAPPEL - 2025\Pen 5 - Group 3\PREWEANING\Day 1\ch05_20251010181624.mp4,ch05_20251010181624.mp4,37834.192735,39235.671024,775.106265,785.488265
919,CS_0888_PREWEAN_d1_p5_cow2_10102025_ch05-20251010181624_38639_38641.mp4,Pen 5 - Group 3\PREWEANING\Day 1\CS_0888_PREWEAN_d1_p5_cow2_10102025_ch05-20251010181624_38639_38641.mp4,E:\cross_sucking\Pen 5 - Group 3\PREWEANING\Day 1\CS_0888_PREWEAN_d1_p5_cow2_10102025_ch05-20251010181624_38639_38641.mp4,skipped_existing,1,1,Pen_5_PREWEAN_Day_1_10102025,Pen 5 - Group 3,PREWEAN,1,5,10102025,2,hay|8|None|side,38639.263,38641.644,38639.263,38641.644,G:\MONITORING CROSS SUCKING IN CALVES - KAPPEL - 2025\Pen 5 - Group 3\PREWEANING\Day 1\ch05_20251010181624.mp4,ch05_20251010181624.mp4,37834.192735,39235.671024,805.070265,807.451265
920,CS_0889_PREWEAN_d1_p5_cow8_10102025_ch05-20251010181624_38877_38940.mp4,Pen 5 - Group 3\PREWEANING\Day 1\CS_0889_PREWEAN_d1_p5_cow8_10102025_ch05-20251010181624_38877_38940.mp4,E:\cross_sucking\Pen 5 - Group 3\PREWEANING\Day 1\CS_0889_PREWEAN_d1_p5_cow8_10102025_ch05-20251010181624_38877_38940.mp4,skipped_existing,1,1,Pen_5_PREWEAN_Day_1_10102025,Pen 5 - Group 3,PREWEAN,1,5,10102025,8,hay|O|None|behind,38877.591,38940.701,38877.591,38940.701,G:\MONITORING CROSS SUCKING IN CALVES - KAPPEL - 2025\Pen 5 - Group 3\PREWEANING\Day 1\ch05_20251010181624.mp4,ch05_20251010181624.mp4,37834.192735,39235.671024,1043.398265,1106.508265
921,CS_0890_PREWEAN_d1_p5_cow8_10102025_ch05-20251010181624_38946_38948.mp4,Pen 5 - Group 3\PREWEANING\Day 1\CS_0890_PREWEAN_d1_p5_cow8_10102025_ch05-20251010181624_38946_38948.mp4,E:\cross_sucking\Pen 5 - Group 3\PREWEANING\Day 1\CS_0890_PREWEAN_d1_p5_cow8_10102025_ch05-20251010181624_38946_38948.mp4,skipped_existing,1,1,Pen_5_PREWEAN_Day_1_10102025,Pen 5 - Group 3,PREWEAN,1,5,10102025,8,hay|O|None|behind,38946.327,38948.176,38946.327,38948.176,G:\MONITORING CROSS SUCKING IN CALVES - KAPPEL - 2025\Pen 5 - Group 3\PREWEANING\Day 1\ch05_20251010181624.mp4,ch05_20251010181624.mp4,37834.192735,39235.671024,1112.134265,1113.983265
922,CS_0891_PREWEAN_d1_p5_cow1_10102025_ch05-20251010183956_39565_39612.mp4,Pen 5 - Group 3\PREWEANING\Day 1\CS_0891_PREWEAN_d1_p5_cow1_10102025_ch05-20251010183956_39565_39612.mp4,E:\cross_sucking\Pen 5 - Group 3\PREWEANING\Day 1\CS_0891_PREWEAN_d1_p5_cow1_10102025_ch05-20251010183956_39565_39612.mp4,skipped_existing,1,1,Pen_5_PREWEAN_Day_1_10102025,Pen 5 - Group 3,PREWEAN,1,5,10102025,1,other|2|None|side,39565.517,39612.899,39565.517,39612.899,G:\MONITORING CROSS SUCKING IN CALVES - KAPPEL - 2025\Pen 5 - Group 3\PREWEANING\Day 1\ch05_20251010183956.mp4,ch05_20251010183956.mp4,39235.671024,40637.144313,329.845976,377.227976
923,CS_0892_PREWEAN_d1_p5_cow1_10102025_ch05-20251010183956_39660_39665.mp4,Pen 5 - Group 3\PREWEANING\Day 1\CS_0892_PREWEAN_d1_p5_cow1_10102025_ch05-20251010183956_39660_39665.mp4,E:\cross_sucking\Pen 5 - Group 3\PREWEANING\Day 1\CS_0892_PREWEAN_d1_p5_cow1_10102025_ch05-20251010183956_39660_39665.mp4,skipped_existing,1,1,Pen_5_PREWEAN_Day_1_10102025,Pen 5 - Group 3,PREWEAN,1,5,10102025,1,other|2|None|side,39660.992,39665.491,39660.992,39665.491,G:\MONITORING CROSS SUCKING IN CALVES - KAPPEL - 2025\Pen 5 - Group 3\PREWEANING\Day 1\ch05_20251010183956.mp4,ch05_20251010183956.mp4,39235.671024,40637.144313,425.320976,429.819976
924,CS_0893_PREWEAN_d1_p5_cow6_10102025_ch05-20251010183956_39696_39702.mp4,Pen 5 - Group 3\PREWEANING\Day 1\CS_0893_PREWEAN_d1_p5_cow6_10102025_ch05-20251010183956_39696_39702.mp4,E:\cross_sucking\Pen 5 - Group 3\PREWEANING\Day 1\CS_0893_PREWEAN_d1_p5_cow6_10102025_ch05-20251010183956_39696_39702.mp4,skipped_existing,1,1,Pen_5_PREWEAN_Day_1_10102025,Pen 5 - Group 3,PREWEAN,1,5,10102025,6,other|1|None|behind,39696.321,39702.342,39696.321,39702.342,G:\MONITORING CROSS SUCKING IN CALVES - KAPPEL - 2025\Pen 5 - Group 3\PREWEANING\Day 1\ch05_20251010183956.mp4,ch05_20251010183956.mp4,39235.671024,40637.144313,460.649976,466.670976
925,CS_0894_PREWEAN_d1_p5_cow2_10102025_ch05-20251010190328_40676_40679.mp4,Pen 5 - Group 3\PREWEANING\Day 1\CS_0894_PREWEAN_d1_p5_cow2_10102025_ch05-20251010190328_40676_40679.mp4,E:\cross_sucking\Pen 5 - Group 3\PREWEANING\Day 1\CS_0894_PREWEAN_d1_p5_cow2_10102025_ch05-20251010190328_40676_40679.mp4,skipped_existing,1,1,Pen_5_PREWEAN_Day_1_10102025,Pen 5 - Group 3,PREWEAN,1,5,10102025,2,other|8|None|side,40676.43,40679.814,40676.43,40679.814,G:\MONITORING CROSS SUCKING IN CALVES - KAPPEL - 2025\Pen 5 - Group 3\PREWEANING\Day 1\ch05_20251010190328.mp4,ch05_20251010190328.mp4,40637.144313,42038.585602,39.285687,42.669687
926,CS_0895_PREWEAN_d1_p5_cow8_10102025_ch05-20251010190328_40676_40679.mp4,Pen 5 - Group 3\PREWEANING\Day 1\CS_0895_PREWEAN_d1_p5_cow8_10102025_ch05-20251010190328_40676_40679.mp4,E:\cross_sucking\Pen 5 - Group 3\PREWEANING\Day 1\CS_0895_PREWEAN_d1_p5_cow8_10102025_ch05-20251010190328_40676_40679.mp4,skipped_existing,1,1,Pen_5_PREWEAN_Day_1_10102025,Pen 5 - Group 3,PREWEAN,1,5,10102025,8,other|2|reciprocal|side,40676.43,40679.814,40676.43,40679.814,G:\MONITORING CROSS SUCKING IN CALVES - KAPPEL - 2025\Pen 5 - Group 3\PREWEANING\Day 1\ch05_20251010190328.mp4,ch05_20251010190328.mp4,40637.144313,42038.585602,39.285687,42.669687
927,CS_0896_PREWEAN_d1_p5_cow2_10102025_ch05-20251010190328_40684_40724.mp4,Pen 5 - Group 3\PREWEANING\Day 1\CS_0896_PREWEAN_d1_p5_cow2_10102025_ch05-20251010190328_40684_40724.mp4,E:\cross_sucking\Pen 5 - Group 3\PREWEANING\Day 1\CS_0896_PREWEAN_d1_p5_cow2_10102025_ch05-20251010190328_40684_40724.mp4,skipped_existing,1,1,Pen_5_PREWEAN_Day_1_10102025,Pen 5 - Group 3,PREWEAN,1,5,10102025,2,other|8|None|side,40684.906,40724.793,40684.906,40724.793,G:\MONITORING CROSS SUCKING IN CALVES - KAPPEL - 2025\Pen 5 - Group 3\PREWEANING\Day 1\ch05_20251010190328.mp4,ch05_20251010190328.mp4,40637.144313,42038.585602,47.761687,87.648687
928,CS_0897_PREWEAN_d1_p5_cow8_10102025_ch05-20251010190328_40688_40723.mp4,Pen 5 - Group 3\PREWEANING\Day 1\CS_0897_PREWEAN_d1_p5_cow8_10102025_ch05-20251010190328_40688_40723.mp4,E:\cross_sucking\Pen 5 - Group 3\PREWEANING\Day 1\CS_0897_PREWEAN_d1_p5_cow8_10102025_ch05-20251010190328_40688_40723.mp4,skipped_existing,1,1,Pen_5_PREWEAN_Day_1_10102025,Pen 5 - Group 3,PREWEAN,1,5,10102025,8,other|2|reciprocal|side,40688.749,40723.604,40688.749,40723.604,G:\MONITORING CROSS SUCKING IN CALVES - KAPPEL - 2025\Pen 5 - Group 3\PREWEANING\Day 1\ch05_20251010190328.mp4,ch05_20251010190328.mp4,40637.144313,42038.585602,51.604687,86.459687
929,CS_0898_PREWEAN_d1_p5_cow8_10102025_ch05-20251010190328_40734_40749.mp4,Pen 5 - Group 3\PREWEANING\Day 1\CS_0898_PREWEAN_d1_p5_cow8_10102025_ch05-20251010190328_40734_40749.mp4,E:\cross_sucking\Pen 5 - Group 3\PREWEANING\Day 1\CS_0898_PREWEAN_d1_p5_cow8_10102025_ch05-20251010190328_40734_40749.mp4,skipped_existing,1,1,Pen_5_PREWEAN_Day_1_10102025,Pen 5 - Group 3,PREWEAN,1,5,10102025,8,other|2|None|side,40734.394,40749.277,40734.394,40749.277,G:\MONITORING CROSS SUCKING IN CALVES - KAPPEL - 2025\Pen 5 - Group 3\PREWEANING\Day 1\ch05_20251010190328.mp4,ch05_20251010190328.mp4,40637.144313,42038.585602,97.249687,112.132687
930,CS_0899_PREWEAN_d1_p5_cow2_10102025_ch05-20251010190328_40800_40817.mp4,Pen 5 - Group 3\PREWEANING\Day 1\CS_0899_PREWEAN_d1_p5_cow2_10102025_ch05-20251010190328_40800_40817.mp4,E:\cross_sucking\Pen 5 - Group 3\PREWEANING\Day 1\CS_0899_PREWEAN_d1_p5_cow2_10102025_ch05-20251010190328_40800_40817.mp4,skipped_existing,1,1,Pen_5_PREWEAN_Day_1_10102025,Pen 5 - Group 3,PREWEAN,1,5,10102025,2,other|8|reciprocal|side,40800.475,40817.415,40800.475,40817.415,G:\MONITORING CROSS SUCKING IN CALVES - KAPPEL - 2025\Pen 5 - Group 3\PREWEANING\Day 1\ch05_20251010190328.mp4,ch05_20251010190328.mp4,40637.144313,42038.585602,163.330687,180.270687
931,CS_0900_PREWEAN_d1_p5_cow2_10102025_ch05-20251010190328_40868_40877.mp4,Pen 5 - Group 3\PREWEANING\Day 1\CS_0900_PREWEAN_d1_p5_cow2_10102025_ch05-20251010190328_40868_40877.mp4,E:\cross_sucking\Pen 5 - Group 3\PREWEANING\Day 1\CS_0900_PREWEAN_d1_p5_cow2_10102025_ch05-20251010190328_40868_40877.mp4,skipped_existing,1,1,Pen_5_PREWEAN_Day_1_10102025,Pen 5 - Group 3,PREWEAN,1,5,10102025,2,other|8|None|side,40868.555,40877.955,40868.555,40877.955,G:\MONITORING CROSS SUCKING IN CALVES - KAPPEL - 2025\Pen 5 - Group 3\PREWEANING\Day 1\ch05_20251010190328.mp4,ch05_20251010190328.mp4,40637.144313,42038.585602,231.410687,240.810687
932,CS_0901_PREWEAN_d1_p5_cowT_10102025_ch05-20251010201404_45881_45906.mp4,Pen 5 - Group 3\PREWEANING\Day 1\CS_0901_PREWEAN_d1_p5_cowT_10102025_ch05-20251010201404_45881_45906.mp4,E:\cross_sucking\Pen 5 - Group 3\PREWEANING\Day 1\CS_0901_PREWEAN_d1_p5_cowT_10102025_ch05-20251010201404_45881_45906.mp4,skipped_existing,1,1,Pen_5_PREWEAN_Day_1_10102025,Pen 5 - Group 3,PREWEAN,1,5,10102025,T,other|O|None|side,45881.581,45906.657,45881.581,45906.657,G:\MONITORING CROSS SUCKING IN CALVES - KAPPEL - 2025\Pen 5 - Group 3\PREWEANING\Day 1\ch05_20251010201404.mp4,ch05_20251010201404.mp4,44841.556824,46243.078113,1040.024176,1065.100176
933,CS_0902_PREWEAN_d1_p5_cowO_10102025_ch05-20251010201404_45887_45896.mp4,Pen 5 - Group 3\PREWEANING\Day 1\CS_0902_PREWEAN_d1_p5_cowO_10102025_ch05-20251010201404_45887_45896.mp4,E:\cross_sucking\Pen 5 - Group 3\PREWEANING\Day 1\CS_0902_PREWEAN_d1_p5_cowO_10102025_ch05-20251010201404_45887_45896.mp4,skipped_existing,1,1,Pen_5_PREWEAN_Day_1_10102025,Pen 5 - Group 3,PREWEAN,1,5,10102025,O,other|T|reciprocal|side,45887.932,45896.067,45887.932,45896.067,G:\MONITORING CROSS SUCKING IN CALVES - KAPPEL - 2025\Pen 5 - Group 3\PREWEANING\Day 1\ch05_20251010201404.mp4,ch05_20251010201404.mp4,44841.556824,46243.078113,1046.375176,1054.510176
934,CS_0903_PREWEAN_d1_p5_cowO_10102025_ch05-20251010201404_45907_45914.mp4,Pen 5 - Group 3\PREWEANING\Day 1\CS_0903_PREWEAN_d1_p5_cowO_10102025_ch05-20251010201404_45907_45914.mp4,E:\cross_sucking\Pen 5 - Group 3\PREWEANING\Day 1\CS_0903_PREWEAN_d1_p5_cowO_10102025_ch05-20251010201404_45907_45914.mp4,created,1,1,Pen_5_PREWEAN_Day_1_10102025,Pen 5 - Group 3,PREWEAN,1,5,10102025,O,other|T|None|side,45907.524,45914.531,45907.524,45914.531,G:\MONITORING CROSS SUCKING IN CALVES - KAPPEL - 2025\Pen 5 - Group 3\PREWEANING\Day 1\ch05_20251010201404.mp4,ch05_20251010201404.mp4,44841.556824,46243.078113,1065.967176,1072.974176
935,CS_0904_PREWEAN_d1_p5_cowT_10102025_ch05-20251010201404_45915_45943.mp4,Pen 5 - Group 3\PREWEANING\Day 1\CS_0904_PREWEAN_d1_p5_cowT_10102025_ch05-20251010201404_45915_45943.mp4,E:\cross_sucking\Pen 5 - Group 3\PREWEANING\Day 1\CS_0904_PREWEAN_d1_p5_cowT_10102025_ch05-20251010201404_45915_45943.mp4,created,1,1,Pen_5_PREWEAN_Day_1_10102025,Pen 5 - Group 3,PREWEAN,1,5,10102025,T,other|O|None|side,45915.191,45943.909,45915.191,45943.909,G:\MONITORING CROSS SUCKING IN CALVES - KAPPEL - 2025\Pen 5 - Group 3\PREWEANING\Day 1\ch05_20251010201404.mp4,ch05_20251010201404.mp4,44841.556824,46243.078113,1073.634176,1102.352176
936,CS_0905_PREWEAN_d1_p5_cow6_10102025_ch05-20251010201404_46129_46190.mp4,Pen 5 - Group 3\PREWEANING\Day 1\CS_0905_PREWEAN_d1_p5_cow6_10102025_ch05-20251010201404_46129_46190.mp4,E:\cross_sucking\Pen 5 - Group 3\PREWEANING\Day 1\CS_0905_PREWEAN_d1_p5_cow6_10102025_ch05-20251010201404_46129_46190.mp4,created,1,1,Pen_5_PREWEAN_Day_1_10102025,Pen 5 - Group 3,PREWEAN,1,5,10102025,6,other|O|None|side,46129.693,46190.651,46129.693,46190.651,G:\MONITORING CROSS SUCKING IN CALVES - KAPPEL - 2025\Pen 5 - Group 3\PREWEANING\Day 1\ch05_20251010201404.mp4,ch05_20251010201404.mp4,44841.556824,46243.078113,1288.136176,1349.094176
937,CS_0906_PREWEAN_d1_p5_cowO_10102025_ch05-20251010201404_46178_46276_part01.mp4,Pen 5 - Group 3\PREWEANING\Day 1\CS_0906_PREWEAN_d1_p5_cowO_10102025_ch05-20251010201404_46178_46276_part01.mp4,E:\cross_sucking\Pen 5 - Group 3\PREWEANING\Day 1\CS_0906_PREWEAN_d1_p5_cowO_10102025_ch05-20251010201404_46178_46276_part01.mp4,created,1,2,Pen_5_PREWEAN_Day_1_10102025,Pen 5 - Group 3,PREWEAN,1,5,10102025,O,other|6|reciprocal|side,46178.141,46276.746,46178.141,46243.078113,G:\MONITORING CROSS SUCKING IN CALVES - KAPPEL - 2025\Pen 5 - Group 3\PREWEANING\Day 1\ch05_20251010201404.mp4,ch05_20251010201404.mp4,44841.556824,46243.078113,1336.584176,1401.521289
938,CS_0906_PREWEAN_d1_p5_cowO_10102025_ch05-20251010201404_46178_46276_part02.mp4,Pen 5 - Group 3\PREWEANING\Day 1\CS_0906_PREWEAN_d1_p5_cowO_10102025_ch05-20251010201404_46178_46276_part02.mp4,E:\cross_sucking\Pen 5 - Group 3\PREWEANING\Day 1\CS_0906_PREWEAN_d1_p5_cowO_10102025_ch05-20251010201404_46178_46276_part02.mp4,created,2,2,Pen_5_PREWEAN_Day_1_10102025,Pen 5 - Group 3,PREWEAN,1,5,10102025,O,other|6|reciprocal|side,46178.141,46276.746,46243.078113,46276.746,G:\MONITORING CROSS SUCKING IN CALVES - KAPPEL - 2025\Pen 5 - Group 3\PREWEANING\Day 1\ch05_20251010203737.mp4,ch05_20251010203737.mp4,46243.078113,47644.603402,0.0,33.667887
939,CS_0907_PREWEAN_d1_p5_cowT_10102025_ch05-20251010201404_46184_46188.mp4,Pen 5 - Group 3\PREWEANING\Day 1\CS_0907_PREWEAN_d1_p5_cowT_10102025_ch05-20251010201404_46184_46188.mp4,E:\cross_sucking\Pen 5 - Group 3\PREWEANING\Day 1\CS_0907_PREWEAN_d1_p5_cowT_10102025_ch05-20251010201404_46184_46188.mp4,created,1,1,Pen_5_PREWEAN_Day_1_10102025,Pen 5 - Group 3,PREWEAN,1,5,10102025,T,other|O|three|side,46184.76,46188.202,46184.76,46188.202,G:\MONITORING CROSS SUCKING IN CALVES - KAPPEL - 2025\Pen 5 - Group 3\PREWEANING\Day 1\ch05_20251010201404.mp4,ch05_20251010201404.mp4,44841.556824,46243.078113,1343.203176,1346.645176
940,CS_0908_PREWEAN_d1_p5_cowT_10102025_ch05-20251010201404_46198_46231.mp4,Pen 5 - Group 3\PREWEANING\Day 1\CS_0908_PREWEAN_d1_p5_cowT_10102025_ch05-20251010201404_46198_46231.mp4,E:\cross_sucking\Pen 5 - Group 3\PREWEANING\Day 1\CS_0908_PREWEAN_d1_p5_cowT_10102025_ch05-20251010201404_46198_46231.mp4,created,1,1,Pen_5_PREWEAN_Day_1_10102025,Pen 5 - Group 3,PREWEAN,1,5,10102025,T,other|O|three|side,46198.784,46231.345,46198.784,46231.345,G:\MONITORING CROSS SUCKING IN CALVES - KAPPEL - 2025\Pen 5 - Group 3\PREWEANING\Day 1\ch05_20251010201404.mp4,ch05_20251010201404.mp4,44841.556824,46243.078113,1357.227176,1389.788176
941,CS_0909_PREWEAN_d1_p5_cowT_10102025_ch05-20251010201404_46242_46254_part01.mp4,Pen 5 - Group 3\PREWEANING\Day 1\CS_0909_PREWEAN_d1_p5_cowT_10102025_ch05-20251010201404_46242_46254_part01.mp4,E:\cross_sucking\Pen 5 - Group 3\PREWEANING\Day 1\CS_0909_PREWEAN_d1_p5_cowT_10102025_ch05-20251010201404_46242_46254_part01.mp4,created,1,2,Pen_5_PREWEAN_Day_1_10102025,Pen 5 - Group 3,PREWEAN,1,5,10102025,T,other|8|None|side,46242.4,46254.311,46242.4,46243.078113,G:\MONITORING CROSS SUCKING IN CALVES - KAPPEL - 2025\Pen 5 - Group 3\PREWEANING\Day 1\ch05_20251010201404.mp4,ch05_20251010201404.mp4,44841.556824,46243.078113,1400.843176,1401.521289
942,CS_0909_PREWEAN_d1_p5_cowT_10102025_ch05-20251010201404_46242_46254_part02.mp4,Pen 5 - Group 3\PREWEANING\Day 1\CS_0909_PREWEAN_d1_p5_cowT_10102025_ch05-20251010201404_46242_46254_part02.mp4,E:\cross_sucking\Pen 5 - Group 3\PREWEANING\Day 1\CS_0909_PREWEAN_d1_p5_cowT_10102025_ch05-20251010201404_46242_46254_part02.mp4,created,2,2,Pen_5_PREWEAN_Day_1_10102025,Pen 5 - Group 3,PREWEAN,1,5,10102025,T,other|8|None|side,46242.4,46254.311,46243.078113,46254.311,G:\MONITORING CROSS SUCKING IN CALVES - KAPPEL - 2025\Pen 5 - Group 3\PREWEANING\Day 1\ch05_20251010203737.mp4,ch05_20251010203737.mp4,46243.078113,47644.603402,0.0,11.232887
943,CS_0910_PREWEAN_d1_p5_cow6_10102025_ch05-20251010203737_46248_46276.mp4,Pen 5 - Group 3\PREWEANING\Day 1\CS_0910_PREWEAN_d1_p5_cow6_10102025_ch05-20251010203737_46248_46276.mp4,E:\cross_sucking\Pen 5 - Group 3\PREWEANING\Day 1\CS_0910_PREWEAN_d1_p5_cow6_10102025_ch05-20251010203737_46248_46276.mp4,created,1,1,Pen_5_PREWEAN_Day_1_10102025,Pen 5 - Group 3,PREWEAN,1,5,10102025,6,other|O|reciprocal|side,46248.817,46276.819,46248.817,46276.819,G:\MONITORING CROSS SUCKING IN CALVES - KAPPEL - 2025\Pen 5 - Group 3\PREWEANING\Day 1\ch05_20251010203737.mp4,ch05_20251010203737.mp4,46243.078113,47644.603402,5.738887,33.740887
944,CS_0911_PREWEAN_d1_p5_cow6_10102025_ch05-20251010203737_46291_46338.mp4,Pen 5 - Group 3\PREWEANING\Day 1\CS_0911_PREWEAN_d1_p5_cow6_10102025_ch05-20251010203737_46291_46338.mp4,E:\cross_sucking\Pen 5 - Group 3\PREWEANING\Day 1\CS_0911_PREWEAN_d1_p5_cow6_10102025_ch05-20251010203737_46291_46338.mp4,created,1,1,Pen_5_PREWEAN_Day_1_10102025,Pen 5 - Group 3,PREWEAN,1,5,10102025,6,other|O|None|side,46291.107,46338.482,46291.107,46338.482,G:\MONITORING CROSS SUCKING IN CALVES - KAPPEL - 2025\Pen 5 - Group 3\PREWEANING\Day 1\ch05_20251010203737.mp4,ch05_20251010203737.mp4,46243.078113,47644.603402,48.028887,95.403887
945,CS_0912_PREWEAN_d1_p5_cowO_10102025_ch05-20251010203737_46316_46338.mp4,Pen 5 - Group 3\PREWEANING\Day 1\CS_0912_PREWEAN_d1_p5_cowO_10102025_ch05-20251010203737_46316_46338.mp4,E:\cross_sucking\Pen 5 - Group 3\PREWEANING\Day 1\CS_0912_PREWEAN_d1_p5_cowO_10102025_ch05-20251010203737_46316_46338.mp4,created,1,1,Pen_5_PREWEAN_Day_1_10102025,Pen 5 - Group 3,PREWEAN,1,5,10102025,O,other|6|reciprocal|side,46316.317,46338.483,46316.317,46338.483,G:\MONITORING CROSS SUCKING IN CALVES - KAPPEL - 2025\Pen 5 - Group 3\PREWEANING\Day 1\ch05_20251010203737.mp4,ch05_20251010203737.mp4,46243.078113,47644.603402,73.238887,95.404887
946,CS_0913_PREWEAN_d1_p5_cow6_10102025_ch05-20251010203737_46350_46378.mp4,Pen 5 - Group 3\PREWEANING\Day 1\CS_0913_PREWEAN_d1_p5_cow6_10102025_ch05-20251010203737_46350_46378.mp4,E:\cross_sucking\Pen 5 - Group 3\PREWEANING\Day 1\CS_0913_PREWEAN_d1_p5_cow6_10102025_ch05-20251010203737_46350_46378.mp4,created,1,1,Pen_5_PREWEAN_Day_1_10102025,Pen 5 - Group 3,PREWEAN,1,5,10102025,6,other|O|None|side,46350.525,46378.117,46350.525,46378.117,G:\MONITORING CROSS SUCKING IN CALVES - KAPPEL - 2025\Pen 5 - Group 3\PREWEANING\Day 1\ch05_20251010203737.mp4,ch05_20251010203737.mp4,46243.078113,47644.603402,107.446887,135.038887
947,CS_0914_PREWEAN_d1_p5_cowO_10102025_ch05-20251010203737_46354_46378.mp4,Pen 5 - Group 3\PREWEANING\Day 1\CS_0914_PREWEAN_d1_p5_cowO_10102025_ch05-20251010203737_46354_46378.mp4,E:\cross_sucking\Pen 5 - Group 3\PREWEANING\Day 1\CS_0914_PREWEAN_d1_p5_cowO_10102025_ch05-20251010203737_46354_46378.mp4,created,1,1,Pen_5_PREWEAN_Day_1_10102025,Pen 5 - Group 3,PREWEAN,1,5,10102025,O,other|6|reciprocal|side,46354.495,46378.118,46354.495,46378.118,G:\MONITORING CROSS SUCKING IN CALVES - KAPPEL - 2025\Pen 5 - Group 3\PREWEANING\Day 1\ch05_20251010203737.mp4,ch05_20251010203737.mp4,46243.078113,47644.603402,111.416887,135.039887
948,CS_0915_PREWEAN_d1_p5_cow6_10102025_ch05-20251010203737_46380_46453.mp4,Pen 5 - Group 3\PREWEANING\Day 1\CS_0915_PREWEAN_d1_p5_cow6_10102025_ch05-20251010203737_46380_46453.mp4,E:\cross_sucking\Pen 5 - Group 3\PREWEANING\Day 1\CS_0915_PREWEAN_d1_p5_cow6_10102025_ch05-20251010203737_46380_46453.mp4,created,1,1,Pen_5_PREWEAN_Day_1_10102025,Pen 5 - Group 3,PREWEAN,1,5,10102025,6,other|6|None|side,46380.299,46453.748,46380.299,46453.748,G:\MONITORING CROSS SUCKING IN CALVES - KAPPEL - 2025\Pen 5 - Group 3\PREWEANING\Day 1\ch05_20251010203737.mp4,ch05_20251010203737.mp4,46243.078113,47644.603402,137.220887,210.669887
949,CS_0916_PREWEAN_d1_p5_cowO_10102025_ch05-20251010203737_46403_46440.mp4,Pen 5 - Group 3\PREWEANING\Day 1\CS_0916_PREWEAN_d1_p5_cowO_10102025_ch05-20251010203737_46403_46440.mp4,E:\cross_sucking\Pen 5 - Group 3\PREWEANING\Day 1\CS_0916_PREWEAN_d1_p5_cowO_10102025_ch05-20251010203737_46403_46440.mp4,created,1,1,Pen_5_PREWEAN_Day_1_10102025,Pen 5 - Group 3,PREWEAN,1,5,10102025,O,other|6|reciprocal|side,46403.529,46440.855,46403.529,46440.855,G:\MONITORING CROSS SUCKING IN CALVES - KAPPEL - 2025\Pen 5 - Group 3\PREWEANING\Day 1\ch05_20251010203737.mp4,ch05_20251010203737.mp4,46243.078113,47644.603402,160.450887,197.776887
950,CS_0917_PREWEAN_d1_p5_cowT_10102025_ch05-20251010203737_46494_46501.mp4,Pen 5 - Group 3\PREWEANING\Day 1\CS_0917_PREWEAN_d1_p5_cowT_10102025_ch05-20251010203737_46494_46501.mp4,E:\cross_sucking\Pen 5 - Group 3\PREWEANING\Day 1\CS_0917_PREWEAN_d1_p5_cowT_10102025_ch05-20251010203737_46494_46501.mp4,created,1,1,Pen_5_PREWEAN_Day_1_10102025,Pen 5 - Group 3,PREWEAN,1,5,10102025,T,None|O|None|side,46494.124,46501.275,46494.124,46501.275,G:\MONITORING CROSS SUCKING IN CALVES - KAPPEL - 2025\Pen 5 - Group 3\PREWEANING\Day 1\ch05_20251010203737.mp4,ch05_20251010203737.mp4,46243.078113,47644.603402,251.045887,258.196887
951,CS_0918_PREWEAN_d1_p5_cowO_10102025_ch05-20251010203737_46499_46501.mp4,Pen 5 - Group 3\PREWEANING\Day 1\CS_0918_PREWEAN_d1_p5_cowO_10102025_ch05-20251010203737_46499_46501.mp4,E:\cross_sucking\Pen 5 - Group 3\PREWEANING\Day 1\CS_0918_PREWEAN_d1_p5_cowO_10102025_ch05-20251010203737_46499_46501.mp4,created,1,1,Pen_5_PREWEAN_Day_1_10102025,Pen 5 - Group 3,PREWEAN,1,5,10102025,O,other|T|reciprocal|side,46499.163,46501.276,46499.163,46501.276,G:\MONITORING CROSS SUCKING IN CALVES - KAPPEL - 2025\Pen 5 - Group 3\PREWEANING\Day 1\ch05_20251010203737.mp4,ch05_20251010203737.mp4,46243.078113,47644.603402,256.084887,258.197887
952,CS_0919_PREWEAN_d1_p5_cowT_10102025_ch05-20251010203737_46509_46511.mp4,Pen 5 - Group 3\PREWEANING\Day 1\CS_0919_PREWEAN_d1_p5_cowT_10102025_ch05-20251010203737_46509_46511.mp4,E:\cross_sucking\Pen 5 - Group 3\PREWEANING\Day 1\CS_0919_PREWEAN_d1_p5_cowT_10102025_ch05-20251010203737_46509_46511.mp4,created,1,1,Pen_5_PREWEAN_Day_1_10102025,Pen 5 - Group 3,PREWEAN,1,5,10102025,T,other|O|None|side,46509.347,46511.594,46509.347,46511.594,G:\MONITORING CROSS SUCKING IN CALVES - KAPPEL - 2025\Pen 5 - Group 3\PREWEANING\Day 1\ch05_20251010203737.mp4,ch05_20251010203737.mp4,46243.078113,47644.603402,266.268887,268.515887
953,CS_0920_PREWEAN_d1_p5_cow6_10102025_ch05-20251010203737_47640_47688_part01.mp4,Pen 5 - Group 3\PREWEANING\Day 1\CS_0920_PREWEAN_d1_p5_cow6_10102025_ch05-20251010203737_47640_47688_part01.mp4,E:\cross_sucking\Pen 5 - Group 3\PREWEANING\Day 1\CS_0920_PREWEAN_d1_p5_cow6_10102025_ch05-20251010203737_47640_47688_part01.mp4,created,1,2,Pen_5_PREWEAN_Day_1_10102025,Pen 5 - Group 3,PREWEAN,1,5,10102025,6,other|A|None|side,47640.084,47688.519,47640.084,47644.603402,G:\MONITORING CROSS SUCKING IN CALVES - KAPPEL - 2025\Pen 5 - Group 3\PREWEANING\Day 1\ch05_20251010203737.mp4,ch05_20251010203737.mp4,46243.078113,47644.603402,1397.005887,1401.525289
954,CS_0920_PREWEAN_d1_p5_cow6_10102025_ch05-20251010203737_47640_47688_part02.mp4,Pen 5 - Group 3\PREWEANING\Day 1\CS_0920_PREWEAN_d1_p5_cow6_10102025_ch05-20251010203737_47640_47688_part02.mp4,E:\cross_sucking\Pen 5 - Group 3\PREWEANING\Day 1\CS_0920_PREWEAN_d1_p5_cow6_10102025_ch05-20251010203737_47640_47688_part02.mp4,created,2,2,Pen_5_PREWEAN_Day_1_10102025,Pen 5 - Group 3,PREWEAN,1,5,10102025,6,other|A|None|side,47640.084,47688.519,47644.603402,47688.519,G:\MONITORING CROSS SUCKING IN CALVES - KAPPEL - 2025\Pen 5 - Group 3\PREWEANING\Day 1\ch05_20251010210109.mp4,ch05_20251010210109.mp4,47644.603402,49045.064691,0.0,43.915598
955,CS_0921_PREWEAN_d1_p5_cow6_10102025_ch05-20251010210109_48489_48519.mp4,Pen 5 - Group 3\PREWEANING\Day 1\CS_0921_PREWEAN_d1_p5_cow6_10102025_ch05-20251010210109_48489_48519.mp4,E:\cross_sucking\Pen 5 - Group 3\PREWEANING\Day 1\CS_0921_PREWEAN_d1_p5_cow6_10102025_ch05-20251010210109_48489_48519.mp4,created,1,1,Pen_5_PREWEAN_Day_1_10102025,Pen 5 - Group 3,PREWEAN,1,5,10102025,6,other|1|None|behind,48489.477,48519.526,48489.477,48519.526,G:\MONITORING CROSS SUCKING IN CALVES - KAPPEL - 2025\Pen 5 - Group 3\PREWEANING\Day 1\ch05_20251010210109.mp4,ch05_20251010210109.mp4,47644.603402,49045.064691,844.873598,874.922598
956,CS_0922_PREWEAN_d1_p5_cow1_10102025_ch05-20251010210109_48535_48639.mp4,Pen 5 - Group 3\PREWEANING\Day 1\CS_0922_PREWEAN_d1_p5_cow1_10102025_ch05-20251010210109_48535_48639.mp4,E:\cross_sucking\Pen 5 - Group 3\PREWEANING\Day 1\CS_0922_PREWEAN_d1_p5_cow1_10102025_ch05-20251010210109_48535_48639.mp4,created,1,1,Pen_5_PREWEAN_Day_1_10102025,Pen 5 - Group 3,PREWEAN,1,5,10102025,1,other|6|reciprocal|side,48535.525,48639.342,48535.525,48639.342,G:\MONITORING CROSS SUCKING IN CALVES - KAPPEL - 2025\Pen 5 - Group 3\PREWEANING\Day 1\ch05_20251010210109.mp4,ch05_20251010210109.mp4,47644.603402,49045.064691,890.921598,994.738598
957,CS_0923_PREWEAN_d1_p5_cow6_10102025_ch05-20251010210109_48538_48582.mp4,Pen 5 - Group 3\PREWEANING\Day 1\CS_0923_PREWEAN_d1_p5_cow6_10102025_ch05-20251010210109_48538_48582.mp4,E:\cross_sucking\Pen 5 - Group 3\PREWEANING\Day 1\CS_0923_PREWEAN_d1_p5_cow6_10102025_ch05-20251010210109_48538_48582.mp4,created,1,1,Pen_5_PREWEAN_Day_1_10102025,Pen 5 - Group 3,PREWEAN,1,5,10102025,6,other|1|reciprocal|side,48538.369,48582.035,48538.369,48582.035,G:\MONITORING CROSS SUCKING IN CALVES - KAPPEL - 2025\Pen 5 - Group 3\PREWEANING\Day 1\ch05_20251010210109.mp4,ch05_20251010210109.mp4,47644.603402,49045.064691,893.765598,937.431598
958,CS_0924_PREWEAN_d1_p5_cow6_10102025_ch05-20251010210109_48597_48613.mp4,Pen 5 - Group 3\PREWEANING\Day 1\CS_0924_PREWEAN_d1_p5_cow6_10102025_ch05-20251010210109_48597_48613.mp4,E:\cross_sucking\Pen 5 - Group 3\PREWEANING\Day 1\CS_0924_PREWEAN_d1_p5_cow6_10102025_ch05-20251010210109_48597_48613.mp4,created,1,1,Pen_5_PREWEAN_Day_1_10102025,Pen 5 - Group 3,PREWEAN,1,5,10102025,6,other|1|reciprocal|side,48597.524,48613.733,48597.524,48613.733,G:\MONITORING CROSS SUCKING IN CALVES - KAPPEL - 2025\Pen 5 - Group 3\PREWEANING\Day 1\ch05_20251010210109.mp4,ch05_20251010210109.mp4,47644.603402,49045.064691,952.920598,969.129598
959,CS_0925_PREWEAN_d1_p5_cow6_10102025_ch05-20251010210109_48617_48690.mp4,Pen 5 - Group 3\PREWEANING\Day 1\CS_0925_PREWEAN_d1_p5_cow6_10102025_ch05-20251010210109_48617_48690.mp4,E:\cross_sucking\Pen 5 - Group 3\PREWEANING\Day 1\CS_0925_PREWEAN_d1_p5_cow6_10102025_ch05-20251010210109_48617_48690.mp4,created,1,1,Pen_5_PREWEAN_Day_1_10102025,Pen 5 - Group 3,PREWEAN,1,5,10102025,6,other|1|reciprocal|side,48617.701,48690.025,48617.701,48690.025,G:\MONITORING CROSS SUCKING IN CALVES - KAPPEL - 2025\Pen 5 - Group 3\PREWEANING\Day 1\ch05_20251010210109.mp4,ch05_20251010210109.mp4,47644.603402,49045.064691,973.097598,1045.421598
960,CS_0926_PREWEAN_d1_p5_cowT_10102025_ch05-20251010225847_55550_55587.mp4,Pen 5 - Group 3\PREWEANING\Day 1\CS_0926_PREWEAN_d1_p5_cowT_10102025_ch05-20251010225847_55550_55587.mp4,E:\cross_sucking\Pen 5 - Group 3\PREWEANING\Day 1\CS_0926_PREWEAN_d1_p5_cowT_10102025_ch05-20251010225847_55550_55587.mp4,created,1,1,Pen_5_PREWEAN_Day_1_10102025,Pen 5 - Group 3,PREWEAN,1,5,10102025,T,other|O|None|side,55550.983,55587.638,55550.983,55587.638,G:\MONITORING CROSS SUCKING IN CALVES - KAPPEL - 2025\Pen 5 - Group 3\PREWEANING\Day 1\ch05_20251010225847.mp4,ch05_20251010225847.mp4,54651.035847,56052.53178,899.947153,936.602153
961,CS_0927_PREWEAN_d1_p5_cowT_10102025_ch05-20251010225847_55640_55658.mp4,Pen 5 - Group 3\PREWEANING\Day 1\CS_0927_PREWEAN_d1_p5_cowT_10102025_ch05-20251010225847_55640_55658.mp4,E:\cross_sucking\Pen 5 - Group 3\PREWEANING\Day 1\CS_0927_PREWEAN_d1_p5_cowT_10102025_ch05-20251010225847_55640_55658.mp4,created,1,1,Pen_5_PREWEAN_Day_1_10102025,Pen 5 - Group 3,PREWEAN,1,5,10102025,T,other|O|None|side,55640.038,55658.894,55640.038,55658.894,G:\MONITORING CROSS SUCKING IN CALVES - KAPPEL - 2025\Pen 5 - Group 3\PREWEANING\Day 1\ch05_20251010225847.mp4,ch05_20251010225847.mp4,54651.035847,56052.53178,989.002153,1007.858153
962,CS_0928_PREWEAN_d1_p5_cowT_10102025_ch05-20251010225847_55675_55688.mp4,Pen 5 - Group 3\PREWEANING\Day 1\CS_0928_PREWEAN_d1_p5_cowT_10102025_ch05-20251010225847_55675_55688.mp4,E:\cross_sucking\Pen 5 - Group 3\PREWEANING\Day 1\CS_0928_PREWEAN_d1_p5_cowT_10102025_ch05-20251010225847_55675_55688.mp4,created,1,1,Pen_5_PREWEAN_Day_1_10102025,Pen 5 - Group 3,PREWEAN,1,5,10102025,T,other|O|None|behind,55675.113,55688.41,55675.113,55688.41,G:\MONITORING CROSS SUCKING IN CALVES - KAPPEL - 2025\Pen 5 - Group 3\PREWEANING\Day 1\ch05_20251010225847.mp4,ch05_20251010225847.mp4,54651.035847,56052.53178,1024.077153,1037.374153
963,CS_0929_PREWEAN_d1_p5_cowT_10102025_ch05-20251011000923_59849_59862.mp4,Pen 5 - Group 3\PREWEANING\Day 1\CS_0929_PREWEAN_d1_p5_cowT_10102025_ch05-20251011000923_59849_59862.mp4,E:\cross_sucking\Pen 5 - Group 3\PREWEANING\Day 1\CS_0929_PREWEAN_d1_p5_cowT_10102025_ch05-20251011000923_59849_59862.mp4,created,1,1,Pen_5_PREWEAN_Day_1_10102025,Pen 5 - Group 3,PREWEAN,1,5,10102025,T,other|1|None|side,59849.268,59862.168,59849.268,59862.168,G:\MONITORING CROSS SUCKING IN CALVES - KAPPEL - 2025\Pen 5 - Group 3\PREWEANING\Day 1\ch05_20251011000923.mp4,ch05_20251011000923.mp4,58855.280358,60256.750647,993.987642,1006.887642
964,CS_0930_PREWEAN_d1_p5_cow6_10102025_ch05-20251011012000_64342_64365.mp4,Pen 5 - Group 3\PREWEANING\Day 1\CS_0930_PREWEAN_d1_p5_cow6_10102025_ch05-20251011012000_64342_64365.mp4,E:\cross_sucking\Pen 5 - Group 3\PREWEANING\Day 1\CS_0930_PREWEAN_d1_p5_cow6_10102025_ch05-20251011012000_64342_64365.mp4,created,1,1,Pen_5_PREWEAN_Day_1_10102025,Pen 5 - Group 3,PREWEAN,1,5,10102025,6,other|2|None|behind,64342.814,64365.906,64342.814,64365.906,G:\MONITORING CROSS SUCKING IN CALVES - KAPPEL - 2025\Pen 5 - Group 3\PREWEANING\Day 1\ch05_20251011012000.mp4,ch05_20251011012000.mp4,63059.648225,64461.084514,1283.165775,1306.257775
965,CS_0931_PREWEAN_d1_p5_cow8_10102025_ch05-20251011062555_82124_82158.mp4,Pen 5 - Group 3\PREWEANING\Day 1\CS_0931_PREWEAN_d1_p5_cow8_10102025_ch05-20251011062555_82124_82158.mp4,E:\cross_sucking\Pen 5 - Group 3\PREWEANING\Day 1\CS_0931_PREWEAN_d1_p5_cow8_10102025_ch05-20251011062555_82124_82158.mp4,created,1,1,Pen_5_PREWEAN_Day_1_10102025,Pen 5 - Group 3,PREWEAN,1,5,10102025,8,other|A|None|side,82124.54,82158.276,82124.54,82158.276,G:\MONITORING CROSS SUCKING IN CALVES - KAPPEL - 2025\Pen 5 - Group 3\PREWEANING\Day 1\ch05_20251011062555.mp4,ch05_20251011062555.mp4,81278.334982,82679.725271,846.205018,879.941018
966,CS_0932_PREWEAN_d1_p5_cow8_10102025_ch05-20251011062555_82160_82163.mp4,Pen 5 - Group 3\PREWEANING\Day 1\CS_0932_PREWEAN_d1_p5_cow8_10102025_ch05-20251011062555_82160_82163.mp4,E:\cross_sucking\Pen 5 - Group 3\PREWEANING\Day 1\CS_0932_PREWEAN_d1_p5_cow8_10102025_ch05-20251011062555_82160_82163.mp4,created,1,1,Pen_5_PREWEAN_Day_1_10102025,Pen 5 - Group 3,PREWEAN,1,5,10102025,8,other|A|None|side,82160.26,82163.103,82160.26,82163.103,G:\MONITORING CROSS SUCKING IN CALVES - KAPPEL - 2025\Pen 5 - Group 3\PREWEANING\Day 1\ch05_20251011062555.mp4,ch05_20251011062555.mp4,81278.334982,82679.725271,881.925018,884.768018
967,CS_0933_PREWEAN_d1_p5_cow6_10102025_ch05-20251011073631_85841_85862.mp4,Pen 5 - Group 3\PREWEANING\Day 1\CS_0933_PREWEAN_d1_p5_cow6_10102025_ch05-20251011073631_85841_85862.mp4,E:\cross_sucking\Pen 5 - Group 3\PREWEANING\Day 1\CS_0933_PREWEAN_d1_p5_cow6_10102025_ch05-20251011073631_85841_85862.mp4,created,1,1,Pen_5_PREWEAN_Day_1_10102025,Pen 5 - Group 3,PREWEAN,1,5,10102025,6,other|1|None|side,85841.805,85862.378,85841.805,85862.378,G:\MONITORING CROSS SUCKING IN CALVES - KAPPEL - 2025\Pen 5 - Group 3\PREWEANING\Day 1\ch05_20251011073631.mp4,ch05_20251011073631.mp4,85482.555849,86883.806138,359.249151,379.822151
968,CS_0934_PREWEAN_d1_p5_cow6_10102025_ch05-20251011073631_85879_85929.mp4,Pen 5 - Group 3\PREWEANING\Day 1\CS_0934_PREWEAN_d1_p5_cow6_10102025_ch05-20251011073631_85879_85929.mp4,E:\cross_sucking\Pen 5 - Group 3\PREWEANING\Day 1\CS_0934_PREWEAN_d1_p5_cow6_10102025_ch05-20251011073631_85879_85929.mp4,created,1,1,Pen_5_PREWEAN_Day_1_10102025,Pen 5 - Group 3,PREWEAN,1,5,10102025,6,other|O|None|side,85879.192,85929.136,85879.192,85929.136,G:\MONITORING CROSS SUCKING IN CALVES - KAPPEL - 2025\Pen 5 - Group 3\PREWEANING\Day 1\ch05_20251011073631.mp4,ch05_20251011073631.mp4,85482.555849,86883.806138,396.636151,446.580151
969,CS_0935_PREWEAN_d1_p5_cow6_10102025_ch05-20251011073631_85932_85936.mp4,Pen 5 - Group 3\PREWEANING\Day 1\CS_0935_PREWEAN_d1_p5_cow6_10102025_ch05-20251011073631_85932_85936.mp4,E:\cross_sucking\Pen 5 - Group 3\PREWEANING\Day 1\CS_0935_PREWEAN_d1_p5_cow6_10102025_ch05-20251011073631_85932_85936.mp4,created,1,1,Pen_5_PREWEAN_Day_1_10102025,Pen 5 - Group 3,PREWEAN,1,5,10102025,6,other|O|None|behind,85932.381,85936.154,85932.381,85936.154,G:\MONITORING CROSS SUCKING IN CALVES - KAPPEL - 2025\Pen 5 - Group 3\PREWEANING\Day 1\ch05_20251011073631.mp4,ch05_20251011073631.mp4,85482.555849,86883.806138,449.825151,453.598151
970,CS_0936_PREWEAN_d2_p5_cow6_11102025_ch05-20251011080003_1628_1649.mp4,Pen 5 - Group 3\PREWEANING\Day 2\CS_0936_PREWEAN_d2_p5_cow6_11102025_ch05-20251011080003_1628_1649.mp4,E:\cross_sucking\Pen 5 - Group 3\PREWEANING\Day 2\CS_0936_PREWEAN_d2_p5_cow6_11102025_ch05-20251011080003_1628_1649.mp4,created,1,1,Pen_5_PREWEAN_Day_2_11102025,Pen 5 - Group 3,PREWEAN,2,5,11102025,6,other|2|None|behind,1628.53,1649.226,1628.53,1649.226,G:\MONITORING CROSS SUCKING IN CALVES - KAPPEL - 2025\Pen 5 - Group 3\PREWEANING\Day 2\ch05_20251011080003.mp4,ch05_20251011080003.mp4,1401.250289,2802.582578,227.279711,247.975711
971,CS_0937_PREWEAN_d2_p5_cow8_11102025_ch05-20251011080003_1864_1881.mp4,Pen 5 - Group 3\PREWEANING\Day 2\CS_0937_PREWEAN_d2_p5_cow8_11102025_ch05-20251011080003_1864_1881.mp4,E:\cross_sucking\Pen 5 - Group 3\PREWEANING\Day 2\CS_0937_PREWEAN_d2_p5_cow8_11102025_ch05-20251011080003_1864_1881.mp4,created,1,1,Pen_5_PREWEAN_Day_2_11102025,Pen 5 - Group 3,PREWEAN,2,5,11102025,8,other|2|None|side,1864.643,1881.976,1864.643,1881.976,G:\MONITORING CROSS SUCKING IN CALVES - KAPPEL - 2025\Pen 5 - Group 3\PREWEANING\Day 2\ch05_20251011080003.mp4,ch05_20251011080003.mp4,1401.250289,2802.582578,463.392711,480.725711
972,CS_0938_PREWEAN_d2_p5_cowslash_11102025_ch05-20251011080003_1911_1913.mp4,Pen 5 - Group 3\PREWEANING\Day 2\CS_0938_PREWEAN_d2_p5_cowslash_11102025_ch05-20251011080003_1911_1913.mp4,E:\cross_sucking\Pen 5 - Group 3\PREWEANING\Day 2\CS_0938_PREWEAN_d2_p5_cowslash_11102025_ch05-20251011080003_1911_1913.mp4,created,1,1,Pen_5_PREWEAN_Day_2_11102025,Pen 5 - Group 3,PREWEAN,2,5,11102025,/,other|8|None|behind,1911.221,1913.346,1911.221,1913.346,G:\MONITORING CROSS SUCKING IN CALVES - KAPPEL - 2025\Pen 5 - Group 3\PREWEANING\Day 2\ch05_20251011080003.mp4,ch05_20251011080003.mp4,1401.250289,2802.582578,509.970711,512.095711
973,CS_0939_PREWEAN_d2_p5_cowslash_11102025_ch05-20251011080003_1920_1921.mp4,Pen 5 - Group 3\PREWEANING\Day 2\CS_0939_PREWEAN_d2_p5_cowslash_11102025_ch05-20251011080003_1920_1921.mp4,E:\cross_sucking\Pen 5 - Group 3\PREWEANING\Day 2\CS_0939_PREWEAN_d2_p5_cowslash_11102025_ch05-20251011080003_1920_1921.mp4,created,1,1,Pen_5_PREWEAN_Day_2_11102025,Pen 5 - Group 3,PREWEAN,2,5,11102025,/,other|8|None|side,1920.619,1921.945,1920.619,1921.945,G:\MONITORING CROSS SUCKING IN CALVES - KAPPEL - 2025\Pen 5 - Group 3\PREWEANING\Day 2\ch05_20251011080003.mp4,ch05_20251011080003.mp4,1401.250289,2802.582578,519.368711,520.694711
974,CS_0940_PREWEAN_d2_p5_cowT_11102025_ch05-20251011080003_2207_2231.mp4,Pen 5 - Group 3\PREWEANING\Day 2\CS_0940_PREWEAN_d2_p5_cowT_11102025_ch05-20251011080003_2207_2231.mp4,E:\cross_sucking\Pen 5 - Group 3\PREWEANING\Day 2\CS_0940_PREWEAN_d2_p5_cowT_11102025_ch05-20251011080003_2207_2231.mp4,created,1,1,Pen_5_PREWEAN_Day_2_11102025,Pen 5 - Group 3,PREWEAN,2,5,11102025,T,other|A|None|side,2207.912,2231.999,2207.912,2231.999,G:\MONITORING CROSS SUCKING IN CALVES - KAPPEL - 2025\Pen 5 - Group 3\PREWEANING\Day 2\ch05_20251011080003.mp4,ch05_20251011080003.mp4,1401.250289,2802.582578,806.661711,830.748711
975,CS_0941_PREWEAN_d2_p5_cow6_11102025_ch05-20251011080003_2706_2715.mp4,Pen 5 - Group 3\PREWEANING\Day 2\CS_0941_PREWEAN_d2_p5_cow6_11102025_ch05-20251011080003_2706_2715.mp4,E:\cross_sucking\Pen 5 - Group 3\PREWEANING\Day 2\CS_0941_PREWEAN_d2_p5_cow6_11102025_ch05-20251011080003_2706_2715.mp4,created,1,1,Pen_5_PREWEAN_Day_2_11102025,Pen 5 - Group 3,PREWEAN,2,5,11102025,6,hay|A|None|side,2706.047,2715.443,2706.047,2715.443,G:\MONITORING CROSS SUCKING IN CALVES - KAPPEL - 2025\Pen 5 - Group 3\PREWEANING\Day 2\ch05_20251011080003.mp4,ch05_20251011080003.mp4,1401.250289,2802.582578,1304.796711,1314.192711
976,CS_0942_PREWEAN_d2_p5_cow6_11102025_ch05-20251011080003_2715_2718.mp4,Pen 5 - Group 3\PREWEANING\Day 2\CS_0942_PREWEAN_d2_p5_cow6_11102025_ch05-20251011080003_2715_2718.mp4,E:\cross_sucking\Pen 5 - Group 3\PREWEANING\Day 2\CS_0942_PREWEAN_d2_p5_cow6_11102025_ch05-20251011080003_2715_2718.mp4,created,1,1,Pen_5_PREWEAN_Day_2_11102025,Pen 5 - Group 3,PREWEAN,2,5,11102025,6,other|A|None|side,2715.444,2718.289,2715.444,2718.289,G:\MONITORING CROSS SUCKING IN CALVES - KAPPEL - 2025\Pen 5 - Group 3\PREWEANING\Day 2\ch05_20251011080003.mp4,ch05_20251011080003.mp4,1401.250289,2802.582578,1314.193711,1317.038711
977,CS_0943_PREWEAN_d2_p5_cow6_11102025_ch05-20251011080003_2718_2748.mp4,Pen 5 - Group 3\PREWEANING\Day 2\CS_0943_PREWEAN_d2_p5_cow6_11102025_ch05-20251011080003_2718_2748.mp4,E:\cross_sucking\Pen 5 - Group 3\PREWEANING\Day 2\CS_0943_PREWEAN_d2_p5_cow6_11102025_ch05-20251011080003_2718_2748.mp4,created,1,1,Pen_5_PREWEAN_Day_2_11102025,Pen 5 - Group 3,PREWEAN,2,5,11102025,6,hay|A|None|side,2718.29,2748.255,2718.29,2748.255,G:\MONITORING CROSS SUCKING IN CALVES - KAPPEL - 2025\Pen 5 - Group 3\PREWEANING\Day 2\ch05_20251011080003.mp4,ch05_20251011080003.mp4,1401.250289,2802.582578,1317.039711,1347.004711
978,CS_0944_PREWEAN_d2_p5_cow8_11102025_ch05-20251011082334_3018_3028.mp4,Pen 5 - Group 3\PREWEANING\Day 2\CS_0944_PREWEAN_d2_p5_cow8_11102025_ch05-20251011082334_3018_3028.mp4,E:\cross_sucking\Pen 5 - Group 3\PREWEANING\Day 2\CS_0944_PREWEAN_d2_p5_cow8_11102025_ch05-20251011082334_3018_3028.mp4,created,1,1,Pen_5_PREWEAN_Day_2_11102025,Pen 5 - Group 3,PREWEAN,2,5,11102025,8,other|1|None|side,3018.902,3028.354,3018.902,3028.354,G:\MONITORING CROSS SUCKING IN CALVES - KAPPEL - 2025\Pen 5 - Group 3\PREWEANING\Day 2\ch05_20251011082334.mp4,ch05_20251011082334.mp4,2802.582578,4203.948867,216.319422,225.771422
979,CS_0945_PREWEAN_d2_p5_cow1_11102025_ch05-20251011082334_3022_3248.mp4,Pen 5 - Group 3\PREWEANING\Day 2\CS_0945_PREWEAN_d2_p5_cow1_11102025_ch05-20251011082334_3022_3248.mp4,E:\cross_sucking\Pen 5 - Group 3\PREWEANING\Day 2\CS_0945_PREWEAN_d2_p5_cow1_11102025_ch05-20251011082334_3022_3248.mp4,created,1,1,Pen_5_PREWEAN_Day_2_11102025,Pen 5 - Group 3,PREWEAN,2,5,11102025,1,other|8|reciprocal|side,3022.795,3248.351,3022.795,3248.351,G:\MONITORING CROSS SUCKING IN CALVES - KAPPEL - 2025\Pen 5 - Group 3\PREWEANING\Day 2\ch05_20251011082334.mp4,ch05_20251011082334.mp4,2802.582578,4203.948867,220.212422,445.768422
980,CS_0946_PREWEAN_d2_p5_cow8_11102025_ch05-20251011082334_3033_3057.mp4,Pen 5 - Group 3\PREWEANING\Day 2\CS_0946_PREWEAN_d2_p5_cow8_11102025_ch05-20251011082334_3033_3057.mp4,E:\cross_sucking\Pen 5 - Group 3\PREWEANING\Day 2\CS_0946_PREWEAN_d2_p5_cow8_11102025_ch05-20251011082334_3033_3057.mp4,created,1,1,Pen_5_PREWEAN_Day_2_11102025,Pen 5 - Group 3,PREWEAN,2,5,11102025,8,other|1|reciprocal|side,3033.184,3057.924,3033.184,3057.924,G:\MONITORING CROSS SUCKING IN CALVES - KAPPEL - 2025\Pen 5 - Group 3\PREWEANING\Day 2\ch05_20251011082334.mp4,ch05_20251011082334.mp4,2802.582578,4203.948867,230.601422,255.341422
981,CS_0947_PREWEAN_d2_p5_cowO_11102025_ch05-20251011082334_3047_3055.mp4,Pen 5 - Group 3\PREWEANING\Day 2\CS_0947_PREWEAN_d2_p5_cowO_11102025_ch05-20251011082334_3047_3055.mp4,E:\cross_sucking\Pen 5 - Group 3\PREWEANING\Day 2\CS_0947_PREWEAN_d2_p5_cowO_11102025_ch05-20251011082334_3047_3055.mp4,created,1,1,Pen_5_PREWEAN_Day_2_11102025,Pen 5 - Group 3,PREWEAN,2,5,11102025,O,other|8|three|side,3047.684,3055.678,3047.684,3055.678,G:\MONITORING CROSS SUCKING IN CALVES - KAPPEL - 2025\Pen 5 - Group 3\PREWEANING\Day 2\ch05_20251011082334.mp4,ch05_20251011082334.mp4,2802.582578,4203.948867,245.101422,253.095422
982,CS_0948_PREWEAN_d2_p5_cow8_11102025_ch05-20251011082334_3065_3073.mp4,Pen 5 - Group 3\PREWEANING\Day 2\CS_0948_PREWEAN_d2_p5_cow8_11102025_ch05-20251011082334_3065_3073.mp4,E:\cross_sucking\Pen 5 - Group 3\PREWEANING\Day 2\CS_0948_PREWEAN_d2_p5_cow8_11102025_ch05-20251011082334_3065_3073.mp4,created,1,1,Pen_5_PREWEAN_Day_2_11102025,Pen 5 - Group 3,PREWEAN,2,5,11102025,8,other|1|reciprocal|side,3065.462,3073.535,3065.462,3073.535,G:\MONITORING CROSS SUCKING IN CALVES - KAPPEL - 2025\Pen 5 - Group 3\PREWEANING\Day 2\ch05_20251011082334.mp4,ch05_20251011082334.mp4,2802.582578,4203.948867,262.879422,270.952422
983,CS_0949_PREWEAN_d2_p5_cow8_11102025_ch05-20251011082334_3076_3104.mp4,Pen 5 - Group 3\PREWEANING\Day 2\CS_0949_PREWEAN_d2_p5_cow8_11102025_ch05-20251011082334_3076_3104.mp4,E:\cross_sucking\Pen 5 - Group 3\PREWEANING\Day 2\CS_0949_PREWEAN_d2_p5_cow8_11102025_ch05-20251011082334_3076_3104.mp4,created,1,1,Pen_5_PREWEAN_Day_2_11102025,Pen 5 - Group 3,PREWEAN,2,5,11102025,8,other|1|reciprocal|side,3076.709,3104.039,3076.709,3104.039,G:\MONITORING CROSS SUCKING IN CALVES - KAPPEL - 2025\Pen 5 - Group 3\PREWEANING\Day 2\ch05_20251011082334.mp4,ch05_20251011082334.mp4,2802.582578,4203.948867,274.126422,301.456422
984,CS_0950_PREWEAN_d2_p5_cow8_11102025_ch05-20251011082334_3145_3248.mp4,Pen 5 - Group 3\PREWEANING\Day 2\CS_0950_PREWEAN_d2_p5_cow8_11102025_ch05-20251011082334_3145_3248.mp4,E:\cross_sucking\Pen 5 - Group 3\PREWEANING\Day 2\CS_0950_PREWEAN_d2_p5_cow8_11102025_ch05-20251011082334_3145_3248.mp4,created,1,1,Pen_5_PREWEAN_Day_2_11102025,Pen 5 - Group 3,PREWEAN,2,5,11102025,8,other|1|reciprocal|side,3145.336,3248.351,3145.336,3248.351,G:\MONITORING CROSS SUCKING IN CALVES - KAPPEL - 2025\Pen 5 - Group 3\PREWEANING\Day 2\ch05_20251011082334.mp4,ch05_20251011082334.mp4,2802.582578,4203.948867,342.753422,445.768422
985,CS_0951_PREWEAN_d2_p5_cowO_11102025_ch05-20251011082334_3277_3291.mp4,Pen 5 - Group 3\PREWEANING\Day 2\CS_0951_PREWEAN_d2_p5_cowO_11102025_ch05-20251011082334_3277_3291.mp4,E:\cross_sucking\Pen 5 - Group 3\PREWEANING\Day 2\CS_0951_PREWEAN_d2_p5_cowO_11102025_ch05-20251011082334_3277_3291.mp4,created,1,1,Pen_5_PREWEAN_Day_2_11102025,Pen 5 - Group 3,PREWEAN,2,5,11102025,O,other|8|None|side,3277.199,3291.159,3277.199,3291.159,G:\MONITORING CROSS SUCKING IN CALVES - KAPPEL - 2025\Pen 5 - Group 3\PREWEANING\Day 2\ch05_20251011082334.mp4,ch05_20251011082334.mp4,2802.582578,4203.948867,474.616422,488.576422
986,CS_0952_PREWEAN_d2_p5_cow8_11102025_ch05-20251011082334_3283_3291.mp4,Pen 5 - Group 3\PREWEANING\Day 2\CS_0952_PREWEAN_d2_p5_cow8_11102025_ch05-20251011082334_3283_3291.mp4,E:\cross_sucking\Pen 5 - Group 3\PREWEANING\Day 2\CS_0952_PREWEAN_d2_p5_cow8_11102025_ch05-20251011082334_3283_3291.mp4,created,1,1,Pen_5_PREWEAN_Day_2_11102025,Pen 5 - Group 3,PREWEAN,2,5,11102025,8,other|1|None|side,3283.48,3291.159,3283.48,3291.159,G:\MONITORING CROSS SUCKING IN CALVES - KAPPEL - 2025\Pen 5 - Group 3\PREWEANING\Day 2\ch05_20251011082334.mp4,ch05_20251011082334.mp4,2802.582578,4203.948867,480.897422,488.576422
987,CS_0953_PREWEAN_d2_p5_cow8_11102025_ch05-20251011082334_3418_3436.mp4,Pen 5 - Group 3\PREWEANING\Day 2\CS_0953_PREWEAN_d2_p5_cow8_11102025_ch05-20251011082334_3418_3436.mp4,E:\cross_sucking\Pen 5 - Group 3\PREWEANING\Day 2\CS_0953_PREWEAN_d2_p5_cow8_11102025_ch05-20251011082334_3418_3436.mp4,created,1,1,Pen_5_PREWEAN_Day_2_11102025,Pen 5 - Group 3,PREWEAN,2,5,11102025,8,other|2|None|side,3418.072,3436.264,3418.072,3436.264,G:\MONITORING CROSS SUCKING IN CALVES - KAPPEL - 2025\Pen 5 - Group 3\PREWEANING\Day 2\ch05_20251011082334.mp4,ch05_20251011082334.mp4,2802.582578,4203.948867,615.489422,633.681422
988,CS_0954_PREWEAN_d2_p5_cowO_11102025_ch05-20251011082334_3555_3574.mp4,Pen 5 - Group 3\PREWEANING\Day 2\CS_0954_PREWEAN_d2_p5_cowO_11102025_ch05-20251011082334_3555_3574.mp4,E:\cross_sucking\Pen 5 - Group 3\PREWEANING\Day 2\CS_0954_PREWEAN_d2_p5_cowO_11102025_ch05-20251011082334_3555_3574.mp4,created,1,1,Pen_5_PREWEAN_Day_2_11102025,Pen 5 - Group 3,PREWEAN,2,5,11102025,O,other|2|None|side,3555.847,3574.824,3555.847,3574.824,G:\MONITORING CROSS SUCKING IN CALVES - KAPPEL - 2025\Pen 5 - Group 3\PREWEANING\Day 2\ch05_20251011082334.mp4,ch05_20251011082334.mp4,2802.582578,4203.948867,753.264422,772.241422
989,CS_0955_PREWEAN_d2_p5_cow2_11102025_ch05-20251011082334_3574_3586.mp4,Pen 5 - Group 3\PREWEANING\Day 2\CS_0955_PREWEAN_d2_p5_cow2_11102025_ch05-20251011082334_3574_3586.mp4,E:\cross_sucking\Pen 5 - Group 3\PREWEANING\Day 2\CS_0955_PREWEAN_d2_p5_cow2_11102025_ch05-20251011082334_3574_3586.mp4,created,1,1,Pen_5_PREWEAN_Day_2_11102025,Pen 5 - Group 3,PREWEAN,2,5,11102025,2,other|O|None|side,3574.824,3586.204,3574.824,3586.204,G:\MONITORING CROSS SUCKING IN CALVES - KAPPEL - 2025\Pen 5 - Group 3\PREWEANING\Day 2\ch05_20251011082334.mp4,ch05_20251011082334.mp4,2802.582578,4203.948867,772.241422,783.621422
990,CS_0956_PREWEAN_d2_p5_cow1_11102025_ch05-20251011082334_4052_4076.mp4,Pen 5 - Group 3\PREWEANING\Day 2\CS_0956_PREWEAN_d2_p5_cow1_11102025_ch05-20251011082334_4052_4076.mp4,E:\cross_sucking\Pen 5 - Group 3\PREWEANING\Day 2\CS_0956_PREWEAN_d2_p5_cow1_11102025_ch05-20251011082334_4052_4076.mp4,created,1,1,Pen_5_PREWEAN_Day_2_11102025,Pen 5 - Group 3,PREWEAN,2,5,11102025,1,grain feeder|A|None|side,4052.537,4076.026,4052.537,4076.026,G:\MONITORING CROSS SUCKING IN CALVES - KAPPEL - 2025\Pen 5 - Group 3\PREWEANING\Day 2\ch05_20251011082334.mp4,ch05_20251011082334.mp4,2802.582578,4203.948867,1249.954422,1273.443422
991,CS_0957_PREWEAN_d2_p5_cowO_11102025_ch05-20251011084706_4798_4810.mp4,Pen 5 - Group 3\PREWEANING\Day 2\CS_0957_PREWEAN_d2_p5_cowO_11102025_ch05-20251011084706_4798_4810.mp4,E:\cross_sucking\Pen 5 - Group 3\PREWEANING\Day 2\CS_0957_PREWEAN_d2_p5_cowO_11102025_ch05-20251011084706_4798_4810.mp4,created,1,1,Pen_5_PREWEAN_Day_2_11102025,Pen 5 - Group 3,PREWEAN,2,5,11102025,O,other|A|None|behind,4798.339,4810.178,4798.339,4810.178,G:\MONITORING CROSS SUCKING IN CALVES - KAPPEL - 2025\Pen 5 - Group 3\PREWEANING\Day 2\ch05_20251011084706.mp4,ch05_20251011084706.mp4,4203.948867,5605.290156,594.390133,606.229133
992,CS_0958_PREWEAN_d2_p5_cowT_11102025_ch05-20251011084706_5449_5456.mp4,Pen 5 - Group 3\PREWEANING\Day 2\CS_0958_PREWEAN_d2_p5_cowT_11102025_ch05-20251011084706_5449_5456.mp4,E:\cross_sucking\Pen 5 - Group 3\PREWEANING\Day 2\CS_0958_PREWEAN_d2_p5_cowT_11102025_ch05-20251011084706_5449_5456.mp4,created,1,1,Pen_5_PREWEAN_Day_2_11102025,Pen 5 - Group 3,PREWEAN,2,5,11102025,T,other|O|None|side,5449.672,5456.746,5449.672,5456.746,G:\MONITORING CROSS SUCKING IN CALVES - KAPPEL - 2025\Pen 5 - Group 3\PREWEANING\Day 2\ch05_20251011084706.mp4,ch05_20251011084706.mp4,4203.948867,5605.290156,1245.723133,1252.797133
993,CS_0959_PREWEAN_d2_p5_cowT_11102025_ch05-20251011084706_5458_5466.mp4,Pen 5 - Group 3\PREWEANING\Day 2\CS_0959_PREWEAN_d2_p5_cowT_11102025_ch05-20251011084706_5458_5466.mp4,E:\cross_sucking\Pen 5 - Group 3\PREWEANING\Day 2\CS_0959_PREWEAN_d2_p5_cowT_11102025_ch05-20251011084706_5458_5466.mp4,created,1,1,Pen_5_PREWEAN_Day_2_11102025,Pen 5 - Group 3,PREWEAN,2,5,11102025,T,other|O|None|side,5458.534,5466.539,5458.534,5466.539,G:\MONITORING CROSS SUCKING IN CALVES - KAPPEL - 2025\Pen 5 - Group 3\PREWEANING\Day 2\ch05_20251011084706.mp4,ch05_20251011084706.mp4,4203.948867,5605.290156,1254.585133,1262.590133
994,CS_0960_PREWEAN_d2_p5_cowO_11102025_ch05-20251011084706_5468_5473.mp4,Pen 5 - Group 3\PREWEANING\Day 2\CS_0960_PREWEAN_d2_p5_cowO_11102025_ch05-20251011084706_5468_5473.mp4,E:\cross_sucking\Pen 5 - Group 3\PREWEANING\Day 2\CS_0960_PREWEAN_d2_p5_cowO_11102025_ch05-20251011084706_5468_5473.mp4,created,1,1,Pen_5_PREWEAN_Day_2_11102025,Pen 5 - Group 3,PREWEAN,2,5,11102025,O,other|T|reciprocal|side,5468.655,5473.616,5468.655,5473.616,G:\MONITORING CROSS SUCKING IN CALVES - KAPPEL - 2025\Pen 5 - Group 3\PREWEANING\Day 2\ch05_20251011084706.mp4,ch05_20251011084706.mp4,4203.948867,5605.290156,1264.706133,1269.667133
995,CS_0961_PREWEAN_d2_p5_cowT_11102025_ch05-20251011084706_5477_5486.mp4,Pen 5 - Group 3\PREWEANING\Day 2\CS_0961_PREWEAN_d2_p5_cowT_11102025_ch05-20251011084706_5477_5486.mp4,E:\cross_sucking\Pen 5 - Group 3\PREWEANING\Day 2\CS_0961_PREWEAN_d2_p5_cowT_11102025_ch05-20251011084706_5477_5486.mp4,created,1,1,Pen_5_PREWEAN_Day_2_11102025,Pen 5 - Group 3,PREWEAN,2,5,11102025,T,other|O|None|side,5477.455,5486.585,5477.455,5486.585,G:\MONITORING CROSS SUCKING IN CALVES - KAPPEL - 2025\Pen 5 - Group 3\PREWEANING\Day 2\ch05_20251011084706.mp4,ch05_20251011084706.mp4,4203.948867,5605.290156,1273.506133,1282.636133
996,CS_0962_PREWEAN_d2_p5_cowO_11102025_ch05-20251011084706_5483_5486.mp4,Pen 5 - Group 3\PREWEANING\Day 2\CS_0962_PREWEAN_d2_p5_cowO_11102025_ch05-20251011084706_5483_5486.mp4,E:\cross_sucking\Pen 5 - Group 3\PREWEANING\Day 2\CS_0962_PREWEAN_d2_p5_cowO_11102025_ch05-20251011084706_5483_5486.mp4,created,1,1,Pen_5_PREWEAN_Day_2_11102025,Pen 5 - Group 3,PREWEAN,2,5,11102025,O,other|T|reciprocal|side,5483.011,5486.322,5483.011,5486.322,G:\MONITORING CROSS SUCKING IN CALVES - KAPPEL - 2025\Pen 5 - Group 3\PREWEANING\Day 2\ch05_20251011084706.mp4,ch05_20251011084706.mp4,4203.948867,5605.290156,1279.062133,1282.373133
997,CS_0963_PREWEAN_d2_p5_cow8_11102025_ch05-20251011084706_5580_5615_part01.mp4,Pen 5 - Group 3\PREWEANING\Day 2\CS_0963_PREWEAN_d2_p5_cow8_11102025_ch05-20251011084706_5580_5615_part01.mp4,E:\cross_sucking\Pen 5 - Group 3\PREWEANING\Day 2\CS_0963_PREWEAN_d2_p5_cow8_11102025_ch05-20251011084706_5580_5615_part01.mp4,created,1,2,Pen_5_PREWEAN_Day_2_11102025,Pen 5 - Group 3,PREWEAN,2,5,11102025,8,other|A|None|side,5580.008,5615.604,5580.008,5605.290156,G:\MONITORING CROSS SUCKING IN CALVES - KAPPEL - 2025\Pen 5 - Group 3\PREWEANING\Day 2\ch05_20251011084706.mp4,ch05_20251011084706.mp4,4203.948867,5605.290156,1376.059133,1401.341289
998,CS_0963_PREWEAN_d2_p5_cow8_11102025_ch05-20251011084706_5580_5615_part02.mp4,Pen 5 - Group 3\PREWEANING\Day 2\CS_0963_PREWEAN_d2_p5_cow8_11102025_ch05-20251011084706_5580_5615_part02.mp4,E:\cross_sucking\Pen 5 - Group 3\PREWEANING\Day 2\CS_0963_PREWEAN_d2_p5_cow8_11102025_ch05-20251011084706_5580_5615_part02.mp4,created,2,2,Pen_5_PREWEAN_Day_2_11102025,Pen 5 - Group 3,PREWEAN,2,5,11102025,8,other|A|None|side,5580.008,5615.604,5605.290156,5615.604,G:\MONITORING CROSS SUCKING IN CALVES - KAPPEL - 2025\Pen 5 - Group 3\PREWEANING\Day 2\ch05_20251011091039.mp4,ch05_20251011091039.mp4,5605.290156,7006.627445,0.0,10.313844
999,CS_0964_PREWEAN_d2_p5_cow6_11102025_ch05-20251011113149_15094_15120.mp4,Pen 5 - Group 3\PREWEANING\Day 2\CS_0964_PREWEAN_d2_p5_cow6_11102025_ch05-20251011113149_15094_15120.mp4,E:\cross_sucking\Pen 5 - Group 3\PREWEANING\Day 2\CS_0964_PREWEAN_d2_p5_cow6_11102025_ch05-20251011113149_15094_15120.mp4,created,1,1,Pen_5_PREWEAN_Day_2_11102025,Pen 5 - Group 3,PREWEAN,2,5,11102025,6,milk feeder|A|None|behind,15094.202,15120.534,15094.202,15120.534,G:\MONITORING CROSS SUCKING IN CALVES - KAPPEL - 2025\Pen 5 - Group 3\PREWEANING\Day 2\ch05_20251011113149.mp4,ch05_20251011113149.mp4,14011.809534,15413.099823,1082.392466,1108.724466
1000,CS_0965_PREWEAN_d2_p5_cow6_11102025_ch05-20251011113149_15401_15454_part01.mp4,Pen 5 - Group 3\PREWEANING\Day 2\CS_0965_PREWEAN_d2_p5_cow6_11102025_ch05-20251011113149_15401_15454_part01.mp4,E:\cross_sucking\Pen 5 - Group 3\PREWEANING\Day 2\CS_0965_PREWEAN_d2_p5_cow6_11102025_ch05-20251011113149_15401_15454_part01.mp4,created,1,2,Pen_5_PREWEAN_Day_2_11102025,Pen 5 - Group 3,PREWEAN,2,5,11102025,6,milk feeder|O|None|behind,15401.83,15454.373,15401.83,15413.099823,G:\MONITORING CROSS SUCKING IN CALVES - KAPPEL - 2025\Pen 5 - Group 3\PREWEANING\Day 2\ch05_20251011113149.mp4,ch05_20251011113149.mp4,14011.809534,15413.099823,1390.020466,1401.290289
1001,CS_0965_PREWEAN_d2_p5_cow6_11102025_ch05-20251011113149_15401_15454_part02.mp4,Pen 5 - Group 3\PREWEANING\Day 2\CS_0965_PREWEAN_d2_p5_cow6_11102025_ch05-20251011113149_15401_15454_part02.mp4,E:\cross_sucking\Pen 5 - Group 3\PREWEANING\Day 2\CS_0965_PREWEAN_d2_p5_cow6_11102025_ch05-20251011113149_15401_15454_part02.mp4,created,2,2,Pen_5_PREWEAN_Day_2_11102025,Pen 5 - Group 3,PREWEAN,2,5,11102025,6,milk feeder|O|None|behind,15401.83,15454.373,15413.099823,15454.373,G:\MONITORING CROSS SUCKING IN CALVES - KAPPEL - 2025\Pen 5 - Group 3\PREWEANING\Day 2\ch05_20251011115522.mp4,ch05_20251011115522.mp4,15413.099823,16814.491112,0.0,41.273177
1002,CS_0966_PREWEAN_d2_p5_cowT_11102025_ch05-20251011115522_15444_15480.mp4,Pen 5 - Group 3\PREWEANING\Day 2\CS_0966_PREWEAN_d2_p5_cowT_11102025_ch05-20251011115522_15444_15480.mp4,E:\cross_sucking\Pen 5 - Group 3\PREWEANING\Day 2\CS_0966_PREWEAN_d2_p5_cowT_11102025_ch05-20251011115522_15444_15480.mp4,created,1,1,Pen_5_PREWEAN_Day_2_11102025,Pen 5 - Group 3,PREWEAN,2,5,11102025,T,milk feeder|O|None|behind,15444.177,15480.05,15444.177,15480.05,G:\MONITORING CROSS SUCKING IN CALVES - KAPPEL - 2025\Pen 5 - Group 3\PREWEANING\Day 2\ch05_20251011115522.mp4,ch05_20251011115522.mp4,15413.099823,16814.491112,31.077177,66.950177
1003,CS_0967_PREWEAN_d2_p5_cowT_11102025_ch05-20251011115522_15490_15519.mp4,Pen 5 - Group 3\PREWEANING\Day 2\CS_0967_PREWEAN_d2_p5_cowT_11102025_ch05-20251011115522_15490_15519.mp4,E:\cross_sucking\Pen 5 - Group 3\PREWEANING\Day 2\CS_0967_PREWEAN_d2_p5_cowT_11102025_ch05-20251011115522_15490_15519.mp4,created,1,1,Pen_5_PREWEAN_Day_2_11102025,Pen 5 - Group 3,PREWEAN,2,5,11102025,T,milk feeder|O|None|behind,15490.368,15519.944,15490.368,15519.944,G:\MONITORING CROSS SUCKING IN CALVES - KAPPEL - 2025\Pen 5 - Group 3\PREWEANING\Day 2\ch05_20251011115522.mp4,ch05_20251011115522.mp4,15413.099823,16814.491112,77.268177,106.844177
1004,CS_0968_PREWEAN_d2_p5_cow8_11102025_ch05-20251011115522_15604_15624.mp4,Pen 5 - Group 3\PREWEANING\Day 2\CS_0968_PREWEAN_d2_p5_cow8_11102025_ch05-20251011115522_15604_15624.mp4,E:\cross_sucking\Pen 5 - Group 3\PREWEANING\Day 2\CS_0968_PREWEAN_d2_p5_cow8_11102025_ch05-20251011115522_15604_15624.mp4,created,1,1,Pen_5_PREWEAN_Day_2_11102025,Pen 5 - Group 3,PREWEAN,2,5,11102025,8,milk feeder|O|None|behind,15604.023,15624.273,15604.023,15624.273,G:\MONITORING CROSS SUCKING IN CALVES - KAPPEL - 2025\Pen 5 - Group 3\PREWEANING\Day 2\ch05_20251011115522.mp4,ch05_20251011115522.mp4,15413.099823,16814.491112,190.923177,211.173177
1005,CS_0969_PREWEAN_d2_p5_cowT_11102025_ch05-20251011135301_23593_23609.mp4,Pen 5 - Group 3\PREWEANING\Day 2\CS_0969_PREWEAN_d2_p5_cowT_11102025_ch05-20251011135301_23593_23609.mp4,E:\cross_sucking\Pen 5 - Group 3\PREWEANING\Day 2\CS_0969_PREWEAN_d2_p5_cowT_11102025_ch05-20251011135301_23593_23609.mp4,created,1,1,Pen_5_PREWEAN_Day_2_11102025,Pen 5 - Group 3,PREWEAN,2,5,11102025,T,other|O|None|side,23593.988,23609.543,23593.988,23609.543,G:\MONITORING CROSS SUCKING IN CALVES - KAPPEL - 2025\Pen 5 - Group 3\PREWEANING\Day 2\ch05_20251011135301.mp4,ch05_20251011135301.mp4,22420.036268,23821.562557,1173.951732,1189.506732
1006,CS_0970_PREWEAN_d2_p5_cowO_11102025_ch05-20251011135301_23595_23609.mp4,Pen 5 - Group 3\PREWEANING\Day 2\CS_0970_PREWEAN_d2_p5_cowO_11102025_ch05-20251011135301_23595_23609.mp4,E:\cross_sucking\Pen 5 - Group 3\PREWEANING\Day 2\CS_0970_PREWEAN_d2_p5_cowO_11102025_ch05-20251011135301_23595_23609.mp4,created,1,1,Pen_5_PREWEAN_Day_2_11102025,Pen 5 - Group 3,PREWEAN,2,5,11102025,O,None|T|reciprocal|side,23595.974,23609.213,23595.974,23609.213,G:\MONITORING CROSS SUCKING IN CALVES - KAPPEL - 2025\Pen 5 - Group 3\PREWEANING\Day 2\ch05_20251011135301.mp4,ch05_20251011135301.mp4,22420.036268,23821.562557,1175.937732,1189.176732
1007,CS_0971_PREWEAN_d2_p5_cow2_11102025_ch05-20251011135301_23739_23766.mp4,Pen 5 - Group 3\PREWEANING\Day 2\CS_0971_PREWEAN_d2_p5_cow2_11102025_ch05-20251011135301_23739_23766.mp4,E:\cross_sucking\Pen 5 - Group 3\PREWEANING\Day 2\CS_0971_PREWEAN_d2_p5_cow2_11102025_ch05-20251011135301_23739_23766.mp4,created,1,1,Pen_5_PREWEAN_Day_2_11102025,Pen 5 - Group 3,PREWEAN,2,5,11102025,2,other|O|None|side,23739.834,23766.238,23739.834,23766.238,G:\MONITORING CROSS SUCKING IN CALVES - KAPPEL - 2025\Pen 5 - Group 3\PREWEANING\Day 2\ch05_20251011135301.mp4,ch05_20251011135301.mp4,22420.036268,23821.562557,1319.797732,1346.201732
1008,CS_0972_PREWEAN_d2_p5_cow2_11102025_ch05-20251011141634_24031_24043.mp4,Pen 5 - Group 3\PREWEANING\Day 2\CS_0972_PREWEAN_d2_p5_cow2_11102025_ch05-20251011141634_24031_24043.mp4,E:\cross_sucking\Pen 5 - Group 3\PREWEANING\Day 2\CS_0972_PREWEAN_d2_p5_cow2_11102025_ch05-20251011141634_24031_24043.mp4,created,1,1,Pen_5_PREWEAN_Day_2_11102025,Pen 5 - Group 3,PREWEAN,2,5,11102025,2,other|T|None|behind,24031.487,24043.929,24031.487,24043.929,G:\MONITORING CROSS SUCKING IN CALVES - KAPPEL - 2025\Pen 5 - Group 3\PREWEANING\Day 2\ch05_20251011141634.mp4,ch05_20251011141634.mp4,23821.562557,25223.112846,209.924443,222.366443
1009,CS_0973_PREWEAN_d2_p5_cow2_11102025_ch05-20251011141634_24732_24777.mp4,Pen 5 - Group 3\PREWEANING\Day 2\CS_0973_PREWEAN_d2_p5_cow2_11102025_ch05-20251011141634_24732_24777.mp4,E:\cross_sucking\Pen 5 - Group 3\PREWEANING\Day 2\CS_0973_PREWEAN_d2_p5_cow2_11102025_ch05-20251011141634_24732_24777.mp4,created,1,1,Pen_5_PREWEAN_Day_2_11102025,Pen 5 - Group 3,PREWEAN,2,5,11102025,2,other|6|None|behind,24732.761,24777.946,24732.761,24777.946,G:\MONITORING CROSS SUCKING IN CALVES - KAPPEL - 2025\Pen 5 - Group 3\PREWEANING\Day 2\ch05_20251011141634.mp4,ch05_20251011141634.mp4,23821.562557,25223.112846,911.198443,956.383443
1010,CS_0974_PREWEAN_d2_p5_cow1_11102025_ch05-20251011152708_28750_28796.mp4,Pen 5 - Group 3\PREWEANING\Day 2\CS_0974_PREWEAN_d2_p5_cow1_11102025_ch05-20251011152708_28750_28796.mp4,E:\cross_sucking\Pen 5 - Group 3\PREWEANING\Day 2\CS_0974_PREWEAN_d2_p5_cow1_11102025_ch05-20251011152708_28750_28796.mp4,created,1,1,Pen_5_PREWEAN_Day_2_11102025,Pen 5 - Group 3,PREWEAN,2,5,11102025,1,milk feeder|8|None|behind,28750.95,28796.336,28750.95,28796.336,G:\MONITORING CROSS SUCKING IN CALVES - KAPPEL - 2025\Pen 5 - Group 3\PREWEANING\Day 2\ch05_20251011152708.mp4,ch05_20251011152708.mp4,28024.962424,29426.496713,725.987576,771.373576
1011,CS_0975_PREWEAN_d2_p5_cow8_11102025_ch05-20251011152708_29307_29312.mp4,Pen 5 - Group 3\PREWEANING\Day 2\CS_0975_PREWEAN_d2_p5_cow8_11102025_ch05-20251011152708_29307_29312.mp4,E:\cross_sucking\Pen 5 - Group 3\PREWEANING\Day 2\CS_0975_PREWEAN_d2_p5_cow8_11102025_ch05-20251011152708_29307_29312.mp4,created,1,1,Pen_5_PREWEAN_Day_2_11102025,Pen 5 - Group 3,PREWEAN,2,5,11102025,8,other|T|reciprocal|side,29307.043,29312.934,29307.043,29312.934,G:\MONITORING CROSS SUCKING IN CALVES - KAPPEL - 2025\Pen 5 - Group 3\PREWEANING\Day 2\ch05_20251011152708.mp4,ch05_20251011152708.mp4,28024.962424,29426.496713,1282.080576,1287.971576
1012,CS_0976_PREWEAN_d2_p5_cowT_11102025_ch05-20251011155040_30503_30532.mp4,Pen 5 - Group 3\PREWEANING\Day 2\CS_0976_PREWEAN_d2_p5_cowT_11102025_ch05-20251011155040_30503_30532.mp4,E:\cross_sucking\Pen 5 - Group 3\PREWEANING\Day 2\CS_0976_PREWEAN_d2_p5_cowT_11102025_ch05-20251011155040_30503_30532.mp4,created,1,1,Pen_5_PREWEAN_Day_2_11102025,Pen 5 - Group 3,PREWEAN,2,5,11102025,T,other|8|None|side,30503.149,30532.862,30503.149,30532.862,G:\MONITORING CROSS SUCKING IN CALVES - KAPPEL - 2025\Pen 5 - Group 3\PREWEANING\Day 2\ch05_20251011155040.mp4,ch05_20251011155040.mp4,29426.496713,30828.058002,1076.652287,1106.365287
1013,CS_0977_PREWEAN_d2_p5_cowT_11102025_ch05-20251011155040_30539_30541.mp4,Pen 5 - Group 3\PREWEANING\Day 2\CS_0977_PREWEAN_d2_p5_cowT_11102025_ch05-20251011155040_30539_30541.mp4,E:\cross_sucking\Pen 5 - Group 3\PREWEANING\Day 2\CS_0977_PREWEAN_d2_p5_cowT_11102025_ch05-20251011155040_30539_30541.mp4,created,1,1,Pen_5_PREWEAN_Day_2_11102025,Pen 5 - Group 3,PREWEAN,2,5,11102025,T,other|8|None|side,30539.345,30541.465,30539.345,30541.465,G:\MONITORING CROSS SUCKING IN CALVES - KAPPEL - 2025\Pen 5 - Group 3\PREWEANING\Day 2\ch05_20251011155040.mp4,ch05_20251011155040.mp4,29426.496713,30828.058002,1112.848287,1114.968287
1014,CS_0978_PREWEAN_d2_p5_cowT_11102025_ch05-20251011155040_30544_30555.mp4,Pen 5 - Group 3\PREWEANING\Day 2\CS_0978_PREWEAN_d2_p5_cowT_11102025_ch05-20251011155040_30544_30555.mp4,E:\cross_sucking\Pen 5 - Group 3\PREWEANING\Day 2\CS_0978_PREWEAN_d2_p5_cowT_11102025_ch05-20251011155040_30544_30555.mp4,created,1,1,Pen_5_PREWEAN_Day_2_11102025,Pen 5 - Group 3,PREWEAN,2,5,11102025,T,other|8|None|side,30544.31,30555.225,30544.31,30555.225,G:\MONITORING CROSS SUCKING IN CALVES - KAPPEL - 2025\Pen 5 - Group 3\PREWEANING\Day 2\ch05_20251011155040.mp4,ch05_20251011155040.mp4,29426.496713,30828.058002,1117.813287,1128.728287
1015,CS_0979_PREWEAN_d2_p5_cowT_11102025_ch05-20251011155040_30558_30618.mp4,Pen 5 - Group 3\PREWEANING\Day 2\CS_0979_PREWEAN_d2_p5_cowT_11102025_ch05-20251011155040_30558_30618.mp4,E:\cross_sucking\Pen 5 - Group 3\PREWEANING\Day 2\CS_0979_PREWEAN_d2_p5_cowT_11102025_ch05-20251011155040_30558_30618.mp4,created,1,1,Pen_5_PREWEAN_Day_2_11102025,Pen 5 - Group 3,PREWEAN,2,5,11102025,T,other|8|None|side,30558.598,30618.073,30558.598,30618.073,G:\MONITORING CROSS SUCKING IN CALVES - KAPPEL - 2025\Pen 5 - Group 3\PREWEANING\Day 2\ch05_20251011155040.mp4,ch05_20251011155040.mp4,29426.496713,30828.058002,1132.101287,1191.576287
1016,CS_0980_PREWEAN_d2_p5_cow8_11102025_ch05-20251011155040_30573_30619.mp4,Pen 5 - Group 3\PREWEANING\Day 2\CS_0980_PREWEAN_d2_p5_cow8_11102025_ch05-20251011155040_30573_30619.mp4,E:\cross_sucking\Pen 5 - Group 3\PREWEANING\Day 2\CS_0980_PREWEAN_d2_p5_cow8_11102025_ch05-20251011155040_30573_30619.mp4,created,1,1,Pen_5_PREWEAN_Day_2_11102025,Pen 5 - Group 3,PREWEAN,2,5,11102025,8,other|T|reciprocal|side,30573.086,30619.464,30573.086,30619.464,G:\MONITORING CROSS SUCKING IN CALVES - KAPPEL - 2025\Pen 5 - Group 3\PREWEANING\Day 2\ch05_20251011155040.mp4,ch05_20251011155040.mp4,29426.496713,30828.058002,1146.589287,1192.967287
1017,CS_0981_PREWEAN_d2_p5_cow6_11102025_ch05-20251011155040_30646_30687.mp4,Pen 5 - Group 3\PREWEANING\Day 2\CS_0981_PREWEAN_d2_p5_cow6_11102025_ch05-20251011155040_30646_30687.mp4,E:\cross_sucking\Pen 5 - Group 3\PREWEANING\Day 2\CS_0981_PREWEAN_d2_p5_cow6_11102025_ch05-20251011155040_30646_30687.mp4,created,1,1,Pen_5_PREWEAN_Day_2_11102025,Pen 5 - Group 3,PREWEAN,2,5,11102025,6,other|A|None|side,30646.725,30687.823,30646.725,30687.823,G:\MONITORING CROSS SUCKING IN CALVES - KAPPEL - 2025\Pen 5 - Group 3\PREWEANING\Day 2\ch05_20251011155040.mp4,ch05_20251011155040.mp4,29426.496713,30828.058002,1220.228287,1261.326287
1018,CS_0982_PREWEAN_d2_p5_cow6_11102025_ch05-20251011155040_30699_30738.mp4,Pen 5 - Group 3\PREWEANING\Day 2\CS_0982_PREWEAN_d2_p5_cow6_11102025_ch05-20251011155040_30699_30738.mp4,E:\cross_sucking\Pen 5 - Group 3\PREWEANING\Day 2\CS_0982_PREWEAN_d2_p5_cow6_11102025_ch05-20251011155040_30699_30738.mp4,created,1,1,Pen_5_PREWEAN_Day_2_11102025,Pen 5 - Group 3,PREWEAN,2,5,11102025,6,other|A|None|side,30699.206,30738.05,30699.206,30738.05,G:\MONITORING CROSS SUCKING IN CALVES - KAPPEL - 2025\Pen 5 - Group 3\PREWEANING\Day 2\ch05_20251011155040.mp4,ch05_20251011155040.mp4,29426.496713,30828.058002,1272.709287,1311.553287
1019,CS_0983_PREWEAN_d2_p5_cow6_11102025_ch05-20251011155040_30744_30818.mp4,Pen 5 - Group 3\PREWEANING\Day 2\CS_0983_PREWEAN_d2_p5_cow6_11102025_ch05-20251011155040_30744_30818.mp4,E:\cross_sucking\Pen 5 - Group 3\PREWEANING\Day 2\CS_0983_PREWEAN_d2_p5_cow6_11102025_ch05-20251011155040_30744_30818.mp4,created,1,1,Pen_5_PREWEAN_Day_2_11102025,Pen 5 - Group 3,PREWEAN,2,5,11102025,6,other|A|None|side,30744.002,30818.445,30744.002,30818.445,G:\MONITORING CROSS SUCKING IN CALVES - KAPPEL - 2025\Pen 5 - Group 3\PREWEANING\Day 2\ch05_20251011155040.mp4,ch05_20251011155040.mp4,29426.496713,30828.058002,1317.505287,1391.948287
1020,CS_0984_PREWEAN_d2_p5_cowT_11102025_ch05-20251011155040_30759_30761.mp4,Pen 5 - Group 3\PREWEANING\Day 2\CS_0984_PREWEAN_d2_p5_cowT_11102025_ch05-20251011155040_30759_30761.mp4,E:\cross_sucking\Pen 5 - Group 3\PREWEANING\Day 2\CS_0984_PREWEAN_d2_p5_cowT_11102025_ch05-20251011155040_30759_30761.mp4,created,1,1,Pen_5_PREWEAN_Day_2_11102025,Pen 5 - Group 3,PREWEAN,2,5,11102025,T,other|8|None|side,30759.813,30761.93,30759.813,30761.93,G:\MONITORING CROSS SUCKING IN CALVES - KAPPEL - 2025\Pen 5 - Group 3\PREWEANING\Day 2\ch05_20251011155040.mp4,ch05_20251011155040.mp4,29426.496713,30828.058002,1333.316287,1335.433287
1021,CS_0985_PREWEAN_d2_p5_cowT_11102025_ch05-20251011155040_30770_30775.mp4,Pen 5 - Group 3\PREWEANING\Day 2\CS_0985_PREWEAN_d2_p5_cowT_11102025_ch05-20251011155040_30770_30775.mp4,E:\cross_sucking\Pen 5 - Group 3\PREWEANING\Day 2\CS_0985_PREWEAN_d2_p5_cowT_11102025_ch05-20251011155040_30770_30775.mp4,created,1,1,Pen_5_PREWEAN_Day_2_11102025,Pen 5 - Group 3,PREWEAN,2,5,11102025,T,other|8|None|side,30770.134,30775.757,30770.134,30775.757,G:\MONITORING CROSS SUCKING IN CALVES - KAPPEL - 2025\Pen 5 - Group 3\PREWEANING\Day 2\ch05_20251011155040.mp4,ch05_20251011155040.mp4,29426.496713,30828.058002,1343.637287,1349.260287
1022,CS_0986_PREWEAN_d2_p5_cowT_11102025_ch05-20251011155040_30778_30909_part01.mp4,Pen 5 - Group 3\PREWEANING\Day 2\CS_0986_PREWEAN_d2_p5_cowT_11102025_ch05-20251011155040_30778_30909_part01.mp4,E:\cross_sucking\Pen 5 - Group 3\PREWEANING\Day 2\CS_0986_PREWEAN_d2_p5_cowT_11102025_ch05-20251011155040_30778_30909_part01.mp4,created,1,2,Pen_5_PREWEAN_Day_2_11102025,Pen 5 - Group 3,PREWEAN,2,5,11102025,T,other|8|None|side,30778.207,30909.309,30778.207,30828.058002,G:\MONITORING CROSS SUCKING IN CALVES - KAPPEL - 2025\Pen 5 - Group 3\PREWEANING\Day 2\ch05_20251011155040.mp4,ch05_20251011155040.mp4,29426.496713,30828.058002,1351.710287,1401.561289
1023,CS_0986_PREWEAN_d2_p5_cowT_11102025_ch05-20251011155040_30778_30909_part02.mp4,Pen 5 - Group 3\PREWEANING\Day 2\CS_0986_PREWEAN_d2_p5_cowT_11102025_ch05-20251011155040_30778_30909_part02.mp4,E:\cross_sucking\Pen 5 - Group 3\PREWEANING\Day 2\CS_0986_PREWEAN_d2_p5_cowT_11102025_ch05-20251011155040_30778_30909_part02.mp4,created,2,2,Pen_5_PREWEAN_Day_2_11102025,Pen 5 - Group 3,PREWEAN,2,5,11102025,T,other|8|None|side,30778.207,30909.309,30828.058002,30909.309,G:\MONITORING CROSS SUCKING IN CALVES - KAPPEL - 2025\Pen 5 - Group 3\PREWEANING\Day 2\ch05_20251011161412.mp4,ch05_20251011161412.mp4,30828.058002,32229.692291,0.0,81.250998
1024,CS_0987_PREWEAN_d2_p5_cow8_11102025_ch05-20251011155040_30786_30835_part01.mp4,Pen 5 - Group 3\PREWEANING\Day 2\CS_0987_PREWEAN_d2_p5_cow8_11102025_ch05-20251011155040_30786_30835_part01.mp4,E:\cross_sucking\Pen 5 - Group 3\PREWEANING\Day 2\CS_0987_PREWEAN_d2_p5_cow8_11102025_ch05-20251011155040_30786_30835_part01.mp4,created,1,2,Pen_5_PREWEAN_Day_2_11102025,Pen 5 - Group 3,PREWEAN,2,5,11102025,8,other|T|reciprocal|side,30786.083,30835.122,30786.083,30828.058002,G:\MONITORING CROSS SUCKING IN CALVES - KAPPEL - 2025\Pen 5 - Group 3\PREWEANING\Day 2\ch05_20251011155040.mp4,ch05_20251011155040.mp4,29426.496713,30828.058002,1359.586287,1401.561289
1025,CS_0987_PREWEAN_d2_p5_cow8_11102025_ch05-20251011155040_30786_30835_part02.mp4,Pen 5 - Group 3\PREWEANING\Day 2\CS_0987_PREWEAN_d2_p5_cow8_11102025_ch05-20251011155040_30786_30835_part02.mp4,E:\cross_sucking\Pen 5 - Group 3\PREWEANING\Day 2\CS_0987_PREWEAN_d2_p5_cow8_11102025_ch05-20251011155040_30786_30835_part02.mp4,created,2,2,Pen_5_PREWEAN_Day_2_11102025,Pen 5 - Group 3,PREWEAN,2,5,11102025,8,other|T|reciprocal|side,30786.083,30835.122,30828.058002,30835.122,G:\MONITORING CROSS SUCKING IN CALVES - KAPPEL - 2025\Pen 5 - Group 3\PREWEANING\Day 2\ch05_20251011161412.mp4,ch05_20251011161412.mp4,30828.058002,32229.692291,0.0,7.063998
1026,CS_0988_PREWEAN_d2_p5_cow6_11102025_ch05-20251011155040_30821_30917_part01.mp4,Pen 5 - Group 3\PREWEANING\Day 2\CS_0988_PREWEAN_d2_p5_cow6_11102025_ch05-20251011155040_30821_30917_part01.mp4,E:\cross_sucking\Pen 5 - Group 3\PREWEANING\Day 2\CS_0988_PREWEAN_d2_p5_cow6_11102025_ch05-20251011155040_30821_30917_part01.mp4,created,1,2,Pen_5_PREWEAN_Day_2_11102025,Pen 5 - Group 3,PREWEAN,2,5,11102025,6,other|A|None|side,30821.222,30917.779,30821.222,30828.058002,G:\MONITORING CROSS SUCKING IN CALVES - KAPPEL - 2025\Pen 5 - Group 3\PREWEANING\Day 2\ch05_20251011155040.mp4,ch05_20251011155040.mp4,29426.496713,30828.058002,1394.725287,1401.561289
1027,CS_0988_PREWEAN_d2_p5_cow6_11102025_ch05-20251011155040_30821_30917_part02.mp4,Pen 5 - Group 3\PREWEANING\Day 2\CS_0988_PREWEAN_d2_p5_cow6_11102025_ch05-20251011155040_30821_30917_part02.mp4,E:\cross_sucking\Pen 5 - Group 3\PREWEANING\Day 2\CS_0988_PREWEAN_d2_p5_cow6_11102025_ch05-20251011155040_30821_30917_part02.mp4,created,2,2,Pen_5_PREWEAN_Day_2_11102025,Pen 5 - Group 3,PREWEAN,2,5,11102025,6,other|A|None|side,30821.222,30917.779,30828.058002,30917.779,G:\MONITORING CROSS SUCKING IN CALVES - KAPPEL - 2025\Pen 5 - Group 3\PREWEANING\Day 2\ch05_20251011161412.mp4,ch05_20251011161412.mp4,30828.058002,32229.692291,0.0,89.720998
1028,CS_0989_PREWEAN_d2_p5_cow8_11102025_ch05-20251011161412_30839_30866.mp4,Pen 5 - Group 3\PREWEANING\Day 2\CS_0989_PREWEAN_d2_p5_cow8_11102025_ch05-20251011161412_30839_30866.mp4,E:\cross_sucking\Pen 5 - Group 3\PREWEANING\Day 2\CS_0989_PREWEAN_d2_p5_cow8_11102025_ch05-20251011161412_30839_30866.mp4,created,1,1,Pen_5_PREWEAN_Day_2_11102025,Pen 5 - Group 3,PREWEAN,2,5,11102025,8,other|T|reciprocal|side,30839.028,30866.232,30839.028,30866.232,G:\MONITORING CROSS SUCKING IN CALVES - KAPPEL - 2025\Pen 5 - Group 3\PREWEANING\Day 2\ch05_20251011161412.mp4,ch05_20251011161412.mp4,30828.058002,32229.692291,10.969998,38.173998
1029,CS_0990_PREWEAN_d2_p5_cow8_11102025_ch05-20251011161412_30904_30911.mp4,Pen 5 - Group 3\PREWEANING\Day 2\CS_0990_PREWEAN_d2_p5_cow8_11102025_ch05-20251011161412_30904_30911.mp4,E:\cross_sucking\Pen 5 - Group 3\PREWEANING\Day 2\CS_0990_PREWEAN_d2_p5_cow8_11102025_ch05-20251011161412_30904_30911.mp4,created,1,1,Pen_5_PREWEAN_Day_2_11102025,Pen 5 - Group 3,PREWEAN,2,5,11102025,8,other|T|reciprocal|side,30904.148,30911.957,30904.148,30911.957,G:\MONITORING CROSS SUCKING IN CALVES - KAPPEL - 2025\Pen 5 - Group 3\PREWEANING\Day 2\ch05_20251011161412.mp4,ch05_20251011161412.mp4,30828.058002,32229.692291,76.089998,83.898998
1030,CS_0991_PREWEAN_d2_p5_cowT_11102025_ch05-20251011170116_34196_34215.mp4,Pen 5 - Group 3\PREWEANING\Day 2\CS_0991_PREWEAN_d2_p5_cowT_11102025_ch05-20251011170116_34196_34215.mp4,E:\cross_sucking\Pen 5 - Group 3\PREWEANING\Day 2\CS_0991_PREWEAN_d2_p5_cowT_11102025_ch05-20251011170116_34196_34215.mp4,created,1,1,Pen_5_PREWEAN_Day_2_11102025,Pen 5 - Group 3,PREWEAN,2,5,11102025,T,other|O|None|side,34196.595,34215.389,34196.595,34215.389,G:\MONITORING CROSS SUCKING IN CALVES - KAPPEL - 2025\Pen 5 - Group 3\PREWEANING\Day 2\ch05_20251011170116.mp4,ch05_20251011170116.mp4,33631.22458,35031.871869,565.37042,584.16442
1031,CS_0992_PREWEAN_d2_p5_cowT_11102025_ch05-20251011170116_34217_34250.mp4,Pen 5 - Group 3\PREWEANING\Day 2\CS_0992_PREWEAN_d2_p5_cowT_11102025_ch05-20251011170116_34217_34250.mp4,E:\cross_sucking\Pen 5 - Group 3\PREWEANING\Day 2\CS_0992_PREWEAN_d2_p5_cowT_11102025_ch05-20251011170116_34217_34250.mp4,created,1,1,Pen_5_PREWEAN_Day_2_11102025,Pen 5 - Group 3,PREWEAN,2,5,11102025,T,other|O|None|side,34217.506,34250.655,34217.506,34250.655,G:\MONITORING CROSS SUCKING IN CALVES - KAPPEL - 2025\Pen 5 - Group 3\PREWEANING\Day 2\ch05_20251011170116.mp4,ch05_20251011170116.mp4,33631.22458,35031.871869,586.28142,619.43042
1032,CS_0993_PREWEAN_d2_p5_cowO_11102025_ch05-20251011170116_34227_34240.mp4,Pen 5 - Group 3\PREWEANING\Day 2\CS_0993_PREWEAN_d2_p5_cowO_11102025_ch05-20251011170116_34227_34240.mp4,E:\cross_sucking\Pen 5 - Group 3\PREWEANING\Day 2\CS_0993_PREWEAN_d2_p5_cowO_11102025_ch05-20251011170116_34227_34240.mp4,created,1,1,Pen_5_PREWEAN_Day_2_11102025,Pen 5 - Group 3,PREWEAN,2,5,11102025,O,other|T|reciprocal|side,34227.231,34240.724,34227.231,34240.724,G:\MONITORING CROSS SUCKING IN CALVES - KAPPEL - 2025\Pen 5 - Group 3\PREWEANING\Day 2\ch05_20251011170116.mp4,ch05_20251011170116.mp4,33631.22458,35031.871869,596.00642,609.49942
1033,CS_0994_PREWEAN_d2_p5_cowO_11102025_ch05-20251011170116_34344_34384.mp4,Pen 5 - Group 3\PREWEANING\Day 2\CS_0994_PREWEAN_d2_p5_cowO_11102025_ch05-20251011170116_34344_34384.mp4,E:\cross_sucking\Pen 5 - Group 3\PREWEANING\Day 2\CS_0994_PREWEAN_d2_p5_cowO_11102025_ch05-20251011170116_34344_34384.mp4,created,1,1,Pen_5_PREWEAN_Day_2_11102025,Pen 5 - Group 3,PREWEAN,2,5,11102025,O,other|T|reciprocal|side,34344.612,34384.711,34344.612,34384.711,G:\MONITORING CROSS SUCKING IN CALVES - KAPPEL - 2025\Pen 5 - Group 3\PREWEANING\Day 2\ch05_20251011170116.mp4,ch05_20251011170116.mp4,33631.22458,35031.871869,713.38742,753.48642
1034,CS_0995_PREWEAN_d2_p5_cowT_11102025_ch05-20251011170116_34344_34405.mp4,Pen 5 - Group 3\PREWEANING\Day 2\CS_0995_PREWEAN_d2_p5_cowT_11102025_ch05-20251011170116_34344_34405.mp4,E:\cross_sucking\Pen 5 - Group 3\PREWEANING\Day 2\CS_0995_PREWEAN_d2_p5_cowT_11102025_ch05-20251011170116_34344_34405.mp4,created,1,1,Pen_5_PREWEAN_Day_2_11102025,Pen 5 - Group 3,PREWEAN,2,5,11102025,T,other|O|reciprocal|side,34344.612,34405.439,34344.612,34405.439,G:\MONITORING CROSS SUCKING IN CALVES - KAPPEL - 2025\Pen 5 - Group 3\PREWEANING\Day 2\ch05_20251011170116.mp4,ch05_20251011170116.mp4,33631.22458,35031.871869,713.38742,774.21442
1035,CS_0996_PREWEAN_d2_p5_cowT_11102025_ch05-20251011170116_34406_34594.mp4,Pen 5 - Group 3\PREWEANING\Day 2\CS_0996_PREWEAN_d2_p5_cowT_11102025_ch05-20251011170116_34406_34594.mp4,E:\cross_sucking\Pen 5 - Group 3\PREWEANING\Day 2\CS_0996_PREWEAN_d2_p5_cowT_11102025_ch05-20251011170116_34406_34594.mp4,created,1,1,Pen_5_PREWEAN_Day_2_11102025,Pen 5 - Group 3,PREWEAN,2,5,11102025,T,other|O|None|side,34406.286,34594.365,34406.286,34594.365,G:\MONITORING CROSS SUCKING IN CALVES - KAPPEL - 2025\Pen 5 - Group 3\PREWEANING\Day 2\ch05_20251011170116.mp4,ch05_20251011170116.mp4,33631.22458,35031.871869,775.06142,963.14042
1036,CS_0997_PREWEAN_d2_p5_cowO_11102025_ch05-20251011170116_34449_34488.mp4,Pen 5 - Group 3\PREWEANING\Day 2\CS_0997_PREWEAN_d2_p5_cowO_11102025_ch05-20251011170116_34449_34488.mp4,E:\cross_sucking\Pen 5 - Group 3\PREWEANING\Day 2\CS_0997_PREWEAN_d2_p5_cowO_11102025_ch05-20251011170116_34449_34488.mp4,created,1,1,Pen_5_PREWEAN_Day_2_11102025,Pen 5 - Group 3,PREWEAN,2,5,11102025,O,other|T|reciprocal|side,34449.048,34488.751,34449.048,34488.751,G:\MONITORING CROSS SUCKING IN CALVES - KAPPEL - 2025\Pen 5 - Group 3\PREWEANING\Day 2\ch05_20251011170116.mp4,ch05_20251011170116.mp4,33631.22458,35031.871869,817.82342,857.52642
1037,CS_0998_PREWEAN_d2_p5_cowO_11102025_ch05-20251011170116_34523_34538.mp4,Pen 5 - Group 3\PREWEANING\Day 2\CS_0998_PREWEAN_d2_p5_cowO_11102025_ch05-20251011170116_34523_34538.mp4,E:\cross_sucking\Pen 5 - Group 3\PREWEANING\Day 2\CS_0998_PREWEAN_d2_p5_cowO_11102025_ch05-20251011170116_34523_34538.mp4,created,1,1,Pen_5_PREWEAN_Day_2_11102025,Pen 5 - Group 3,PREWEAN,2,5,11102025,O,other|T|reciprocal|side,34523.096,34538.651,34523.096,34538.651,G:\MONITORING CROSS SUCKING IN CALVES - KAPPEL - 2025\Pen 5 - Group 3\PREWEANING\Day 2\ch05_20251011170116.mp4,ch05_20251011170116.mp4,33631.22458,35031.871869,891.87142,907.42642
1038,CS_0999_PREWEAN_d2_p5_cowO_11102025_ch05-20251011170116_34544_34562.mp4,Pen 5 - Group 3\PREWEANING\Day 2\CS_0999_PREWEAN_d2_p5_cowO_11102025_ch05-20251011170116_34544_34562.mp4,E:\cross_sucking\Pen 5 - Group 3\PREWEANING\Day 2\CS_0999_PREWEAN_d2_p5_cowO_11102025_ch05-20251011170116_34544_34562.mp4,created,1,1,Pen_5_PREWEAN_Day_2_11102025,Pen 5 - Group 3,PREWEAN,2,5,11102025,O,other|T|reciprocal|side,34544.142,34562.471,34544.142,34562.471,G:\MONITORING CROSS SUCKING IN CALVES - KAPPEL - 2025\Pen 5 - Group 3\PREWEANING\Day 2\ch05_20251011170116.mp4,ch05_20251011170116.mp4,33631.22458,35031.871869,912.91742,931.24642
1039,CS_1000_PREWEAN_d2_p5_cowT_11102025_ch05-20251011170116_34598_34648.mp4,Pen 5 - Group 3\PREWEANING\Day 2\CS_1000_PREWEAN_d2_p5_cowT_11102025_ch05-20251011170116_34598_34648.mp4,E:\cross_sucking\Pen 5 - Group 3\PREWEANING\Day 2\CS_1000_PREWEAN_d2_p5_cowT_11102025_ch05-20251011170116_34598_34648.mp4,created,1,1,Pen_5_PREWEAN_Day_2_11102025,Pen 5 - Group 3,PREWEAN,2,5,11102025,T,other|O|reciprocal|side,34598.268,34648.555,34598.268,34648.555,G:\MONITORING CROSS SUCKING IN CALVES - KAPPEL - 2025\Pen 5 - Group 3\PREWEANING\Day 2\ch05_20251011170116.mp4,ch05_20251011170116.mp4,33631.22458,35031.871869,967.04342,1017.33042
1040,CS_1001_PREWEAN_d2_p5_cowO_11102025_ch05-20251011170116_34602_34626.mp4,Pen 5 - Group 3\PREWEANING\Day 2\CS_1001_PREWEAN_d2_p5_cowO_11102025_ch05-20251011170116_34602_34626.mp4,E:\cross_sucking\Pen 5 - Group 3\PREWEANING\Day 2\CS_1001_PREWEAN_d2_p5_cowO_11102025_ch05-20251011170116_34602_34626.mp4,created,1,1,Pen_5_PREWEAN_Day_2_11102025,Pen 5 - Group 3,PREWEAN,2,5,11102025,O,other|T|reciprocal|side,34602.975,34626.193,34602.975,34626.193,G:\MONITORING CROSS SUCKING IN CALVES - KAPPEL - 2025\Pen 5 - Group 3\PREWEANING\Day 2\ch05_20251011170116.mp4,ch05_20251011170116.mp4,33631.22458,35031.871869,971.75042,994.96842
1041,CS_1002_PREWEAN_d2_p5_cowO_11102025_ch05-20251011170116_34641_34683.mp4,Pen 5 - Group 3\PREWEANING\Day 2\CS_1002_PREWEAN_d2_p5_cowO_11102025_ch05-20251011170116_34641_34683.mp4,E:\cross_sucking\Pen 5 - Group 3\PREWEANING\Day 2\CS_1002_PREWEAN_d2_p5_cowO_11102025_ch05-20251011170116_34641_34683.mp4,created,1,1,Pen_5_PREWEAN_Day_2_11102025,Pen 5 - Group 3,PREWEAN,2,5,11102025,O,other|T|reciprocal|side,34641.015,34683.636,34641.015,34683.636,G:\MONITORING CROSS SUCKING IN CALVES - KAPPEL - 2025\Pen 5 - Group 3\PREWEANING\Day 2\ch05_20251011170116.mp4,ch05_20251011170116.mp4,33631.22458,35031.871869,1009.79042,1052.41142
1042,CS_1003_PREWEAN_d2_p5_cowO_11102025_ch05-20251011170116_34688_34693.mp4,Pen 5 - Group 3\PREWEANING\Day 2\CS_1003_PREWEAN_d2_p5_cowO_11102025_ch05-20251011170116_34688_34693.mp4,E:\cross_sucking\Pen 5 - Group 3\PREWEANING\Day 2\CS_1003_PREWEAN_d2_p5_cowO_11102025_ch05-20251011170116_34688_34693.mp4,created,1,1,Pen_5_PREWEAN_Day_2_11102025,Pen 5 - Group 3,PREWEAN,2,5,11102025,O,other|T|None|side,34688.408,34693.629,34688.408,34693.629,G:\MONITORING CROSS SUCKING IN CALVES - KAPPEL - 2025\Pen 5 - Group 3\PREWEANING\Day 2\ch05_20251011170116.mp4,ch05_20251011170116.mp4,33631.22458,35031.871869,1057.18342,1062.40442
1043,CS_1004_PREWEAN_d2_p5_cowO_11102025_ch05-20251011170116_34704_34713.mp4,Pen 5 - Group 3\PREWEANING\Day 2\CS_1004_PREWEAN_d2_p5_cowO_11102025_ch05-20251011170116_34704_34713.mp4,E:\cross_sucking\Pen 5 - Group 3\PREWEANING\Day 2\CS_1004_PREWEAN_d2_p5_cowO_11102025_ch05-20251011170116_34704_34713.mp4,created,1,1,Pen_5_PREWEAN_Day_2_11102025,Pen 5 - Group 3,PREWEAN,2,5,11102025,O,other|T|None|side,34704.48,34713.217,34704.48,34713.217,G:\MONITORING CROSS SUCKING IN CALVES - KAPPEL - 2025\Pen 5 - Group 3\PREWEANING\Day 2\ch05_20251011170116.mp4,ch05_20251011170116.mp4,33631.22458,35031.871869,1073.25542,1081.99242
1044,CS_1005_PREWEAN_d2_p5_cowT_11102025_ch05-20251011170116_34708_34726.mp4,Pen 5 - Group 3\PREWEANING\Day 2\CS_1005_PREWEAN_d2_p5_cowT_11102025_ch05-20251011170116_34708_34726.mp4,E:\cross_sucking\Pen 5 - Group 3\PREWEANING\Day 2\CS_1005_PREWEAN_d2_p5_cowT_11102025_ch05-20251011170116_34708_34726.mp4,created,1,1,Pen_5_PREWEAN_Day_2_11102025,Pen 5 - Group 3,PREWEAN,2,5,11102025,T,other|O|reciprocal|side,34708.123,34726.779,34708.123,34726.779,G:\MONITORING CROSS SUCKING IN CALVES - KAPPEL - 2025\Pen 5 - Group 3\PREWEANING\Day 2\ch05_20251011170116.mp4,ch05_20251011170116.mp4,33631.22458,35031.871869,1076.89842,1095.55442
1045,CS_1006_PREWEAN_d2_p5_cowO_11102025_ch05-20251011170116_34715_34776.mp4,Pen 5 - Group 3\PREWEANING\Day 2\CS_1006_PREWEAN_d2_p5_cowO_11102025_ch05-20251011170116_34715_34776.mp4,E:\cross_sucking\Pen 5 - Group 3\PREWEANING\Day 2\CS_1006_PREWEAN_d2_p5_cowO_11102025_ch05-20251011170116_34715_34776.mp4,created,1,1,Pen_5_PREWEAN_Day_2_11102025,Pen 5 - Group 3,PREWEAN,2,5,11102025,O,other|T|reciprocal|side,34715.267,34776.74,34715.267,34776.74,G:\MONITORING CROSS SUCKING IN CALVES - KAPPEL - 2025\Pen 5 - Group 3\PREWEANING\Day 2\ch05_20251011170116.mp4,ch05_20251011170116.mp4,33631.22458,35031.871869,1084.04242,1145.51542
1046,CS_1007_PREWEAN_d2_p5_cowO_11102025_ch05-20251011170116_34800_34855.mp4,Pen 5 - Group 3\PREWEANING\Day 2\CS_1007_PREWEAN_d2_p5_cowO_11102025_ch05-20251011170116_34800_34855.mp4,E:\cross_sucking\Pen 5 - Group 3\PREWEANING\Day 2\CS_1007_PREWEAN_d2_p5_cowO_11102025_ch05-20251011170116_34800_34855.mp4,created,1,1,Pen_5_PREWEAN_Day_2_11102025,Pen 5 - Group 3,PREWEAN,2,5,11102025,O,other|T|reciprocal|side,34800.904,34855.166,34800.904,34855.166,G:\MONITORING CROSS SUCKING IN CALVES - KAPPEL - 2025\Pen 5 - Group 3\PREWEANING\Day 2\ch05_20251011170116.mp4,ch05_20251011170116.mp4,33631.22458,35031.871869,1169.67942,1223.94142
1047,CS_1008_PREWEAN_d2_p5_cowT_11102025_ch05-20251011170116_34800_34826.mp4,Pen 5 - Group 3\PREWEANING\Day 2\CS_1008_PREWEAN_d2_p5_cowT_11102025_ch05-20251011170116_34800_34826.mp4,E:\cross_sucking\Pen 5 - Group 3\PREWEANING\Day 2\CS_1008_PREWEAN_d2_p5_cowT_11102025_ch05-20251011170116_34800_34826.mp4,created,1,1,Pen_5_PREWEAN_Day_2_11102025,Pen 5 - Group 3,PREWEAN,2,5,11102025,T,other|O|reciprocal|side,34800.904,34826.457,34800.904,34826.457,G:\MONITORING CROSS SUCKING IN CALVES - KAPPEL - 2025\Pen 5 - Group 3\PREWEANING\Day 2\ch05_20251011170116.mp4,ch05_20251011170116.mp4,33631.22458,35031.871869,1169.67942,1195.23242
1048,CS_1009_PREWEAN_d2_p5_cowT_11102025_ch05-20251011170116_34850_34938.mp4,Pen 5 - Group 3\PREWEANING\Day 2\CS_1009_PREWEAN_d2_p5_cowT_11102025_ch05-20251011170116_34850_34938.mp4,E:\cross_sucking\Pen 5 - Group 3\PREWEANING\Day 2\CS_1009_PREWEAN_d2_p5_cowT_11102025_ch05-20251011170116_34850_34938.mp4,created,1,1,Pen_5_PREWEAN_Day_2_11102025,Pen 5 - Group 3,PREWEAN,2,5,11102025,T,other|O|reciprocal|side,34850.336,34938.622,34850.336,34938.622,G:\MONITORING CROSS SUCKING IN CALVES - KAPPEL - 2025\Pen 5 - Group 3\PREWEANING\Day 2\ch05_20251011170116.mp4,ch05_20251011170116.mp4,33631.22458,35031.871869,1219.11142,1307.39742
1049,CS_1010_PREWEAN_d2_p5_cowO_11102025_ch05-20251011170116_34880_34901.mp4,Pen 5 - Group 3\PREWEANING\Day 2\CS_1010_PREWEAN_d2_p5_cowO_11102025_ch05-20251011170116_34880_34901.mp4,E:\cross_sucking\Pen 5 - Group 3\PREWEANING\Day 2\CS_1010_PREWEAN_d2_p5_cowO_11102025_ch05-20251011170116_34880_34901.mp4,created,1,1,Pen_5_PREWEAN_Day_2_11102025,Pen 5 - Group 3,PREWEAN,2,5,11102025,O,other|T|reciprocal|side,34880.111,34901.488,34880.111,34901.488,G:\MONITORING CROSS SUCKING IN CALVES - KAPPEL - 2025\Pen 5 - Group 3\PREWEANING\Day 2\ch05_20251011170116.mp4,ch05_20251011170116.mp4,33631.22458,35031.871869,1248.88642,1270.26342
1050,CS_1011_PREWEAN_d2_p5_cowO_11102025_ch05-20251011170116_34926_34936.mp4,Pen 5 - Group 3\PREWEANING\Day 2\CS_1011_PREWEAN_d2_p5_cowO_11102025_ch05-20251011170116_34926_34936.mp4,E:\cross_sucking\Pen 5 - Group 3\PREWEANING\Day 2\CS_1011_PREWEAN_d2_p5_cowO_11102025_ch05-20251011170116_34926_34936.mp4,created,1,1,Pen_5_PREWEAN_Day_2_11102025,Pen 5 - Group 3,PREWEAN,2,5,11102025,O,other|T|reciprocal|side,34926.702,34936.368,34926.702,34936.368,G:\MONITORING CROSS SUCKING IN CALVES - KAPPEL - 2025\Pen 5 - Group 3\PREWEANING\Day 2\ch05_20251011170116.mp4,ch05_20251011170116.mp4,33631.22458,35031.871869,1295.47742,1305.14342
1051,CS_1012_PREWEAN_d2_p5_cow8_11102025_ch05-20251011172447_35101_35116.mp4,Pen 5 - Group 3\PREWEANING\Day 2\CS_1012_PREWEAN_d2_p5_cow8_11102025_ch05-20251011172447_35101_35116.mp4,E:\cross_sucking\Pen 5 - Group 3\PREWEANING\Day 2\CS_1012_PREWEAN_d2_p5_cow8_11102025_ch05-20251011172447_35101_35116.mp4,created,1,1,Pen_5_PREWEAN_Day_2_11102025,Pen 5 - Group 3,PREWEAN,2,5,11102025,8,other|O|None|lying down,35101.262,35116.484,35101.262,35116.484,G:\MONITORING CROSS SUCKING IN CALVES - KAPPEL - 2025\Pen 5 - Group 3\PREWEANING\Day 2\ch05_20251011172447.mp4,ch05_20251011172447.mp4,35031.871869,36434.375158,69.390131,84.612131
1052,CS_1013_PREWEAN_d2_p5_cow8_11102025_ch05-20251011185856_41726_41746.mp4,Pen 5 - Group 3\PREWEANING\Day 2\CS_1013_PREWEAN_d2_p5_cow8_11102025_ch05-20251011185856_41726_41746.mp4,E:\cross_sucking\Pen 5 - Group 3\PREWEANING\Day 2\CS_1013_PREWEAN_d2_p5_cow8_11102025_ch05-20251011185856_41726_41746.mp4,created,1,1,Pen_5_PREWEAN_Day_2_11102025,Pen 5 - Group 3,PREWEAN,2,5,11102025,8,grain feeder|6|None|side,41726.245,41746.162,41726.245,41746.162,G:\MONITORING CROSS SUCKING IN CALVES - KAPPEL - 2025\Pen 5 - Group 3\PREWEANING\Day 2\ch05_20251011185856.mp4,ch05_20251011185856.mp4,40639.095025,42040.749314,1087.149975,1107.066975
1053,CS_1014_PREWEAN_d2_p5_cow8_11102025_ch05-20251011185856_41956_41971.mp4,Pen 5 - Group 3\PREWEANING\Day 2\CS_1014_PREWEAN_d2_p5_cow8_11102025_ch05-20251011185856_41956_41971.mp4,E:\cross_sucking\Pen 5 - Group 3\PREWEANING\Day 2\CS_1014_PREWEAN_d2_p5_cow8_11102025_ch05-20251011185856_41956_41971.mp4,created,1,1,Pen_5_PREWEAN_Day_2_11102025,Pen 5 - Group 3,PREWEAN,2,5,11102025,8,other|O|None|behind,41956.191,41971.146,41956.191,41971.146,G:\MONITORING CROSS SUCKING IN CALVES - KAPPEL - 2025\Pen 5 - Group 3\PREWEANING\Day 2\ch05_20251011185856.mp4,ch05_20251011185856.mp4,40639.095025,42040.749314,1317.095975,1332.050975
1054,CS_1015_PREWEAN_d2_p5_cowT_11102025_ch05-20251011203304_47012_47071.mp4,Pen 5 - Group 3\PREWEANING\Day 2\CS_1015_PREWEAN_d2_p5_cowT_11102025_ch05-20251011203304_47012_47071.mp4,E:\cross_sucking\Pen 5 - Group 3\PREWEANING\Day 2\CS_1015_PREWEAN_d2_p5_cowT_11102025_ch05-20251011203304_47012_47071.mp4,created,1,1,Pen_5_PREWEAN_Day_2_11102025,Pen 5 - Group 3,PREWEAN,2,5,11102025,T,other|8|None|side,47012.532,47071.746,47012.532,47071.746,G:\MONITORING CROSS SUCKING IN CALVES - KAPPEL - 2025\Pen 5 - Group 3\PREWEANING\Day 2\ch05_20251011203304.mp4,ch05_20251011203304.mp4,46245.698181,47647.20747,766.833819,826.047819
1055,CS_1016_PREWEAN_d2_p5_cowT_11102025_ch05-20251011203304_47075_47085.mp4,Pen 5 - Group 3\PREWEANING\Day 2\CS_1016_PREWEAN_d2_p5_cowT_11102025_ch05-20251011203304_47075_47085.mp4,E:\cross_sucking\Pen 5 - Group 3\PREWEANING\Day 2\CS_1016_PREWEAN_d2_p5_cowT_11102025_ch05-20251011203304_47075_47085.mp4,created,1,1,Pen_5_PREWEAN_Day_2_11102025,Pen 5 - Group 3,PREWEAN,2,5,11102025,T,other|8|None|side,47075.647,47085.912,47075.647,47085.912,G:\MONITORING CROSS SUCKING IN CALVES - KAPPEL - 2025\Pen 5 - Group 3\PREWEANING\Day 2\ch05_20251011203304.mp4,ch05_20251011203304.mp4,46245.698181,47647.20747,829.948819,840.213819
1056,CS_1017_PREWEAN_d2_p5_cowT_11102025_ch05-20251011203304_47088_47090.mp4,Pen 5 - Group 3\PREWEANING\Day 2\CS_1017_PREWEAN_d2_p5_cowT_11102025_ch05-20251011203304_47088_47090.mp4,E:\cross_sucking\Pen 5 - Group 3\PREWEANING\Day 2\CS_1017_PREWEAN_d2_p5_cowT_11102025_ch05-20251011203304_47088_47090.mp4,created,1,1,Pen_5_PREWEAN_Day_2_11102025,Pen 5 - Group 3,PREWEAN,2,5,11102025,T,other|8|None|side,47088.294,47090.283,47088.294,47090.283,G:\MONITORING CROSS SUCKING IN CALVES - KAPPEL - 2025\Pen 5 - Group 3\PREWEANING\Day 2\ch05_20251011203304.mp4,ch05_20251011203304.mp4,46245.698181,47647.20747,842.595819,844.584819
1057,CS_1018_PREWEAN_d2_p5_cowT_11102025_ch05-20251011203304_47292_47310.mp4,Pen 5 - Group 3\PREWEANING\Day 2\CS_1018_PREWEAN_d2_p5_cowT_11102025_ch05-20251011203304_47292_47310.mp4,E:\cross_sucking\Pen 5 - Group 3\PREWEANING\Day 2\CS_1018_PREWEAN_d2_p5_cowT_11102025_ch05-20251011203304_47292_47310.mp4,created,1,1,Pen_5_PREWEAN_Day_2_11102025,Pen 5 - Group 3,PREWEAN,2,5,11102025,T,other|6|None|side,47292.692,47310.284,47292.692,47310.284,G:\MONITORING CROSS SUCKING IN CALVES - KAPPEL - 2025\Pen 5 - Group 3\PREWEANING\Day 2\ch05_20251011203304.mp4,ch05_20251011203304.mp4,46245.698181,47647.20747,1046.993819,1064.585819
1058,CS_1019_PREWEAN_d2_p5_cow2_11102025_ch05-20251011203304_47456_47488.mp4,Pen 5 - Group 3\PREWEANING\Day 2\CS_1019_PREWEAN_d2_p5_cow2_11102025_ch05-20251011203304_47456_47488.mp4,E:\cross_sucking\Pen 5 - Group 3\PREWEANING\Day 2\CS_1019_PREWEAN_d2_p5_cow2_11102025_ch05-20251011203304_47456_47488.mp4,created,1,1,Pen_5_PREWEAN_Day_2_11102025,Pen 5 - Group 3,PREWEAN,2,5,11102025,2,other|6|reciprocal|side,47456.693,47488.714,47456.693,47488.714,G:\MONITORING CROSS SUCKING IN CALVES - KAPPEL - 2025\Pen 5 - Group 3\PREWEANING\Day 2\ch05_20251011203304.mp4,ch05_20251011203304.mp4,46245.698181,47647.20747,1210.994819,1243.015819
1059,CS_1020_PREWEAN_d2_p5_cow8_11102025_ch05-20251011203304_47461_47473.mp4,Pen 5 - Group 3\PREWEANING\Day 2\CS_1020_PREWEAN_d2_p5_cow8_11102025_ch05-20251011203304_47461_47473.mp4,E:\cross_sucking\Pen 5 - Group 3\PREWEANING\Day 2\CS_1020_PREWEAN_d2_p5_cow8_11102025_ch05-20251011203304_47461_47473.mp4,created,1,1,Pen_5_PREWEAN_Day_2_11102025,Pen 5 - Group 3,PREWEAN,2,5,11102025,8,other|2|three|side,47461.854,47473.692,47461.854,47473.692,G:\MONITORING CROSS SUCKING IN CALVES - KAPPEL - 2025\Pen 5 - Group 3\PREWEANING\Day 2\ch05_20251011203304.mp4,ch05_20251011203304.mp4,46245.698181,47647.20747,1216.155819,1227.993819
1060,CS_1021_PREWEAN_d2_p5_cow8_11102025_ch05-20251011203304_47483_47490.mp4,Pen 5 - Group 3\PREWEANING\Day 2\CS_1021_PREWEAN_d2_p5_cow8_11102025_ch05-20251011203304_47483_47490.mp4,E:\cross_sucking\Pen 5 - Group 3\PREWEANING\Day 2\CS_1021_PREWEAN_d2_p5_cow8_11102025_ch05-20251011203304_47483_47490.mp4,created,1,1,Pen_5_PREWEAN_Day_2_11102025,Pen 5 - Group 3,PREWEAN,2,5,11102025,8,other|2|three|side,47483.289,47490.171,47483.289,47490.171,G:\MONITORING CROSS SUCKING IN CALVES - KAPPEL - 2025\Pen 5 - Group 3\PREWEANING\Day 2\ch05_20251011203304.mp4,ch05_20251011203304.mp4,46245.698181,47647.20747,1237.590819,1244.472819
1061,CS_1022_PREWEAN_d2_p5_cow6_11102025_ch05-20251011203304_47510_47513.mp4,Pen 5 - Group 3\PREWEANING\Day 2\CS_1022_PREWEAN_d2_p5_cow6_11102025_ch05-20251011203304_47510_47513.mp4,E:\cross_sucking\Pen 5 - Group 3\PREWEANING\Day 2\CS_1022_PREWEAN_d2_p5_cow6_11102025_ch05-20251011203304_47510_47513.mp4,created,1,1,Pen_5_PREWEAN_Day_2_11102025,Pen 5 - Group 3,PREWEAN,2,5,11102025,6,other|8|None|side,47510.221,47513.989,47510.221,47513.989,G:\MONITORING CROSS SUCKING IN CALVES - KAPPEL - 2025\Pen 5 - Group 3\PREWEANING\Day 2\ch05_20251011203304.mp4,ch05_20251011203304.mp4,46245.698181,47647.20747,1264.522819,1268.290819
1062,CS_1023_PREWEAN_d2_p5_cow1_11102025_ch05-20251011205636_48223_48362.mp4,Pen 5 - Group 3\PREWEANING\Day 2\CS_1023_PREWEAN_d2_p5_cow1_11102025_ch05-20251011205636_48223_48362.mp4,E:\cross_sucking\Pen 5 - Group 3\PREWEANING\Day 2\CS_1023_PREWEAN_d2_p5_cow1_11102025_ch05-20251011205636_48223_48362.mp4,created,1,1,Pen_5_PREWEAN_Day_2_11102025,Pen 5 - Group 3,PREWEAN,2,5,11102025,1,other|8|reciprocal|side,48223.276,48362.893,48223.276,48362.893,G:\MONITORING CROSS SUCKING IN CALVES - KAPPEL - 2025\Pen 5 - Group 3\PREWEANING\Day 2\ch05_20251011205636.mp4,ch05_20251011205636.mp4,47647.20747,49048.816759,576.06853,715.68553
1063,CS_1024_PREWEAN_d2_p5_cow8_11102025_ch05-20251011205636_48223_48355.mp4,Pen 5 - Group 3\PREWEANING\Day 2\CS_1024_PREWEAN_d2_p5_cow8_11102025_ch05-20251011205636_48223_48355.mp4,E:\cross_sucking\Pen 5 - Group 3\PREWEANING\Day 2\CS_1024_PREWEAN_d2_p5_cow8_11102025_ch05-20251011205636_48223_48355.mp4,created,1,1,Pen_5_PREWEAN_Day_2_11102025,Pen 5 - Group 3,PREWEAN,2,5,11102025,8,other|1|reciprocal|side,48223.276,48355.478,48223.276,48355.478,G:\MONITORING CROSS SUCKING IN CALVES - KAPPEL - 2025\Pen 5 - Group 3\PREWEANING\Day 2\ch05_20251011205636.mp4,ch05_20251011205636.mp4,47647.20747,49048.816759,576.06853,708.27053
1064,CS_1025_PREWEAN_d2_p5_cowT_11102025_ch05-20251011205636_48311_48326.mp4,Pen 5 - Group 3\PREWEANING\Day 2\CS_1025_PREWEAN_d2_p5_cowT_11102025_ch05-20251011205636_48311_48326.mp4,E:\cross_sucking\Pen 5 - Group 3\PREWEANING\Day 2\CS_1025_PREWEAN_d2_p5_cowT_11102025_ch05-20251011205636_48311_48326.mp4,created,1,1,Pen_5_PREWEAN_Day_2_11102025,Pen 5 - Group 3,PREWEAN,2,5,11102025,T,other|8|three|side,48311.745,48326.827,48311.745,48326.827,G:\MONITORING CROSS SUCKING IN CALVES - KAPPEL - 2025\Pen 5 - Group 3\PREWEANING\Day 2\ch05_20251011205636.mp4,ch05_20251011205636.mp4,47647.20747,49048.816759,664.53753,679.61953
1065,CS_1026_PREWEAN_d2_p5_cow8_11102025_ch05-20251011205636_48366_48381.mp4,Pen 5 - Group 3\PREWEANING\Day 2\CS_1026_PREWEAN_d2_p5_cow8_11102025_ch05-20251011205636_48366_48381.mp4,E:\cross_sucking\Pen 5 - Group 3\PREWEANING\Day 2\CS_1026_PREWEAN_d2_p5_cow8_11102025_ch05-20251011205636_48366_48381.mp4,created,1,1,Pen_5_PREWEAN_Day_2_11102025,Pen 5 - Group 3,PREWEAN,2,5,11102025,8,other|1|reciprocal|side,48366.533,48381.033,48366.533,48381.033,G:\MONITORING CROSS SUCKING IN CALVES - KAPPEL - 2025\Pen 5 - Group 3\PREWEANING\Day 2\ch05_20251011205636.mp4,ch05_20251011205636.mp4,47647.20747,49048.816759,719.32553,733.82553
1066,CS_1027_PREWEAN_d2_p5_cow8_11102025_ch05-20251011205636_48389_48393.mp4,Pen 5 - Group 3\PREWEANING\Day 2\CS_1027_PREWEAN_d2_p5_cow8_11102025_ch05-20251011205636_48389_48393.mp4,E:\cross_sucking\Pen 5 - Group 3\PREWEANING\Day 2\CS_1027_PREWEAN_d2_p5_cow8_11102025_ch05-20251011205636_48389_48393.mp4,created,1,1,Pen_5_PREWEAN_Day_2_11102025,Pen 5 - Group 3,PREWEAN,2,5,11102025,8,other|1|reciprocal|side,48389.303,48393.14,48389.303,48393.14,G:\MONITORING CROSS SUCKING IN CALVES - KAPPEL - 2025\Pen 5 - Group 3\PREWEANING\Day 2\ch05_20251011205636.mp4,ch05_20251011205636.mp4,47647.20747,49048.816759,742.09553,745.93253
1067,CS_1028_PREWEAN_d2_p5_cow8_11102025_ch05-20251011205636_48414_48427.mp4,Pen 5 - Group 3\PREWEANING\Day 2\CS_1028_PREWEAN_d2_p5_cow8_11102025_ch05-20251011205636_48414_48427.mp4,E:\cross_sucking\Pen 5 - Group 3\PREWEANING\Day 2\CS_1028_PREWEAN_d2_p5_cow8_11102025_ch05-20251011205636_48414_48427.mp4,created,1,1,Pen_5_PREWEAN_Day_2_11102025,Pen 5 - Group 3,PREWEAN,2,5,11102025,8,other|1|reciprocal|side,48414.316,48427.223,48414.316,48427.223,G:\MONITORING CROSS SUCKING IN CALVES - KAPPEL - 2025\Pen 5 - Group 3\PREWEANING\Day 2\ch05_20251011205636.mp4,ch05_20251011205636.mp4,47647.20747,49048.816759,767.10853,780.01553
1068,CS_1029_PREWEAN_d2_p5_cow1_11102025_ch05-20251011212008_49451_49485.mp4,Pen 5 - Group 3\PREWEANING\Day 2\CS_1029_PREWEAN_d2_p5_cow1_11102025_ch05-20251011212008_49451_49485.mp4,E:\cross_sucking\Pen 5 - Group 3\PREWEANING\Day 2\CS_1029_PREWEAN_d2_p5_cow1_11102025_ch05-20251011212008_49451_49485.mp4,created,1,1,Pen_5_PREWEAN_Day_2_11102025,Pen 5 - Group 3,PREWEAN,2,5,11102025,1,other|8|None|side,49451.058,49485.128,49451.058,49485.128,G:\MONITORING CROSS SUCKING IN CALVES - KAPPEL - 2025\Pen 5 - Group 3\PREWEANING\Day 2\ch05_20251011212008.mp4,ch05_20251011212008.mp4,49048.816759,50450.373048,402.241241,436.311241
1069,CS_1030_PREWEAN_d2_p5_cow1_11102025_ch05-20251011212008_50081_50099.mp4,Pen 5 - Group 3\PREWEANING\Day 2\CS_1030_PREWEAN_d2_p5_cow1_11102025_ch05-20251011212008_50081_50099.mp4,E:\cross_sucking\Pen 5 - Group 3\PREWEANING\Day 2\CS_1030_PREWEAN_d2_p5_cow1_11102025_ch05-20251011212008_50081_50099.mp4,created,1,1,Pen_5_PREWEAN_Day_2_11102025,Pen 5 - Group 3,PREWEAN,2,5,11102025,1,other|2|None|side,50081.049,50099.77,50081.049,50099.77,G:\MONITORING CROSS SUCKING IN CALVES - KAPPEL - 2025\Pen 5 - Group 3\PREWEANING\Day 2\ch05_20251011212008.mp4,ch05_20251011212008.mp4,49048.816759,50450.373048,1032.232241,1050.953241
1070,CS_1031_PREWEAN_d2_p5_cow1_11102025_ch05-20251011212008_50124_50170.mp4,Pen 5 - Group 3\PREWEANING\Day 2\CS_1031_PREWEAN_d2_p5_cow1_11102025_ch05-20251011212008_50124_50170.mp4,E:\cross_sucking\Pen 5 - Group 3\PREWEANING\Day 2\CS_1031_PREWEAN_d2_p5_cow1_11102025_ch05-20251011212008_50124_50170.mp4,created,1,1,Pen_5_PREWEAN_Day_2_11102025,Pen 5 - Group 3,PREWEAN,2,5,11102025,1,other|8|None|side,50124.795,50170.33,50124.795,50170.33,G:\MONITORING CROSS SUCKING IN CALVES - KAPPEL - 2025\Pen 5 - Group 3\PREWEANING\Day 2\ch05_20251011212008.mp4,ch05_20251011212008.mp4,49048.816759,50450.373048,1075.978241,1121.513241
1071,CS_1032_PREWEAN_d2_p5_cow1_11102025_ch05-20251011212008_50182_50187.mp4,Pen 5 - Group 3\PREWEANING\Day 2\CS_1032_PREWEAN_d2_p5_cow1_11102025_ch05-20251011212008_50182_50187.mp4,E:\cross_sucking\Pen 5 - Group 3\PREWEANING\Day 2\CS_1032_PREWEAN_d2_p5_cow1_11102025_ch05-20251011212008_50182_50187.mp4,created,1,1,Pen_5_PREWEAN_Day_2_11102025,Pen 5 - Group 3,PREWEAN,2,5,11102025,1,other|O|None|side,50182.509,50187.536,50182.509,50187.536,G:\MONITORING CROSS SUCKING IN CALVES - KAPPEL - 2025\Pen 5 - Group 3\PREWEANING\Day 2\ch05_20251011212008.mp4,ch05_20251011212008.mp4,49048.816759,50450.373048,1133.692241,1138.719241
1072,CS_1033_PREWEAN_d2_p5_cow1_11102025_ch05-20251011214340_50722_50732.mp4,Pen 5 - Group 3\PREWEANING\Day 2\CS_1033_PREWEAN_d2_p5_cow1_11102025_ch05-20251011214340_50722_50732.mp4,E:\cross_sucking\Pen 5 - Group 3\PREWEANING\Day 2\CS_1033_PREWEAN_d2_p5_cow1_11102025_ch05-20251011214340_50722_50732.mp4,created,1,1,Pen_5_PREWEAN_Day_2_11102025,Pen 5 - Group 3,PREWEAN,2,5,11102025,1,other|A|None|side,50722.785,50732.318,50722.785,50732.318,G:\MONITORING CROSS SUCKING IN CALVES - KAPPEL - 2025\Pen 5 - Group 3\PREWEANING\Day 2\ch05_20251011214340.mp4,ch05_20251011214340.mp4,50450.373048,51851.979337,272.411952,281.944952
1073,CS_1034_PREWEAN_d2_p5_cow8_11102025_ch05-20251011214340_50942_50945.mp4,Pen 5 - Group 3\PREWEANING\Day 2\CS_1034_PREWEAN_d2_p5_cow8_11102025_ch05-20251011214340_50942_50945.mp4,E:\cross_sucking\Pen 5 - Group 3\PREWEANING\Day 2\CS_1034_PREWEAN_d2_p5_cow8_11102025_ch05-20251011214340_50942_50945.mp4,created,1,1,Pen_5_PREWEAN_Day_2_11102025,Pen 5 - Group 3,PREWEAN,2,5,11102025,8,other|1|None|side,50942.897,50945.345,50942.897,50945.345,G:\MONITORING CROSS SUCKING IN CALVES - KAPPEL - 2025\Pen 5 - Group 3\PREWEANING\Day 2\ch05_20251011214340.mp4,ch05_20251011214340.mp4,50450.373048,51851.979337,492.523952,494.971952
1074,CS_1035_PREWEAN_d2_p5_cow1_11102025_ch05-20251011214340_50951_50979.mp4,Pen 5 - Group 3\PREWEANING\Day 2\CS_1035_PREWEAN_d2_p5_cow1_11102025_ch05-20251011214340_50951_50979.mp4,E:\cross_sucking\Pen 5 - Group 3\PREWEANING\Day 2\CS_1035_PREWEAN_d2_p5_cow1_11102025_ch05-20251011214340_50951_50979.mp4,created,1,1,Pen_5_PREWEAN_Day_2_11102025,Pen 5 - Group 3,PREWEAN,2,5,11102025,1,None|8|None|side,50951.568,50979.938,50951.568,50979.938,G:\MONITORING CROSS SUCKING IN CALVES - KAPPEL - 2025\Pen 5 - Group 3\PREWEANING\Day 2\ch05_20251011214340.mp4,ch05_20251011214340.mp4,50450.373048,51851.979337,501.194952,529.564952
1075,CS_1036_PREWEAN_d2_p5_cow6_11102025_ch05-20251012053419_78601_78775.mp4,Pen 5 - Group 3\PREWEANING\Day 2\CS_1036_PREWEAN_d2_p5_cow6_11102025_ch05-20251012053419_78601_78775.mp4,E:\cross_sucking\Pen 5 - Group 3\PREWEANING\Day 2\CS_1036_PREWEAN_d2_p5_cow6_11102025_ch05-20251012053419_78601_78775.mp4,created,1,1,Pen_5_PREWEAN_Day_2_11102025,Pen 5 - Group 3,PREWEAN,2,5,11102025,6,milk feeder|O|None|behind,78601.398,78775.156,78601.398,78775.156,G:\MONITORING CROSS SUCKING IN CALVES - KAPPEL - 2025\Pen 5 - Group 3\PREWEANING\Day 2\ch05_20251012053419.mp4,ch05_20251012053419.mp4,78479.891828,79882.459117,121.506172,295.264172
1076,CS_1037_PREWEAN_d2_p5_cow6_11102025_ch05-20251012053419_78783_78817.mp4,Pen 5 - Group 3\PREWEANING\Day 2\CS_1037_PREWEAN_d2_p5_cow6_11102025_ch05-20251012053419_78783_78817.mp4,E:\cross_sucking\Pen 5 - Group 3\PREWEANING\Day 2\CS_1037_PREWEAN_d2_p5_cow6_11102025_ch05-20251012053419_78783_78817.mp4,created,1,1,Pen_5_PREWEAN_Day_2_11102025,Pen 5 - Group 3,PREWEAN,2,5,11102025,6,grain feeder|O|None|behind,78783.429,78817.833,78783.429,78817.833,G:\MONITORING CROSS SUCKING IN CALVES - KAPPEL - 2025\Pen 5 - Group 3\PREWEANING\Day 2\ch05_20251012053419.mp4,ch05_20251012053419.mp4,78479.891828,79882.459117,303.537172,337.941172
1077,CS_1038_PREWEAN_d2_p5_cow6_11102025_ch05-20251012053419_78827_78875.mp4,Pen 5 - Group 3\PREWEANING\Day 2\CS_1038_PREWEAN_d2_p5_cow6_11102025_ch05-20251012053419_78827_78875.mp4,E:\cross_sucking\Pen 5 - Group 3\PREWEANING\Day 2\CS_1038_PREWEAN_d2_p5_cow6_11102025_ch05-20251012053419_78827_78875.mp4,created,1,1,Pen_5_PREWEAN_Day_2_11102025,Pen 5 - Group 3,PREWEAN,2,5,11102025,6,grain feeder|O|None|behind,78827.562,78875.152,78827.562,78875.152,G:\MONITORING CROSS SUCKING IN CALVES - KAPPEL - 2025\Pen 5 - Group 3\PREWEANING\Day 2\ch05_20251012053419.mp4,ch05_20251012053419.mp4,78479.891828,79882.459117,347.670172,395.260172
1078,CS_1039_PREWEAN_d2_p5_cow6_11102025_ch05-20251012053419_78877_78913.mp4,Pen 5 - Group 3\PREWEANING\Day 2\CS_1039_PREWEAN_d2_p5_cow6_11102025_ch05-20251012053419_78877_78913.mp4,E:\cross_sucking\Pen 5 - Group 3\PREWEANING\Day 2\CS_1039_PREWEAN_d2_p5_cow6_11102025_ch05-20251012053419_78877_78913.mp4,created,1,1,Pen_5_PREWEAN_Day_2_11102025,Pen 5 - Group 3,PREWEAN,2,5,11102025,6,grain feeder|8|None|behind,78877.533,78913.593,78877.533,78913.593,G:\MONITORING CROSS SUCKING IN CALVES - KAPPEL - 2025\Pen 5 - Group 3\PREWEANING\Day 2\ch05_20251012053419.mp4,ch05_20251012053419.mp4,78479.891828,79882.459117,397.641172,433.701172
1079,CS_1040_PREWEAN_d2_p5_cow6_11102025_ch05-20251012053419_78913_78930.mp4,Pen 5 - Group 3\PREWEANING\Day 2\CS_1040_PREWEAN_d2_p5_cow6_11102025_ch05-20251012053419_78913_78930.mp4,E:\cross_sucking\Pen 5 - Group 3\PREWEANING\Day 2\CS_1040_PREWEAN_d2_p5_cow6_11102025_ch05-20251012053419_78913_78930.mp4,created,1,1,Pen_5_PREWEAN_Day_2_11102025,Pen 5 - Group 3,PREWEAN,2,5,11102025,6,grain feeder|O|None|behind,78913.594,78930.195,78913.594,78930.195,G:\MONITORING CROSS SUCKING IN CALVES - KAPPEL - 2025\Pen 5 - Group 3\PREWEANING\Day 2\ch05_20251012053419.mp4,ch05_20251012053419.mp4,78479.891828,79882.459117,433.702172,450.303172
1080,CS_1041_PREWEAN_d2_p5_cow6_11102025_ch05-20251012053419_78930_79090.mp4,Pen 5 - Group 3\PREWEANING\Day 2\CS_1041_PREWEAN_d2_p5_cow6_11102025_ch05-20251012053419_78930_79090.mp4,E:\cross_sucking\Pen 5 - Group 3\PREWEANING\Day 2\CS_1041_PREWEAN_d2_p5_cow6_11102025_ch05-20251012053419_78930_79090.mp4,created,1,1,Pen_5_PREWEAN_Day_2_11102025,Pen 5 - Group 3,PREWEAN,2,5,11102025,6,grain feeder|O|None|side,78930.196,79090.281,78930.196,79090.281,G:\MONITORING CROSS SUCKING IN CALVES - KAPPEL - 2025\Pen 5 - Group 3\PREWEANING\Day 2\ch05_20251012053419.mp4,ch05_20251012053419.mp4,78479.891828,79882.459117,450.304172,610.389172
1081,CS_1042_PREWEAN_d2_p5_cowO_11102025_ch05-20251012053419_78938_78951.mp4,Pen 5 - Group 3\PREWEANING\Day 2\CS_1042_PREWEAN_d2_p5_cowO_11102025_ch05-20251012053419_78938_78951.mp4,E:\cross_sucking\Pen 5 - Group 3\PREWEANING\Day 2\CS_1042_PREWEAN_d2_p5_cowO_11102025_ch05-20251012053419_78938_78951.mp4,created,1,1,Pen_5_PREWEAN_Day_2_11102025,Pen 5 - Group 3,PREWEAN,2,5,11102025,O,grain feeder|6|reciprocal|side,78938.47,78951.442,78938.47,78951.442,G:\MONITORING CROSS SUCKING IN CALVES - KAPPEL - 2025\Pen 5 - Group 3\PREWEANING\Day 2\ch05_20251012053419.mp4,ch05_20251012053419.mp4,78479.891828,79882.459117,458.578172,471.550172
1082,CS_1043_PREWEAN_d2_p5_cowO_11102025_ch05-20251012053419_78960_78990.mp4,Pen 5 - Group 3\PREWEANING\Day 2\CS_1043_PREWEAN_d2_p5_cowO_11102025_ch05-20251012053419_78960_78990.mp4,E:\cross_sucking\Pen 5 - Group 3\PREWEANING\Day 2\CS_1043_PREWEAN_d2_p5_cowO_11102025_ch05-20251012053419_78960_78990.mp4,created,1,1,Pen_5_PREWEAN_Day_2_11102025,Pen 5 - Group 3,PREWEAN,2,5,11102025,O,grain feeder|6|reciprocal|side,78960.25,78990.624,78960.25,78990.624,G:\MONITORING CROSS SUCKING IN CALVES - KAPPEL - 2025\Pen 5 - Group 3\PREWEANING\Day 2\ch05_20251012053419.mp4,ch05_20251012053419.mp4,78479.891828,79882.459117,480.358172,510.732172
1083,CS_1044_PREWEAN_d2_p5_cowO_11102025_ch05-20251012053419_78996_79016.mp4,Pen 5 - Group 3\PREWEANING\Day 2\CS_1044_PREWEAN_d2_p5_cowO_11102025_ch05-20251012053419_78996_79016.mp4,E:\cross_sucking\Pen 5 - Group 3\PREWEANING\Day 2\CS_1044_PREWEAN_d2_p5_cowO_11102025_ch05-20251012053419_78996_79016.mp4,created,1,1,Pen_5_PREWEAN_Day_2_11102025,Pen 5 - Group 3,PREWEAN,2,5,11102025,O,other|6|reciprocal|side,78996.319,79016.37,78996.319,79016.37,G:\MONITORING CROSS SUCKING IN CALVES - KAPPEL - 2025\Pen 5 - Group 3\PREWEANING\Day 2\ch05_20251012053419.mp4,ch05_20251012053419.mp4,78479.891828,79882.459117,516.427172,536.478172
1084,CS_1045_PREWEAN_d2_p5_cowO_11102025_ch05-20251012053419_79037_79040.mp4,Pen 5 - Group 3\PREWEANING\Day 2\CS_1045_PREWEAN_d2_p5_cowO_11102025_ch05-20251012053419_79037_79040.mp4,E:\cross_sucking\Pen 5 - Group 3\PREWEANING\Day 2\CS_1045_PREWEAN_d2_p5_cowO_11102025_ch05-20251012053419_79037_79040.mp4,created,1,1,Pen_5_PREWEAN_Day_2_11102025,Pen 5 - Group 3,PREWEAN,2,5,11102025,O,other|6|reciprocal|side,79037.349,79040.786,79037.349,79040.786,G:\MONITORING CROSS SUCKING IN CALVES - KAPPEL - 2025\Pen 5 - Group 3\PREWEANING\Day 2\ch05_20251012053419.mp4,ch05_20251012053419.mp4,78479.891828,79882.459117,557.457172,560.894172
1085,CS_1046_PREWEAN_d2_p5_cowO_11102025_ch05-20251012053419_79066_79070.mp4,Pen 5 - Group 3\PREWEANING\Day 2\CS_1046_PREWEAN_d2_p5_cowO_11102025_ch05-20251012053419_79066_79070.mp4,E:\cross_sucking\Pen 5 - Group 3\PREWEANING\Day 2\CS_1046_PREWEAN_d2_p5_cowO_11102025_ch05-20251012053419_79066_79070.mp4,created,1,1,Pen_5_PREWEAN_Day_2_11102025,Pen 5 - Group 3,PREWEAN,2,5,11102025,O,other|6|reciprocal|side,79066.923,79070.306,79066.923,79070.306,G:\MONITORING CROSS SUCKING IN CALVES - KAPPEL - 2025\Pen 5 - Group 3\PREWEANING\Day 2\ch05_20251012053419.mp4,ch05_20251012053419.mp4,78479.891828,79882.459117,587.031172,590.414172
1086,CS_1047_PREWEAN_d2_p5_cowO_11102025_ch05-20251012053419_79234_79268.mp4,Pen 5 - Group 3\PREWEANING\Day 2\CS_1047_PREWEAN_d2_p5_cowO_11102025_ch05-20251012053419_79234_79268.mp4,E:\cross_sucking\Pen 5 - Group 3\PREWEANING\Day 2\CS_1047_PREWEAN_d2_p5_cowO_11102025_ch05-20251012053419_79234_79268.mp4,created,1,1,Pen_5_PREWEAN_Day_2_11102025,Pen 5 - Group 3,PREWEAN,2,5,11102025,O,other|A|None|side,79234.983,79268.672,79234.983,79268.672,G:\MONITORING CROSS SUCKING IN CALVES - KAPPEL - 2025\Pen 5 - Group 3\PREWEANING\Day 2\ch05_20251012053419.mp4,ch05_20251012053419.mp4,78479.891828,79882.459117,755.091172,788.780172
1087,CS_1048_PREWEAN_d2_p5_cowO_11102025_ch05-20251012053419_79284_79288.mp4,Pen 5 - Group 3\PREWEANING\Day 2\CS_1048_PREWEAN_d2_p5_cowO_11102025_ch05-20251012053419_79284_79288.mp4,E:\cross_sucking\Pen 5 - Group 3\PREWEANING\Day 2\CS_1048_PREWEAN_d2_p5_cowO_11102025_ch05-20251012053419_79284_79288.mp4,created,1,1,Pen_5_PREWEAN_Day_2_11102025,Pen 5 - Group 3,PREWEAN,2,5,11102025,O,other|A|None|side,79284.026,79288.128,79284.026,79288.128,G:\MONITORING CROSS SUCKING IN CALVES - KAPPEL - 2025\Pen 5 - Group 3\PREWEANING\Day 2\ch05_20251012053419.mp4,ch05_20251012053419.mp4,78479.891828,79882.459117,804.134172,808.236172
1088,CS_1049_PREWEAN_d2_p5_cow6_11102025_ch05-20251012053419_79285_79291.mp4,Pen 5 - Group 3\PREWEANING\Day 2\CS_1049_PREWEAN_d2_p5_cow6_11102025_ch05-20251012053419_79285_79291.mp4,E:\cross_sucking\Pen 5 - Group 3\PREWEANING\Day 2\CS_1049_PREWEAN_d2_p5_cow6_11102025_ch05-20251012053419_79285_79291.mp4,created,1,1,Pen_5_PREWEAN_Day_2_11102025,Pen 5 - Group 3,PREWEAN,2,5,11102025,6,other|O|None|behind,79285.819,79291.307,79285.819,79291.307,G:\MONITORING CROSS SUCKING IN CALVES - KAPPEL - 2025\Pen 5 - Group 3\PREWEANING\Day 2\ch05_20251012053419.mp4,ch05_20251012053419.mp4,78479.891828,79882.459117,805.927172,811.415172
1089,CS_1050_PREWEAN_d2_p5_cow6_11102025_ch05-20251012053419_79292_79335.mp4,Pen 5 - Group 3\PREWEANING\Day 2\CS_1050_PREWEAN_d2_p5_cow6_11102025_ch05-20251012053419_79292_79335.mp4,E:\cross_sucking\Pen 5 - Group 3\PREWEANING\Day 2\CS_1050_PREWEAN_d2_p5_cow6_11102025_ch05-20251012053419_79292_79335.mp4,created,1,1,Pen_5_PREWEAN_Day_2_11102025,Pen 5 - Group 3,PREWEAN,2,5,11102025,6,other|O|None|side,79292.43,79335.174,79292.43,79335.174,G:\MONITORING CROSS SUCKING IN CALVES - KAPPEL - 2025\Pen 5 - Group 3\PREWEANING\Day 2\ch05_20251012053419.mp4,ch05_20251012053419.mp4,78479.891828,79882.459117,812.538172,855.282172
1090,CS_1051_PREWEAN_d2_p5_cowO_11102025_ch05-20251012053419_79674_79703.mp4,Pen 5 - Group 3\PREWEANING\Day 2\CS_1051_PREWEAN_d2_p5_cowO_11102025_ch05-20251012053419_79674_79703.mp4,E:\cross_sucking\Pen 5 - Group 3\PREWEANING\Day 2\CS_1051_PREWEAN_d2_p5_cowO_11102025_ch05-20251012053419_79674_79703.mp4,created,1,1,Pen_5_PREWEAN_Day_2_11102025,Pen 5 - Group 3,PREWEAN,2,5,11102025,O,other|1|None|behind,79674.975,79703.43,79674.975,79703.43,G:\MONITORING CROSS SUCKING IN CALVES - KAPPEL - 2025\Pen 5 - Group 3\PREWEANING\Day 2\ch05_20251012053419.mp4,ch05_20251012053419.mp4,78479.891828,79882.459117,1195.083172,1223.538172
1091,CS_1052_PREWEAN_d3_p5_cowO_12112025_ch05-20251012084234_3224_3266.mp4,Pen 5 - Group 3\PREWEANING\Day 3\CS_1052_PREWEAN_d3_p5_cowO_12112025_ch05-20251012084234_3224_3266.mp4,E:\cross_sucking\Pen 5 - Group 3\PREWEANING\Day 3\CS_1052_PREWEAN_d3_p5_cowO_12112025_ch05-20251012084234_3224_3266.mp4,created,1,1,Pen_5_PREWEAN_Day_3_12112025,Pen 5 - Group 3,PREWEAN,3,5,12112025,O,other|A|None|side,3224.72,3266.996,3224.72,3266.996,G:\MONITORING CROSS SUCKING IN CALVES - KAPPEL - 2025\Pen 5 - Group 3\PREWEANING\Day 3\ch05_20251012084234.mp4,ch05_20251012084234.mp4,2802.619578,4204.030867,422.100422,464.376422
1092,CS_1053_PREWEAN_d3_p5_cow1_12112025_ch05-20251012084234_3385_3393.mp4,Pen 5 - Group 3\PREWEANING\Day 3\CS_1053_PREWEAN_d3_p5_cow1_12112025_ch05-20251012084234_3385_3393.mp4,E:\cross_sucking\Pen 5 - Group 3\PREWEANING\Day 3\CS_1053_PREWEAN_d3_p5_cow1_12112025_ch05-20251012084234_3385_3393.mp4,created,1,1,Pen_5_PREWEAN_Day_3_12112025,Pen 5 - Group 3,PREWEAN,3,5,12112025,1,other|2|None|side,3385.244,3393.842,3385.244,3393.842,G:\MONITORING CROSS SUCKING IN CALVES - KAPPEL - 2025\Pen 5 - Group 3\PREWEANING\Day 3\ch05_20251012084234.mp4,ch05_20251012084234.mp4,2802.619578,4204.030867,582.624422,591.222422
1093,CS_1054_PREWEAN_d3_p5_cow1_12112025_ch05-20251012092938_5643_5699.mp4,Pen 5 - Group 3\PREWEANING\Day 3\CS_1054_PREWEAN_d3_p5_cow1_12112025_ch05-20251012092938_5643_5699.mp4,E:\cross_sucking\Pen 5 - Group 3\PREWEANING\Day 3\CS_1054_PREWEAN_d3_p5_cow1_12112025_ch05-20251012092938_5643_5699.mp4,created,1,1,Pen_5_PREWEAN_Day_3_12112025,Pen 5 - Group 3,PREWEAN,3,5,12112025,1,other|8|reciprocal|side,5643.891,5699.923,5643.891,5699.923,G:\MONITORING CROSS SUCKING IN CALVES - KAPPEL - 2025\Pen 5 - Group 3\PREWEANING\Day 3\ch05_20251012092938.mp4,ch05_20251012092938.mp4,5605.386156,7005.662445,38.504844,94.536844
1094,CS_1055_PREWEAN_d3_p5_cow8_12112025_ch05-20251012092938_5643_5678.mp4,Pen 5 - Group 3\PREWEANING\Day 3\CS_1055_PREWEAN_d3_p5_cow8_12112025_ch05-20251012092938_5643_5678.mp4,E:\cross_sucking\Pen 5 - Group 3\PREWEANING\Day 3\CS_1055_PREWEAN_d3_p5_cow8_12112025_ch05-20251012092938_5643_5678.mp4,created,1,1,Pen_5_PREWEAN_Day_3_12112025,Pen 5 - Group 3,PREWEAN,3,5,12112025,8,other|1|reciprocal|side,5643.891,5678.223,5643.891,5678.223,G:\MONITORING CROSS SUCKING IN CALVES - KAPPEL - 2025\Pen 5 - Group 3\PREWEANING\Day 3\ch05_20251012092938.mp4,ch05_20251012092938.mp4,5605.386156,7005.662445,38.504844,72.836844
1095,CS_1056_PREWEAN_d3_p5_cow1_12112025_ch05-20251012092938_5784_5788.mp4,Pen 5 - Group 3\PREWEANING\Day 3\CS_1056_PREWEAN_d3_p5_cow1_12112025_ch05-20251012092938_5784_5788.mp4,E:\cross_sucking\Pen 5 - Group 3\PREWEANING\Day 3\CS_1056_PREWEAN_d3_p5_cow1_12112025_ch05-20251012092938_5784_5788.mp4,created,1,1,Pen_5_PREWEAN_Day_3_12112025,Pen 5 - Group 3,PREWEAN,3,5,12112025,1,other|A|None|side,5784.812,5788.519,5784.812,5788.519,G:\MONITORING CROSS SUCKING IN CALVES - KAPPEL - 2025\Pen 5 - Group 3\PREWEANING\Day 3\ch05_20251012092938.mp4,ch05_20251012092938.mp4,5605.386156,7005.662445,179.425844,183.132844
1096,CS_1057_PREWEAN_d3_p5_cow6_12112025_ch05-20251012092938_6910_6922.mp4,Pen 5 - Group 3\PREWEANING\Day 3\CS_1057_PREWEAN_d3_p5_cow6_12112025_ch05-20251012092938_6910_6922.mp4,E:\cross_sucking\Pen 5 - Group 3\PREWEANING\Day 3\CS_1057_PREWEAN_d3_p5_cow6_12112025_ch05-20251012092938_6910_6922.mp4,created,1,1,Pen_5_PREWEAN_Day_3_12112025,Pen 5 - Group 3,PREWEAN,3,5,12112025,6,other|A|None|side,6910.102,6922.933,6910.102,6922.933,G:\MONITORING CROSS SUCKING IN CALVES - KAPPEL - 2025\Pen 5 - Group 3\PREWEANING\Day 3\ch05_20251012092938.mp4,ch05_20251012092938.mp4,5605.386156,7005.662445,1304.715844,1317.546844
1097,CS_1058_PREWEAN_d3_p5_cowslash_12112025_ch05-20251012132454_20700_20702.mp4,Pen 5 - Group 3\PREWEANING\Day 3\CS_1058_PREWEAN_d3_p5_cowslash_12112025_ch05-20251012132454_20700_20702.mp4,E:\cross_sucking\Pen 5 - Group 3\PREWEANING\Day 3\CS_1058_PREWEAN_d3_p5_cowslash_12112025_ch05-20251012132454_20700_20702.mp4,created,1,1,Pen_5_PREWEAN_Day_3_12112025,Pen 5 - Group 3,PREWEAN,3,5,12112025,/,other|T|None|side,20700.88,20702.799,20700.88,20702.799,G:\MONITORING CROSS SUCKING IN CALVES - KAPPEL - 2025\Pen 5 - Group 3\PREWEANING\Day 3\ch05_20251012132454.mp4,ch05_20251012132454.mp4,19614.15569,21015.428979,1086.72431,1088.64331
1098,CS_1059_PREWEAN_d3_p5_cow1_12112025_ch05-20251012132454_20969_20972.mp4,Pen 5 - Group 3\PREWEANING\Day 3\CS_1059_PREWEAN_d3_p5_cow1_12112025_ch05-20251012132454_20969_20972.mp4,E:\cross_sucking\Pen 5 - Group 3\PREWEANING\Day 3\CS_1059_PREWEAN_d3_p5_cow1_12112025_ch05-20251012132454_20969_20972.mp4,created,1,1,Pen_5_PREWEAN_Day_3_12112025,Pen 5 - Group 3,PREWEAN,3,5,12112025,1,other|2|None|side,20969.76,20972.471,20969.76,20972.471,G:\MONITORING CROSS SUCKING IN CALVES - KAPPEL - 2025\Pen 5 - Group 3\PREWEANING\Day 3\ch05_20251012132454.mp4,ch05_20251012132454.mp4,19614.15569,21015.428979,1355.60431,1358.31531
1099,CS_1060_PREWEAN_d3_p5_cow8_12112025_ch05-20251012134826_21324_21327.mp4,Pen 5 - Group 3\PREWEANING\Day 3\CS_1060_PREWEAN_d3_p5_cow8_12112025_ch05-20251012134826_21324_21327.mp4,E:\cross_sucking\Pen 5 - Group 3\PREWEANING\Day 3\CS_1060_PREWEAN_d3_p5_cow8_12112025_ch05-20251012134826_21324_21327.mp4,created,1,1,Pen_5_PREWEAN_Day_3_12112025,Pen 5 - Group 3,PREWEAN,3,5,12112025,8,other|O|None|side,21324.346,21327.321,21324.346,21327.321,G:\MONITORING CROSS SUCKING IN CALVES - KAPPEL - 2025\Pen 5 - Group 3\PREWEANING\Day 3\ch05_20251012134826.mp4,ch05_20251012134826.mp4,21015.428979,22416.806268,308.917021,311.892021
1100,CS_1061_PREWEAN_d3_p5_cowT_12112025_ch05-20251012134826_21520_21527.mp4,Pen 5 - Group 3\PREWEANING\Day 3\CS_1061_PREWEAN_d3_p5_cowT_12112025_ch05-20251012134826_21520_21527.mp4,E:\cross_sucking\Pen 5 - Group 3\PREWEANING\Day 3\CS_1061_PREWEAN_d3_p5_cowT_12112025_ch05-20251012134826_21520_21527.mp4,created,1,1,Pen_5_PREWEAN_Day_3_12112025,Pen 5 - Group 3,PREWEAN,3,5,12112025,T,other|O|None|side,21520.046,21527.779,21520.046,21527.779,G:\MONITORING CROSS SUCKING IN CALVES - KAPPEL - 2025\Pen 5 - Group 3\PREWEANING\Day 3\ch05_20251012134826.mp4,ch05_20251012134826.mp4,21015.428979,22416.806268,504.617021,512.350021
1101,CS_1062_PREWEAN_d3_p5_cow1_12112025_ch05-20251012134826_21550_21563.mp4,Pen 5 - Group 3\PREWEANING\Day 3\CS_1062_PREWEAN_d3_p5_cow1_12112025_ch05-20251012134826_21550_21563.mp4,E:\cross_sucking\Pen 5 - Group 3\PREWEANING\Day 3\CS_1062_PREWEAN_d3_p5_cow1_12112025_ch05-20251012134826_21550_21563.mp4,created,1,1,Pen_5_PREWEAN_Day_3_12112025,Pen 5 - Group 3,PREWEAN,3,5,12112025,1,other|T|None|behind,21550.737,21563.112,21550.737,21563.112,G:\MONITORING CROSS SUCKING IN CALVES - KAPPEL - 2025\Pen 5 - Group 3\PREWEANING\Day 3\ch05_20251012134826.mp4,ch05_20251012134826.mp4,21015.428979,22416.806268,535.308021,547.683021
1102,CS_1063_PREWEAN_d3_p5_cowT_12112025_ch05-20251012134826_21696_21739.mp4,Pen 5 - Group 3\PREWEANING\Day 3\CS_1063_PREWEAN_d3_p5_cowT_12112025_ch05-20251012134826_21696_21739.mp4,E:\cross_sucking\Pen 5 - Group 3\PREWEANING\Day 3\CS_1063_PREWEAN_d3_p5_cowT_12112025_ch05-20251012134826_21696_21739.mp4,created,1,1,Pen_5_PREWEAN_Day_3_12112025,Pen 5 - Group 3,PREWEAN,3,5,12112025,T,other|O|None|side,21696.25,21739.582,21696.25,21739.582,G:\MONITORING CROSS SUCKING IN CALVES - KAPPEL - 2025\Pen 5 - Group 3\PREWEANING\Day 3\ch05_20251012134826.mp4,ch05_20251012134826.mp4,21015.428979,22416.806268,680.821021,724.153021
1103,CS_1064_PREWEAN_d3_p5_cowT_12112025_ch05-20251012134826_21894_21910.mp4,Pen 5 - Group 3\PREWEANING\Day 3\CS_1064_PREWEAN_d3_p5_cowT_12112025_ch05-20251012134826_21894_21910.mp4,E:\cross_sucking\Pen 5 - Group 3\PREWEANING\Day 3\CS_1064_PREWEAN_d3_p5_cowT_12112025_ch05-20251012134826_21894_21910.mp4,created,1,1,Pen_5_PREWEAN_Day_3_12112025,Pen 5 - Group 3,PREWEAN,3,5,12112025,T,other|O|None|behind,21894.997,21910.084,21894.997,21910.084,G:\MONITORING CROSS SUCKING IN CALVES - KAPPEL - 2025\Pen 5 - Group 3\PREWEANING\Day 3\ch05_20251012134826.mp4,ch05_20251012134826.mp4,21015.428979,22416.806268,879.568021,894.655021
1104,CS_1065_PREWEAN_d3_p5_cowT_12112025_ch05-20251012134826_21922_21927.mp4,Pen 5 - Group 3\PREWEANING\Day 3\CS_1065_PREWEAN_d3_p5_cowT_12112025_ch05-20251012134826_21922_21927.mp4,E:\cross_sucking\Pen 5 - Group 3\PREWEANING\Day 3\CS_1065_PREWEAN_d3_p5_cowT_12112025_ch05-20251012134826_21922_21927.mp4,created,1,1,Pen_5_PREWEAN_Day_3_12112025,Pen 5 - Group 3,PREWEAN,3,5,12112025,T,other|O|None|behind,21922.386,21927.349,21922.386,21927.349,G:\MONITORING CROSS SUCKING IN CALVES - KAPPEL - 2025\Pen 5 - Group 3\PREWEANING\Day 3\ch05_20251012134826.mp4,ch05_20251012134826.mp4,21015.428979,22416.806268,906.957021,911.920021
1105,CS_1066_PREWEAN_d3_p5_cow8_12112025_ch05-20251012134826_22328_22370.mp4,Pen 5 - Group 3\PREWEANING\Day 3\CS_1066_PREWEAN_d3_p5_cow8_12112025_ch05-20251012134826_22328_22370.mp4,E:\cross_sucking\Pen 5 - Group 3\PREWEANING\Day 3\CS_1066_PREWEAN_d3_p5_cow8_12112025_ch05-20251012134826_22328_22370.mp4,created,1,1,Pen_5_PREWEAN_Day_3_12112025,Pen 5 - Group 3,PREWEAN,3,5,12112025,8,other|1|None|side,22328.007,22370.083,22328.007,22370.083,G:\MONITORING CROSS SUCKING IN CALVES - KAPPEL - 2025\Pen 5 - Group 3\PREWEANING\Day 3\ch05_20251012134826.mp4,ch05_20251012134826.mp4,21015.428979,22416.806268,1312.578021,1354.654021
1106,CS_1067_PREWEAN_d3_p5_cow1_12112025_ch05-20251012134826_22341_22356.mp4,Pen 5 - Group 3\PREWEANING\Day 3\CS_1067_PREWEAN_d3_p5_cow1_12112025_ch05-20251012134826_22341_22356.mp4,E:\cross_sucking\Pen 5 - Group 3\PREWEANING\Day 3\CS_1067_PREWEAN_d3_p5_cow1_12112025_ch05-20251012134826_22341_22356.mp4,created,1,1,Pen_5_PREWEAN_Day_3_12112025,Pen 5 - Group 3,PREWEAN,3,5,12112025,1,other|8|reciprocal|side,22341.231,22356.776,22341.231,22356.776,G:\MONITORING CROSS SUCKING IN CALVES - KAPPEL - 2025\Pen 5 - Group 3\PREWEANING\Day 3\ch05_20251012134826.mp4,ch05_20251012134826.mp4,21015.428979,22416.806268,1325.802021,1341.347021
1107,CS_1068_PREWEAN_d3_p5_cow1_12112025_ch05-20251012134826_22359_22371.mp4,Pen 5 - Group 3\PREWEANING\Day 3\CS_1068_PREWEAN_d3_p5_cow1_12112025_ch05-20251012134826_22359_22371.mp4,E:\cross_sucking\Pen 5 - Group 3\PREWEANING\Day 3\CS_1068_PREWEAN_d3_p5_cow1_12112025_ch05-20251012134826_22359_22371.mp4,created,1,1,Pen_5_PREWEAN_Day_3_12112025,Pen 5 - Group 3,PREWEAN,3,5,12112025,1,other|8|reciprocal|side,22359.686,22371.396,22359.686,22371.396,G:\MONITORING CROSS SUCKING IN CALVES - KAPPEL - 2025\Pen 5 - Group 3\PREWEANING\Day 3\ch05_20251012134826.mp4,ch05_20251012134826.mp4,21015.428979,22416.806268,1344.257021,1355.967021
1108,CS_1069_PREWEAN_d3_p5_cow8_12112025_ch05-20251012134826_22393_22414.mp4,Pen 5 - Group 3\PREWEANING\Day 3\CS_1069_PREWEAN_d3_p5_cow8_12112025_ch05-20251012134826_22393_22414.mp4,E:\cross_sucking\Pen 5 - Group 3\PREWEANING\Day 3\CS_1069_PREWEAN_d3_p5_cow8_12112025_ch05-20251012134826_22393_22414.mp4,created,1,1,Pen_5_PREWEAN_Day_3_12112025,Pen 5 - Group 3,PREWEAN,3,5,12112025,8,other|1|None|side,22393.564,22414.204,22393.564,22414.204,G:\MONITORING CROSS SUCKING IN CALVES - KAPPEL - 2025\Pen 5 - Group 3\PREWEANING\Day 3\ch05_20251012134826.mp4,ch05_20251012134826.mp4,21015.428979,22416.806268,1378.135021,1398.775021
1109,CS_1070_PREWEAN_d3_p5_cowO_12112025_ch05-20251012141158_22419_22427.mp4,Pen 5 - Group 3\PREWEANING\Day 3\CS_1070_PREWEAN_d3_p5_cowO_12112025_ch05-20251012141158_22419_22427.mp4,E:\cross_sucking\Pen 5 - Group 3\PREWEANING\Day 3\CS_1070_PREWEAN_d3_p5_cowO_12112025_ch05-20251012141158_22419_22427.mp4,created,1,1,Pen_5_PREWEAN_Day_3_12112025,Pen 5 - Group 3,PREWEAN,3,5,12112025,O,other|1|None|side,22419.831,22427.972,22419.831,22427.972,G:\MONITORING CROSS SUCKING IN CALVES - KAPPEL - 2025\Pen 5 - Group 3\PREWEANING\Day 3\ch05_20251012141158.mp4,ch05_20251012141158.mp4,22416.806268,23818.259557,3.024732,11.165732
1110,CS_1071_PREWEAN_d3_p5_cowT_12112025_ch05-20251012141158_22876_22887.mp4,Pen 5 - Group 3\PREWEANING\Day 3\CS_1071_PREWEAN_d3_p5_cowT_12112025_ch05-20251012141158_22876_22887.mp4,E:\cross_sucking\Pen 5 - Group 3\PREWEANING\Day 3\CS_1071_PREWEAN_d3_p5_cowT_12112025_ch05-20251012141158_22876_22887.mp4,created,1,1,Pen_5_PREWEAN_Day_3_12112025,Pen 5 - Group 3,PREWEAN,3,5,12112025,T,other|O|None|side,22876.495,22887.945,22876.495,22887.945,G:\MONITORING CROSS SUCKING IN CALVES - KAPPEL - 2025\Pen 5 - Group 3\PREWEANING\Day 3\ch05_20251012141158.mp4,ch05_20251012141158.mp4,22416.806268,23818.259557,459.688732,471.138732
1111,CS_1072_PREWEAN_d3_p5_cowO_12112025_ch05-20251012141158_22877_22887.mp4,Pen 5 - Group 3\PREWEANING\Day 3\CS_1072_PREWEAN_d3_p5_cowO_12112025_ch05-20251012141158_22877_22887.mp4,E:\cross_sucking\Pen 5 - Group 3\PREWEANING\Day 3\CS_1072_PREWEAN_d3_p5_cowO_12112025_ch05-20251012141158_22877_22887.mp4,created,1,1,Pen_5_PREWEAN_Day_3_12112025,Pen 5 - Group 3,PREWEAN,3,5,12112025,O,other|T|reciprocal|side,22877.222,22887.151,22877.222,22887.151,G:\MONITORING CROSS SUCKING IN CALVES - KAPPEL - 2025\Pen 5 - Group 3\PREWEANING\Day 3\ch05_20251012141158.mp4,ch05_20251012141158.mp4,22416.806268,23818.259557,460.415732,470.344732
1112,CS_1073_PREWEAN_d3_p5_cowT_12112025_ch05-20251012141158_22894_22924.mp4,Pen 5 - Group 3\PREWEANING\Day 3\CS_1073_PREWEAN_d3_p5_cowT_12112025_ch05-20251012141158_22894_22924.mp4,E:\cross_sucking\Pen 5 - Group 3\PREWEANING\Day 3\CS_1073_PREWEAN_d3_p5_cowT_12112025_ch05-20251012141158_22894_22924.mp4,created,1,1,Pen_5_PREWEAN_Day_3_12112025,Pen 5 - Group 3,PREWEAN,3,5,12112025,T,other|O|None|side,22894.761,22924.537,22894.761,22924.537,G:\MONITORING CROSS SUCKING IN CALVES - KAPPEL - 2025\Pen 5 - Group 3\PREWEANING\Day 3\ch05_20251012141158.mp4,ch05_20251012141158.mp4,22416.806268,23818.259557,477.954732,507.730732
1113,CS_1074_PREWEAN_d3_p5_cowO_12112025_ch05-20251012141158_22902_22906.mp4,Pen 5 - Group 3\PREWEANING\Day 3\CS_1074_PREWEAN_d3_p5_cowO_12112025_ch05-20251012141158_22902_22906.mp4,E:\cross_sucking\Pen 5 - Group 3\PREWEANING\Day 3\CS_1074_PREWEAN_d3_p5_cowO_12112025_ch05-20251012141158_22902_22906.mp4,created,1,1,Pen_5_PREWEAN_Day_3_12112025,Pen 5 - Group 3,PREWEAN,3,5,12112025,O,other|T|reciprocal|side,22902.169,22906.865,22902.169,22906.865,G:\MONITORING CROSS SUCKING IN CALVES - KAPPEL - 2025\Pen 5 - Group 3\PREWEANING\Day 3\ch05_20251012141158.mp4,ch05_20251012141158.mp4,22416.806268,23818.259557,485.362732,490.058732
1114,CS_1075_PREWEAN_d3_p5_cowT_12112025_ch05-20251012141158_22933_22942.mp4,Pen 5 - Group 3\PREWEANING\Day 3\CS_1075_PREWEAN_d3_p5_cowT_12112025_ch05-20251012141158_22933_22942.mp4,E:\cross_sucking\Pen 5 - Group 3\PREWEANING\Day 3\CS_1075_PREWEAN_d3_p5_cowT_12112025_ch05-20251012141158_22933_22942.mp4,created,1,1,Pen_5_PREWEAN_Day_3_12112025,Pen 5 - Group 3,PREWEAN,3,5,12112025,T,other|O|None|side,22933.278,22942.005,22933.278,22942.005,G:\MONITORING CROSS SUCKING IN CALVES - KAPPEL - 2025\Pen 5 - Group 3\PREWEANING\Day 3\ch05_20251012141158.mp4,ch05_20251012141158.mp4,22416.806268,23818.259557,516.471732,525.198732
1115,CS_1076_PREWEAN_d3_p5_cowO_12112025_ch05-20251012141158_22963_22970.mp4,Pen 5 - Group 3\PREWEANING\Day 3\CS_1076_PREWEAN_d3_p5_cowO_12112025_ch05-20251012141158_22963_22970.mp4,E:\cross_sucking\Pen 5 - Group 3\PREWEANING\Day 3\CS_1076_PREWEAN_d3_p5_cowO_12112025_ch05-20251012141158_22963_22970.mp4,created,1,1,Pen_5_PREWEAN_Day_3_12112025,Pen 5 - Group 3,PREWEAN,3,5,12112025,O,other|T|None|side,22963.242,22970.79,22963.242,22970.79,G:\MONITORING CROSS SUCKING IN CALVES - KAPPEL - 2025\Pen 5 - Group 3\PREWEANING\Day 3\ch05_20251012141158.mp4,ch05_20251012141158.mp4,22416.806268,23818.259557,546.435732,553.983732
1116,CS_1077_PREWEAN_d3_p5_cow8_12112025_ch05-20251012141158_23413_23428.mp4,Pen 5 - Group 3\PREWEANING\Day 3\CS_1077_PREWEAN_d3_p5_cow8_12112025_ch05-20251012141158_23413_23428.mp4,E:\cross_sucking\Pen 5 - Group 3\PREWEANING\Day 3\CS_1077_PREWEAN_d3_p5_cow8_12112025_ch05-20251012141158_23413_23428.mp4,created,1,1,Pen_5_PREWEAN_Day_3_12112025,Pen 5 - Group 3,PREWEAN,3,5,12112025,8,other|1|None|side,23413.505,23428.527,23413.505,23428.527,G:\MONITORING CROSS SUCKING IN CALVES - KAPPEL - 2025\Pen 5 - Group 3\PREWEANING\Day 3\ch05_20251012141158.mp4,ch05_20251012141158.mp4,22416.806268,23818.259557,996.698732,1011.720732
1117,CS_1078_PREWEAN_d3_p5_cow1_12112025_ch05-20251012154606_28311_28403.mp4,Pen 5 - Group 3\PREWEANING\Day 3\CS_1078_PREWEAN_d3_p5_cow1_12112025_ch05-20251012154606_28311_28403.mp4,E:\cross_sucking\Pen 5 - Group 3\PREWEANING\Day 3\CS_1078_PREWEAN_d3_p5_cow1_12112025_ch05-20251012154606_28311_28403.mp4,created,1,1,Pen_5_PREWEAN_Day_3_12112025,Pen 5 - Group 3,PREWEAN,3,5,12112025,1,other|8|None|side,28311.66,28403.881,28311.66,28403.881,G:\MONITORING CROSS SUCKING IN CALVES - KAPPEL - 2025\Pen 5 - Group 3\PREWEANING\Day 3\ch05_20251012154606.mp4,ch05_20251012154606.mp4,28022.389424,29423.786713,289.270576,381.491576
1118,CS_1079_PREWEAN_d3_p5_cow8_12112025_ch05-20251012154606_28333_28381.mp4,Pen 5 - Group 3\PREWEANING\Day 3\CS_1079_PREWEAN_d3_p5_cow8_12112025_ch05-20251012154606_28333_28381.mp4,E:\cross_sucking\Pen 5 - Group 3\PREWEANING\Day 3\CS_1079_PREWEAN_d3_p5_cow8_12112025_ch05-20251012154606_28333_28381.mp4,created,1,1,Pen_5_PREWEAN_Day_3_12112025,Pen 5 - Group 3,PREWEAN,3,5,12112025,8,other|1|reciprocal|side,28333.23,28381.716,28333.23,28381.716,G:\MONITORING CROSS SUCKING IN CALVES - KAPPEL - 2025\Pen 5 - Group 3\PREWEANING\Day 3\ch05_20251012154606.mp4,ch05_20251012154606.mp4,28022.389424,29423.786713,310.840576,359.326576
1119,CS_1080_PREWEAN_d3_p5_cowT_12112025_ch05-20251012183049_39137_39141.mp4,Pen 5 - Group 3\PREWEANING\Day 3\CS_1080_PREWEAN_d3_p5_cowT_12112025_ch05-20251012183049_39137_39141.mp4,E:\cross_sucking\Pen 5 - Group 3\PREWEANING\Day 3\CS_1080_PREWEAN_d3_p5_cowT_12112025_ch05-20251012183049_39137_39141.mp4,created,1,1,Pen_5_PREWEAN_Day_3_12112025,Pen 5 - Group 3,PREWEAN,3,5,12112025,T,grain feeder|2|None|side,39137.039,39141.735,39137.039,39141.735,G:\MONITORING CROSS SUCKING IN CALVES - KAPPEL - 2025\Pen 5 - Group 3\PREWEANING\Day 3\ch05_20251012183049.mp4,ch05_20251012183049.mp4,37831.395091,39232.86238,1305.643909,1310.339909
1120,CS_1081_PREWEAN_d3_p5_cowO_12112025_ch05-20251012185421_39522_39547.mp4,Pen 5 - Group 3\PREWEANING\Day 3\CS_1081_PREWEAN_d3_p5_cowO_12112025_ch05-20251012185421_39522_39547.mp4,E:\cross_sucking\Pen 5 - Group 3\PREWEANING\Day 3\CS_1081_PREWEAN_d3_p5_cowO_12112025_ch05-20251012185421_39522_39547.mp4,created,1,1,Pen_5_PREWEAN_Day_3_12112025,Pen 5 - Group 3,PREWEAN,3,5,12112025,O,other|1|None|side,39522.481,39547.753,39522.481,39547.753,G:\MONITORING CROSS SUCKING IN CALVES - KAPPEL - 2025\Pen 5 - Group 3\PREWEANING\Day 3\ch05_20251012185421.mp4,ch05_20251012185421.mp4,39232.86238,40634.246669,289.61862,314.89062
1121,CS_1082_PREWEAN_d3_p5_cow1_12112025_ch05-20251012185421_39534_39537.mp4,Pen 5 - Group 3\PREWEANING\Day 3\CS_1082_PREWEAN_d3_p5_cow1_12112025_ch05-20251012185421_39534_39537.mp4,E:\cross_sucking\Pen 5 - Group 3\PREWEANING\Day 3\CS_1082_PREWEAN_d3_p5_cow1_12112025_ch05-20251012185421_39534_39537.mp4,created,1,1,Pen_5_PREWEAN_Day_3_12112025,Pen 5 - Group 3,PREWEAN,3,5,12112025,1,other|O|reciprocal|side,39534.195,39537.367,39534.195,39537.367,G:\MONITORING CROSS SUCKING IN CALVES - KAPPEL - 2025\Pen 5 - Group 3\PREWEANING\Day 3\ch05_20251012185421.mp4,ch05_20251012185421.mp4,39232.86238,40634.246669,301.33262,304.50462
1122,CS_1083_PREWEAN_d3_p5_cow1_12112025_ch05-20251012185421_39540_39545.mp4,Pen 5 - Group 3\PREWEANING\Day 3\CS_1083_PREWEAN_d3_p5_cow1_12112025_ch05-20251012185421_39540_39545.mp4,E:\cross_sucking\Pen 5 - Group 3\PREWEANING\Day 3\CS_1083_PREWEAN_d3_p5_cow1_12112025_ch05-20251012185421_39540_39545.mp4,created,1,1,Pen_5_PREWEAN_Day_3_12112025,Pen 5 - Group 3,PREWEAN,3,5,12112025,1,other|O|reciprocal|side,39540.936,39545.502,39540.936,39545.502,G:\MONITORING CROSS SUCKING IN CALVES - KAPPEL - 2025\Pen 5 - Group 3\PREWEANING\Day 3\ch05_20251012185421.mp4,ch05_20251012185421.mp4,39232.86238,40634.246669,308.07362,312.63962
1123,CS_1084_PREWEAN_d3_p5_cowO_12112025_ch05-20251012185421_39552_39559.mp4,Pen 5 - Group 3\PREWEANING\Day 3\CS_1084_PREWEAN_d3_p5_cowO_12112025_ch05-20251012185421_39552_39559.mp4,E:\cross_sucking\Pen 5 - Group 3\PREWEANING\Day 3\CS_1084_PREWEAN_d3_p5_cowO_12112025_ch05-20251012185421_39552_39559.mp4,created,1,1,Pen_5_PREWEAN_Day_3_12112025,Pen 5 - Group 3,PREWEAN,3,5,12112025,O,other|2|None|side,39552.32,39559.005,39552.32,39559.005,G:\MONITORING CROSS SUCKING IN CALVES - KAPPEL - 2025\Pen 5 - Group 3\PREWEANING\Day 3\ch05_20251012185421.mp4,ch05_20251012185421.mp4,39232.86238,40634.246669,319.45762,326.14262
1124,CS_1085_PREWEAN_d3_p5_cowO_12112025_ch05-20251012185421_39562_39575.mp4,Pen 5 - Group 3\PREWEANING\Day 3\CS_1085_PREWEAN_d3_p5_cowO_12112025_ch05-20251012185421_39562_39575.mp4,E:\cross_sucking\Pen 5 - Group 3\PREWEANING\Day 3\CS_1085_PREWEAN_d3_p5_cowO_12112025_ch05-20251012185421_39562_39575.mp4,created,1,1,Pen_5_PREWEAN_Day_3_12112025,Pen 5 - Group 3,PREWEAN,3,5,12112025,O,other|2|None|side,39562.574,39575.871,39562.574,39575.871,G:\MONITORING CROSS SUCKING IN CALVES - KAPPEL - 2025\Pen 5 - Group 3\PREWEANING\Day 3\ch05_20251012185421.mp4,ch05_20251012185421.mp4,39232.86238,40634.246669,329.71162,343.00862
1125,CS_1086_PREWEAN_d3_p5_cowO_12112025_ch05-20251012185421_39579_39586.mp4,Pen 5 - Group 3\PREWEANING\Day 3\CS_1086_PREWEAN_d3_p5_cowO_12112025_ch05-20251012185421_39579_39586.mp4,E:\cross_sucking\Pen 5 - Group 3\PREWEANING\Day 3\CS_1086_PREWEAN_d3_p5_cowO_12112025_ch05-20251012185421_39579_39586.mp4,created,1,1,Pen_5_PREWEAN_Day_3_12112025,Pen 5 - Group 3,PREWEAN,3,5,12112025,O,other|2|None|side,39579.708,39586.46,39579.708,39586.46,G:\MONITORING CROSS SUCKING IN CALVES - KAPPEL - 2025\Pen 5 - Group 3\PREWEANING\Day 3\ch05_20251012185421.mp4,ch05_20251012185421.mp4,39232.86238,40634.246669,346.84562,353.59762
1126,CS_1087_PREWEAN_d3_p5_cow6_12112025_ch05-20251012185421_39676_39713.mp4,Pen 5 - Group 3\PREWEANING\Day 3\CS_1087_PREWEAN_d3_p5_cow6_12112025_ch05-20251012185421_39676_39713.mp4,E:\cross_sucking\Pen 5 - Group 3\PREWEANING\Day 3\CS_1087_PREWEAN_d3_p5_cow6_12112025_ch05-20251012185421_39676_39713.mp4,created,1,1,Pen_5_PREWEAN_Day_3_12112025,Pen 5 - Group 3,PREWEAN,3,5,12112025,6,milk feeder|O|None|behind,39676.439,39713.285,39676.439,39713.285,G:\MONITORING CROSS SUCKING IN CALVES - KAPPEL - 2025\Pen 5 - Group 3\PREWEANING\Day 3\ch05_20251012185421.mp4,ch05_20251012185421.mp4,39232.86238,40634.246669,443.57662,480.42262
1127,CS_1088_PREWEAN_d3_p5_cow6_12112025_ch05-20251012185421_39736_39777.mp4,Pen 5 - Group 3\PREWEANING\Day 3\CS_1088_PREWEAN_d3_p5_cow6_12112025_ch05-20251012185421_39736_39777.mp4,E:\cross_sucking\Pen 5 - Group 3\PREWEANING\Day 3\CS_1088_PREWEAN_d3_p5_cow6_12112025_ch05-20251012185421_39736_39777.mp4,created,1,1,Pen_5_PREWEAN_Day_3_12112025,Pen 5 - Group 3,PREWEAN,3,5,12112025,6,milk feeder|O|None|behind,39736.309,39777.386,39736.309,39777.386,G:\MONITORING CROSS SUCKING IN CALVES - KAPPEL - 2025\Pen 5 - Group 3\PREWEANING\Day 3\ch05_20251012185421.mp4,ch05_20251012185421.mp4,39232.86238,40634.246669,503.44662,544.52362
1128,CS_1089_PREWEAN_d3_p5_cowO_12112025_ch05-20251012185421_39895_39902.mp4,Pen 5 - Group 3\PREWEANING\Day 3\CS_1089_PREWEAN_d3_p5_cowO_12112025_ch05-20251012185421_39895_39902.mp4,E:\cross_sucking\Pen 5 - Group 3\PREWEANING\Day 3\CS_1089_PREWEAN_d3_p5_cowO_12112025_ch05-20251012185421_39895_39902.mp4,created,1,1,Pen_5_PREWEAN_Day_3_12112025,Pen 5 - Group 3,PREWEAN,3,5,12112025,O,other|2|None|side,39895.087,39902.501,39895.087,39902.501,G:\MONITORING CROSS SUCKING IN CALVES - KAPPEL - 2025\Pen 5 - Group 3\PREWEANING\Day 3\ch05_20251012185421.mp4,ch05_20251012185421.mp4,39232.86238,40634.246669,662.22462,669.63862
1129,CS_1090_PREWEAN_d3_p5_cow2_12112025_ch05-20251012185421_39992_40059.mp4,Pen 5 - Group 3\PREWEANING\Day 3\CS_1090_PREWEAN_d3_p5_cow2_12112025_ch05-20251012185421_39992_40059.mp4,E:\cross_sucking\Pen 5 - Group 3\PREWEANING\Day 3\CS_1090_PREWEAN_d3_p5_cow2_12112025_ch05-20251012185421_39992_40059.mp4,created,1,1,Pen_5_PREWEAN_Day_3_12112025,Pen 5 - Group 3,PREWEAN,3,5,12112025,2,other|O|None|side,39992.744,40059.363,39992.744,40059.363,G:\MONITORING CROSS SUCKING IN CALVES - KAPPEL - 2025\Pen 5 - Group 3\PREWEANING\Day 3\ch05_20251012185421.mp4,ch05_20251012185421.mp4,39232.86238,40634.246669,759.88162,826.50062
1130,CS_1091_PREWEAN_d3_p5_cowO_12112025_ch05-20251012185421_40071_40081.mp4,Pen 5 - Group 3\PREWEANING\Day 3\CS_1091_PREWEAN_d3_p5_cowO_12112025_ch05-20251012185421_40071_40081.mp4,E:\cross_sucking\Pen 5 - Group 3\PREWEANING\Day 3\CS_1091_PREWEAN_d3_p5_cowO_12112025_ch05-20251012185421_40071_40081.mp4,created,1,1,Pen_5_PREWEAN_Day_3_12112025,Pen 5 - Group 3,PREWEAN,3,5,12112025,O,other|2|None|side,40071.47,40081.466,40071.47,40081.466,G:\MONITORING CROSS SUCKING IN CALVES - KAPPEL - 2025\Pen 5 - Group 3\PREWEANING\Day 3\ch05_20251012185421.mp4,ch05_20251012185421.mp4,39232.86238,40634.246669,838.60762,848.60362
1131,CS_1092_PREWEAN_d3_p5_cow2_12112025_ch05-20251012185421_40086_40093.mp4,Pen 5 - Group 3\PREWEANING\Day 3\CS_1092_PREWEAN_d3_p5_cow2_12112025_ch05-20251012185421_40086_40093.mp4,E:\cross_sucking\Pen 5 - Group 3\PREWEANING\Day 3\CS_1092_PREWEAN_d3_p5_cow2_12112025_ch05-20251012185421_40086_40093.mp4,created,1,1,Pen_5_PREWEAN_Day_3_12112025,Pen 5 - Group 3,PREWEAN,3,5,12112025,2,other|O|None|side,40086.555,40093.831,40086.555,40093.831,G:\MONITORING CROSS SUCKING IN CALVES - KAPPEL - 2025\Pen 5 - Group 3\PREWEANING\Day 3\ch05_20251012185421.mp4,ch05_20251012185421.mp4,39232.86238,40634.246669,853.69262,860.96862
1132,CS_1093_PREWEAN_d3_p5_cowO_12112025_ch05-20251012185421_40087_40096.mp4,Pen 5 - Group 3\PREWEANING\Day 3\CS_1093_PREWEAN_d3_p5_cowO_12112025_ch05-20251012185421_40087_40096.mp4,E:\cross_sucking\Pen 5 - Group 3\PREWEANING\Day 3\CS_1093_PREWEAN_d3_p5_cowO_12112025_ch05-20251012185421_40087_40096.mp4,created,1,1,Pen_5_PREWEAN_Day_3_12112025,Pen 5 - Group 3,PREWEAN,3,5,12112025,O,other|2|reciprocal|side,40087.351,40096.014,40087.351,40096.014,G:\MONITORING CROSS SUCKING IN CALVES - KAPPEL - 2025\Pen 5 - Group 3\PREWEANING\Day 3\ch05_20251012185421.mp4,ch05_20251012185421.mp4,39232.86238,40634.246669,854.48862,863.15162
1133,CS_1094_PREWEAN_d3_p5_cowO_12112025_ch05-20251012185421_40378_40410.mp4,Pen 5 - Group 3\PREWEANING\Day 3\CS_1094_PREWEAN_d3_p5_cowO_12112025_ch05-20251012185421_40378_40410.mp4,E:\cross_sucking\Pen 5 - Group 3\PREWEANING\Day 3\CS_1094_PREWEAN_d3_p5_cowO_12112025_ch05-20251012185421_40378_40410.mp4,created,1,1,Pen_5_PREWEAN_Day_3_12112025,Pen 5 - Group 3,PREWEAN,3,5,12112025,O,other|8|None|side,40378.492,40410.978,40378.492,40410.978,G:\MONITORING CROSS SUCKING IN CALVES - KAPPEL - 2025\Pen 5 - Group 3\PREWEANING\Day 3\ch05_20251012185421.mp4,ch05_20251012185421.mp4,39232.86238,40634.246669,1145.62962,1178.11562
1134,CS_1095_PREWEAN_d3_p5_cowO_12112025_ch05-20251012185421_40444_40449.mp4,Pen 5 - Group 3\PREWEANING\Day 3\CS_1095_PREWEAN_d3_p5_cowO_12112025_ch05-20251012185421_40444_40449.mp4,E:\cross_sucking\Pen 5 - Group 3\PREWEANING\Day 3\CS_1095_PREWEAN_d3_p5_cowO_12112025_ch05-20251012185421_40444_40449.mp4,created,1,1,Pen_5_PREWEAN_Day_3_12112025,Pen 5 - Group 3,PREWEAN,3,5,12112025,O,other|8|None|side,40444.798,40449.764,40444.798,40449.764,G:\MONITORING CROSS SUCKING IN CALVES - KAPPEL - 2025\Pen 5 - Group 3\PREWEANING\Day 3\ch05_20251012185421.mp4,ch05_20251012185421.mp4,39232.86238,40634.246669,1211.93562,1216.90162
1135,CS_1096_PREWEAN_d3_p5_cow8_12112025_ch05-20251012185421_40447_40557.mp4,Pen 5 - Group 3\PREWEANING\Day 3\CS_1096_PREWEAN_d3_p5_cow8_12112025_ch05-20251012185421_40447_40557.mp4,E:\cross_sucking\Pen 5 - Group 3\PREWEANING\Day 3\CS_1096_PREWEAN_d3_p5_cow8_12112025_ch05-20251012185421_40447_40557.mp4,created,1,1,Pen_5_PREWEAN_Day_3_12112025,Pen 5 - Group 3,PREWEAN,3,5,12112025,8,other|O|None|side,40447.59,40557.93,40447.59,40557.93,G:\MONITORING CROSS SUCKING IN CALVES - KAPPEL - 2025\Pen 5 - Group 3\PREWEANING\Day 3\ch05_20251012185421.mp4,ch05_20251012185421.mp4,39232.86238,40634.246669,1214.72762,1325.06762
1136,CS_1097_PREWEAN_d3_p5_cowO_12112025_ch05-20251012185421_40540_40553.mp4,Pen 5 - Group 3\PREWEANING\Day 3\CS_1097_PREWEAN_d3_p5_cowO_12112025_ch05-20251012185421_40540_40553.mp4,E:\cross_sucking\Pen 5 - Group 3\PREWEANING\Day 3\CS_1097_PREWEAN_d3_p5_cowO_12112025_ch05-20251012185421_40540_40553.mp4,created,1,1,Pen_5_PREWEAN_Day_3_12112025,Pen 5 - Group 3,PREWEAN,3,5,12112025,O,other|8|None|side,40540.728,40553.696,40540.728,40553.696,G:\MONITORING CROSS SUCKING IN CALVES - KAPPEL - 2025\Pen 5 - Group 3\PREWEANING\Day 3\ch05_20251012185421.mp4,ch05_20251012185421.mp4,39232.86238,40634.246669,1307.86562,1320.83362
1137,CS_1098_PREWEAN_d3_p5_cow8_12112025_ch05-20251012185421_40570_40621.mp4,Pen 5 - Group 3\PREWEANING\Day 3\CS_1098_PREWEAN_d3_p5_cow8_12112025_ch05-20251012185421_40570_40621.mp4,E:\cross_sucking\Pen 5 - Group 3\PREWEANING\Day 3\CS_1098_PREWEAN_d3_p5_cow8_12112025_ch05-20251012185421_40570_40621.mp4,created,1,1,Pen_5_PREWEAN_Day_3_12112025,Pen 5 - Group 3,PREWEAN,3,5,12112025,8,other|O|None|side,40570.968,40621.188,40570.968,40621.188,G:\MONITORING CROSS SUCKING IN CALVES - KAPPEL - 2025\Pen 5 - Group 3\PREWEANING\Day 3\ch05_20251012185421.mp4,ch05_20251012185421.mp4,39232.86238,40634.246669,1338.10562,1388.32562
1138,CS_1099_PREWEAN_d3_p5_cow8_12112025_ch05-20251012185421_40628_40677_part01.mp4,Pen 5 - Group 3\PREWEANING\Day 3\CS_1099_PREWEAN_d3_p5_cow8_12112025_ch05-20251012185421_40628_40677_part01.mp4,E:\cross_sucking\Pen 5 - Group 3\PREWEANING\Day 3\CS_1099_PREWEAN_d3_p5_cow8_12112025_ch05-20251012185421_40628_40677_part01.mp4,created,1,2,Pen_5_PREWEAN_Day_3_12112025,Pen 5 - Group 3,PREWEAN,3,5,12112025,8,other|O|None|side,40628.274,40677.304,40628.274,40634.246669,G:\MONITORING CROSS SUCKING IN CALVES - KAPPEL - 2025\Pen 5 - Group 3\PREWEANING\Day 3\ch05_20251012185421.mp4,ch05_20251012185421.mp4,39232.86238,40634.246669,1395.41162,1401.384289
1139,CS_1099_PREWEAN_d3_p5_cow8_12112025_ch05-20251012185421_40628_40677_part02.mp4,Pen 5 - Group 3\PREWEANING\Day 3\CS_1099_PREWEAN_d3_p5_cow8_12112025_ch05-20251012185421_40628_40677_part02.mp4,E:\cross_sucking\Pen 5 - Group 3\PREWEANING\Day 3\CS_1099_PREWEAN_d3_p5_cow8_12112025_ch05-20251012185421_40628_40677_part02.mp4,created,2,2,Pen_5_PREWEAN_Day_3_12112025,Pen 5 - Group 3,PREWEAN,3,5,12112025,8,other|O|None|side,40628.274,40677.304,40634.246669,40677.304,G:\MONITORING CROSS SUCKING IN CALVES - KAPPEL - 2025\Pen 5 - Group 3\PREWEANING\Day 3\ch05_20251012191754.mp4,ch05_20251012191754.mp4,40634.246669,42034.713958,0.0,43.057331
1140,CS_1100_PREWEAN_d3_p5_cowO_12112025_ch05-20251012185421_40631_40651_part01.mp4,Pen 5 - Group 3\PREWEANING\Day 3\CS_1100_PREWEAN_d3_p5_cowO_12112025_ch05-20251012185421_40631_40651_part01.mp4,E:\cross_sucking\Pen 5 - Group 3\PREWEANING\Day 3\CS_1100_PREWEAN_d3_p5_cowO_12112025_ch05-20251012185421_40631_40651_part01.mp4,created,1,2,Pen_5_PREWEAN_Day_3_12112025,Pen 5 - Group 3,PREWEAN,3,5,12112025,O,other|8|reciprocal|side,40631.78,40651.235,40631.78,40634.246669,G:\MONITORING CROSS SUCKING IN CALVES - KAPPEL - 2025\Pen 5 - Group 3\PREWEANING\Day 3\ch05_20251012185421.mp4,ch05_20251012185421.mp4,39232.86238,40634.246669,1398.91762,1401.384289
1141,CS_1100_PREWEAN_d3_p5_cowO_12112025_ch05-20251012185421_40631_40651_part02.mp4,Pen 5 - Group 3\PREWEANING\Day 3\CS_1100_PREWEAN_d3_p5_cowO_12112025_ch05-20251012185421_40631_40651_part02.mp4,E:\cross_sucking\Pen 5 - Group 3\PREWEANING\Day 3\CS_1100_PREWEAN_d3_p5_cowO_12112025_ch05-20251012185421_40631_40651_part02.mp4,created,2,2,Pen_5_PREWEAN_Day_3_12112025,Pen 5 - Group 3,PREWEAN,3,5,12112025,O,other|8|reciprocal|side,40631.78,40651.235,40634.246669,40651.235,G:\MONITORING CROSS SUCKING IN CALVES - KAPPEL - 2025\Pen 5 - Group 3\PREWEANING\Day 3\ch05_20251012191754.mp4,ch05_20251012191754.mp4,40634.246669,42034.713958,0.0,16.988331
1142,CS_1101_PREWEAN_d3_p5_cowO_12112025_ch05-20251012191754_40671_40688.mp4,Pen 5 - Group 3\PREWEANING\Day 3\CS_1101_PREWEAN_d3_p5_cowO_12112025_ch05-20251012191754_40671_40688.mp4,E:\cross_sucking\Pen 5 - Group 3\PREWEANING\Day 3\CS_1101_PREWEAN_d3_p5_cowO_12112025_ch05-20251012191754_40671_40688.mp4,created,1,1,Pen_5_PREWEAN_Day_3_12112025,Pen 5 - Group 3,PREWEAN,3,5,12112025,O,other|8|reciprocal|side,40671.679,40688.826,40671.679,40688.826,G:\MONITORING CROSS SUCKING IN CALVES - KAPPEL - 2025\Pen 5 - Group 3\PREWEANING\Day 3\ch05_20251012191754.mp4,ch05_20251012191754.mp4,40634.246669,42034.713958,37.432331,54.579331
1143,CS_1102_PREWEAN_d3_p5_cowO_12112025_ch05-20251012191754_40709_40721.mp4,Pen 5 - Group 3\PREWEANING\Day 3\CS_1102_PREWEAN_d3_p5_cowO_12112025_ch05-20251012191754_40709_40721.mp4,E:\cross_sucking\Pen 5 - Group 3\PREWEANING\Day 3\CS_1102_PREWEAN_d3_p5_cowO_12112025_ch05-20251012191754_40709_40721.mp4,created,1,1,Pen_5_PREWEAN_Day_3_12112025,Pen 5 - Group 3,PREWEAN,3,5,12112025,O,other|8|None|side,40709.2,40721.905,40709.2,40721.905,G:\MONITORING CROSS SUCKING IN CALVES - KAPPEL - 2025\Pen 5 - Group 3\PREWEANING\Day 3\ch05_20251012191754.mp4,ch05_20251012191754.mp4,40634.246669,42034.713958,74.953331,87.658331
1144,CS_1103_PREWEAN_d3_p5_cow6_12112025_ch05-20251012191754_40713_40739.mp4,Pen 5 - Group 3\PREWEANING\Day 3\CS_1103_PREWEAN_d3_p5_cow6_12112025_ch05-20251012191754_40713_40739.mp4,E:\cross_sucking\Pen 5 - Group 3\PREWEANING\Day 3\CS_1103_PREWEAN_d3_p5_cow6_12112025_ch05-20251012191754_40713_40739.mp4,created,1,1,Pen_5_PREWEAN_Day_3_12112025,Pen 5 - Group 3,PREWEAN,3,5,12112025,6,other|O|None|side,40713.901,40739.447,40713.901,40739.447,G:\MONITORING CROSS SUCKING IN CALVES - KAPPEL - 2025\Pen 5 - Group 3\PREWEANING\Day 3\ch05_20251012191754.mp4,ch05_20251012191754.mp4,40634.246669,42034.713958,79.654331,105.200331
1145,CS_1104_PREWEAN_d3_p5_cow1_12112025_ch05-20251012191754_40894_40949.mp4,Pen 5 - Group 3\PREWEANING\Day 3\CS_1104_PREWEAN_d3_p5_cow1_12112025_ch05-20251012191754_40894_40949.mp4,E:\cross_sucking\Pen 5 - Group 3\PREWEANING\Day 3\CS_1104_PREWEAN_d3_p5_cow1_12112025_ch05-20251012191754_40894_40949.mp4,created,1,1,Pen_5_PREWEAN_Day_3_12112025,Pen 5 - Group 3,PREWEAN,3,5,12112025,1,other|6|reciprocal|side,40894.758,40949.36,40894.758,40949.36,G:\MONITORING CROSS SUCKING IN CALVES - KAPPEL - 2025\Pen 5 - Group 3\PREWEANING\Day 3\ch05_20251012191754.mp4,ch05_20251012191754.mp4,40634.246669,42034.713958,260.511331,315.113331
1146,CS_1105_PREWEAN_d3_p5_cow8_12112025_ch05-20251012191754_41408_41437.mp4,Pen 5 - Group 3\PREWEANING\Day 3\CS_1105_PREWEAN_d3_p5_cow8_12112025_ch05-20251012191754_41408_41437.mp4,E:\cross_sucking\Pen 5 - Group 3\PREWEANING\Day 3\CS_1105_PREWEAN_d3_p5_cow8_12112025_ch05-20251012191754_41408_41437.mp4,created,1,1,Pen_5_PREWEAN_Day_3_12112025,Pen 5 - Group 3,PREWEAN,3,5,12112025,8,other|1|None|side,41408.838,41437.952,41408.838,41437.952,G:\MONITORING CROSS SUCKING IN CALVES - KAPPEL - 2025\Pen 5 - Group 3\PREWEANING\Day 3\ch05_20251012191754.mp4,ch05_20251012191754.mp4,40634.246669,42034.713958,774.591331,803.705331
1147,CS_1106_PREWEAN_d3_p5_cow1_12112025_ch05-20251012191754_41411_41439.mp4,Pen 5 - Group 3\PREWEANING\Day 3\CS_1106_PREWEAN_d3_p5_cow1_12112025_ch05-20251012191754_41411_41439.mp4,E:\cross_sucking\Pen 5 - Group 3\PREWEANING\Day 3\CS_1106_PREWEAN_d3_p5_cow1_12112025_ch05-20251012191754_41411_41439.mp4,created,1,1,Pen_5_PREWEAN_Day_3_12112025,Pen 5 - Group 3,PREWEAN,3,5,12112025,1,other|8|reciprocal|side,41411.814,41439.345,41411.814,41439.345,G:\MONITORING CROSS SUCKING IN CALVES - KAPPEL - 2025\Pen 5 - Group 3\PREWEANING\Day 3\ch05_20251012191754.mp4,ch05_20251012191754.mp4,40634.246669,42034.713958,777.567331,805.098331
1148,CS_1107_PREWEAN_d3_p5_cow8_12112025_ch05-20251012191754_41451_41463.mp4,Pen 5 - Group 3\PREWEANING\Day 3\CS_1107_PREWEAN_d3_p5_cow8_12112025_ch05-20251012191754_41451_41463.mp4,E:\cross_sucking\Pen 5 - Group 3\PREWEANING\Day 3\CS_1107_PREWEAN_d3_p5_cow8_12112025_ch05-20251012191754_41451_41463.mp4,created,1,1,Pen_5_PREWEAN_Day_3_12112025,Pen 5 - Group 3,PREWEAN,3,5,12112025,8,other|O|None|side,41451.064,41463.636,41451.064,41463.636,G:\MONITORING CROSS SUCKING IN CALVES - KAPPEL - 2025\Pen 5 - Group 3\PREWEANING\Day 3\ch05_20251012191754.mp4,ch05_20251012191754.mp4,40634.246669,42034.713958,816.817331,829.389331
1149,CS_1108_PREWEAN_d3_p5_cowT_12112025_ch05-20251012191754_41734_41749.mp4,Pen 5 - Group 3\PREWEANING\Day 3\CS_1108_PREWEAN_d3_p5_cowT_12112025_ch05-20251012191754_41734_41749.mp4,E:\cross_sucking\Pen 5 - Group 3\PREWEANING\Day 3\CS_1108_PREWEAN_d3_p5_cowT_12112025_ch05-20251012191754_41734_41749.mp4,created,1,1,Pen_5_PREWEAN_Day_3_12112025,Pen 5 - Group 3,PREWEAN,3,5,12112025,T,other|O|None|side,41734.468,41749.544,41734.468,41749.544,G:\MONITORING CROSS SUCKING IN CALVES - KAPPEL - 2025\Pen 5 - Group 3\PREWEANING\Day 3\ch05_20251012191754.mp4,ch05_20251012191754.mp4,40634.246669,42034.713958,1100.221331,1115.297331
1150,CS_1109_PREWEAN_d3_p5_cowO_12112025_ch05-20251012191754_41741_41748.mp4,Pen 5 - Group 3\PREWEANING\Day 3\CS_1109_PREWEAN_d3_p5_cowO_12112025_ch05-20251012191754_41741_41748.mp4,E:\cross_sucking\Pen 5 - Group 3\PREWEANING\Day 3\CS_1109_PREWEAN_d3_p5_cowO_12112025_ch05-20251012191754_41741_41748.mp4,created,1,1,Pen_5_PREWEAN_Day_3_12112025,Pen 5 - Group 3,PREWEAN,3,5,12112025,O,other|T|reciprocal|side,41741.676,41748.888,41741.676,41748.888,G:\MONITORING CROSS SUCKING IN CALVES - KAPPEL - 2025\Pen 5 - Group 3\PREWEANING\Day 3\ch05_20251012191754.mp4,ch05_20251012191754.mp4,40634.246669,42034.713958,1107.429331,1114.641331
1151,CS_1110_PREWEAN_d3_p5_cow2_12112025_ch05-20251012194125_42050_42052.mp4,Pen 5 - Group 3\PREWEANING\Day 3\CS_1110_PREWEAN_d3_p5_cow2_12112025_ch05-20251012194125_42050_42052.mp4,E:\cross_sucking\Pen 5 - Group 3\PREWEANING\Day 3\CS_1110_PREWEAN_d3_p5_cow2_12112025_ch05-20251012194125_42050_42052.mp4,created,1,1,Pen_5_PREWEAN_Day_3_12112025,Pen 5 - Group 3,PREWEAN,3,5,12112025,2,other|O|None|lying down,42050.315,42052.898,42050.315,42052.898,G:\MONITORING CROSS SUCKING IN CALVES - KAPPEL - 2025\Pen 5 - Group 3\PREWEANING\Day 3\ch05_20251012194125.mp4,ch05_20251012194125.mp4,42034.713958,43436.050247,15.601042,18.184042
1152,CS_1111_PREWEAN_d3_p5_cow1_12112025_ch05-20251012205201_46400_46429.mp4,Pen 5 - Group 3\PREWEANING\Day 3\CS_1111_PREWEAN_d3_p5_cow1_12112025_ch05-20251012205201_46400_46429.mp4,E:\cross_sucking\Pen 5 - Group 3\PREWEANING\Day 3\CS_1111_PREWEAN_d3_p5_cow1_12112025_ch05-20251012205201_46400_46429.mp4,created,1,1,Pen_5_PREWEAN_Day_3_12112025,Pen 5 - Group 3,PREWEAN,3,5,12112025,1,other|8|reciprocal|side,46400.968,46429.091,46400.968,46429.091,G:\MONITORING CROSS SUCKING IN CALVES - KAPPEL - 2025\Pen 5 - Group 3\PREWEANING\Day 3\ch05_20251012205201.mp4,ch05_20251012205201.mp4,46238.921825,47640.374114,162.046175,190.169175
1153,CS_1112_PREWEAN_d3_p5_cow8_12112025_ch05-20251012205201_46404_46422.mp4,Pen 5 - Group 3\PREWEANING\Day 3\CS_1112_PREWEAN_d3_p5_cow8_12112025_ch05-20251012205201_46404_46422.mp4,E:\cross_sucking\Pen 5 - Group 3\PREWEANING\Day 3\CS_1112_PREWEAN_d3_p5_cow8_12112025_ch05-20251012205201_46404_46422.mp4,created,1,1,Pen_5_PREWEAN_Day_3_12112025,Pen 5 - Group 3,PREWEAN,3,5,12112025,8,other|1|None|side,46404.012,46422.215,46404.012,46422.215,G:\MONITORING CROSS SUCKING IN CALVES - KAPPEL - 2025\Pen 5 - Group 3\PREWEANING\Day 3\ch05_20251012205201.mp4,ch05_20251012205201.mp4,46238.921825,47640.374114,165.090175,183.293175
1154,CS_1113_PREWEAN_d3_p5_cow8_12112025_ch05-20251012205201_46460_46505.mp4,Pen 5 - Group 3\PREWEANING\Day 3\CS_1113_PREWEAN_d3_p5_cow8_12112025_ch05-20251012205201_46460_46505.mp4,E:\cross_sucking\Pen 5 - Group 3\PREWEANING\Day 3\CS_1113_PREWEAN_d3_p5_cow8_12112025_ch05-20251012205201_46460_46505.mp4,created,1,1,Pen_5_PREWEAN_Day_3_12112025,Pen 5 - Group 3,PREWEAN,3,5,12112025,8,other|1|None|side,46460.789,46505.265,46460.789,46505.265,G:\MONITORING CROSS SUCKING IN CALVES - KAPPEL - 2025\Pen 5 - Group 3\PREWEANING\Day 3\ch05_20251012205201.mp4,ch05_20251012205201.mp4,46238.921825,47640.374114,221.867175,266.343175
1155,CS_1114_PREWEAN_d3_p5_cow1_12112025_ch05-20251012205201_46467_46473.mp4,Pen 5 - Group 3\PREWEANING\Day 3\CS_1114_PREWEAN_d3_p5_cow1_12112025_ch05-20251012205201_46467_46473.mp4,E:\cross_sucking\Pen 5 - Group 3\PREWEANING\Day 3\CS_1114_PREWEAN_d3_p5_cow1_12112025_ch05-20251012205201_46467_46473.mp4,created,1,1,Pen_5_PREWEAN_Day_3_12112025,Pen 5 - Group 3,PREWEAN,3,5,12112025,1,other|8|reciprocal|side,46467.01,46473.101,46467.01,46473.101,G:\MONITORING CROSS SUCKING IN CALVES - KAPPEL - 2025\Pen 5 - Group 3\PREWEANING\Day 3\ch05_20251012205201.mp4,ch05_20251012205201.mp4,46238.921825,47640.374114,228.088175,234.179175
1156,CS_1115_PREWEAN_d3_p5_cow8_12112025_ch05-20251012205201_47085_47097.mp4,Pen 5 - Group 3\PREWEANING\Day 3\CS_1115_PREWEAN_d3_p5_cow8_12112025_ch05-20251012205201_47085_47097.mp4,E:\cross_sucking\Pen 5 - Group 3\PREWEANING\Day 3\CS_1115_PREWEAN_d3_p5_cow8_12112025_ch05-20251012205201_47085_47097.mp4,created,1,1,Pen_5_PREWEAN_Day_3_12112025,Pen 5 - Group 3,PREWEAN,3,5,12112025,8,other|T|reciprocal|side,47085.856,47097.973,47085.856,47097.973,G:\MONITORING CROSS SUCKING IN CALVES - KAPPEL - 2025\Pen 5 - Group 3\PREWEANING\Day 3\ch05_20251012205201.mp4,ch05_20251012205201.mp4,46238.921825,47640.374114,846.934175,859.051175
1157,CS_1116_PREWEAN_d3_p5_cowT_12112025_ch05-20251012205201_47085_47097.mp4,Pen 5 - Group 3\PREWEANING\Day 3\CS_1116_PREWEAN_d3_p5_cowT_12112025_ch05-20251012205201_47085_47097.mp4,E:\cross_sucking\Pen 5 - Group 3\PREWEANING\Day 3\CS_1116_PREWEAN_d3_p5_cowT_12112025_ch05-20251012205201_47085_47097.mp4,created,1,1,Pen_5_PREWEAN_Day_3_12112025,Pen 5 - Group 3,PREWEAN,3,5,12112025,T,other|8|reciprocal|side,47085.856,47097.044,47085.856,47097.044,G:\MONITORING CROSS SUCKING IN CALVES - KAPPEL - 2025\Pen 5 - Group 3\PREWEANING\Day 3\ch05_20251012205201.mp4,ch05_20251012205201.mp4,46238.921825,47640.374114,846.934175,858.122175
1158,CS_1117_PREWEAN_d3_p5_cowT_12112025_ch05-20251012211533_48975_49002.mp4,Pen 5 - Group 3\PREWEANING\Day 3\CS_1117_PREWEAN_d3_p5_cowT_12112025_ch05-20251012211533_48975_49002.mp4,E:\cross_sucking\Pen 5 - Group 3\PREWEANING\Day 3\CS_1117_PREWEAN_d3_p5_cowT_12112025_ch05-20251012211533_48975_49002.mp4,created,1,1,Pen_5_PREWEAN_Day_3_12112025,Pen 5 - Group 3,PREWEAN,3,5,12112025,T,other|O|None|side,48975.347,49002.8,48975.347,49002.8,G:\MONITORING CROSS SUCKING IN CALVES - KAPPEL - 2025\Pen 5 - Group 3\PREWEANING\Day 3\ch05_20251012211533.mp4,ch05_20251012211533.mp4,47640.374114,49041.789403,1334.972886,1362.425886
1159,CS_1118_PREWEAN_d3_p5_cowO_12112025_ch05-20251012211533_48977_49002.mp4,Pen 5 - Group 3\PREWEANING\Day 3\CS_1118_PREWEAN_d3_p5_cowO_12112025_ch05-20251012211533_48977_49002.mp4,E:\cross_sucking\Pen 5 - Group 3\PREWEANING\Day 3\CS_1118_PREWEAN_d3_p5_cowO_12112025_ch05-20251012211533_48977_49002.mp4,created,1,1,Pen_5_PREWEAN_Day_3_12112025,Pen 5 - Group 3,PREWEAN,3,5,12112025,O,other|6|None|side,48977.268,49002.801,48977.268,49002.801,G:\MONITORING CROSS SUCKING IN CALVES - KAPPEL - 2025\Pen 5 - Group 3\PREWEANING\Day 3\ch05_20251012211533.mp4,ch05_20251012211533.mp4,47640.374114,49041.789403,1336.893886,1362.426886
1160,CS_1119_PREWEAN_d3_p5_cow8_12112025_ch05-20251012211533_48981_48988.mp4,Pen 5 - Group 3\PREWEANING\Day 3\CS_1119_PREWEAN_d3_p5_cow8_12112025_ch05-20251012211533_48981_48988.mp4,E:\cross_sucking\Pen 5 - Group 3\PREWEANING\Day 3\CS_1119_PREWEAN_d3_p5_cow8_12112025_ch05-20251012211533_48981_48988.mp4,created,1,1,Pen_5_PREWEAN_Day_3_12112025,Pen 5 - Group 3,PREWEAN,3,5,12112025,8,other|6|three|side,48981.037,48988.182,48981.037,48988.182,G:\MONITORING CROSS SUCKING IN CALVES - KAPPEL - 2025\Pen 5 - Group 3\PREWEANING\Day 3\ch05_20251012211533.mp4,ch05_20251012211533.mp4,47640.374114,49041.789403,1340.662886,1347.807886
1161,CS_1120_PREWEAN_d3_p5_cowO_12112025_ch05-20251012211533_49013_49018.mp4,Pen 5 - Group 3\PREWEANING\Day 3\CS_1120_PREWEAN_d3_p5_cowO_12112025_ch05-20251012211533_49013_49018.mp4,E:\cross_sucking\Pen 5 - Group 3\PREWEANING\Day 3\CS_1120_PREWEAN_d3_p5_cowO_12112025_ch05-20251012211533_49013_49018.mp4,created,1,1,Pen_5_PREWEAN_Day_3_12112025,Pen 5 - Group 3,PREWEAN,3,5,12112025,O,other|8|None|side,49013.123,49018.616,49013.123,49018.616,G:\MONITORING CROSS SUCKING IN CALVES - KAPPEL - 2025\Pen 5 - Group 3\PREWEANING\Day 3\ch05_20251012211533.mp4,ch05_20251012211533.mp4,47640.374114,49041.789403,1372.748886,1378.241886
1162,CS_1121_PREWEAN_d3_p5_cowT_12112025_ch05-20251012211533_49013_49027.mp4,Pen 5 - Group 3\PREWEANING\Day 3\CS_1121_PREWEAN_d3_p5_cowT_12112025_ch05-20251012211533_49013_49027.mp4,E:\cross_sucking\Pen 5 - Group 3\PREWEANING\Day 3\CS_1121_PREWEAN_d3_p5_cowT_12112025_ch05-20251012211533_49013_49027.mp4,created,1,1,Pen_5_PREWEAN_Day_3_12112025,Pen 5 - Group 3,PREWEAN,3,5,12112025,T,other|8|None|side,49013.985,49027.416,49013.985,49027.416,G:\MONITORING CROSS SUCKING IN CALVES - KAPPEL - 2025\Pen 5 - Group 3\PREWEANING\Day 3\ch05_20251012211533.mp4,ch05_20251012211533.mp4,47640.374114,49041.789403,1373.610886,1387.041886
1163,CS_1122_PREWEAN_d3_p5_cow8_12112025_ch05-20251012211533_49019_49025.mp4,Pen 5 - Group 3\PREWEANING\Day 3\CS_1122_PREWEAN_d3_p5_cow8_12112025_ch05-20251012211533_49019_49025.mp4,E:\cross_sucking\Pen 5 - Group 3\PREWEANING\Day 3\CS_1122_PREWEAN_d3_p5_cow8_12112025_ch05-20251012211533_49019_49025.mp4,created,1,1,Pen_5_PREWEAN_Day_3_12112025,Pen 5 - Group 3,PREWEAN,3,5,12112025,8,other|T|reciprocal|side,49019.079,49025.499,49019.079,49025.499,G:\MONITORING CROSS SUCKING IN CALVES - KAPPEL - 2025\Pen 5 - Group 3\PREWEANING\Day 3\ch05_20251012211533.mp4,ch05_20251012211533.mp4,47640.374114,49041.789403,1378.704886,1385.124886
1164,CS_1123_PREWEAN_d3_p5_cowNA_12112025_ch05-20251012213905_49043_49048.mp4,Pen 5 - Group 3\PREWEANING\Day 3\CS_1123_PREWEAN_d3_p5_cowNA_12112025_ch05-20251012213905_49043_49048.mp4,E:\cross_sucking\Pen 5 - Group 3\PREWEANING\Day 3\CS_1123_PREWEAN_d3_p5_cowNA_12112025_ch05-20251012213905_49043_49048.mp4,created,1,1,Pen_5_PREWEAN_Day_3_12112025,Pen 5 - Group 3,PREWEAN,3,5,12112025,,other|6|None|side,49043.823,49048.388,49043.823,49048.388,G:\MONITORING CROSS SUCKING IN CALVES - KAPPEL - 2025\Pen 5 - Group 3\PREWEANING\Day 3\ch05_20251012213905.mp4,ch05_20251012213905.mp4,49041.789403,50443.226692,2.033597,6.598597
1165,CS_1124_PREWEAN_d3_p5_cow6_12112025_ch05-20251012213905_49054_49058.mp4,Pen 5 - Group 3\PREWEANING\Day 3\CS_1124_PREWEAN_d3_p5_cow6_12112025_ch05-20251012213905_49054_49058.mp4,E:\cross_sucking\Pen 5 - Group 3\PREWEANING\Day 3\CS_1124_PREWEAN_d3_p5_cow6_12112025_ch05-20251012213905_49054_49058.mp4,created,1,1,Pen_5_PREWEAN_Day_3_12112025,Pen 5 - Group 3,PREWEAN,3,5,12112025,6,other|T|None|side,49054.611,49058.181,49054.611,49058.181,G:\MONITORING CROSS SUCKING IN CALVES - KAPPEL - 2025\Pen 5 - Group 3\PREWEANING\Day 3\ch05_20251012213905.mp4,ch05_20251012213905.mp4,49041.789403,50443.226692,12.821597,16.391597
1166,CS_1125_PREWEAN_d3_p5_cow6_12112025_ch05-20251012213905_49217_49226.mp4,Pen 5 - Group 3\PREWEANING\Day 3\CS_1125_PREWEAN_d3_p5_cow6_12112025_ch05-20251012213905_49217_49226.mp4,E:\cross_sucking\Pen 5 - Group 3\PREWEANING\Day 3\CS_1125_PREWEAN_d3_p5_cow6_12112025_ch05-20251012213905_49217_49226.mp4,created,1,1,Pen_5_PREWEAN_Day_3_12112025,Pen 5 - Group 3,PREWEAN,3,5,12112025,6,other|O|None|side,49217.555,49226.084,49217.555,49226.084,G:\MONITORING CROSS SUCKING IN CALVES - KAPPEL - 2025\Pen 5 - Group 3\PREWEANING\Day 3\ch05_20251012213905.mp4,ch05_20251012213905.mp4,49041.789403,50443.226692,175.765597,184.294597
1167,CS_1126_PREWEAN_d3_p5_cowO_12112025_ch05-20251012213905_49696_49702.mp4,Pen 5 - Group 3\PREWEANING\Day 3\CS_1126_PREWEAN_d3_p5_cowO_12112025_ch05-20251012213905_49696_49702.mp4,E:\cross_sucking\Pen 5 - Group 3\PREWEANING\Day 3\CS_1126_PREWEAN_d3_p5_cowO_12112025_ch05-20251012213905_49696_49702.mp4,created,1,1,Pen_5_PREWEAN_Day_3_12112025,Pen 5 - Group 3,PREWEAN,3,5,12112025,O,other|8|None|side,49696.624,49702.248,49696.624,49702.248,G:\MONITORING CROSS SUCKING IN CALVES - KAPPEL - 2025\Pen 5 - Group 3\PREWEANING\Day 3\ch05_20251012213905.mp4,ch05_20251012213905.mp4,49041.789403,50443.226692,654.834597,660.458597
1168,CS_1127_PREWEAN_d3_p5_cow1_12112025_ch05-20251012220237_51804_51813.mp4,Pen 5 - Group 3\PREWEANING\Day 3\CS_1127_PREWEAN_d3_p5_cow1_12112025_ch05-20251012220237_51804_51813.mp4,E:\cross_sucking\Pen 5 - Group 3\PREWEANING\Day 3\CS_1127_PREWEAN_d3_p5_cow1_12112025_ch05-20251012220237_51804_51813.mp4,created,1,1,Pen_5_PREWEAN_Day_3_12112025,Pen 5 - Group 3,PREWEAN,3,5,12112025,1,other|6|None|side,51804.942,51813.272,51804.942,51813.272,G:\MONITORING CROSS SUCKING IN CALVES - KAPPEL - 2025\Pen 5 - Group 3\PREWEANING\Day 3\ch05_20251012220237.mp4,ch05_20251012220237.mp4,50443.226692,51844.734981,1361.715308,1370.045308
1169,CS_1128_PREWEAN_d3_p5_cow6_12112025_ch05-20251013061648_80776_80791.mp4,Pen 5 - Group 3\PREWEANING\Day 3\CS_1128_PREWEAN_d3_p5_cow6_12112025_ch05-20251013061648_80776_80791.mp4,E:\cross_sucking\Pen 5 - Group 3\PREWEANING\Day 3\CS_1128_PREWEAN_d3_p5_cow6_12112025_ch05-20251013061648_80776_80791.mp4,created,1,1,Pen_5_PREWEAN_Day_3_12112025,Pen 5 - Group 3,PREWEAN,3,5,12112025,6,milk feeder|1|None|behind,80776.918,80791.734,80776.918,80791.734,G:\MONITORING CROSS SUCKING IN CALVES - KAPPEL - 2025\Pen 5 - Group 3\PREWEANING\Day 3\ch05_20251013061648.mp4,ch05_20251013061648.mp4,79873.877049,81275.389338,903.040951,917.856951
1170,CS_1129_PREWEAN_d3_p5_cowO_12112025_ch05-20251013061648_80988_81000.mp4,Pen 5 - Group 3\PREWEANING\Day 3\CS_1129_PREWEAN_d3_p5_cowO_12112025_ch05-20251013061648_80988_81000.mp4,E:\cross_sucking\Pen 5 - Group 3\PREWEANING\Day 3\CS_1129_PREWEAN_d3_p5_cowO_12112025_ch05-20251013061648_80988_81000.mp4,created,1,1,Pen_5_PREWEAN_Day_3_12112025,Pen 5 - Group 3,PREWEAN,3,5,12112025,O,milk feeder|6|None|behind,80988.839,81000.951,80988.839,81000.951,G:\MONITORING CROSS SUCKING IN CALVES - KAPPEL - 2025\Pen 5 - Group 3\PREWEANING\Day 3\ch05_20251013061648.mp4,ch05_20251013061648.mp4,79873.877049,81275.389338,1114.961951,1127.073951
1171,CS_1130_PREWEAN_d3_p5_cow8_12112025_ch05-20251013064020_81626_81632.mp4,Pen 5 - Group 3\PREWEANING\Day 3\CS_1130_PREWEAN_d3_p5_cow8_12112025_ch05-20251013064020_81626_81632.mp4,E:\cross_sucking\Pen 5 - Group 3\PREWEANING\Day 3\CS_1130_PREWEAN_d3_p5_cow8_12112025_ch05-20251013064020_81626_81632.mp4,created,1,1,Pen_5_PREWEAN_Day_3_12112025,Pen 5 - Group 3,PREWEAN,3,5,12112025,8,other|1|None|lying down,81626.835,81632.522,81626.835,81632.522,G:\MONITORING CROSS SUCKING IN CALVES - KAPPEL - 2025\Pen 5 - Group 3\PREWEANING\Day 3\ch05_20251013064020.mp4,ch05_20251013064020.mp4,81275.389338,82676.914627,351.445662,357.132662
1172,CS_1131_WEAN_d1_p5_cowT_23102025_ch05-20251023082308_2199_2267.mp4,Pen 5 - Group 3\WEANING\Day 1\CS_1131_WEAN_d1_p5_cowT_23102025_ch05-20251023082308_2199_2267.mp4,E:\cross_sucking\Pen 5 - Group 3\WEANING\Day 1\CS_1131_WEAN_d1_p5_cowT_23102025_ch05-20251023082308_2199_2267.mp4,created,1,1,Pen_5_WEAN_Day_1_23102025,Pen 5 - Group 3,WEAN,1,5,23102025,T,other|A|None|side,2199.991,2267.746,2199.991,2267.746,G:\MONITORING CROSS SUCKING IN CALVES - KAPPEL - 2025\Pen 5 - Group 3\WEANING\Day 1\ch05_20251023082308.mp4,ch05_20251023082308.mp4,1401.600289,2803.139578,798.390711,866.145711
1173,CS_1132_WEAN_d1_p5_cowO_23102025_ch05-20251023082308_2205_2212.mp4,Pen 5 - Group 3\WEANING\Day 1\CS_1132_WEAN_d1_p5_cowO_23102025_ch05-20251023082308_2205_2212.mp4,E:\cross_sucking\Pen 5 - Group 3\WEANING\Day 1\CS_1132_WEAN_d1_p5_cowO_23102025_ch05-20251023082308_2205_2212.mp4,created,1,1,Pen_5_WEAN_Day_1_23102025,Pen 5 - Group 3,WEAN,1,5,23102025,O,other|T|None|side,2205.949,2212.9,2205.949,2212.9,G:\MONITORING CROSS SUCKING IN CALVES - KAPPEL - 2025\Pen 5 - Group 3\WEANING\Day 1\ch05_20251023082308.mp4,ch05_20251023082308.mp4,1401.600289,2803.139578,804.348711,811.299711
1174,CS_1133_WEAN_d1_p5_cowA_23102025_ch05-20251023082308_2224_2240.mp4,Pen 5 - Group 3\WEANING\Day 1\CS_1133_WEAN_d1_p5_cowA_23102025_ch05-20251023082308_2224_2240.mp4,E:\cross_sucking\Pen 5 - Group 3\WEANING\Day 1\CS_1133_WEAN_d1_p5_cowA_23102025_ch05-20251023082308_2224_2240.mp4,created,1,1,Pen_5_WEAN_Day_1_23102025,Pen 5 - Group 3,WEAN,1,5,23102025,A,other|T|reciprocal|side,2224.278,2240.551,2224.278,2240.551,G:\MONITORING CROSS SUCKING IN CALVES - KAPPEL - 2025\Pen 5 - Group 3\WEANING\Day 1\ch05_20251023082308.mp4,ch05_20251023082308.mp4,1401.600289,2803.139578,822.677711,838.950711
1175,CS_1134_WEAN_d1_p5_cowT_23102025_ch05-20251023082308_2269_2284.mp4,Pen 5 - Group 3\WEANING\Day 1\CS_1134_WEAN_d1_p5_cowT_23102025_ch05-20251023082308_2269_2284.mp4,E:\cross_sucking\Pen 5 - Group 3\WEANING\Day 1\CS_1134_WEAN_d1_p5_cowT_23102025_ch05-20251023082308_2269_2284.mp4,created,1,1,Pen_5_WEAN_Day_1_23102025,Pen 5 - Group 3,WEAN,1,5,23102025,T,other|A|None|side,2269.598,2284.824,2269.598,2284.824,G:\MONITORING CROSS SUCKING IN CALVES - KAPPEL - 2025\Pen 5 - Group 3\WEANING\Day 1\ch05_20251023082308.mp4,ch05_20251023082308.mp4,1401.600289,2803.139578,867.997711,883.223711
1176,CS_1135_WEAN_d1_p5_cowA_23102025_ch05-20251023082308_2291_2295.mp4,Pen 5 - Group 3\WEANING\Day 1\CS_1135_WEAN_d1_p5_cowA_23102025_ch05-20251023082308_2291_2295.mp4,E:\cross_sucking\Pen 5 - Group 3\WEANING\Day 1\CS_1135_WEAN_d1_p5_cowA_23102025_ch05-20251023082308_2291_2295.mp4,created,1,1,Pen_5_WEAN_Day_1_23102025,Pen 5 - Group 3,WEAN,1,5,23102025,A,other|O|None|side,2291.043,2295.141,2291.043,2295.141,G:\MONITORING CROSS SUCKING IN CALVES - KAPPEL - 2025\Pen 5 - Group 3\WEANING\Day 1\ch05_20251023082308.mp4,ch05_20251023082308.mp4,1401.600289,2803.139578,889.442711,893.540711
1177,CS_1136_WEAN_d1_p5_cowO_23102025_ch05-20251023082308_2291_2295.mp4,Pen 5 - Group 3\WEANING\Day 1\CS_1136_WEAN_d1_p5_cowO_23102025_ch05-20251023082308_2291_2295.mp4,E:\cross_sucking\Pen 5 - Group 3\WEANING\Day 1\CS_1136_WEAN_d1_p5_cowO_23102025_ch05-20251023082308_2291_2295.mp4,created,1,1,Pen_5_WEAN_Day_1_23102025,Pen 5 - Group 3,WEAN,1,5,23102025,O,other|A|reciprocal|side,2291.834,2295.14,2291.834,2295.14,G:\MONITORING CROSS SUCKING IN CALVES - KAPPEL - 2025\Pen 5 - Group 3\WEANING\Day 1\ch05_20251023082308.mp4,ch05_20251023082308.mp4,1401.600289,2803.139578,890.233711,893.539711
1178,CS_1137_WEAN_d1_p5_cowT_23102025_ch05-20251023082308_2307_2331.mp4,Pen 5 - Group 3\WEANING\Day 1\CS_1137_WEAN_d1_p5_cowT_23102025_ch05-20251023082308_2307_2331.mp4,E:\cross_sucking\Pen 5 - Group 3\WEANING\Day 1\CS_1137_WEAN_d1_p5_cowT_23102025_ch05-20251023082308_2307_2331.mp4,created,1,1,Pen_5_WEAN_Day_1_23102025,Pen 5 - Group 3,WEAN,1,5,23102025,T,other|O|None|side,2307.649,2331.8,2307.649,2331.8,G:\MONITORING CROSS SUCKING IN CALVES - KAPPEL - 2025\Pen 5 - Group 3\WEANING\Day 1\ch05_20251023082308.mp4,ch05_20251023082308.mp4,1401.600289,2803.139578,906.048711,930.199711
1179,CS_1138_WEAN_d1_p5_cowO_23102025_ch05-20251023082308_2316_2329.mp4,Pen 5 - Group 3\WEANING\Day 1\CS_1138_WEAN_d1_p5_cowO_23102025_ch05-20251023082308_2316_2329.mp4,E:\cross_sucking\Pen 5 - Group 3\WEANING\Day 1\CS_1138_WEAN_d1_p5_cowO_23102025_ch05-20251023082308_2316_2329.mp4,created,1,1,Pen_5_WEAN_Day_1_23102025,Pen 5 - Group 3,WEAN,1,5,23102025,O,other|T|reciprocal|side,2316.115,2329.482,2316.115,2329.482,G:\MONITORING CROSS SUCKING IN CALVES - KAPPEL - 2025\Pen 5 - Group 3\WEANING\Day 1\ch05_20251023082308.mp4,ch05_20251023082308.mp4,1401.600289,2803.139578,914.514711,927.881711
1180,CS_1139_WEAN_d1_p5_cowT_23102025_ch05-20251023082308_2420_2432.mp4,Pen 5 - Group 3\WEANING\Day 1\CS_1139_WEAN_d1_p5_cowT_23102025_ch05-20251023082308_2420_2432.mp4,E:\cross_sucking\Pen 5 - Group 3\WEANING\Day 1\CS_1139_WEAN_d1_p5_cowT_23102025_ch05-20251023082308_2420_2432.mp4,created,1,1,Pen_5_WEAN_Day_1_23102025,Pen 5 - Group 3,WEAN,1,5,23102025,T,hay|O|None|side,2420.204,2432.382,2420.204,2432.382,G:\MONITORING CROSS SUCKING IN CALVES - KAPPEL - 2025\Pen 5 - Group 3\WEANING\Day 1\ch05_20251023082308.mp4,ch05_20251023082308.mp4,1401.600289,2803.139578,1018.603711,1030.781711
1181,CS_1140_WEAN_d1_p5_cowO_23102025_ch05-20251023084640_3008_3020.mp4,Pen 5 - Group 3\WEANING\Day 1\CS_1140_WEAN_d1_p5_cowO_23102025_ch05-20251023084640_3008_3020.mp4,E:\cross_sucking\Pen 5 - Group 3\WEANING\Day 1\CS_1140_WEAN_d1_p5_cowO_23102025_ch05-20251023084640_3008_3020.mp4,created,1,1,Pen_5_WEAN_Day_1_23102025,Pen 5 - Group 3,WEAN,1,5,23102025,O,other|2|None|side,3008.796,3020.777,3008.796,3020.777,G:\MONITORING CROSS SUCKING IN CALVES - KAPPEL - 2025\Pen 5 - Group 3\WEANING\Day 1\ch05_20251023084640.mp4,ch05_20251023084640.mp4,2803.139578,4204.784867,205.656422,217.637422
1182,CS_1141_WEAN_d1_p5_cow2_23102025_ch05-20251023084640_3010_3022.mp4,Pen 5 - Group 3\WEANING\Day 1\CS_1141_WEAN_d1_p5_cow2_23102025_ch05-20251023084640_3010_3022.mp4,E:\cross_sucking\Pen 5 - Group 3\WEANING\Day 1\CS_1141_WEAN_d1_p5_cow2_23102025_ch05-20251023084640_3010_3022.mp4,created,1,1,Pen_5_WEAN_Day_1_23102025,Pen 5 - Group 3,WEAN,1,5,23102025,2,other|O|reciprocal|side,3010.119,3022.695,3010.119,3022.695,G:\MONITORING CROSS SUCKING IN CALVES - KAPPEL - 2025\Pen 5 - Group 3\WEANING\Day 1\ch05_20251023084640.mp4,ch05_20251023084640.mp4,2803.139578,4204.784867,206.979422,219.555422
1183,CS_1142_WEAN_d1_p5_cow2_23102025_ch05-20251023084640_3049_3068.mp4,Pen 5 - Group 3\WEANING\Day 1\CS_1142_WEAN_d1_p5_cow2_23102025_ch05-20251023084640_3049_3068.mp4,E:\cross_sucking\Pen 5 - Group 3\WEANING\Day 1\CS_1142_WEAN_d1_p5_cow2_23102025_ch05-20251023084640_3049_3068.mp4,created,1,1,Pen_5_WEAN_Day_1_23102025,Pen 5 - Group 3,WEAN,1,5,23102025,2,other|A|None|side,3049.965,3068.098,3049.965,3068.098,G:\MONITORING CROSS SUCKING IN CALVES - KAPPEL - 2025\Pen 5 - Group 3\WEANING\Day 1\ch05_20251023084640.mp4,ch05_20251023084640.mp4,2803.139578,4204.784867,246.825422,264.958422
1184,CS_1143_WEAN_d1_p5_cow1_23102025_ch05-20251023084640_3300_3336.mp4,Pen 5 - Group 3\WEANING\Day 1\CS_1143_WEAN_d1_p5_cow1_23102025_ch05-20251023084640_3300_3336.mp4,E:\cross_sucking\Pen 5 - Group 3\WEANING\Day 1\CS_1143_WEAN_d1_p5_cow1_23102025_ch05-20251023084640_3300_3336.mp4,created,1,1,Pen_5_WEAN_Day_1_23102025,Pen 5 - Group 3,WEAN,1,5,23102025,1,other|2|None|side,3300.147,3336.268,3300.147,3336.268,G:\MONITORING CROSS SUCKING IN CALVES - KAPPEL - 2025\Pen 5 - Group 3\WEANING\Day 1\ch05_20251023084640.mp4,ch05_20251023084640.mp4,2803.139578,4204.784867,497.007422,533.128422
1185,CS_1144_WEAN_d1_p5_cow2_23102025_ch05-20251023084640_3318_3328.mp4,Pen 5 - Group 3\WEANING\Day 1\CS_1144_WEAN_d1_p5_cow2_23102025_ch05-20251023084640_3318_3328.mp4,E:\cross_sucking\Pen 5 - Group 3\WEANING\Day 1\CS_1144_WEAN_d1_p5_cow2_23102025_ch05-20251023084640_3318_3328.mp4,created,1,1,Pen_5_WEAN_Day_1_23102025,Pen 5 - Group 3,WEAN,1,5,23102025,2,other|1|reciprocal|side,3318.537,3328.524,3318.537,3328.524,G:\MONITORING CROSS SUCKING IN CALVES - KAPPEL - 2025\Pen 5 - Group 3\WEANING\Day 1\ch05_20251023084640.mp4,ch05_20251023084640.mp4,2803.139578,4204.784867,515.397422,525.384422
1186,CS_1145_WEAN_d1_p5_cow2_23102025_ch05-20251023084640_3329_3351.mp4,Pen 5 - Group 3\WEANING\Day 1\CS_1145_WEAN_d1_p5_cow2_23102025_ch05-20251023084640_3329_3351.mp4,E:\cross_sucking\Pen 5 - Group 3\WEANING\Day 1\CS_1145_WEAN_d1_p5_cow2_23102025_ch05-20251023084640_3329_3351.mp4,created,1,1,Pen_5_WEAN_Day_1_23102025,Pen 5 - Group 3,WEAN,1,5,23102025,2,other|1|reciprocal|side,3329.714,3351.095,3329.714,3351.095,G:\MONITORING CROSS SUCKING IN CALVES - KAPPEL - 2025\Pen 5 - Group 3\WEANING\Day 1\ch05_20251023084640.mp4,ch05_20251023084640.mp4,2803.139578,4204.784867,526.574422,547.955422
1187,CS_1146_WEAN_d1_p5_cow8_23102025_ch05-20251023084640_3855_4152.mp4,Pen 5 - Group 3\WEANING\Day 1\CS_1146_WEAN_d1_p5_cow8_23102025_ch05-20251023084640_3855_4152.mp4,E:\cross_sucking\Pen 5 - Group 3\WEANING\Day 1\CS_1146_WEAN_d1_p5_cow8_23102025_ch05-20251023084640_3855_4152.mp4,created,1,1,Pen_5_WEAN_Day_1_23102025,Pen 5 - Group 3,WEAN,1,5,23102025,8,other|1|None|side,3855.976,4152.303,3855.976,4152.303,G:\MONITORING CROSS SUCKING IN CALVES - KAPPEL - 2025\Pen 5 - Group 3\WEANING\Day 1\ch05_20251023084640.mp4,ch05_20251023084640.mp4,2803.139578,4204.784867,1052.836422,1349.163422
1188,CS_1147_WEAN_d1_p5_cow1_23102025_ch05-20251023084640_3859_3990.mp4,Pen 5 - Group 3\WEANING\Day 1\CS_1147_WEAN_d1_p5_cow1_23102025_ch05-20251023084640_3859_3990.mp4,E:\cross_sucking\Pen 5 - Group 3\WEANING\Day 1\CS_1147_WEAN_d1_p5_cow1_23102025_ch05-20251023084640_3859_3990.mp4,created,1,1,Pen_5_WEAN_Day_1_23102025,Pen 5 - Group 3,WEAN,1,5,23102025,1,other|8|reciprocal|side,3859.819,3990.911,3859.819,3990.911,G:\MONITORING CROSS SUCKING IN CALVES - KAPPEL - 2025\Pen 5 - Group 3\WEANING\Day 1\ch05_20251023084640.mp4,ch05_20251023084640.mp4,2803.139578,4204.784867,1056.679422,1187.771422
1189,CS_1148_WEAN_d1_p5_cow1_23102025_ch05-20251023084640_4005_4116.mp4,Pen 5 - Group 3\WEANING\Day 1\CS_1148_WEAN_d1_p5_cow1_23102025_ch05-20251023084640_4005_4116.mp4,E:\cross_sucking\Pen 5 - Group 3\WEANING\Day 1\CS_1148_WEAN_d1_p5_cow1_23102025_ch05-20251023084640_4005_4116.mp4,created,1,1,Pen_5_WEAN_Day_1_23102025,Pen 5 - Group 3,WEAN,1,5,23102025,1,other|8|reciprocal|side,4005.477,4116.705,4005.477,4116.705,G:\MONITORING CROSS SUCKING IN CALVES - KAPPEL - 2025\Pen 5 - Group 3\WEANING\Day 1\ch05_20251023084640.mp4,ch05_20251023084640.mp4,2803.139578,4204.784867,1202.337422,1313.565422
1190,CS_1149_WEAN_d1_p5_cow1_23102025_ch05-20251023084640_4144_4192.mp4,Pen 5 - Group 3\WEANING\Day 1\CS_1149_WEAN_d1_p5_cow1_23102025_ch05-20251023084640_4144_4192.mp4,E:\cross_sucking\Pen 5 - Group 3\WEANING\Day 1\CS_1149_WEAN_d1_p5_cow1_23102025_ch05-20251023084640_4144_4192.mp4,created,1,1,Pen_5_WEAN_Day_1_23102025,Pen 5 - Group 3,WEAN,1,5,23102025,1,other|8|reciprocal|side,4144.362,4192.469,4144.362,4192.469,G:\MONITORING CROSS SUCKING IN CALVES - KAPPEL - 2025\Pen 5 - Group 3\WEANING\Day 1\ch05_20251023084640.mp4,ch05_20251023084640.mp4,2803.139578,4204.784867,1341.222422,1389.329422
1191,CS_1150_WEAN_d1_p5_cow8_23102025_ch05-20251023084640_4164_4186.mp4,Pen 5 - Group 3\WEANING\Day 1\CS_1150_WEAN_d1_p5_cow8_23102025_ch05-20251023084640_4164_4186.mp4,E:\cross_sucking\Pen 5 - Group 3\WEANING\Day 1\CS_1150_WEAN_d1_p5_cow8_23102025_ch05-20251023084640_4164_4186.mp4,created,1,1,Pen_5_WEAN_Day_1_23102025,Pen 5 - Group 3,WEAN,1,5,23102025,8,other|1|reciprocal|side,4164.284,4186.25,4164.284,4186.25,G:\MONITORING CROSS SUCKING IN CALVES - KAPPEL - 2025\Pen 5 - Group 3\WEANING\Day 1\ch05_20251023084640.mp4,ch05_20251023084640.mp4,2803.139578,4204.784867,1361.144422,1383.110422
1192,CS_1151_WEAN_d1_p5_cowT_23102025_ch05-20251023091012_4982_4997.mp4,Pen 5 - Group 3\WEANING\Day 1\CS_1151_WEAN_d1_p5_cowT_23102025_ch05-20251023091012_4982_4997.mp4,E:\cross_sucking\Pen 5 - Group 3\WEANING\Day 1\CS_1151_WEAN_d1_p5_cowT_23102025_ch05-20251023091012_4982_4997.mp4,created,1,1,Pen_5_WEAN_Day_1_23102025,Pen 5 - Group 3,WEAN,1,5,23102025,T,other|O|None|side,4982.032,4997.644,4982.032,4997.644,G:\MONITORING CROSS SUCKING IN CALVES - KAPPEL - 2025\Pen 5 - Group 3\WEANING\Day 1\ch05_20251023091012.mp4,ch05_20251023091012.mp4,4204.784867,5605.350156,777.247133,792.859133
1193,CS_1152_WEAN_d1_p5_cowT_23102025_ch05-20251023093343_6367_6373.mp4,Pen 5 - Group 3\WEANING\Day 1\CS_1152_WEAN_d1_p5_cowT_23102025_ch05-20251023093343_6367_6373.mp4,E:\cross_sucking\Pen 5 - Group 3\WEANING\Day 1\CS_1152_WEAN_d1_p5_cowT_23102025_ch05-20251023093343_6367_6373.mp4,created,1,1,Pen_5_WEAN_Day_1_23102025,Pen 5 - Group 3,WEAN,1,5,23102025,T,other|A|None|side,6367.965,6373.195,6367.965,6373.195,G:\MONITORING CROSS SUCKING IN CALVES - KAPPEL - 2025\Pen 5 - Group 3\WEANING\Day 1\ch05_20251023093343.mp4,ch05_20251023093343.mp4,5605.350156,7006.901445,762.614844,767.844844
1194,CS_1153_WEAN_d1_p5_cowT_23102025_ch05-20251023104419_10390_10399.mp4,Pen 5 - Group 3\WEANING\Day 1\CS_1153_WEAN_d1_p5_cowT_23102025_ch05-20251023104419_10390_10399.mp4,E:\cross_sucking\Pen 5 - Group 3\WEANING\Day 1\CS_1153_WEAN_d1_p5_cowT_23102025_ch05-20251023104419_10390_10399.mp4,created,1,1,Pen_5_WEAN_Day_1_23102025,Pen 5 - Group 3,WEAN,1,5,23102025,T,milk feeder|O|None|behind,10390.633,10399.888,10390.633,10399.888,G:\MONITORING CROSS SUCKING IN CALVES - KAPPEL - 2025\Pen 5 - Group 3\WEANING\Day 1\ch05_20251023104419.mp4,ch05_20251023104419.mp4,9809.811023,11211.403312,580.821977,590.076977
1195,CS_1154_WEAN_d1_p5_cowT_23102025_ch05-20251023104419_10418_10425.mp4,Pen 5 - Group 3\WEANING\Day 1\CS_1154_WEAN_d1_p5_cowT_23102025_ch05-20251023104419_10418_10425.mp4,E:\cross_sucking\Pen 5 - Group 3\WEANING\Day 1\CS_1154_WEAN_d1_p5_cowT_23102025_ch05-20251023104419_10418_10425.mp4,created,1,1,Pen_5_WEAN_Day_1_23102025,Pen 5 - Group 3,WEAN,1,5,23102025,T,milk feeder|O|None|behind,10418.745,10425.821,10418.745,10425.821,G:\MONITORING CROSS SUCKING IN CALVES - KAPPEL - 2025\Pen 5 - Group 3\WEANING\Day 1\ch05_20251023104419.mp4,ch05_20251023104419.mp4,9809.811023,11211.403312,608.933977,616.009977
1196,CS_1155_WEAN_d1_p5_cowT_23102025_ch05-20251023104419_10759_10803.mp4,Pen 5 - Group 3\WEANING\Day 1\CS_1155_WEAN_d1_p5_cowT_23102025_ch05-20251023104419_10759_10803.mp4,E:\cross_sucking\Pen 5 - Group 3\WEANING\Day 1\CS_1155_WEAN_d1_p5_cowT_23102025_ch05-20251023104419_10759_10803.mp4,created,1,1,Pen_5_WEAN_Day_1_23102025,Pen 5 - Group 3,WEAN,1,5,23102025,T,hay|O|None|side,10759.49,10803.488,10759.49,10803.488,G:\MONITORING CROSS SUCKING IN CALVES - KAPPEL - 2025\Pen 5 - Group 3\WEANING\Day 1\ch05_20251023104419.mp4,ch05_20251023104419.mp4,9809.811023,11211.403312,949.678977,993.676977
1197,CS_1156_WEAN_d1_p5_cowT_23102025_ch05-20251023104419_10805_10810.mp4,Pen 5 - Group 3\WEANING\Day 1\CS_1156_WEAN_d1_p5_cowT_23102025_ch05-20251023104419_10805_10810.mp4,E:\cross_sucking\Pen 5 - Group 3\WEANING\Day 1\CS_1156_WEAN_d1_p5_cowT_23102025_ch05-20251023104419_10805_10810.mp4,created,1,1,Pen_5_WEAN_Day_1_23102025,Pen 5 - Group 3,WEAN,1,5,23102025,T,other|O|None|side,10805.474,10810.963,10805.474,10810.963,G:\MONITORING CROSS SUCKING IN CALVES - KAPPEL - 2025\Pen 5 - Group 3\WEANING\Day 1\ch05_20251023104419.mp4,ch05_20251023104419.mp4,9809.811023,11211.403312,995.662977,1001.151977
1198,CS_1157_WEAN_d1_p5_cow6_23102025_ch05-20251023121827_16631_16649.mp4,Pen 5 - Group 3\WEANING\Day 1\CS_1157_WEAN_d1_p5_cow6_23102025_ch05-20251023121827_16631_16649.mp4,E:\cross_sucking\Pen 5 - Group 3\WEANING\Day 1\CS_1157_WEAN_d1_p5_cow6_23102025_ch05-20251023121827_16631_16649.mp4,created,1,1,Pen_5_WEAN_Day_1_23102025,Pen 5 - Group 3,WEAN,1,5,23102025,6,milk feeder|A|None|behind,16631.598,16649.264,16631.598,16649.264,G:\MONITORING CROSS SUCKING IN CALVES - KAPPEL - 2025\Pen 5 - Group 3\WEANING\Day 1\ch05_20251023121827.mp4,ch05_20251023121827.mp4,15416.150179,16817.720468,1215.447821,1233.113821
1199,CS_1158_WEAN_d1_p5_cow6_23102025_ch05-20251023121827_16668_16715.mp4,Pen 5 - Group 3\WEANING\Day 1\CS_1158_WEAN_d1_p5_cow6_23102025_ch05-20251023121827_16668_16715.mp4,E:\cross_sucking\Pen 5 - Group 3\WEANING\Day 1\CS_1158_WEAN_d1_p5_cow6_23102025_ch05-20251023121827_16668_16715.mp4,created,1,1,Pen_5_WEAN_Day_1_23102025,Pen 5 - Group 3,WEAN,1,5,23102025,6,milk feeder|A|None|behind,16668.795,16715.227,16668.795,16715.227,G:\MONITORING CROSS SUCKING IN CALVES - KAPPEL - 2025\Pen 5 - Group 3\WEANING\Day 1\ch05_20251023121827.mp4,ch05_20251023121827.mp4,15416.150179,16817.720468,1252.644821,1299.076821
1200,CS_1159_WEAN_d1_p5_cow6_23102025_ch05-20251023124159_16837_16964.mp4,Pen 5 - Group 3\WEANING\Day 1\CS_1159_WEAN_d1_p5_cow6_23102025_ch05-20251023124159_16837_16964.mp4,E:\cross_sucking\Pen 5 - Group 3\WEANING\Day 1\CS_1159_WEAN_d1_p5_cow6_23102025_ch05-20251023124159_16837_16964.mp4,created,1,1,Pen_5_WEAN_Day_1_23102025,Pen 5 - Group 3,WEAN,1,5,23102025,6,milk feeder|A|None|behind,16837.49,16964.352,16837.49,16964.352,G:\MONITORING CROSS SUCKING IN CALVES - KAPPEL - 2025\Pen 5 - Group 3\WEANING\Day 1\ch05_20251023124159.mp4,ch05_20251023124159.mp4,16817.720468,18218.281757,19.769532,146.631532
1201,CS_1160_WEAN_d1_p5_cow6_23102025_ch05-20251023124159_16971_17006.mp4,Pen 5 - Group 3\WEANING\Day 1\CS_1160_WEAN_d1_p5_cow6_23102025_ch05-20251023124159_16971_17006.mp4,E:\cross_sucking\Pen 5 - Group 3\WEANING\Day 1\CS_1160_WEAN_d1_p5_cow6_23102025_ch05-20251023124159_16971_17006.mp4,created,1,1,Pen_5_WEAN_Day_1_23102025,Pen 5 - Group 3,WEAN,1,5,23102025,6,milk feeder|A|None|behind,16971.236,17006.176,16971.236,17006.176,G:\MONITORING CROSS SUCKING IN CALVES - KAPPEL - 2025\Pen 5 - Group 3\WEANING\Day 1\ch05_20251023124159.mp4,ch05_20251023124159.mp4,16817.720468,18218.281757,153.515532,188.455532
1202,CS_1161_WEAN_d1_p5_cow6_23102025_ch05-20251023124159_17011_17017.mp4,Pen 5 - Group 3\WEANING\Day 1\CS_1161_WEAN_d1_p5_cow6_23102025_ch05-20251023124159_17011_17017.mp4,E:\cross_sucking\Pen 5 - Group 3\WEANING\Day 1\CS_1161_WEAN_d1_p5_cow6_23102025_ch05-20251023124159_17011_17017.mp4,created,1,1,Pen_5_WEAN_Day_1_23102025,Pen 5 - Group 3,WEAN,1,5,23102025,6,other|O|None|side,17011.203,17017.026,17011.203,17017.026,G:\MONITORING CROSS SUCKING IN CALVES - KAPPEL - 2025\Pen 5 - Group 3\WEANING\Day 1\ch05_20251023124159.mp4,ch05_20251023124159.mp4,16817.720468,18218.281757,193.482532,199.305532
1203,CS_1162_WEAN_d1_p5_cow6_23102025_ch05-20251023124159_17061_17070.mp4,Pen 5 - Group 3\WEANING\Day 1\CS_1162_WEAN_d1_p5_cow6_23102025_ch05-20251023124159_17061_17070.mp4,E:\cross_sucking\Pen 5 - Group 3\WEANING\Day 1\CS_1162_WEAN_d1_p5_cow6_23102025_ch05-20251023124159_17061_17070.mp4,created,1,1,Pen_5_WEAN_Day_1_23102025,Pen 5 - Group 3,WEAN,1,5,23102025,6,milk feeder|O|None|behind,17061.091,17070.485,17061.091,17070.485,G:\MONITORING CROSS SUCKING IN CALVES - KAPPEL - 2025\Pen 5 - Group 3\WEANING\Day 1\ch05_20251023124159.mp4,ch05_20251023124159.mp4,16817.720468,18218.281757,243.370532,252.764532
1204,CS_1163_WEAN_d1_p5_cowA_23102025_ch05-20251023124159_17082_17168.mp4,Pen 5 - Group 3\WEANING\Day 1\CS_1163_WEAN_d1_p5_cowA_23102025_ch05-20251023124159_17082_17168.mp4,E:\cross_sucking\Pen 5 - Group 3\WEANING\Day 1\CS_1163_WEAN_d1_p5_cowA_23102025_ch05-20251023124159_17082_17168.mp4,created,1,1,Pen_5_WEAN_Day_1_23102025,Pen 5 - Group 3,WEAN,1,5,23102025,A,other|6|None|side,17082.331,17168.424,17082.331,17168.424,G:\MONITORING CROSS SUCKING IN CALVES - KAPPEL - 2025\Pen 5 - Group 3\WEANING\Day 1\ch05_20251023124159.mp4,ch05_20251023124159.mp4,16817.720468,18218.281757,264.610532,350.703532
1205,CS_1164_WEAN_d1_p5_cow6_23102025_ch05-20251023124159_17092_17170.mp4,Pen 5 - Group 3\WEANING\Day 1\CS_1164_WEAN_d1_p5_cow6_23102025_ch05-20251023124159_17092_17170.mp4,E:\cross_sucking\Pen 5 - Group 3\WEANING\Day 1\CS_1164_WEAN_d1_p5_cow6_23102025_ch05-20251023124159_17092_17170.mp4,created,1,1,Pen_5_WEAN_Day_1_23102025,Pen 5 - Group 3,WEAN,1,5,23102025,6,other|A|reciprocal|side,17092.052,17170.674,17092.052,17170.674,G:\MONITORING CROSS SUCKING IN CALVES - KAPPEL - 2025\Pen 5 - Group 3\WEANING\Day 1\ch05_20251023124159.mp4,ch05_20251023124159.mp4,16817.720468,18218.281757,274.331532,352.953532
1206,CS_1165_WEAN_d1_p5_cow8_23102025_ch05-20251023124159_17149_17161.mp4,Pen 5 - Group 3\WEANING\Day 1\CS_1165_WEAN_d1_p5_cow8_23102025_ch05-20251023124159_17149_17161.mp4,E:\cross_sucking\Pen 5 - Group 3\WEANING\Day 1\CS_1165_WEAN_d1_p5_cow8_23102025_ch05-20251023124159_17149_17161.mp4,created,1,1,Pen_5_WEAN_Day_1_23102025,Pen 5 - Group 3,WEAN,1,5,23102025,8,milk feeder|O|None|side,17149.623,17161.075,17149.623,17161.075,G:\MONITORING CROSS SUCKING IN CALVES - KAPPEL - 2025\Pen 5 - Group 3\WEANING\Day 1\ch05_20251023124159.mp4,ch05_20251023124159.mp4,16817.720468,18218.281757,331.902532,343.354532
1207,CS_1166_WEAN_d1_p5_cowA_23102025_ch05-20251023124159_17171_17331.mp4,Pen 5 - Group 3\WEANING\Day 1\CS_1166_WEAN_d1_p5_cowA_23102025_ch05-20251023124159_17171_17331.mp4,E:\cross_sucking\Pen 5 - Group 3\WEANING\Day 1\CS_1166_WEAN_d1_p5_cowA_23102025_ch05-20251023124159_17171_17331.mp4,created,1,1,Pen_5_WEAN_Day_1_23102025,Pen 5 - Group 3,WEAN,1,5,23102025,A,other|6|None|side,17171.533,17331.071,17171.533,17331.071,G:\MONITORING CROSS SUCKING IN CALVES - KAPPEL - 2025\Pen 5 - Group 3\WEANING\Day 1\ch05_20251023124159.mp4,ch05_20251023124159.mp4,16817.720468,18218.281757,353.812532,513.350532
1208,CS_1167_WEAN_d1_p5_cow6_23102025_ch05-20251023124159_17185_17199.mp4,Pen 5 - Group 3\WEANING\Day 1\CS_1167_WEAN_d1_p5_cow6_23102025_ch05-20251023124159_17185_17199.mp4,E:\cross_sucking\Pen 5 - Group 3\WEANING\Day 1\CS_1167_WEAN_d1_p5_cow6_23102025_ch05-20251023124159_17185_17199.mp4,created,1,1,Pen_5_WEAN_Day_1_23102025,Pen 5 - Group 3,WEAN,1,5,23102025,6,other|A|reciprocal|side,17185.969,17199.325,17185.969,17199.325,G:\MONITORING CROSS SUCKING IN CALVES - KAPPEL - 2025\Pen 5 - Group 3\WEANING\Day 1\ch05_20251023124159.mp4,ch05_20251023124159.mp4,16817.720468,18218.281757,368.248532,381.604532
1209,CS_1168_WEAN_d1_p5_cow6_23102025_ch05-20251023124159_17210_17331.mp4,Pen 5 - Group 3\WEANING\Day 1\CS_1168_WEAN_d1_p5_cow6_23102025_ch05-20251023124159_17210_17331.mp4,E:\cross_sucking\Pen 5 - Group 3\WEANING\Day 1\CS_1168_WEAN_d1_p5_cow6_23102025_ch05-20251023124159_17210_17331.mp4,created,1,1,Pen_5_WEAN_Day_1_23102025,Pen 5 - Group 3,WEAN,1,5,23102025,6,other|A|reciprocal|side,17210.114,17331.071,17210.114,17331.071,G:\MONITORING CROSS SUCKING IN CALVES - KAPPEL - 2025\Pen 5 - Group 3\WEANING\Day 1\ch05_20251023124159.mp4,ch05_20251023124159.mp4,16817.720468,18218.281757,392.393532,513.350532
1210,CS_1169_WEAN_d1_p5_cowA_23102025_ch05-20251023124159_17397_17405.mp4,Pen 5 - Group 3\WEANING\Day 1\CS_1169_WEAN_d1_p5_cowA_23102025_ch05-20251023124159_17397_17405.mp4,E:\cross_sucking\Pen 5 - Group 3\WEANING\Day 1\CS_1169_WEAN_d1_p5_cowA_23102025_ch05-20251023124159_17397_17405.mp4,created,1,1,Pen_5_WEAN_Day_1_23102025,Pen 5 - Group 3,WEAN,1,5,23102025,A,grain feeder|8|None|behind,17397.912,17405.654,17397.912,17405.654,G:\MONITORING CROSS SUCKING IN CALVES - KAPPEL - 2025\Pen 5 - Group 3\WEANING\Day 1\ch05_20251023124159.mp4,ch05_20251023124159.mp4,16817.720468,18218.281757,580.191532,587.933532
1211,CS_1170_WEAN_d1_p5_cowA_23102025_ch05-20251023124159_17430_17439.mp4,Pen 5 - Group 3\WEANING\Day 1\CS_1170_WEAN_d1_p5_cowA_23102025_ch05-20251023124159_17430_17439.mp4,E:\cross_sucking\Pen 5 - Group 3\WEANING\Day 1\CS_1170_WEAN_d1_p5_cowA_23102025_ch05-20251023124159_17430_17439.mp4,created,1,1,Pen_5_WEAN_Day_1_23102025,Pen 5 - Group 3,WEAN,1,5,23102025,A,grain feeder|8|None|behind,17430.265,17439.077,17430.265,17439.077,G:\MONITORING CROSS SUCKING IN CALVES - KAPPEL - 2025\Pen 5 - Group 3\WEANING\Day 1\ch05_20251023124159.mp4,ch05_20251023124159.mp4,16817.720468,18218.281757,612.544532,621.356532
1212,CS_1171_WEAN_d1_p5_cowA_23102025_ch05-20251023124159_17465_17555.mp4,Pen 5 - Group 3\WEANING\Day 1\CS_1171_WEAN_d1_p5_cowA_23102025_ch05-20251023124159_17465_17555.mp4,E:\cross_sucking\Pen 5 - Group 3\WEANING\Day 1\CS_1171_WEAN_d1_p5_cowA_23102025_ch05-20251023124159_17465_17555.mp4,created,1,1,Pen_5_WEAN_Day_1_23102025,Pen 5 - Group 3,WEAN,1,5,23102025,A,grain feeder|8|None|behind,17465.336,17555.136,17465.336,17555.136,G:\MONITORING CROSS SUCKING IN CALVES - KAPPEL - 2025\Pen 5 - Group 3\WEANING\Day 1\ch05_20251023124159.mp4,ch05_20251023124159.mp4,16817.720468,18218.281757,647.615532,737.415532
1213,CS_1172_WEAN_d1_p5_cowO_23102025_ch05-20251023124159_17771_17788.mp4,Pen 5 - Group 3\WEANING\Day 1\CS_1172_WEAN_d1_p5_cowO_23102025_ch05-20251023124159_17771_17788.mp4,E:\cross_sucking\Pen 5 - Group 3\WEANING\Day 1\CS_1172_WEAN_d1_p5_cowO_23102025_ch05-20251023124159_17771_17788.mp4,created,1,1,Pen_5_WEAN_Day_1_23102025,Pen 5 - Group 3,WEAN,1,5,23102025,O,milk feeder|6|None|behind,17771.169,17788.905,17771.169,17788.905,G:\MONITORING CROSS SUCKING IN CALVES - KAPPEL - 2025\Pen 5 - Group 3\WEANING\Day 1\ch05_20251023124159.mp4,ch05_20251023124159.mp4,16817.720468,18218.281757,953.448532,971.184532
1214,CS_1173_WEAN_d1_p5_cow2_23102025_ch05-20251023130530_19039_19055.mp4,Pen 5 - Group 3\WEANING\Day 1\CS_1173_WEAN_d1_p5_cow2_23102025_ch05-20251023130530_19039_19055.mp4,E:\cross_sucking\Pen 5 - Group 3\WEANING\Day 1\CS_1173_WEAN_d1_p5_cow2_23102025_ch05-20251023130530_19039_19055.mp4,created,1,1,Pen_5_WEAN_Day_1_23102025,Pen 5 - Group 3,WEAN,1,5,23102025,2,milk feeder|A|None|behind,19039.656,19055.666,19039.656,19055.666,G:\MONITORING CROSS SUCKING IN CALVES - KAPPEL - 2025\Pen 5 - Group 3\WEANING\Day 1\ch05_20251023130530.mp4,ch05_20251023130530.mp4,18218.281757,19619.747046,821.374243,837.384243
1215,CS_1174_WEAN_d1_p5_cowA_23102025_ch05-20251023130530_19471_19483.mp4,Pen 5 - Group 3\WEANING\Day 1\CS_1174_WEAN_d1_p5_cowA_23102025_ch05-20251023130530_19471_19483.mp4,E:\cross_sucking\Pen 5 - Group 3\WEANING\Day 1\CS_1174_WEAN_d1_p5_cowA_23102025_ch05-20251023130530_19471_19483.mp4,created,1,1,Pen_5_WEAN_Day_1_23102025,Pen 5 - Group 3,WEAN,1,5,23102025,A,other|2|None|side,19471.054,19483.567,19471.054,19483.567,G:\MONITORING CROSS SUCKING IN CALVES - KAPPEL - 2025\Pen 5 - Group 3\WEANING\Day 1\ch05_20251023130530.mp4,ch05_20251023130530.mp4,18218.281757,19619.747046,1252.772243,1265.285243
1216,CS_1175_WEAN_d1_p5_cowT_23102025_ch05-20251023132902_19891_19966.mp4,Pen 5 - Group 3\WEANING\Day 1\CS_1175_WEAN_d1_p5_cowT_23102025_ch05-20251023132902_19891_19966.mp4,E:\cross_sucking\Pen 5 - Group 3\WEANING\Day 1\CS_1175_WEAN_d1_p5_cowT_23102025_ch05-20251023132902_19891_19966.mp4,created,1,1,Pen_5_WEAN_Day_1_23102025,Pen 5 - Group 3,WEAN,1,5,23102025,T,other|O|None|side,19891.556,19966.582,19891.556,19966.582,G:\MONITORING CROSS SUCKING IN CALVES - KAPPEL - 2025\Pen 5 - Group 3\WEANING\Day 1\ch05_20251023132902.mp4,ch05_20251023132902.mp4,19619.747046,21021.266335,271.808954,346.834954
1217,CS_1176_WEAN_d1_p5_cowO_23102025_ch05-20251023132902_19903_19947.mp4,Pen 5 - Group 3\WEANING\Day 1\CS_1176_WEAN_d1_p5_cowO_23102025_ch05-20251023132902_19903_19947.mp4,E:\cross_sucking\Pen 5 - Group 3\WEANING\Day 1\CS_1176_WEAN_d1_p5_cowO_23102025_ch05-20251023132902_19903_19947.mp4,created,1,1,Pen_5_WEAN_Day_1_23102025,Pen 5 - Group 3,WEAN,1,5,23102025,O,other|O|reciprocal|side,19903.616,19947.401,19903.616,19947.401,G:\MONITORING CROSS SUCKING IN CALVES - KAPPEL - 2025\Pen 5 - Group 3\WEANING\Day 1\ch05_20251023132902.mp4,ch05_20251023132902.mp4,19619.747046,21021.266335,283.868954,327.653954
1218,CS_1177_WEAN_d1_p5_cowO_23102025_ch05-20251023132902_19947_19966.mp4,Pen 5 - Group 3\WEANING\Day 1\CS_1177_WEAN_d1_p5_cowO_23102025_ch05-20251023132902_19947_19966.mp4,E:\cross_sucking\Pen 5 - Group 3\WEANING\Day 1\CS_1177_WEAN_d1_p5_cowO_23102025_ch05-20251023132902_19947_19966.mp4,created,1,1,Pen_5_WEAN_Day_1_23102025,Pen 5 - Group 3,WEAN,1,5,23102025,O,other|T|reciprocal|side,19947.402,19966.582,19947.402,19966.582,G:\MONITORING CROSS SUCKING IN CALVES - KAPPEL - 2025\Pen 5 - Group 3\WEANING\Day 1\ch05_20251023132902.mp4,ch05_20251023132902.mp4,19619.747046,21021.266335,327.654954,346.834954
1219,CS_1178_WEAN_d1_p5_cowT_23102025_ch05-20251023135234_21095_21108.mp4,Pen 5 - Group 3\WEANING\Day 1\CS_1178_WEAN_d1_p5_cowT_23102025_ch05-20251023135234_21095_21108.mp4,E:\cross_sucking\Pen 5 - Group 3\WEANING\Day 1\CS_1178_WEAN_d1_p5_cowT_23102025_ch05-20251023135234_21095_21108.mp4,created,1,1,Pen_5_WEAN_Day_1_23102025,Pen 5 - Group 3,WEAN,1,5,23102025,T,other|O|None|side,21095.032,21108.266,21095.032,21108.266,G:\MONITORING CROSS SUCKING IN CALVES - KAPPEL - 2025\Pen 5 - Group 3\WEANING\Day 1\ch05_20251023135234.mp4,ch05_20251023135234.mp4,21021.266335,22422.851624,73.765665,86.999665
1220,CS_1179_WEAN_d1_p5_cow2_23102025_ch05-20251023135234_21118_21135.mp4,Pen 5 - Group 3\WEANING\Day 1\CS_1179_WEAN_d1_p5_cow2_23102025_ch05-20251023135234_21118_21135.mp4,E:\cross_sucking\Pen 5 - Group 3\WEANING\Day 1\CS_1179_WEAN_d1_p5_cow2_23102025_ch05-20251023135234_21118_21135.mp4,created,1,1,Pen_5_WEAN_Day_1_23102025,Pen 5 - Group 3,WEAN,1,5,23102025,2,milk feeder|/|None|behind,21118.784,21135.79,21118.784,21135.79,G:\MONITORING CROSS SUCKING IN CALVES - KAPPEL - 2025\Pen 5 - Group 3\WEANING\Day 1\ch05_20251023135234.mp4,ch05_20251023135234.mp4,21021.266335,22422.851624,97.517665,114.523665
1221,CS_1180_WEAN_d1_p5_cow2_23102025_ch05-20251023135234_21605_21628.mp4,Pen 5 - Group 3\WEANING\Day 1\CS_1180_WEAN_d1_p5_cow2_23102025_ch05-20251023135234_21605_21628.mp4,E:\cross_sucking\Pen 5 - Group 3\WEANING\Day 1\CS_1180_WEAN_d1_p5_cow2_23102025_ch05-20251023135234_21605_21628.mp4,created,1,1,Pen_5_WEAN_Day_1_23102025,Pen 5 - Group 3,WEAN,1,5,23102025,2,other|A|None|behind,21605.93,21628.245,21605.93,21628.245,G:\MONITORING CROSS SUCKING IN CALVES - KAPPEL - 2025\Pen 5 - Group 3\WEANING\Day 1\ch05_20251023135234.mp4,ch05_20251023135234.mp4,21021.266335,22422.851624,584.663665,606.978665
1222,CS_1181_WEAN_d1_p5_cowslash_23102025_ch05-20251023135234_22087_22091.mp4,Pen 5 - Group 3\WEANING\Day 1\CS_1181_WEAN_d1_p5_cowslash_23102025_ch05-20251023135234_22087_22091.mp4,E:\cross_sucking\Pen 5 - Group 3\WEANING\Day 1\CS_1181_WEAN_d1_p5_cowslash_23102025_ch05-20251023135234_22087_22091.mp4,created,1,1,Pen_5_WEAN_Day_1_23102025,Pen 5 - Group 3,WEAN,1,5,23102025,/,other|1|None|side,22087.464,22091.501,22087.464,22091.501,G:\MONITORING CROSS SUCKING IN CALVES - KAPPEL - 2025\Pen 5 - Group 3\WEANING\Day 1\ch05_20251023135234.mp4,ch05_20251023135234.mp4,21021.266335,22422.851624,1066.197665,1070.234665
1223,CS_1182_WEAN_d1_p5_cow2_23102025_ch05-20251023143937_23854_23912.mp4,Pen 5 - Group 3\WEANING\Day 1\CS_1182_WEAN_d1_p5_cow2_23102025_ch05-20251023143937_23854_23912.mp4,E:\cross_sucking\Pen 5 - Group 3\WEANING\Day 1\CS_1182_WEAN_d1_p5_cow2_23102025_ch05-20251023143937_23854_23912.mp4,created,1,1,Pen_5_WEAN_Day_1_23102025,Pen 5 - Group 3,WEAN,1,5,23102025,2,other|8|None|side,23854.445,23912.865,23854.445,23912.865,G:\MONITORING CROSS SUCKING IN CALVES - KAPPEL - 2025\Pen 5 - Group 3\WEANING\Day 1\ch05_20251023143937.mp4,ch05_20251023143937.mp4,23824.429913,25225.974846,30.015087,88.435087
1224,CS_1183_WEAN_d1_p5_cow8_23102025_ch05-20251023143937_25071_25103.mp4,Pen 5 - Group 3\WEANING\Day 1\CS_1183_WEAN_d1_p5_cow8_23102025_ch05-20251023143937_25071_25103.mp4,E:\cross_sucking\Pen 5 - Group 3\WEANING\Day 1\CS_1183_WEAN_d1_p5_cow8_23102025_ch05-20251023143937_25071_25103.mp4,created,1,1,Pen_5_WEAN_Day_1_23102025,Pen 5 - Group 3,WEAN,1,5,23102025,8,other|/|None|lying down,25071.177,25103.665,25071.177,25103.665,G:\MONITORING CROSS SUCKING IN CALVES - KAPPEL - 2025\Pen 5 - Group 3\WEANING\Day 1\ch05_20251023143937.mp4,ch05_20251023143937.mp4,23824.429913,25225.974846,1246.747087,1279.235087
1225,CS_1184_WEAN_d1_p5_cowT_23102025_ch05-20251023155014_29161_29180.mp4,Pen 5 - Group 3\WEANING\Day 1\CS_1184_WEAN_d1_p5_cowT_23102025_ch05-20251023155014_29161_29180.mp4,E:\cross_sucking\Pen 5 - Group 3\WEANING\Day 1\CS_1184_WEAN_d1_p5_cowT_23102025_ch05-20251023155014_29161_29180.mp4,created,1,1,Pen_5_WEAN_Day_1_23102025,Pen 5 - Group 3,WEAN,1,5,23102025,T,other|8|None|side,29161.128,29180.643,29161.128,29180.643,G:\MONITORING CROSS SUCKING IN CALVES - KAPPEL - 2025\Pen 5 - Group 3\WEANING\Day 1\ch05_20251023155014.mp4,ch05_20251023155014.mp4,28028.914424,29429.437713,1132.213576,1151.728576
1226,CS_1185_WEAN_d1_p5_cow8_23102025_ch05-20251023155014_29164_29180.mp4,Pen 5 - Group 3\WEANING\Day 1\CS_1185_WEAN_d1_p5_cow8_23102025_ch05-20251023155014_29164_29180.mp4,E:\cross_sucking\Pen 5 - Group 3\WEANING\Day 1\CS_1185_WEAN_d1_p5_cow8_23102025_ch05-20251023155014_29164_29180.mp4,created,1,1,Pen_5_WEAN_Day_1_23102025,Pen 5 - Group 3,WEAN,1,5,23102025,8,other|T|reciprocal|side,29164.235,29180.642,29164.235,29180.642,G:\MONITORING CROSS SUCKING IN CALVES - KAPPEL - 2025\Pen 5 - Group 3\WEANING\Day 1\ch05_20251023155014.mp4,ch05_20251023155014.mp4,28028.914424,29429.437713,1135.320576,1151.727576
1227,CS_1186_WEAN_d1_p5_cowT_23102025_ch05-20251023161344_29772_29804.mp4,Pen 5 - Group 3\WEANING\Day 1\CS_1186_WEAN_d1_p5_cowT_23102025_ch05-20251023161344_29772_29804.mp4,E:\cross_sucking\Pen 5 - Group 3\WEANING\Day 1\CS_1186_WEAN_d1_p5_cowT_23102025_ch05-20251023161344_29772_29804.mp4,created,1,1,Pen_5_WEAN_Day_1_23102025,Pen 5 - Group 3,WEAN,1,5,23102025,T,grain feeder|1|None|behind,29772.514,29804.337,29772.514,29804.337,G:\MONITORING CROSS SUCKING IN CALVES - KAPPEL - 2025\Pen 5 - Group 3\WEANING\Day 1\ch05_20251023161344.mp4,ch05_20251023161344.mp4,29429.437713,30830.743002,343.076287,374.899287
1228,CS_1187_WEAN_d1_p5_cowT_23102025_ch05-20251023183457_38400_38440.mp4,Pen 5 - Group 3\WEANING\Day 1\CS_1187_WEAN_d1_p5_cowT_23102025_ch05-20251023183457_38400_38440.mp4,E:\cross_sucking\Pen 5 - Group 3\WEANING\Day 1\CS_1187_WEAN_d1_p5_cowT_23102025_ch05-20251023183457_38400_38440.mp4,created,1,1,Pen_5_WEAN_Day_1_23102025,Pen 5 - Group 3,WEAN,1,5,23102025,T,hay|6|None|side,38400.626,38440.916,38400.626,38440.916,G:\MONITORING CROSS SUCKING IN CALVES - KAPPEL - 2025\Pen 5 - Group 3\WEANING\Day 1\ch05_20251023183457.mp4,ch05_20251023183457.mp4,37837.876447,39239.314736,562.749553,603.039553
1229,CS_1188_WEAN_d1_p5_cowA_23102025_ch05-20251023194533_43329_43405.mp4,Pen 5 - Group 3\WEANING\Day 1\CS_1188_WEAN_d1_p5_cowA_23102025_ch05-20251023194533_43329_43405.mp4,E:\cross_sucking\Pen 5 - Group 3\WEANING\Day 1\CS_1188_WEAN_d1_p5_cowA_23102025_ch05-20251023194533_43329_43405.mp4,created,1,1,Pen_5_WEAN_Day_1_23102025,Pen 5 - Group 3,WEAN,1,5,23102025,A,milk feeder|T|None|behind,43329.651,43405.273,43329.651,43405.273,G:\MONITORING CROSS SUCKING IN CALVES - KAPPEL - 2025\Pen 5 - Group 3\WEANING\Day 1\ch05_20251023194533.mp4,ch05_20251023194533.mp4,42042.195958,43443.674247,1287.455042,1363.077042
1230,CS_1189_WEAN_d1_p5_cowA_23102025_ch05-20251023200905_43446_43478.mp4,Pen 5 - Group 3\WEANING\Day 1\CS_1189_WEAN_d1_p5_cowA_23102025_ch05-20251023200905_43446_43478.mp4,E:\cross_sucking\Pen 5 - Group 3\WEANING\Day 1\CS_1189_WEAN_d1_p5_cowA_23102025_ch05-20251023200905_43446_43478.mp4,created,1,1,Pen_5_WEAN_Day_1_23102025,Pen 5 - Group 3,WEAN,1,5,23102025,A,milk feeder|T|None|behind,43446.37,43478.923,43446.37,43478.923,G:\MONITORING CROSS SUCKING IN CALVES - KAPPEL - 2025\Pen 5 - Group 3\WEANING\Day 1\ch05_20251023200905.mp4,ch05_20251023200905.mp4,43443.674247,44845.093536,2.695753,35.248753
1231,CS_1190_WEAN_d1_p5_cowA_23102025_ch05-20251023200905_43480_43541.mp4,Pen 5 - Group 3\WEANING\Day 1\CS_1190_WEAN_d1_p5_cowA_23102025_ch05-20251023200905_43480_43541.mp4,E:\cross_sucking\Pen 5 - Group 3\WEANING\Day 1\CS_1190_WEAN_d1_p5_cowA_23102025_ch05-20251023200905_43480_43541.mp4,created,1,1,Pen_5_WEAN_Day_1_23102025,Pen 5 - Group 3,WEAN,1,5,23102025,A,grain feeder|O|None|side,43480.905,43541.458,43480.905,43541.458,G:\MONITORING CROSS SUCKING IN CALVES - KAPPEL - 2025\Pen 5 - Group 3\WEANING\Day 1\ch05_20251023200905.mp4,ch05_20251023200905.mp4,43443.674247,44845.093536,37.230753,97.783753
1232,CS_1191_WEAN_d1_p5_cow6_23102025_ch05-20251023200905_43920_43975.mp4,Pen 5 - Group 3\WEANING\Day 1\CS_1191_WEAN_d1_p5_cow6_23102025_ch05-20251023200905_43920_43975.mp4,E:\cross_sucking\Pen 5 - Group 3\WEANING\Day 1\CS_1191_WEAN_d1_p5_cow6_23102025_ch05-20251023200905_43920_43975.mp4,created,1,1,Pen_5_WEAN_Day_1_23102025,Pen 5 - Group 3,WEAN,1,5,23102025,6,milk feeder|/|None|behind,43920.952,43975.683,43920.952,43975.683,G:\MONITORING CROSS SUCKING IN CALVES - KAPPEL - 2025\Pen 5 - Group 3\WEANING\Day 1\ch05_20251023200905.mp4,ch05_20251023200905.mp4,43443.674247,44845.093536,477.277753,532.008753
1233,CS_1192_WEAN_d1_p5_cow6_23102025_ch05-20251023200905_44088_44099.mp4,Pen 5 - Group 3\WEANING\Day 1\CS_1192_WEAN_d1_p5_cow6_23102025_ch05-20251023200905_44088_44099.mp4,E:\cross_sucking\Pen 5 - Group 3\WEANING\Day 1\CS_1192_WEAN_d1_p5_cow6_23102025_ch05-20251023200905_44088_44099.mp4,created,1,1,Pen_5_WEAN_Day_1_23102025,Pen 5 - Group 3,WEAN,1,5,23102025,6,milk feeder|A|None|behind,44088.698,44099.286,44088.698,44099.286,G:\MONITORING CROSS SUCKING IN CALVES - KAPPEL - 2025\Pen 5 - Group 3\WEANING\Day 1\ch05_20251023200905.mp4,ch05_20251023200905.mp4,43443.674247,44845.093536,645.023753,655.611753
1234,CS_1193_WEAN_d1_p5_cowO_23102025_ch05-20251023211941_48158_48165.mp4,Pen 5 - Group 3\WEANING\Day 1\CS_1193_WEAN_d1_p5_cowO_23102025_ch05-20251023211941_48158_48165.mp4,E:\cross_sucking\Pen 5 - Group 3\WEANING\Day 1\CS_1193_WEAN_d1_p5_cowO_23102025_ch05-20251023211941_48158_48165.mp4,created,1,1,Pen_5_WEAN_Day_1_23102025,Pen 5 - Group 3,WEAN,1,5,23102025,O,milk feeder|T|None|behind,48158.278,48165.222,48158.278,48165.222,G:\MONITORING CROSS SUCKING IN CALVES - KAPPEL - 2025\Pen 5 - Group 3\WEANING\Day 1\ch05_20251023211941.mp4,ch05_20251023211941.mp4,47648.034114,49049.400403,510.243886,517.187886
1235,CS_1194_WEAN_d1_p5_cow8_23102025_ch05-20251023225348_53534_53546.mp4,Pen 5 - Group 3\WEANING\Day 1\CS_1194_WEAN_d1_p5_cow8_23102025_ch05-20251023225348_53534_53546.mp4,E:\cross_sucking\Pen 5 - Group 3\WEANING\Day 1\CS_1194_WEAN_d1_p5_cow8_23102025_ch05-20251023225348_53534_53546.mp4,created,1,1,Pen_5_WEAN_Day_1_23102025,Pen 5 - Group 3,WEAN,1,5,23102025,8,other|/|None|behind,53534.644,53546.224,53534.644,53546.224,G:\MONITORING CROSS SUCKING IN CALVES - KAPPEL - 2025\Pen 5 - Group 3\WEANING\Day 1\ch05_20251023225348.mp4,ch05_20251023225348.mp4,53253.61127,54655.004559,281.03273,292.61273
1236,CS_1195_WEAN_d1_p5_cow8_23102025_ch05-20251023225348_53565_53622.mp4,Pen 5 - Group 3\WEANING\Day 1\CS_1195_WEAN_d1_p5_cow8_23102025_ch05-20251023225348_53565_53622.mp4,E:\cross_sucking\Pen 5 - Group 3\WEANING\Day 1\CS_1195_WEAN_d1_p5_cow8_23102025_ch05-20251023225348_53565_53622.mp4,created,1,1,Pen_5_WEAN_Day_1_23102025,Pen 5 - Group 3,WEAN,1,5,23102025,8,other|/|None|behind,53565.215,53622.966,53565.215,53622.966,G:\MONITORING CROSS SUCKING IN CALVES - KAPPEL - 2025\Pen 5 - Group 3\WEANING\Day 1\ch05_20251023225348.mp4,ch05_20251023225348.mp4,53253.61127,54655.004559,311.60373,369.35473
1237,CS_1196_WEAN_d1_p5_cow8_23102025_ch05-20251023225348_53641_53672.mp4,Pen 5 - Group 3\WEANING\Day 1\CS_1196_WEAN_d1_p5_cow8_23102025_ch05-20251023225348_53641_53672.mp4,E:\cross_sucking\Pen 5 - Group 3\WEANING\Day 1\CS_1196_WEAN_d1_p5_cow8_23102025_ch05-20251023225348_53641_53672.mp4,created,1,1,Pen_5_WEAN_Day_1_23102025,Pen 5 - Group 3,WEAN,1,5,23102025,8,other|/|None|behind,53641.763,53672.462,53641.763,53672.462,G:\MONITORING CROSS SUCKING IN CALVES - KAPPEL - 2025\Pen 5 - Group 3\WEANING\Day 1\ch05_20251023225348.mp4,ch05_20251023225348.mp4,53253.61127,54655.004559,388.15173,418.85073
1238,CS_1197_WEAN_d1_p5_cowA_23102025_ch05-20251023225348_54335_54338.mp4,Pen 5 - Group 3\WEANING\Day 1\CS_1197_WEAN_d1_p5_cowA_23102025_ch05-20251023225348_54335_54338.mp4,E:\cross_sucking\Pen 5 - Group 3\WEANING\Day 1\CS_1197_WEAN_d1_p5_cowA_23102025_ch05-20251023225348_54335_54338.mp4,created,1,1,Pen_5_WEAN_Day_1_23102025,Pen 5 - Group 3,WEAN,1,5,23102025,A,grain feeder|2|None|behind,54335.898,54338.612,54335.898,54338.612,G:\MONITORING CROSS SUCKING IN CALVES - KAPPEL - 2025\Pen 5 - Group 3\WEANING\Day 1\ch05_20251023225348.mp4,ch05_20251023225348.mp4,53253.61127,54655.004559,1082.28673,1085.00073
1239,CS_1198_WEAN_d1_p5_cow2_23102025_ch05-20251023231720_55103_55117.mp4,Pen 5 - Group 3\WEANING\Day 1\CS_1198_WEAN_d1_p5_cow2_23102025_ch05-20251023231720_55103_55117.mp4,E:\cross_sucking\Pen 5 - Group 3\WEANING\Day 1\CS_1198_WEAN_d1_p5_cow2_23102025_ch05-20251023231720_55103_55117.mp4,created,1,1,Pen_5_WEAN_Day_1_23102025,Pen 5 - Group 3,WEAN,1,5,23102025,2,other|A|None|behind,55103.514,55117.014,55103.514,55117.014,G:\MONITORING CROSS SUCKING IN CALVES - KAPPEL - 2025\Pen 5 - Group 3\WEANING\Day 1\ch05_20251023231720.mp4,ch05_20251023231720.mp4,54655.004559,56056.359848,448.509441,462.009441
1240,CS_1199_WEAN_d1_p5_cow1_23102025_ch05-20251023231720_55490_55492.mp4,Pen 5 - Group 3\WEANING\Day 1\CS_1199_WEAN_d1_p5_cow1_23102025_ch05-20251023231720_55490_55492.mp4,E:\cross_sucking\Pen 5 - Group 3\WEANING\Day 1\CS_1199_WEAN_d1_p5_cow1_23102025_ch05-20251023231720_55490_55492.mp4,created,1,1,Pen_5_WEAN_Day_1_23102025,Pen 5 - Group 3,WEAN,1,5,23102025,1,other|8|None|side,55490.431,55492.352,55490.431,55492.352,G:\MONITORING CROSS SUCKING IN CALVES - KAPPEL - 2025\Pen 5 - Group 3\WEANING\Day 1\ch05_20251023231720.mp4,ch05_20251023231720.mp4,54655.004559,56056.359848,835.426441,837.347441
1241,CS_1200_WEAN_d1_p5_cow1_23102025_ch05-20251023231720_55493_55495.mp4,Pen 5 - Group 3\WEANING\Day 1\CS_1200_WEAN_d1_p5_cow1_23102025_ch05-20251023231720_55493_55495.mp4,E:\cross_sucking\Pen 5 - Group 3\WEANING\Day 1\CS_1200_WEAN_d1_p5_cow1_23102025_ch05-20251023231720_55493_55495.mp4,created,1,1,Pen_5_WEAN_Day_1_23102025,Pen 5 - Group 3,WEAN,1,5,23102025,1,other|8|None|side,55493.939,55495.924,55493.939,55495.924,G:\MONITORING CROSS SUCKING IN CALVES - KAPPEL - 2025\Pen 5 - Group 3\WEANING\Day 1\ch05_20251023231720.mp4,ch05_20251023231720.mp4,54655.004559,56056.359848,838.934441,840.919441
1242,CS_1201_WEAN_d1_p5_cow1_23102025_ch05-20251023231720_55566_55606.mp4,Pen 5 - Group 3\WEANING\Day 1\CS_1201_WEAN_d1_p5_cow1_23102025_ch05-20251023231720_55566_55606.mp4,E:\cross_sucking\Pen 5 - Group 3\WEANING\Day 1\CS_1201_WEAN_d1_p5_cow1_23102025_ch05-20251023231720_55566_55606.mp4,created,1,1,Pen_5_WEAN_Day_1_23102025,Pen 5 - Group 3,WEAN,1,5,23102025,1,other|2|reciprocal|side,55566.734,55606.288,55566.734,55606.288,G:\MONITORING CROSS SUCKING IN CALVES - KAPPEL - 2025\Pen 5 - Group 3\WEANING\Day 1\ch05_20251023231720.mp4,ch05_20251023231720.mp4,54655.004559,56056.359848,911.729441,951.283441
1243,CS_1202_WEAN_d1_p5_cow2_23102025_ch05-20251023231720_55566_55587.mp4,Pen 5 - Group 3\WEANING\Day 1\CS_1202_WEAN_d1_p5_cow2_23102025_ch05-20251023231720_55566_55587.mp4,E:\cross_sucking\Pen 5 - Group 3\WEANING\Day 1\CS_1202_WEAN_d1_p5_cow2_23102025_ch05-20251023231720_55566_55587.mp4,created,1,1,Pen_5_WEAN_Day_1_23102025,Pen 5 - Group 3,WEAN,1,5,23102025,2,other|1|reciprocal|side,55566.734,55587.172,55566.734,55587.172,G:\MONITORING CROSS SUCKING IN CALVES - KAPPEL - 2025\Pen 5 - Group 3\WEANING\Day 1\ch05_20251023231720.mp4,ch05_20251023231720.mp4,54655.004559,56056.359848,911.729441,932.167441
1244,CS_1203_WEAN_d1_p5_cowO_23102025_ch05-20251024024907_68562_68572.mp4,Pen 5 - Group 3\WEANING\Day 1\CS_1203_WEAN_d1_p5_cowO_23102025_ch05-20251024024907_68562_68572.mp4,E:\cross_sucking\Pen 5 - Group 3\WEANING\Day 1\CS_1203_WEAN_d1_p5_cowO_23102025_ch05-20251024024907_68562_68572.mp4,created,1,1,Pen_5_WEAN_Day_1_23102025,Pen 5 - Group 3,WEAN,1,5,23102025,O,milk feeder|T|None|behind,68562.826,68572.623,68562.826,68572.623,G:\MONITORING CROSS SUCKING IN CALVES - KAPPEL - 2025\Pen 5 - Group 3\WEANING\Day 1\ch05_20251024024907.mp4,ch05_20251024024907.mp4,67266.247448,68667.508381,1296.578552,1306.375552
1245,CS_1204_WEAN_d1_p5_cowO_23102025_ch05-20251024024907_68596_68631.mp4,Pen 5 - Group 3\WEANING\Day 1\CS_1204_WEAN_d1_p5_cowO_23102025_ch05-20251024024907_68596_68631.mp4,E:\cross_sucking\Pen 5 - Group 3\WEANING\Day 1\CS_1204_WEAN_d1_p5_cowO_23102025_ch05-20251024024907_68596_68631.mp4,created,1,1,Pen_5_WEAN_Day_1_23102025,Pen 5 - Group 3,WEAN,1,5,23102025,O,milk feeder|T|None|behind,68596.044,68631.898,68596.044,68631.898,G:\MONITORING CROSS SUCKING IN CALVES - KAPPEL - 2025\Pen 5 - Group 3\WEANING\Day 1\ch05_20251024024907.mp4,ch05_20251024024907.mp4,67266.247448,68667.508381,1329.796552,1365.650552
1246,CS_1205_WEAN_d1_p5_cowO_23102025_ch05-20251024031239_68694_68699.mp4,Pen 5 - Group 3\WEANING\Day 1\CS_1205_WEAN_d1_p5_cowO_23102025_ch05-20251024031239_68694_68699.mp4,E:\cross_sucking\Pen 5 - Group 3\WEANING\Day 1\CS_1205_WEAN_d1_p5_cowO_23102025_ch05-20251024031239_68694_68699.mp4,created,1,1,Pen_5_WEAN_Day_1_23102025,Pen 5 - Group 3,WEAN,1,5,23102025,O,other|T|None|behind,68694.82,68699.851,68694.82,68699.851,G:\MONITORING CROSS SUCKING IN CALVES - KAPPEL - 2025\Pen 5 - Group 3\WEANING\Day 1\ch05_20251024031239.mp4,ch05_20251024031239.mp4,68667.508381,70068.78067,27.311619,32.342619
1247,CS_1206_WEAN_d1_p5_cow2_23102025_ch05-20251024064427_81374_81390.mp4,Pen 5 - Group 3\WEANING\Day 1\CS_1206_WEAN_d1_p5_cow2_23102025_ch05-20251024064427_81374_81390.mp4,E:\cross_sucking\Pen 5 - Group 3\WEANING\Day 1\CS_1206_WEAN_d1_p5_cow2_23102025_ch05-20251024064427_81374_81390.mp4,created,1,1,Pen_5_WEAN_Day_1_23102025,Pen 5 - Group 3,WEAN,1,5,23102025,2,milk feeder|/|None|behind,81374.245,81390.732,81374.245,81390.732,G:\MONITORING CROSS SUCKING IN CALVES - KAPPEL - 2025\Pen 5 - Group 3\WEANING\Day 1\ch05_20251024064427.mp4,ch05_20251024064427.mp4,81279.601982,82680.992271,94.643018,111.130018
1248,CS_1207_WEAN_d1_p5_cowA_23102025_ch05-20251024073131_84588_84593.mp4,Pen 5 - Group 3\WEANING\Day 1\CS_1207_WEAN_d1_p5_cowA_23102025_ch05-20251024073131_84588_84593.mp4,E:\cross_sucking\Pen 5 - Group 3\WEANING\Day 1\CS_1207_WEAN_d1_p5_cowA_23102025_ch05-20251024073131_84588_84593.mp4,created,1,1,Pen_5_WEAN_Day_1_23102025,Pen 5 - Group 3,WEAN,1,5,23102025,A,milk feeder|T|None|behind,84588.797,84593.829,84588.797,84593.829,G:\MONITORING CROSS SUCKING IN CALVES - KAPPEL - 2025\Pen 5 - Group 3\WEANING\Day 1\ch05_20251024073131.mp4,ch05_20251024073131.mp4,84082.34956,85482.719849,506.44744,511.47944
1249,CS_1208_WEAN_d1_p5_cowA_23102025_ch05-20251024073131_84990_85186.mp4,Pen 5 - Group 3\WEANING\Day 1\CS_1208_WEAN_d1_p5_cowA_23102025_ch05-20251024073131_84990_85186.mp4,E:\cross_sucking\Pen 5 - Group 3\WEANING\Day 1\CS_1208_WEAN_d1_p5_cowA_23102025_ch05-20251024073131_84990_85186.mp4,created,1,1,Pen_5_WEAN_Day_1_23102025,Pen 5 - Group 3,WEAN,1,5,23102025,A,grain feeder|6|None|behind,84990.639,85186.666,84990.639,85186.666,G:\MONITORING CROSS SUCKING IN CALVES - KAPPEL - 2025\Pen 5 - Group 3\WEANING\Day 1\ch05_20251024073131.mp4,ch05_20251024073131.mp4,84082.34956,85482.719849,908.28944,1104.31644
1250,CS_1209_WEAN_d1_p5_cowA_23102025_ch05-20251024073131_85190_85194.mp4,Pen 5 - Group 3\WEANING\Day 1\CS_1209_WEAN_d1_p5_cowA_23102025_ch05-20251024073131_85190_85194.mp4,E:\cross_sucking\Pen 5 - Group 3\WEANING\Day 1\CS_1209_WEAN_d1_p5_cowA_23102025_ch05-20251024073131_85190_85194.mp4,created,1,1,Pen_5_WEAN_Day_1_23102025,Pen 5 - Group 3,WEAN,1,5,23102025,A,grain feeder|6|None|behind,85190.84,85194.674,85190.84,85194.674,G:\MONITORING CROSS SUCKING IN CALVES - KAPPEL - 2025\Pen 5 - Group 3\WEANING\Day 1\ch05_20251024073131.mp4,ch05_20251024073131.mp4,84082.34956,85482.719849,1108.49044,1112.32444
1251,CS_1210_WEAN_d2_p5_cow6_24102025_ch05-20251024075502_1283_1291.mp4,Pen 5 - Group 3\WEANING\Day 2\CS_1210_WEAN_d2_p5_cow6_24102025_ch05-20251024075502_1283_1291.mp4,E:\cross_sucking\Pen 5 - Group 3\WEANING\Day 2\CS_1210_WEAN_d2_p5_cow6_24102025_ch05-20251024075502_1283_1291.mp4,created,1,1,Pen_5_WEAN_Day_2_24102025,Pen 5 - Group 3,WEAN,2,5,24102025,6,other|A|None|behind,1283.747,1291.558,1283.747,1291.558,G:\MONITORING CROSS SUCKING IN CALVES - KAPPEL - 2025\Pen 5 - Group 3\WEANING\Day 2\ch05_20251024075502.mp4,ch05_20251024075502.mp4,0.0,1401.376289,1283.747,1291.558
1252,CS_1211_WEAN_d2_p5_cow8_24102025_ch05-20251024084205_3243_3257.mp4,Pen 5 - Group 3\WEANING\Day 2\CS_1211_WEAN_d2_p5_cow8_24102025_ch05-20251024084205_3243_3257.mp4,E:\cross_sucking\Pen 5 - Group 3\WEANING\Day 2\CS_1211_WEAN_d2_p5_cow8_24102025_ch05-20251024084205_3243_3257.mp4,created,1,1,Pen_5_WEAN_Day_2_24102025,Pen 5 - Group 3,WEAN,2,5,24102025,8,other|2|None|side,3243.303,3257.797,3243.303,3257.797,G:\MONITORING CROSS SUCKING IN CALVES - KAPPEL - 2025\Pen 5 - Group 3\WEANING\Day 2\ch05_20251024084205.mp4,ch05_20251024084205.mp4,2802.816578,4204.163867,440.486422,454.980422
1253,CS_1212_WEAN_d2_p5_cowT_24102025_ch05-20251024110317_12176_12179.mp4,Pen 5 - Group 3\WEANING\Day 2\CS_1212_WEAN_d2_p5_cowT_24102025_ch05-20251024110317_12176_12179.mp4,E:\cross_sucking\Pen 5 - Group 3\WEANING\Day 2\CS_1212_WEAN_d2_p5_cowT_24102025_ch05-20251024110317_12176_12179.mp4,created,1,1,Pen_5_WEAN_Day_2_24102025,Pen 5 - Group 3,WEAN,2,5,24102025,T,milk feeder|None|None|behind,12176.632,12179.739,12176.632,12179.739,G:\MONITORING CROSS SUCKING IN CALVES - KAPPEL - 2025\Pen 5 - Group 3\WEANING\Day 2\ch05_20251024110317.mp4,ch05_20251024110317.mp4,11209.923312,12611.264601,966.708688,969.815688
1254,CS_1213_WEAN_d2_p5_cowT_24102025_ch05-20251024112649_12812_12822.mp4,Pen 5 - Group 3\WEANING\Day 2\CS_1213_WEAN_d2_p5_cowT_24102025_ch05-20251024112649_12812_12822.mp4,E:\cross_sucking\Pen 5 - Group 3\WEANING\Day 2\CS_1213_WEAN_d2_p5_cowT_24102025_ch05-20251024112649_12812_12822.mp4,created,1,1,Pen_5_WEAN_Day_2_24102025,Pen 5 - Group 3,WEAN,2,5,24102025,T,grain feeder|None|None|side,12812.792,12822.449,12812.792,12822.449,G:\MONITORING CROSS SUCKING IN CALVES - KAPPEL - 2025\Pen 5 - Group 3\WEANING\Day 2\ch05_20251024112649.mp4,ch05_20251024112649.mp4,12611.264601,14011.53989,201.527399,211.184399
1255,CS_1214_WEAN_d2_p5_cowT_24102025_ch05-20251024112649_12836_12841.mp4,Pen 5 - Group 3\WEANING\Day 2\CS_1214_WEAN_d2_p5_cowT_24102025_ch05-20251024112649_12836_12841.mp4,E:\cross_sucking\Pen 5 - Group 3\WEANING\Day 2\CS_1214_WEAN_d2_p5_cowT_24102025_ch05-20251024112649_12836_12841.mp4,created,1,1,Pen_5_WEAN_Day_2_24102025,Pen 5 - Group 3,WEAN,2,5,24102025,T,grain feeder|None|None|side,12836.604,12841.563,12836.604,12841.563,G:\MONITORING CROSS SUCKING IN CALVES - KAPPEL - 2025\Pen 5 - Group 3\WEANING\Day 2\ch05_20251024112649.mp4,ch05_20251024112649.mp4,12611.264601,14011.53989,225.339399,230.298399
1256,CS_1215_WEAN_d2_p5_cowT_24102025_ch05-20251024115020_15238_15246.mp4,Pen 5 - Group 3\WEANING\Day 2\CS_1215_WEAN_d2_p5_cowT_24102025_ch05-20251024115020_15238_15246.mp4,E:\cross_sucking\Pen 5 - Group 3\WEANING\Day 2\CS_1215_WEAN_d2_p5_cowT_24102025_ch05-20251024115020_15238_15246.mp4,created,1,1,Pen_5_WEAN_Day_2_24102025,Pen 5 - Group 3,WEAN,2,5,24102025,T,milk feeder|1|None|behind,15238.168,15246.618,15238.168,15246.618,G:\MONITORING CROSS SUCKING IN CALVES - KAPPEL - 2025\Pen 5 - Group 3\WEANING\Day 2\ch05_20251024115020.mp4,ch05_20251024115020.mp4,14011.53989,15412.947823,1226.62811,1235.07811
1257,CS_1216_WEAN_d2_p5_cow8_24102025_ch05-20251024134758_21223_21248.mp4,Pen 5 - Group 3\WEANING\Day 2\CS_1216_WEAN_d2_p5_cow8_24102025_ch05-20251024134758_21223_21248.mp4,E:\cross_sucking\Pen 5 - Group 3\WEANING\Day 2\CS_1216_WEAN_d2_p5_cow8_24102025_ch05-20251024134758_21223_21248.mp4,created,1,1,Pen_5_WEAN_Day_2_24102025,Pen 5 - Group 3,WEAN,2,5,24102025,8,other|A|None|side,21223.208,21248.009,21223.208,21248.009,G:\MONITORING CROSS SUCKING IN CALVES - KAPPEL - 2025\Pen 5 - Group 3\WEANING\Day 2\ch05_20251024134758.mp4,ch05_20251024134758.mp4,21017.284623,22418.584912,205.923377,230.724377
1258,CS_1217_WEAN_d2_p5_cowT_24102025_ch05-20251024143502_24685_24713.mp4,Pen 5 - Group 3\WEANING\Day 2\CS_1217_WEAN_d2_p5_cowT_24102025_ch05-20251024143502_24685_24713.mp4,E:\cross_sucking\Pen 5 - Group 3\WEANING\Day 2\CS_1217_WEAN_d2_p5_cowT_24102025_ch05-20251024143502_24685_24713.mp4,created,1,1,Pen_5_WEAN_Day_2_24102025,Pen 5 - Group 3,WEAN,2,5,24102025,T,milk feeder|O|None|behind,24685.685,24713.94,24685.685,24713.94,G:\MONITORING CROSS SUCKING IN CALVES - KAPPEL - 2025\Pen 5 - Group 3\WEANING\Day 2\ch05_20251024143502.mp4,ch05_20251024143502.mp4,23819.903201,25221.36949,865.781799,894.036799
1259,CS_1218_WEAN_d2_p5_cowA_24102025_ch05-20251024143502_24715_24816.mp4,Pen 5 - Group 3\WEANING\Day 2\CS_1218_WEAN_d2_p5_cowA_24102025_ch05-20251024143502_24715_24816.mp4,E:\cross_sucking\Pen 5 - Group 3\WEANING\Day 2\CS_1218_WEAN_d2_p5_cowA_24102025_ch05-20251024143502_24715_24816.mp4,created,1,1,Pen_5_WEAN_Day_2_24102025,Pen 5 - Group 3,WEAN,2,5,24102025,A,milk feeder|O|None|behind,24715.263,24816.74,24715.263,24816.74,G:\MONITORING CROSS SUCKING IN CALVES - KAPPEL - 2025\Pen 5 - Group 3\WEANING\Day 2\ch05_20251024143502.mp4,ch05_20251024143502.mp4,23819.903201,25221.36949,895.359799,996.836799
1260,CS_1219_WEAN_d2_p5_cowT_24102025_ch05-20251024143502_24822_24832.mp4,Pen 5 - Group 3\WEANING\Day 2\CS_1219_WEAN_d2_p5_cowT_24102025_ch05-20251024143502_24822_24832.mp4,E:\cross_sucking\Pen 5 - Group 3\WEANING\Day 2\CS_1219_WEAN_d2_p5_cowT_24102025_ch05-20251024143502_24822_24832.mp4,created,1,1,Pen_5_WEAN_Day_2_24102025,Pen 5 - Group 3,WEAN,2,5,24102025,T,grain feeder|O|None|behind,24822.958,24832.885,24822.958,24832.885,G:\MONITORING CROSS SUCKING IN CALVES - KAPPEL - 2025\Pen 5 - Group 3\WEANING\Day 2\ch05_20251024143502.mp4,ch05_20251024143502.mp4,23819.903201,25221.36949,1003.054799,1012.981799
1261,CS_1220_WEAN_d2_p5_cowT_24102025_ch05-20251024143502_24837_24857.mp4,Pen 5 - Group 3\WEANING\Day 2\CS_1220_WEAN_d2_p5_cowT_24102025_ch05-20251024143502_24837_24857.mp4,E:\cross_sucking\Pen 5 - Group 3\WEANING\Day 2\CS_1220_WEAN_d2_p5_cowT_24102025_ch05-20251024143502_24837_24857.mp4,created,1,1,Pen_5_WEAN_Day_2_24102025,Pen 5 - Group 3,WEAN,2,5,24102025,T,grain feeder|O|None|side,24837.316,24857.17,24837.316,24857.17,G:\MONITORING CROSS SUCKING IN CALVES - KAPPEL - 2025\Pen 5 - Group 3\WEANING\Day 2\ch05_20251024143502.mp4,ch05_20251024143502.mp4,23819.903201,25221.36949,1017.412799,1037.266799
1262,CS_1221_WEAN_d2_p5_cowO_24102025_ch05-20251024143502_24839_24861.mp4,Pen 5 - Group 3\WEANING\Day 2\CS_1221_WEAN_d2_p5_cowO_24102025_ch05-20251024143502_24839_24861.mp4,E:\cross_sucking\Pen 5 - Group 3\WEANING\Day 2\CS_1221_WEAN_d2_p5_cowO_24102025_ch05-20251024143502_24839_24861.mp4,created,1,1,Pen_5_WEAN_Day_2_24102025,Pen 5 - Group 3,WEAN,2,5,24102025,O,grain feeder|T|reciprocal|side,24839.897,24861.602,24839.897,24861.602,G:\MONITORING CROSS SUCKING IN CALVES - KAPPEL - 2025\Pen 5 - Group 3\WEANING\Day 2\ch05_20251024143502.mp4,ch05_20251024143502.mp4,23819.903201,25221.36949,1019.993799,1041.698799
1263,CS_1222_WEAN_d2_p5_cowO_24102025_ch05-20251024143502_24868_24871.mp4,Pen 5 - Group 3\WEANING\Day 2\CS_1222_WEAN_d2_p5_cowO_24102025_ch05-20251024143502_24868_24871.mp4,E:\cross_sucking\Pen 5 - Group 3\WEANING\Day 2\CS_1222_WEAN_d2_p5_cowO_24102025_ch05-20251024143502_24868_24871.mp4,created,1,1,Pen_5_WEAN_Day_2_24102025,Pen 5 - Group 3,WEAN,2,5,24102025,O,other|T|None|side,24868.613,24871.126,24868.613,24871.126,G:\MONITORING CROSS SUCKING IN CALVES - KAPPEL - 2025\Pen 5 - Group 3\WEANING\Day 2\ch05_20251024143502.mp4,ch05_20251024143502.mp4,23819.903201,25221.36949,1048.709799,1051.222799
1264,CS_1223_WEAN_d2_p5_cowO_24102025_ch05-20251024143502_24873_24886.mp4,Pen 5 - Group 3\WEANING\Day 2\CS_1223_WEAN_d2_p5_cowO_24102025_ch05-20251024143502_24873_24886.mp4,E:\cross_sucking\Pen 5 - Group 3\WEANING\Day 2\CS_1223_WEAN_d2_p5_cowO_24102025_ch05-20251024143502_24873_24886.mp4,created,1,1,Pen_5_WEAN_Day_2_24102025,Pen 5 - Group 3,WEAN,2,5,24102025,O,other|T|reciprocal|side,24873.507,24886.078,24873.507,24886.078,G:\MONITORING CROSS SUCKING IN CALVES - KAPPEL - 2025\Pen 5 - Group 3\WEANING\Day 2\ch05_20251024143502.mp4,ch05_20251024143502.mp4,23819.903201,25221.36949,1053.603799,1066.174799
1265,CS_1224_WEAN_d2_p5_cowT_24102025_ch05-20251024143502_24873_24880.mp4,Pen 5 - Group 3\WEANING\Day 2\CS_1224_WEAN_d2_p5_cowT_24102025_ch05-20251024143502_24873_24880.mp4,E:\cross_sucking\Pen 5 - Group 3\WEANING\Day 2\CS_1224_WEAN_d2_p5_cowT_24102025_ch05-20251024143502_24873_24880.mp4,created,1,1,Pen_5_WEAN_Day_2_24102025,Pen 5 - Group 3,WEAN,2,5,24102025,T,other|O|reciprocal|side,24873.507,24880.39,24873.507,24880.39,G:\MONITORING CROSS SUCKING IN CALVES - KAPPEL - 2025\Pen 5 - Group 3\WEANING\Day 2\ch05_20251024143502.mp4,ch05_20251024143502.mp4,23819.903201,25221.36949,1053.603799,1060.486799
1266,CS_1225_WEAN_d2_p5_cowO_24102025_ch05-20251024143502_24889_25032.mp4,Pen 5 - Group 3\WEANING\Day 2\CS_1225_WEAN_d2_p5_cowO_24102025_ch05-20251024143502_24889_25032.mp4,E:\cross_sucking\Pen 5 - Group 3\WEANING\Day 2\CS_1225_WEAN_d2_p5_cowO_24102025_ch05-20251024143502_24889_25032.mp4,created,1,1,Pen_5_WEAN_Day_2_24102025,Pen 5 - Group 3,WEAN,2,5,24102025,O,other|T|reciprocal|side,24889.65,25032.65,24889.65,25032.65,G:\MONITORING CROSS SUCKING IN CALVES - KAPPEL - 2025\Pen 5 - Group 3\WEANING\Day 2\ch05_20251024143502.mp4,ch05_20251024143502.mp4,23819.903201,25221.36949,1069.746799,1212.746799
1267,CS_1226_WEAN_d2_p5_cowT_24102025_ch05-20251024143502_24889_24917.mp4,Pen 5 - Group 3\WEANING\Day 2\CS_1226_WEAN_d2_p5_cowT_24102025_ch05-20251024143502_24889_24917.mp4,E:\cross_sucking\Pen 5 - Group 3\WEANING\Day 2\CS_1226_WEAN_d2_p5_cowT_24102025_ch05-20251024143502_24889_24917.mp4,created,1,1,Pen_5_WEAN_Day_2_24102025,Pen 5 - Group 3,WEAN,2,5,24102025,T,other|T|reciprocal|side,24889.65,24917.774,24889.65,24917.774,G:\MONITORING CROSS SUCKING IN CALVES - KAPPEL - 2025\Pen 5 - Group 3\WEANING\Day 2\ch05_20251024143502.mp4,ch05_20251024143502.mp4,23819.903201,25221.36949,1069.746799,1097.870799
1268,CS_1227_WEAN_d2_p5_cowT_24102025_ch05-20251024143502_24922_25076.mp4,Pen 5 - Group 3\WEANING\Day 2\CS_1227_WEAN_d2_p5_cowT_24102025_ch05-20251024143502_24922_25076.mp4,E:\cross_sucking\Pen 5 - Group 3\WEANING\Day 2\CS_1227_WEAN_d2_p5_cowT_24102025_ch05-20251024143502_24922_25076.mp4,created,1,1,Pen_5_WEAN_Day_2_24102025,Pen 5 - Group 3,WEAN,2,5,24102025,T,other|O|reciprocal|side,24922.933,25076.913,24922.933,25076.913,G:\MONITORING CROSS SUCKING IN CALVES - KAPPEL - 2025\Pen 5 - Group 3\WEANING\Day 2\ch05_20251024143502.mp4,ch05_20251024143502.mp4,23819.903201,25221.36949,1103.029799,1257.009799
1269,CS_1228_WEAN_d2_p5_cow8_24102025_ch05-20251024143502_24969_24987.mp4,Pen 5 - Group 3\WEANING\Day 2\CS_1228_WEAN_d2_p5_cow8_24102025_ch05-20251024143502_24969_24987.mp4,E:\cross_sucking\Pen 5 - Group 3\WEANING\Day 2\CS_1228_WEAN_d2_p5_cow8_24102025_ch05-20251024143502_24969_24987.mp4,created,1,1,Pen_5_WEAN_Day_2_24102025,Pen 5 - Group 3,WEAN,2,5,24102025,8,milk feeder|A|None|behind,24969.976,24987.242,24969.976,24987.242,G:\MONITORING CROSS SUCKING IN CALVES - KAPPEL - 2025\Pen 5 - Group 3\WEANING\Day 2\ch05_20251024143502.mp4,ch05_20251024143502.mp4,23819.903201,25221.36949,1150.072799,1167.338799
1270,CS_1229_WEAN_d2_p5_cowO_24102025_ch05-20251024143502_25064_25076.mp4,Pen 5 - Group 3\WEANING\Day 2\CS_1229_WEAN_d2_p5_cowO_24102025_ch05-20251024143502_25064_25076.mp4,E:\cross_sucking\Pen 5 - Group 3\WEANING\Day 2\CS_1229_WEAN_d2_p5_cowO_24102025_ch05-20251024143502_25064_25076.mp4,created,1,1,Pen_5_WEAN_Day_2_24102025,Pen 5 - Group 3,WEAN,2,5,24102025,O,other|T|reciprocal|side,25064.483,25076.78,25064.483,25076.78,G:\MONITORING CROSS SUCKING IN CALVES - KAPPEL - 2025\Pen 5 - Group 3\WEANING\Day 2\ch05_20251024143502.mp4,ch05_20251024143502.mp4,23819.903201,25221.36949,1244.579799,1256.876799
1271,CS_1230_WEAN_d2_p5_cowT_24102025_ch05-20251024143502_25080_25088.mp4,Pen 5 - Group 3\WEANING\Day 2\CS_1230_WEAN_d2_p5_cowT_24102025_ch05-20251024143502_25080_25088.mp4,E:\cross_sucking\Pen 5 - Group 3\WEANING\Day 2\CS_1230_WEAN_d2_p5_cowT_24102025_ch05-20251024143502_25080_25088.mp4,created,1,1,Pen_5_WEAN_Day_2_24102025,Pen 5 - Group 3,WEAN,2,5,24102025,T,other|O|None|side,25080.36,25088.493,25080.36,25088.493,G:\MONITORING CROSS SUCKING IN CALVES - KAPPEL - 2025\Pen 5 - Group 3\WEANING\Day 2\ch05_20251024143502.mp4,ch05_20251024143502.mp4,23819.903201,25221.36949,1260.456799,1268.589799
1272,CS_1231_WEAN_d2_p5_cow1_24102025_ch05-20251024145834_25947_25999.mp4,Pen 5 - Group 3\WEANING\Day 2\CS_1231_WEAN_d2_p5_cow1_24102025_ch05-20251024145834_25947_25999.mp4,E:\cross_sucking\Pen 5 - Group 3\WEANING\Day 2\CS_1231_WEAN_d2_p5_cow1_24102025_ch05-20251024145834_25947_25999.mp4,created,1,1,Pen_5_WEAN_Day_2_24102025,Pen 5 - Group 3,WEAN,2,5,24102025,1,other|8|reciprocal|side,25947.747,25999.838,25947.747,25999.838,G:\MONITORING CROSS SUCKING IN CALVES - KAPPEL - 2025\Pen 5 - Group 3\WEANING\Day 2\ch05_20251024145834.mp4,ch05_20251024145834.mp4,25221.36949,26622.869779,726.37751,778.46851
1273,CS_1232_WEAN_d2_p5_cow1_24102025_ch05-20251024145834_26005_26009.mp4,Pen 5 - Group 3\WEANING\Day 2\CS_1232_WEAN_d2_p5_cow1_24102025_ch05-20251024145834_26005_26009.mp4,E:\cross_sucking\Pen 5 - Group 3\WEANING\Day 2\CS_1232_WEAN_d2_p5_cow1_24102025_ch05-20251024145834_26005_26009.mp4,created,1,1,Pen_5_WEAN_Day_2_24102025,Pen 5 - Group 3,WEAN,2,5,24102025,1,other|8|None|side,26005.325,26009.095,26005.325,26009.095,G:\MONITORING CROSS SUCKING IN CALVES - KAPPEL - 2025\Pen 5 - Group 3\WEANING\Day 2\ch05_20251024145834.mp4,ch05_20251024145834.mp4,25221.36949,26622.869779,783.95551,787.72551
1274,CS_1233_WEAN_d2_p5_cowT_24102025_ch05-20251024145834_26535_26551.mp4,Pen 5 - Group 3\WEANING\Day 2\CS_1233_WEAN_d2_p5_cowT_24102025_ch05-20251024145834_26535_26551.mp4,E:\cross_sucking\Pen 5 - Group 3\WEANING\Day 2\CS_1233_WEAN_d2_p5_cowT_24102025_ch05-20251024145834_26535_26551.mp4,created,1,1,Pen_5_WEAN_Day_2_24102025,Pen 5 - Group 3,WEAN,2,5,24102025,T,other|O|None|side,26535.25,26551.784,26535.25,26551.784,G:\MONITORING CROSS SUCKING IN CALVES - KAPPEL - 2025\Pen 5 - Group 3\WEANING\Day 2\ch05_20251024145834.mp4,ch05_20251024145834.mp4,25221.36949,26622.869779,1313.88051,1330.41451
1275,CS_1234_WEAN_d2_p5_cowT_24102025_ch05-20251024145834_26576_26600.mp4,Pen 5 - Group 3\WEANING\Day 2\CS_1234_WEAN_d2_p5_cowT_24102025_ch05-20251024145834_26576_26600.mp4,E:\cross_sucking\Pen 5 - Group 3\WEANING\Day 2\CS_1234_WEAN_d2_p5_cowT_24102025_ch05-20251024145834_26576_26600.mp4,created,1,1,Pen_5_WEAN_Day_2_24102025,Pen 5 - Group 3,WEAN,2,5,24102025,T,other|O|None|side,26576.401,26600.152,26576.401,26600.152,G:\MONITORING CROSS SUCKING IN CALVES - KAPPEL - 2025\Pen 5 - Group 3\WEANING\Day 2\ch05_20251024145834.mp4,ch05_20251024145834.mp4,25221.36949,26622.869779,1355.03151,1378.78251
1276,CS_1235_WEAN_d2_p5_cow1_24102025_ch05-20251024152206_26753_26759.mp4,Pen 5 - Group 3\WEANING\Day 2\CS_1235_WEAN_d2_p5_cow1_24102025_ch05-20251024152206_26753_26759.mp4,E:\cross_sucking\Pen 5 - Group 3\WEANING\Day 2\CS_1235_WEAN_d2_p5_cow1_24102025_ch05-20251024152206_26753_26759.mp4,created,1,1,Pen_5_WEAN_Day_2_24102025,Pen 5 - Group 3,WEAN,2,5,24102025,1,other|/|None|side,26753.614,26759.098,26753.614,26759.098,G:\MONITORING CROSS SUCKING IN CALVES - KAPPEL - 2025\Pen 5 - Group 3\WEANING\Day 2\ch05_20251024152206.mp4,ch05_20251024152206.mp4,26622.869779,28024.280068,130.744221,136.228221
1277,CS_1236_WEAN_d2_p5_cow1_24102025_ch05-20251024152206_26759_26782.mp4,Pen 5 - Group 3\WEANING\Day 2\CS_1236_WEAN_d2_p5_cow1_24102025_ch05-20251024152206_26759_26782.mp4,E:\cross_sucking\Pen 5 - Group 3\WEANING\Day 2\CS_1236_WEAN_d2_p5_cow1_24102025_ch05-20251024152206_26759_26782.mp4,created,1,1,Pen_5_WEAN_Day_2_24102025,Pen 5 - Group 3,WEAN,2,5,24102025,1,other|1|reciprocal|side,26759.099,26782.057,26759.099,26782.057,G:\MONITORING CROSS SUCKING IN CALVES - KAPPEL - 2025\Pen 5 - Group 3\WEANING\Day 2\ch05_20251024152206.mp4,ch05_20251024152206.mp4,26622.869779,28024.280068,136.229221,159.187221
1278,CS_1237_WEAN_d2_p5_cow1_24102025_ch05-20251024152206_27130_27143.mp4,Pen 5 - Group 3\WEANING\Day 2\CS_1237_WEAN_d2_p5_cow1_24102025_ch05-20251024152206_27130_27143.mp4,E:\cross_sucking\Pen 5 - Group 3\WEANING\Day 2\CS_1237_WEAN_d2_p5_cow1_24102025_ch05-20251024152206_27130_27143.mp4,created,1,1,Pen_5_WEAN_Day_2_24102025,Pen 5 - Group 3,WEAN,2,5,24102025,1,other|8|None|side,27130.414,27143.453,27130.414,27143.453,G:\MONITORING CROSS SUCKING IN CALVES - KAPPEL - 2025\Pen 5 - Group 3\WEANING\Day 2\ch05_20251024152206.mp4,ch05_20251024152206.mp4,26622.869779,28024.280068,507.544221,520.583221
1279,CS_1238_WEAN_d2_p5_cow1_24102025_ch05-20251024152206_27167_27183.mp4,Pen 5 - Group 3\WEANING\Day 2\CS_1238_WEAN_d2_p5_cow1_24102025_ch05-20251024152206_27167_27183.mp4,E:\cross_sucking\Pen 5 - Group 3\WEANING\Day 2\CS_1238_WEAN_d2_p5_cow1_24102025_ch05-20251024152206_27167_27183.mp4,created,1,1,Pen_5_WEAN_Day_2_24102025,Pen 5 - Group 3,WEAN,2,5,24102025,1,other|8|None|side,27167.801,27183.211,27167.801,27183.211,G:\MONITORING CROSS SUCKING IN CALVES - KAPPEL - 2025\Pen 5 - Group 3\WEANING\Day 2\ch05_20251024152206.mp4,ch05_20251024152206.mp4,26622.869779,28024.280068,544.931221,560.341221
1280,CS_1239_WEAN_d2_p5_cow2_24102025_ch05-20251024180650_37092_37119.mp4,Pen 5 - Group 3\WEANING\Day 2\CS_1239_WEAN_d2_p5_cow2_24102025_ch05-20251024180650_37092_37119.mp4,E:\cross_sucking\Pen 5 - Group 3\WEANING\Day 2\CS_1239_WEAN_d2_p5_cow2_24102025_ch05-20251024180650_37092_37119.mp4,created,1,1,Pen_5_WEAN_Day_2_24102025,Pen 5 - Group 3,WEAN,2,5,24102025,2,milk feeder|T|None|behind,37092.101,37119.428,37092.101,37119.428,G:\MONITORING CROSS SUCKING IN CALVES - KAPPEL - 2025\Pen 5 - Group 3\WEANING\Day 2\ch05_20251024180650.mp4,ch05_20251024180650.mp4,36431.670802,37832.989091,660.430198,687.757198
1281,CS_1240_WEAN_d2_p5_cow2_24102025_ch05-20251024183022_38761_39021.mp4,Pen 5 - Group 3\WEANING\Day 2\CS_1240_WEAN_d2_p5_cow2_24102025_ch05-20251024183022_38761_39021.mp4,E:\cross_sucking\Pen 5 - Group 3\WEANING\Day 2\CS_1240_WEAN_d2_p5_cow2_24102025_ch05-20251024183022_38761_39021.mp4,created,1,1,Pen_5_WEAN_Day_2_24102025,Pen 5 - Group 3,WEAN,2,5,24102025,2,grain feeder|A|None|behind,38761.806,39021.199,38761.806,39021.199,G:\MONITORING CROSS SUCKING IN CALVES - KAPPEL - 2025\Pen 5 - Group 3\WEANING\Day 2\ch05_20251024183022.mp4,ch05_20251024183022.mp4,37832.989091,39234.31738,928.816909,1188.209909
1282,CS_1241_WEAN_d2_p5_cow2_24102025_ch05-20251024183022_39066_39122.mp4,Pen 5 - Group 3\WEANING\Day 2\CS_1241_WEAN_d2_p5_cow2_24102025_ch05-20251024183022_39066_39122.mp4,E:\cross_sucking\Pen 5 - Group 3\WEANING\Day 2\CS_1241_WEAN_d2_p5_cow2_24102025_ch05-20251024183022_39066_39122.mp4,created,1,1,Pen_5_WEAN_Day_2_24102025,Pen 5 - Group 3,WEAN,2,5,24102025,2,grain feeder|A|None|behind,39066.713,39122.357,39066.713,39122.357,G:\MONITORING CROSS SUCKING IN CALVES - KAPPEL - 2025\Pen 5 - Group 3\WEANING\Day 2\ch05_20251024183022.mp4,ch05_20251024183022.mp4,37832.989091,39234.31738,1233.723909,1289.367909
1283,CS_1242_WEAN_d2_p5_cow2_24102025_ch05-20251024183022_39146_39158.mp4,Pen 5 - Group 3\WEANING\Day 2\CS_1242_WEAN_d2_p5_cow2_24102025_ch05-20251024183022_39146_39158.mp4,E:\cross_sucking\Pen 5 - Group 3\WEANING\Day 2\CS_1242_WEAN_d2_p5_cow2_24102025_ch05-20251024183022_39146_39158.mp4,created,1,1,Pen_5_WEAN_Day_2_24102025,Pen 5 - Group 3,WEAN,2,5,24102025,2,grain feeder|A|None|behind,39146.234,39158.006,39146.234,39158.006,G:\MONITORING CROSS SUCKING IN CALVES - KAPPEL - 2025\Pen 5 - Group 3\WEANING\Day 2\ch05_20251024183022.mp4,ch05_20251024183022.mp4,37832.989091,39234.31738,1313.244909,1325.016909
1284,CS_1243_WEAN_d2_p5_cow2_24102025_ch05-20251024183022_39161_39196.mp4,Pen 5 - Group 3\WEANING\Day 2\CS_1243_WEAN_d2_p5_cow2_24102025_ch05-20251024183022_39161_39196.mp4,E:\cross_sucking\Pen 5 - Group 3\WEANING\Day 2\CS_1243_WEAN_d2_p5_cow2_24102025_ch05-20251024183022_39161_39196.mp4,created,1,1,Pen_5_WEAN_Day_2_24102025,Pen 5 - Group 3,WEAN,2,5,24102025,2,grain feeder|A|None|behind,39161.579,39196.641,39161.579,39196.641,G:\MONITORING CROSS SUCKING IN CALVES - KAPPEL - 2025\Pen 5 - Group 3\WEANING\Day 2\ch05_20251024183022.mp4,ch05_20251024183022.mp4,37832.989091,39234.31738,1328.589909,1363.651909
1285,CS_1244_WEAN_d2_p5_cowA_24102025_ch05-20251024191725_41569_41620.mp4,Pen 5 - Group 3\WEANING\Day 2\CS_1244_WEAN_d2_p5_cowA_24102025_ch05-20251024191725_41569_41620.mp4,E:\cross_sucking\Pen 5 - Group 3\WEANING\Day 2\CS_1244_WEAN_d2_p5_cowA_24102025_ch05-20251024191725_41569_41620.mp4,created,1,1,Pen_5_WEAN_Day_2_24102025,Pen 5 - Group 3,WEAN,2,5,24102025,A,other|8|reciprocal|side,41569.857,41620.732,41569.857,41620.732,G:\MONITORING CROSS SUCKING IN CALVES - KAPPEL - 2025\Pen 5 - Group 3\WEANING\Day 2\ch05_20251024191725.mp4,ch05_20251024191725.mp4,40635.756669,42037.190958,934.100331,984.975331
1286,CS_1245_WEAN_d2_p5_cow8_24102025_ch05-20251024191725_41570_41595.mp4,Pen 5 - Group 3\WEANING\Day 2\CS_1245_WEAN_d2_p5_cow8_24102025_ch05-20251024191725_41570_41595.mp4,E:\cross_sucking\Pen 5 - Group 3\WEANING\Day 2\CS_1245_WEAN_d2_p5_cow8_24102025_ch05-20251024191725_41570_41595.mp4,created,1,1,Pen_5_WEAN_Day_2_24102025,Pen 5 - Group 3,WEAN,2,5,24102025,8,other|A|reciprocal|side,41570.783,41595.196,41570.783,41595.196,G:\MONITORING CROSS SUCKING IN CALVES - KAPPEL - 2025\Pen 5 - Group 3\WEANING\Day 2\ch05_20251024191725.mp4,ch05_20251024191725.mp4,40635.756669,42037.190958,935.026331,959.439331
1287,CS_1246_WEAN_d2_p5_cowA_24102025_ch05-20251024191725_41624_41625.mp4,Pen 5 - Group 3\WEANING\Day 2\CS_1246_WEAN_d2_p5_cowA_24102025_ch05-20251024191725_41624_41625.mp4,E:\cross_sucking\Pen 5 - Group 3\WEANING\Day 2\CS_1246_WEAN_d2_p5_cowA_24102025_ch05-20251024191725_41624_41625.mp4,created,1,1,Pen_5_WEAN_Day_2_24102025,Pen 5 - Group 3,WEAN,2,5,24102025,A,other|8|None|side,41624.105,41625.03,41624.105,41625.03,G:\MONITORING CROSS SUCKING IN CALVES - KAPPEL - 2025\Pen 5 - Group 3\WEANING\Day 2\ch05_20251024191725.mp4,ch05_20251024191725.mp4,40635.756669,42037.190958,988.348331,989.273331
1288,CS_1247_WEAN_d2_p5_cowA_24102025_ch05-20251024191725_41625_41741.mp4,Pen 5 - Group 3\WEANING\Day 2\CS_1247_WEAN_d2_p5_cowA_24102025_ch05-20251024191725_41625_41741.mp4,E:\cross_sucking\Pen 5 - Group 3\WEANING\Day 2\CS_1247_WEAN_d2_p5_cowA_24102025_ch05-20251024191725_41625_41741.mp4,created,1,1,Pen_5_WEAN_Day_2_24102025,Pen 5 - Group 3,WEAN,2,5,24102025,A,other|8|reciprocal|side,41625.031,41741.882,41625.031,41741.882,G:\MONITORING CROSS SUCKING IN CALVES - KAPPEL - 2025\Pen 5 - Group 3\WEANING\Day 2\ch05_20251024191725.mp4,ch05_20251024191725.mp4,40635.756669,42037.190958,989.274331,1106.125331
1289,CS_1248_WEAN_d2_p5_cow8_24102025_ch05-20251024191725_41629_41646.mp4,Pen 5 - Group 3\WEANING\Day 2\CS_1248_WEAN_d2_p5_cow8_24102025_ch05-20251024191725_41629_41646.mp4,E:\cross_sucking\Pen 5 - Group 3\WEANING\Day 2\CS_1248_WEAN_d2_p5_cow8_24102025_ch05-20251024191725_41629_41646.mp4,created,1,1,Pen_5_WEAN_Day_2_24102025,Pen 5 - Group 3,WEAN,2,5,24102025,8,other|A|reciprocal|side,41629.463,41646.333,41629.463,41646.333,G:\MONITORING CROSS SUCKING IN CALVES - KAPPEL - 2025\Pen 5 - Group 3\WEANING\Day 2\ch05_20251024191725.mp4,ch05_20251024191725.mp4,40635.756669,42037.190958,993.706331,1010.576331
1290,CS_1249_WEAN_d2_p5_cow8_24102025_ch05-20251024191725_41657_41800.mp4,Pen 5 - Group 3\WEANING\Day 2\CS_1249_WEAN_d2_p5_cow8_24102025_ch05-20251024191725_41657_41800.mp4,E:\cross_sucking\Pen 5 - Group 3\WEANING\Day 2\CS_1249_WEAN_d2_p5_cow8_24102025_ch05-20251024191725_41657_41800.mp4,created,1,1,Pen_5_WEAN_Day_2_24102025,Pen 5 - Group 3,WEAN,2,5,24102025,8,other|A|reciprocal|side,41657.786,41800.704,41657.786,41800.704,G:\MONITORING CROSS SUCKING IN CALVES - KAPPEL - 2025\Pen 5 - Group 3\WEANING\Day 2\ch05_20251024191725.mp4,ch05_20251024191725.mp4,40635.756669,42037.190958,1022.029331,1164.947331
1291,CS_1250_WEAN_d2_p5_cowA_24102025_ch05-20251024191725_41748_41755.mp4,Pen 5 - Group 3\WEANING\Day 2\CS_1250_WEAN_d2_p5_cowA_24102025_ch05-20251024191725_41748_41755.mp4,E:\cross_sucking\Pen 5 - Group 3\WEANING\Day 2\CS_1250_WEAN_d2_p5_cowA_24102025_ch05-20251024191725_41748_41755.mp4,created,1,1,Pen_5_WEAN_Day_2_24102025,Pen 5 - Group 3,WEAN,2,5,24102025,A,other|8|reciprocal|side,41748.107,41755.32,41748.107,41755.32,G:\MONITORING CROSS SUCKING IN CALVES - KAPPEL - 2025\Pen 5 - Group 3\WEANING\Day 2\ch05_20251024191725.mp4,ch05_20251024191725.mp4,40635.756669,42037.190958,1112.350331,1119.563331
1292,CS_1251_WEAN_d2_p5_cowA_24102025_ch05-20251024191725_41771_42003.mp4,Pen 5 - Group 3\WEANING\Day 2\CS_1251_WEAN_d2_p5_cowA_24102025_ch05-20251024191725_41771_42003.mp4,E:\cross_sucking\Pen 5 - Group 3\WEANING\Day 2\CS_1251_WEAN_d2_p5_cowA_24102025_ch05-20251024191725_41771_42003.mp4,created,1,1,Pen_5_WEAN_Day_2_24102025,Pen 5 - Group 3,WEAN,2,5,24102025,A,other|8|reciprocal|side,41771.327,42003.092,41771.327,42003.092,G:\MONITORING CROSS SUCKING IN CALVES - KAPPEL - 2025\Pen 5 - Group 3\WEANING\Day 2\ch05_20251024191725.mp4,ch05_20251024191725.mp4,40635.756669,42037.190958,1135.570331,1367.335331
1293,CS_1252_WEAN_d2_p5_cowT_24102025_ch05-20251024194058_42082_42091.mp4,Pen 5 - Group 3\WEANING\Day 2\CS_1252_WEAN_d2_p5_cowT_24102025_ch05-20251024194058_42082_42091.mp4,E:\cross_sucking\Pen 5 - Group 3\WEANING\Day 2\CS_1252_WEAN_d2_p5_cowT_24102025_ch05-20251024194058_42082_42091.mp4,created,1,1,Pen_5_WEAN_Day_2_24102025,Pen 5 - Group 3,WEAN,2,5,24102025,T,other|8|None|side,42082.29,42091.484,42082.29,42091.484,G:\MONITORING CROSS SUCKING IN CALVES - KAPPEL - 2025\Pen 5 - Group 3\WEANING\Day 2\ch05_20251024194058.mp4,ch05_20251024194058.mp4,42037.190958,43438.577247,45.099042,54.293042
1294,CS_1253_WEAN_d2_p5_cowT_24102025_ch05-20251024194058_42148_42158.mp4,Pen 5 - Group 3\WEANING\Day 2\CS_1253_WEAN_d2_p5_cowT_24102025_ch05-20251024194058_42148_42158.mp4,E:\cross_sucking\Pen 5 - Group 3\WEANING\Day 2\CS_1253_WEAN_d2_p5_cowT_24102025_ch05-20251024194058_42148_42158.mp4,created,1,1,Pen_5_WEAN_Day_2_24102025,Pen 5 - Group 3,WEAN,2,5,24102025,T,other|A|None|side,42148.719,42158.052,42148.719,42158.052,G:\MONITORING CROSS SUCKING IN CALVES - KAPPEL - 2025\Pen 5 - Group 3\WEANING\Day 2\ch05_20251024194058.mp4,ch05_20251024194058.mp4,42037.190958,43438.577247,111.528042,120.861042
1295,CS_1254_WEAN_d2_p5_cowA_24102025_ch05-20251024194058_42156_42185.mp4,Pen 5 - Group 3\WEANING\Day 2\CS_1254_WEAN_d2_p5_cowA_24102025_ch05-20251024194058_42156_42185.mp4,E:\cross_sucking\Pen 5 - Group 3\WEANING\Day 2\CS_1254_WEAN_d2_p5_cowA_24102025_ch05-20251024194058_42156_42185.mp4,created,1,1,Pen_5_WEAN_Day_2_24102025,Pen 5 - Group 3,WEAN,2,5,24102025,A,other|T|reciprocal|side,42156.794,42185.241,42156.794,42185.241,G:\MONITORING CROSS SUCKING IN CALVES - KAPPEL - 2025\Pen 5 - Group 3\WEANING\Day 2\ch05_20251024194058.mp4,ch05_20251024194058.mp4,42037.190958,43438.577247,119.603042,148.050042
1296,CS_1255_WEAN_d2_p5_cowT_24102025_ch05-20251024194058_42180_42184.mp4,Pen 5 - Group 3\WEANING\Day 2\CS_1255_WEAN_d2_p5_cowT_24102025_ch05-20251024194058_42180_42184.mp4,E:\cross_sucking\Pen 5 - Group 3\WEANING\Day 2\CS_1255_WEAN_d2_p5_cowT_24102025_ch05-20251024194058_42180_42184.mp4,created,1,1,Pen_5_WEAN_Day_2_24102025,Pen 5 - Group 3,WEAN,2,5,24102025,T,other|A|reciprocal|side,42180.875,42184.91,42180.875,42184.91,G:\MONITORING CROSS SUCKING IN CALVES - KAPPEL - 2025\Pen 5 - Group 3\WEANING\Day 2\ch05_20251024194058.mp4,ch05_20251024194058.mp4,42037.190958,43438.577247,143.684042,147.719042
1297,CS_1256_WEAN_d2_p5_cowslash_24102025_ch05-20251024194058_43050_43073.mp4,Pen 5 - Group 3\WEANING\Day 2\CS_1256_WEAN_d2_p5_cowslash_24102025_ch05-20251024194058_43050_43073.mp4,E:\cross_sucking\Pen 5 - Group 3\WEANING\Day 2\CS_1256_WEAN_d2_p5_cowslash_24102025_ch05-20251024194058_43050_43073.mp4,created,1,1,Pen_5_WEAN_Day_2_24102025,Pen 5 - Group 3,WEAN,2,5,24102025,/,grain feeder|2|None|behind,43050.986,43073.618,43050.986,43073.618,G:\MONITORING CROSS SUCKING IN CALVES - KAPPEL - 2025\Pen 5 - Group 3\WEANING\Day 2\ch05_20251024194058.mp4,ch05_20251024194058.mp4,42037.190958,43438.577247,1013.795042,1036.427042
1298,CS_1257_WEAN_d2_p5_cowNA_24102025_ch05-20251024200430_43642_43690.mp4,Pen 5 - Group 3\WEANING\Day 2\CS_1257_WEAN_d2_p5_cowNA_24102025_ch05-20251024200430_43642_43690.mp4,E:\cross_sucking\Pen 5 - Group 3\WEANING\Day 2\CS_1257_WEAN_d2_p5_cowNA_24102025_ch05-20251024200430_43642_43690.mp4,created,1,1,Pen_5_WEAN_Day_2_24102025,Pen 5 - Group 3,WEAN,2,5,24102025,,other|A|None|side,43642.434,43690.929,43642.434,43690.929,G:\MONITORING CROSS SUCKING IN CALVES - KAPPEL - 2025\Pen 5 - Group 3\WEANING\Day 2\ch05_20251024200430.mp4,ch05_20251024200430.mp4,43438.577247,44839.970536,203.856753,252.351753
1299,CS_1258_WEAN_d2_p5_cowT_24102025_ch05-20251024222541_51873_51883.mp4,Pen 5 - Group 3\WEANING\Day 2\CS_1258_WEAN_d2_p5_cowT_24102025_ch05-20251024222541_51873_51883.mp4,E:\cross_sucking\Pen 5 - Group 3\WEANING\Day 2\CS_1258_WEAN_d2_p5_cowT_24102025_ch05-20251024222541_51873_51883.mp4,created,1,1,Pen_5_WEAN_Day_2_24102025,Pen 5 - Group 3,WEAN,2,5,24102025,T,milk feeder|A|None|behind,51873.052,51883.505,51873.052,51883.505,G:\MONITORING CROSS SUCKING IN CALVES - KAPPEL - 2025\Pen 5 - Group 3\WEANING\Day 2\ch05_20251024222541.mp4,ch05_20251024222541.mp4,51847.339625,53248.733914,25.712375,36.165375
1300,CS_1259_WEAN_d2_p5_cowT_24102025_ch05-20251024222541_51934_51941.mp4,Pen 5 - Group 3\WEANING\Day 2\CS_1259_WEAN_d2_p5_cowT_24102025_ch05-20251024222541_51934_51941.mp4,E:\cross_sucking\Pen 5 - Group 3\WEANING\Day 2\CS_1259_WEAN_d2_p5_cowT_24102025_ch05-20251024222541_51934_51941.mp4,created,1,1,Pen_5_WEAN_Day_2_24102025,Pen 5 - Group 3,WEAN,2,5,24102025,T,milk feeder|A|None|behind,51934.708,51941.061,51934.708,51941.061,G:\MONITORING CROSS SUCKING IN CALVES - KAPPEL - 2025\Pen 5 - Group 3\WEANING\Day 2\ch05_20251024222541.mp4,ch05_20251024222541.mp4,51847.339625,53248.733914,87.368375,93.721375
1301,CS_1260_WEAN_d2_p5_cowT_24102025_ch05-20251024222541_52239_52266.mp4,Pen 5 - Group 3\WEANING\Day 2\CS_1260_WEAN_d2_p5_cowT_24102025_ch05-20251024222541_52239_52266.mp4,E:\cross_sucking\Pen 5 - Group 3\WEANING\Day 2\CS_1260_WEAN_d2_p5_cowT_24102025_ch05-20251024222541_52239_52266.mp4,created,1,1,Pen_5_WEAN_Day_2_24102025,Pen 5 - Group 3,WEAN,2,5,24102025,T,grain feeder|A|None|behind,52239.994,52266.254,52239.994,52266.254,G:\MONITORING CROSS SUCKING IN CALVES - KAPPEL - 2025\Pen 5 - Group 3\WEANING\Day 2\ch05_20251024222541.mp4,ch05_20251024222541.mp4,51847.339625,53248.733914,392.654375,418.914375
1302,CS_1261_WEAN_d2_p5_cow6_24102025_ch05-20251024222541_52516_52603.mp4,Pen 5 - Group 3\WEANING\Day 2\CS_1261_WEAN_d2_p5_cow6_24102025_ch05-20251024222541_52516_52603.mp4,E:\cross_sucking\Pen 5 - Group 3\WEANING\Day 2\CS_1261_WEAN_d2_p5_cow6_24102025_ch05-20251024222541_52516_52603.mp4,created,1,1,Pen_5_WEAN_Day_2_24102025,Pen 5 - Group 3,WEAN,2,5,24102025,6,milk feeder|8|None|behind,52516.36,52603.623,52516.36,52603.623,G:\MONITORING CROSS SUCKING IN CALVES - KAPPEL - 2025\Pen 5 - Group 3\WEANING\Day 2\ch05_20251024222541.mp4,ch05_20251024222541.mp4,51847.339625,53248.733914,669.020375,756.283375
1303,CS_1262_WEAN_d2_p5_cow8_24102025_ch05-20251024222541_52736_52762.mp4,Pen 5 - Group 3\WEANING\Day 2\CS_1262_WEAN_d2_p5_cow8_24102025_ch05-20251024222541_52736_52762.mp4,E:\cross_sucking\Pen 5 - Group 3\WEANING\Day 2\CS_1262_WEAN_d2_p5_cow8_24102025_ch05-20251024222541_52736_52762.mp4,created,1,1,Pen_5_WEAN_Day_2_24102025,Pen 5 - Group 3,WEAN,2,5,24102025,8,other|A|None|side,52736.002,52762.401,52736.002,52762.401,G:\MONITORING CROSS SUCKING IN CALVES - KAPPEL - 2025\Pen 5 - Group 3\WEANING\Day 2\ch05_20251024222541.mp4,ch05_20251024222541.mp4,51847.339625,53248.733914,888.662375,915.061375
1304,CS_1263_WEAN_d2_p5_cowA_24102025_ch05-20251024222541_52757_52772.mp4,Pen 5 - Group 3\WEANING\Day 2\CS_1263_WEAN_d2_p5_cowA_24102025_ch05-20251024222541_52757_52772.mp4,E:\cross_sucking\Pen 5 - Group 3\WEANING\Day 2\CS_1263_WEAN_d2_p5_cowA_24102025_ch05-20251024222541_52757_52772.mp4,created,1,1,Pen_5_WEAN_Day_2_24102025,Pen 5 - Group 3,WEAN,2,5,24102025,A,other|8|reciprocal|side,52757.84,52772.781,52757.84,52772.781,G:\MONITORING CROSS SUCKING IN CALVES - KAPPEL - 2025\Pen 5 - Group 3\WEANING\Day 2\ch05_20251024222541.mp4,ch05_20251024222541.mp4,51847.339625,53248.733914,910.500375,925.441375
1305,CS_1264_WEAN_d2_p5_cow8_24102025_ch05-20251024222541_52773_52831.mp4,Pen 5 - Group 3\WEANING\Day 2\CS_1264_WEAN_d2_p5_cow8_24102025_ch05-20251024222541_52773_52831.mp4,E:\cross_sucking\Pen 5 - Group 3\WEANING\Day 2\CS_1264_WEAN_d2_p5_cow8_24102025_ch05-20251024222541_52773_52831.mp4,created,1,1,Pen_5_WEAN_Day_2_24102025,Pen 5 - Group 3,WEAN,2,5,24102025,8,other|A|None|side,52773.709,52831.42,52773.709,52831.42,G:\MONITORING CROSS SUCKING IN CALVES - KAPPEL - 2025\Pen 5 - Group 3\WEANING\Day 2\ch05_20251024222541.mp4,ch05_20251024222541.mp4,51847.339625,53248.733914,926.369375,984.080375
1306,CS_1265_WEAN_d2_p5_cowA_24102025_ch05-20251024222541_52779_52810.mp4,Pen 5 - Group 3\WEANING\Day 2\CS_1265_WEAN_d2_p5_cowA_24102025_ch05-20251024222541_52779_52810.mp4,E:\cross_sucking\Pen 5 - Group 3\WEANING\Day 2\CS_1265_WEAN_d2_p5_cowA_24102025_ch05-20251024222541_52779_52810.mp4,created,1,1,Pen_5_WEAN_Day_2_24102025,Pen 5 - Group 3,WEAN,2,5,24102025,A,other|8|reciprocal|side,52779.799,52810.103,52779.799,52810.103,G:\MONITORING CROSS SUCKING IN CALVES - KAPPEL - 2025\Pen 5 - Group 3\WEANING\Day 2\ch05_20251024222541.mp4,ch05_20251024222541.mp4,51847.339625,53248.733914,932.459375,962.763375
1307,CS_1266_WEAN_d2_p5_cowA_24102025_ch05-20251024235949_58311_58334.mp4,Pen 5 - Group 3\WEANING\Day 2\CS_1266_WEAN_d2_p5_cowA_24102025_ch05-20251024235949_58311_58334.mp4,E:\cross_sucking\Pen 5 - Group 3\WEANING\Day 2\CS_1266_WEAN_d2_p5_cowA_24102025_ch05-20251024235949_58311_58334.mp4,created,1,1,Pen_5_WEAN_Day_2_24102025,Pen 5 - Group 3,WEAN,2,5,24102025,A,other|6|None|behind,58311.623,58334.45,58311.623,58334.45,G:\MONITORING CROSS SUCKING IN CALVES - KAPPEL - 2025\Pen 5 - Group 3\WEANING\Day 2\ch05_20251024235949.mp4,ch05_20251024235949.mp4,57453.214781,58854.66907,858.408219,881.235219
1308,CS_1267_WEAN_d2_p5_cow2_24102025_ch05-20251025033136_70705_70710.mp4,Pen 5 - Group 3\WEANING\Day 2\CS_1267_WEAN_d2_p5_cow2_24102025_ch05-20251025033136_70705_70710.mp4,E:\cross_sucking\Pen 5 - Group 3\WEANING\Day 2\CS_1267_WEAN_d2_p5_cow2_24102025_ch05-20251025033136_70705_70710.mp4,created,1,1,Pen_5_WEAN_Day_2_24102025,Pen 5 - Group 3,WEAN,2,5,24102025,2,milk feeder|1|None|behind,70705.446,70710.739,70705.446,70710.739,G:\MONITORING CROSS SUCKING IN CALVES - KAPPEL - 2025\Pen 5 - Group 3\WEANING\Day 2\ch05_20251025033136.mp4,ch05_20251025033136.mp4,70066.035026,71467.560959,639.410974,644.703974
1309,CS_1268_WEAN_d2_p5_cow2_24102025_ch05-20251025033136_70766_70776.mp4,Pen 5 - Group 3\WEANING\Day 2\CS_1268_WEAN_d2_p5_cow2_24102025_ch05-20251025033136_70766_70776.mp4,E:\cross_sucking\Pen 5 - Group 3\WEANING\Day 2\CS_1268_WEAN_d2_p5_cow2_24102025_ch05-20251025033136_70766_70776.mp4,created,1,1,Pen_5_WEAN_Day_2_24102025,Pen 5 - Group 3,WEAN,2,5,24102025,2,milk feeder|1|None|behind,70766.441,70776.172,70766.441,70776.172,G:\MONITORING CROSS SUCKING IN CALVES - KAPPEL - 2025\Pen 5 - Group 3\WEANING\Day 2\ch05_20251025033136.mp4,ch05_20251025033136.mp4,70066.035026,71467.560959,700.405974,710.136974
1310,CS_1269_WEAN_d2_p5_cow2_24102025_ch05-20251025033136_71318_71576_part01.mp4,Pen 5 - Group 3\WEANING\Day 2\CS_1269_WEAN_d2_p5_cow2_24102025_ch05-20251025033136_71318_71576_part01.mp4,E:\cross_sucking\Pen 5 - Group 3\WEANING\Day 2\CS_1269_WEAN_d2_p5_cow2_24102025_ch05-20251025033136_71318_71576_part01.mp4,created,1,2,Pen_5_WEAN_Day_2_24102025,Pen 5 - Group 3,WEAN,2,5,24102025,2,milk feeder|A|None|behind,71318.619,71576.734,71318.619,71467.560959,G:\MONITORING CROSS SUCKING IN CALVES - KAPPEL - 2025\Pen 5 - Group 3\WEANING\Day 2\ch05_20251025033136.mp4,ch05_20251025033136.mp4,70066.035026,71467.560959,1252.583974,1401.525933
1311,CS_1269_WEAN_d2_p5_cow2_24102025_ch05-20251025033136_71318_71576_part02.mp4,Pen 5 - Group 3\WEANING\Day 2\CS_1269_WEAN_d2_p5_cow2_24102025_ch05-20251025033136_71318_71576_part02.mp4,E:\cross_sucking\Pen 5 - Group 3\WEANING\Day 2\CS_1269_WEAN_d2_p5_cow2_24102025_ch05-20251025033136_71318_71576_part02.mp4,created,2,2,Pen_5_WEAN_Day_2_24102025,Pen 5 - Group 3,WEAN,2,5,24102025,2,milk feeder|A|None|behind,71318.619,71576.734,71467.560959,71576.734,G:\MONITORING CROSS SUCKING IN CALVES - KAPPEL - 2025\Pen 5 - Group 3\WEANING\Day 2\ch05_20251025035508.mp4,ch05_20251025035508.mp4,71467.560959,72869.140248,0.0,109.173041
1312,CS_1270_WEAN_d2_p5_cowT_24102025_ch05-20251025035508_71649_71664.mp4,Pen 5 - Group 3\WEANING\Day 2\CS_1270_WEAN_d2_p5_cowT_24102025_ch05-20251025035508_71649_71664.mp4,E:\cross_sucking\Pen 5 - Group 3\WEANING\Day 2\CS_1270_WEAN_d2_p5_cowT_24102025_ch05-20251025035508_71649_71664.mp4,created,1,1,Pen_5_WEAN_Day_2_24102025,Pen 5 - Group 3,WEAN,2,5,24102025,T,milk feeder|A|None|behind,71649.696,71664.98,71649.696,71664.98,G:\MONITORING CROSS SUCKING IN CALVES - KAPPEL - 2025\Pen 5 - Group 3\WEANING\Day 2\ch05_20251025035508.mp4,ch05_20251025035508.mp4,71467.560959,72869.140248,182.135041,197.419041
1313,CS_1271_WEAN_d2_p5_cowT_24102025_ch05-20251025035508_71720_71731.mp4,Pen 5 - Group 3\WEANING\Day 2\CS_1271_WEAN_d2_p5_cowT_24102025_ch05-20251025035508_71720_71731.mp4,E:\cross_sucking\Pen 5 - Group 3\WEANING\Day 2\CS_1271_WEAN_d2_p5_cowT_24102025_ch05-20251025035508_71720_71731.mp4,created,1,1,Pen_5_WEAN_Day_2_24102025,Pen 5 - Group 3,WEAN,2,5,24102025,T,milk feeder|A|None|behind,71720.627,71731.547,71720.627,71731.547,G:\MONITORING CROSS SUCKING IN CALVES - KAPPEL - 2025\Pen 5 - Group 3\WEANING\Day 2\ch05_20251025035508.mp4,ch05_20251025035508.mp4,71467.560959,72869.140248,253.066041,263.986041
1314,CS_1272_WEAN_d2_p5_cowT_24102025_ch05-20251025035508_71746_71905.mp4,Pen 5 - Group 3\WEANING\Day 2\CS_1272_WEAN_d2_p5_cowT_24102025_ch05-20251025035508_71746_71905.mp4,E:\cross_sucking\Pen 5 - Group 3\WEANING\Day 2\CS_1272_WEAN_d2_p5_cowT_24102025_ch05-20251025035508_71746_71905.mp4,created,1,1,Pen_5_WEAN_Day_2_24102025,Pen 5 - Group 3,WEAN,2,5,24102025,T,other|O|None|side,71746.561,71905.833,71746.561,71905.833,G:\MONITORING CROSS SUCKING IN CALVES - KAPPEL - 2025\Pen 5 - Group 3\WEANING\Day 2\ch05_20251025035508.mp4,ch05_20251025035508.mp4,71467.560959,72869.140248,279.000041,438.272041
1315,CS_1273_WEAN_d2_p5_cowO_24102025_ch05-20251025035508_71748_71911.mp4,Pen 5 - Group 3\WEANING\Day 2\CS_1273_WEAN_d2_p5_cowO_24102025_ch05-20251025035508_71748_71911.mp4,E:\cross_sucking\Pen 5 - Group 3\WEANING\Day 2\CS_1273_WEAN_d2_p5_cowO_24102025_ch05-20251025035508_71748_71911.mp4,created,1,1,Pen_5_WEAN_Day_2_24102025,Pen 5 - Group 3,WEAN,2,5,24102025,O,other|T|reciprocal|side,71748.809,71911.926,71748.809,71911.926,G:\MONITORING CROSS SUCKING IN CALVES - KAPPEL - 2025\Pen 5 - Group 3\WEANING\Day 2\ch05_20251025035508.mp4,ch05_20251025035508.mp4,71467.560959,72869.140248,281.248041,444.365041
1316,CS_1274_WEAN_d2_p5_cowT_24102025_ch05-20251025035508_71907_71927.mp4,Pen 5 - Group 3\WEANING\Day 2\CS_1274_WEAN_d2_p5_cowT_24102025_ch05-20251025035508_71907_71927.mp4,E:\cross_sucking\Pen 5 - Group 3\WEANING\Day 2\CS_1274_WEAN_d2_p5_cowT_24102025_ch05-20251025035508_71907_71927.mp4,created,1,1,Pen_5_WEAN_Day_2_24102025,Pen 5 - Group 3,WEAN,2,5,24102025,T,other|A|None|side,71907.691,71927.008,71907.691,71927.008,G:\MONITORING CROSS SUCKING IN CALVES - KAPPEL - 2025\Pen 5 - Group 3\WEANING\Day 2\ch05_20251025035508.mp4,ch05_20251025035508.mp4,71467.560959,72869.140248,440.130041,459.447041
1317,CS_1275_WEAN_d2_p5_cowT_24102025_ch05-20251025035508_71934_71941.mp4,Pen 5 - Group 3\WEANING\Day 2\CS_1275_WEAN_d2_p5_cowT_24102025_ch05-20251025035508_71934_71941.mp4,E:\cross_sucking\Pen 5 - Group 3\WEANING\Day 2\CS_1275_WEAN_d2_p5_cowT_24102025_ch05-20251025035508_71934_71941.mp4,created,1,1,Pen_5_WEAN_Day_2_24102025,Pen 5 - Group 3,WEAN,2,5,24102025,T,milk feeder|O|None|behind,71934.218,71941.562,71934.218,71941.562,G:\MONITORING CROSS SUCKING IN CALVES - KAPPEL - 2025\Pen 5 - Group 3\WEANING\Day 2\ch05_20251025035508.mp4,ch05_20251025035508.mp4,71467.560959,72869.140248,466.657041,474.001041
1318,CS_1276_WEAN_d2_p5_cowT_24102025_ch05-20251025035508_71948_71961.mp4,Pen 5 - Group 3\WEANING\Day 2\CS_1276_WEAN_d2_p5_cowT_24102025_ch05-20251025035508_71948_71961.mp4,E:\cross_sucking\Pen 5 - Group 3\WEANING\Day 2\CS_1276_WEAN_d2_p5_cowT_24102025_ch05-20251025035508_71948_71961.mp4,created,1,1,Pen_5_WEAN_Day_2_24102025,Pen 5 - Group 3,WEAN,2,5,24102025,T,other|A|None|side,71948.77,71961.275,71948.77,71961.275,G:\MONITORING CROSS SUCKING IN CALVES - KAPPEL - 2025\Pen 5 - Group 3\WEANING\Day 2\ch05_20251025035508.mp4,ch05_20251025035508.mp4,71467.560959,72869.140248,481.209041,493.714041
1319,CS_1277_WEAN_d2_p5_cowT_24102025_ch05-20251025035508_71973_72014.mp4,Pen 5 - Group 3\WEANING\Day 2\CS_1277_WEAN_d2_p5_cowT_24102025_ch05-20251025035508_71973_72014.mp4,E:\cross_sucking\Pen 5 - Group 3\WEANING\Day 2\CS_1277_WEAN_d2_p5_cowT_24102025_ch05-20251025035508_71973_72014.mp4,created,1,1,Pen_5_WEAN_Day_2_24102025,Pen 5 - Group 3,WEAN,2,5,24102025,T,other|A|None|side,71973.987,72014.671,71973.987,72014.671,G:\MONITORING CROSS SUCKING IN CALVES - KAPPEL - 2025\Pen 5 - Group 3\WEANING\Day 2\ch05_20251025035508.mp4,ch05_20251025035508.mp4,71467.560959,72869.140248,506.426041,547.110041
1320,CS_1278_WEAN_d2_p5_cowT_24102025_ch05-20251025035508_72086_72152.mp4,Pen 5 - Group 3\WEANING\Day 2\CS_1278_WEAN_d2_p5_cowT_24102025_ch05-20251025035508_72086_72152.mp4,E:\cross_sucking\Pen 5 - Group 3\WEANING\Day 2\CS_1278_WEAN_d2_p5_cowT_24102025_ch05-20251025035508_72086_72152.mp4,created,1,1,Pen_5_WEAN_Day_2_24102025,Pen 5 - Group 3,WEAN,2,5,24102025,T,milk feeder|O|None|side,72086.409,72152.965,72086.409,72152.965,G:\MONITORING CROSS SUCKING IN CALVES - KAPPEL - 2025\Pen 5 - Group 3\WEANING\Day 2\ch05_20251025035508.mp4,ch05_20251025035508.mp4,71467.560959,72869.140248,618.848041,685.404041
1321,CS_1279_WEAN_d2_p5_cowO_24102025_ch05-20251025035508_72087_72152.mp4,Pen 5 - Group 3\WEANING\Day 2\CS_1279_WEAN_d2_p5_cowO_24102025_ch05-20251025035508_72087_72152.mp4,E:\cross_sucking\Pen 5 - Group 3\WEANING\Day 2\CS_1279_WEAN_d2_p5_cowO_24102025_ch05-20251025035508_72087_72152.mp4,created,1,1,Pen_5_WEAN_Day_2_24102025,Pen 5 - Group 3,WEAN,2,5,24102025,O,milk feeder|T|reciprocal|side,72087.403,72152.965,72087.403,72152.965,G:\MONITORING CROSS SUCKING IN CALVES - KAPPEL - 2025\Pen 5 - Group 3\WEANING\Day 2\ch05_20251025035508.mp4,ch05_20251025035508.mp4,71467.560959,72869.140248,619.842041,685.404041
1322,CS_1280_WEAN_d3_p5_cow8_25102025_ch05-20251025081359_2412_2447.mp4,Pen 5 - Group 3\WEANING\Day 3\CS_1280_WEAN_d3_p5_cow8_25102025_ch05-20251025081359_2412_2447.mp4,E:\cross_sucking\Pen 5 - Group 3\WEANING\Day 3\CS_1280_WEAN_d3_p5_cow8_25102025_ch05-20251025081359_2412_2447.mp4,created,1,1,Pen_5_WEAN_Day_3_25102025,Pen 5 - Group 3,WEAN,3,5,25102025,8,hay|O|None|side,2412.473,2447.482,2412.473,2447.482,G:\MONITORING CROSS SUCKING IN CALVES - KAPPEL - 2025\Pen 5 - Group 3\WEANING\Day 3\ch05_20251025081359.mp4,ch05_20251025081359.mp4,1401.407289,2802.871578,1011.065711,1046.074711
1323,CS_1281_WEAN_d3_p5_cowO_25102025_ch05-20251025081359_2447_2564.mp4,Pen 5 - Group 3\WEANING\Day 3\CS_1281_WEAN_d3_p5_cowO_25102025_ch05-20251025081359_2447_2564.mp4,E:\cross_sucking\Pen 5 - Group 3\WEANING\Day 3\CS_1281_WEAN_d3_p5_cowO_25102025_ch05-20251025081359_2447_2564.mp4,created,1,1,Pen_5_WEAN_Day_3_25102025,Pen 5 - Group 3,WEAN,3,5,25102025,O,hay|8|None|side,2447.274,2564.596,2447.274,2564.596,G:\MONITORING CROSS SUCKING IN CALVES - KAPPEL - 2025\Pen 5 - Group 3\WEANING\Day 3\ch05_20251025081359.mp4,ch05_20251025081359.mp4,1401.407289,2802.871578,1045.866711,1163.188711
1324,CS_1282_WEAN_d3_p5_cowA_25102025_ch05-20251025081359_2462_2471.mp4,Pen 5 - Group 3\WEANING\Day 3\CS_1282_WEAN_d3_p5_cowA_25102025_ch05-20251025081359_2462_2471.mp4,E:\cross_sucking\Pen 5 - Group 3\WEANING\Day 3\CS_1282_WEAN_d3_p5_cowA_25102025_ch05-20251025081359_2462_2471.mp4,created,1,1,Pen_5_WEAN_Day_3_25102025,Pen 5 - Group 3,WEAN,3,5,25102025,A,grain feeder|2|None|behind,2462.166,2471.23,2462.166,2471.23,G:\MONITORING CROSS SUCKING IN CALVES - KAPPEL - 2025\Pen 5 - Group 3\WEANING\Day 3\ch05_20251025081359.mp4,ch05_20251025081359.mp4,1401.407289,2802.871578,1060.758711,1069.822711
1325,CS_1283_WEAN_d3_p5_cowA_25102025_ch05-20251025081359_2471_2471.mp4,Pen 5 - Group 3\WEANING\Day 3\CS_1283_WEAN_d3_p5_cowA_25102025_ch05-20251025081359_2471_2471.mp4,E:\cross_sucking\Pen 5 - Group 3\WEANING\Day 3\CS_1283_WEAN_d3_p5_cowA_25102025_ch05-20251025081359_2471_2471.mp4,created,1,1,Pen_5_WEAN_Day_3_25102025,Pen 5 - Group 3,WEAN,3,5,25102025,A,grain feeder|2|None|behind,2471.231,2471.826,2471.231,2471.826,G:\MONITORING CROSS SUCKING IN CALVES - KAPPEL - 2025\Pen 5 - Group 3\WEANING\Day 3\ch05_20251025081359.mp4,ch05_20251025081359.mp4,1401.407289,2802.871578,1069.823711,1070.418711
1326,CS_1284_WEAN_d3_p5_cow1_25102025_ch05-20251025083730_4120_4185.mp4,Pen 5 - Group 3\WEANING\Day 3\CS_1284_WEAN_d3_p5_cow1_25102025_ch05-20251025083730_4120_4185.mp4,E:\cross_sucking\Pen 5 - Group 3\WEANING\Day 3\CS_1284_WEAN_d3_p5_cow1_25102025_ch05-20251025083730_4120_4185.mp4,created,1,1,Pen_5_WEAN_Day_3_25102025,Pen 5 - Group 3,WEAN,3,5,25102025,1,milk feeder|8|None|side,4120.681,4185.584,4120.681,4185.584,G:\MONITORING CROSS SUCKING IN CALVES - KAPPEL - 2025\Pen 5 - Group 3\WEANING\Day 3\ch05_20251025083730.mp4,ch05_20251025083730.mp4,2802.871578,4204.250867,1317.809422,1382.712422
1327,CS_1285_WEAN_d3_p5_cow1_25102025_ch05-20251025083730_4188_4213_part01.mp4,Pen 5 - Group 3\WEANING\Day 3\CS_1285_WEAN_d3_p5_cow1_25102025_ch05-20251025083730_4188_4213_part01.mp4,E:\cross_sucking\Pen 5 - Group 3\WEANING\Day 3\CS_1285_WEAN_d3_p5_cow1_25102025_ch05-20251025083730_4188_4213_part01.mp4,created,1,2,Pen_5_WEAN_Day_3_25102025,Pen 5 - Group 3,WEAN,3,5,25102025,1,milk feeder|8|None|side,4188.033,4213.031,4188.033,4204.250867,G:\MONITORING CROSS SUCKING IN CALVES - KAPPEL - 2025\Pen 5 - Group 3\WEANING\Day 3\ch05_20251025083730.mp4,ch05_20251025083730.mp4,2802.871578,4204.250867,1385.161422,1401.379289
1328,CS_1285_WEAN_d3_p5_cow1_25102025_ch05-20251025083730_4188_4213_part02.mp4,Pen 5 - Group 3\WEANING\Day 3\CS_1285_WEAN_d3_p5_cow1_25102025_ch05-20251025083730_4188_4213_part02.mp4,E:\cross_sucking\Pen 5 - Group 3\WEANING\Day 3\CS_1285_WEAN_d3_p5_cow1_25102025_ch05-20251025083730_4188_4213_part02.mp4,created,2,2,Pen_5_WEAN_Day_3_25102025,Pen 5 - Group 3,WEAN,3,5,25102025,1,milk feeder|8|None|side,4188.033,4213.031,4204.250867,4213.031,G:\MONITORING CROSS SUCKING IN CALVES - KAPPEL - 2025\Pen 5 - Group 3\WEANING\Day 3\ch05_20251025090102.mp4,ch05_20251025090102.mp4,4204.250867,5605.764156,0.0,8.780133
1329,CS_1286_WEAN_d3_p5_cowO_25102025_ch05-20251025092434_6074_6088.mp4,Pen 5 - Group 3\WEANING\Day 3\CS_1286_WEAN_d3_p5_cowO_25102025_ch05-20251025092434_6074_6088.mp4,E:\cross_sucking\Pen 5 - Group 3\WEANING\Day 3\CS_1286_WEAN_d3_p5_cowO_25102025_ch05-20251025092434_6074_6088.mp4,created,1,1,Pen_5_WEAN_Day_3_25102025,Pen 5 - Group 3,WEAN,3,5,25102025,O,milk feeder|1|None|behind,6074.142,6088.637,6074.142,6088.637,G:\MONITORING CROSS SUCKING IN CALVES - KAPPEL - 2025\Pen 5 - Group 3\WEANING\Day 3\ch05_20251025092434.mp4,ch05_20251025092434.mp4,5605.764156,7007.225445,468.377844,482.872844
1330,CS_1287_WEAN_d3_p5_cowO_25102025_ch05-20251025092434_6289_6298.mp4,Pen 5 - Group 3\WEANING\Day 3\CS_1287_WEAN_d3_p5_cowO_25102025_ch05-20251025092434_6289_6298.mp4,E:\cross_sucking\Pen 5 - Group 3\WEANING\Day 3\CS_1287_WEAN_d3_p5_cowO_25102025_ch05-20251025092434_6289_6298.mp4,created,1,1,Pen_5_WEAN_Day_3_25102025,Pen 5 - Group 3,WEAN,3,5,25102025,O,milk feeder|T|None|behind,6289.635,6298.51,6289.635,6298.51,G:\MONITORING CROSS SUCKING IN CALVES - KAPPEL - 2025\Pen 5 - Group 3\WEANING\Day 3\ch05_20251025092434.mp4,ch05_20251025092434.mp4,5605.764156,7007.225445,683.870844,692.745844
1331,CS_1288_WEAN_d3_p5_cowO_25102025_ch05-20251025092434_6420_6430.mp4,Pen 5 - Group 3\WEANING\Day 3\CS_1288_WEAN_d3_p5_cowO_25102025_ch05-20251025092434_6420_6430.mp4,E:\cross_sucking\Pen 5 - Group 3\WEANING\Day 3\CS_1288_WEAN_d3_p5_cowO_25102025_ch05-20251025092434_6420_6430.mp4,created,1,1,Pen_5_WEAN_Day_3_25102025,Pen 5 - Group 3,WEAN,3,5,25102025,O,milk feeder|T|None|behind,6420.102,6430.032,6420.102,6430.032,G:\MONITORING CROSS SUCKING IN CALVES - KAPPEL - 2025\Pen 5 - Group 3\WEANING\Day 3\ch05_20251025092434.mp4,ch05_20251025092434.mp4,5605.764156,7007.225445,814.337844,824.267844
1332,CS_1289_WEAN_d3_p5_cowA_25102025_ch05-20251025092434_6529_6593.mp4,Pen 5 - Group 3\WEANING\Day 3\CS_1289_WEAN_d3_p5_cowA_25102025_ch05-20251025092434_6529_6593.mp4,E:\cross_sucking\Pen 5 - Group 3\WEANING\Day 3\CS_1289_WEAN_d3_p5_cowA_25102025_ch05-20251025092434_6529_6593.mp4,created,1,1,Pen_5_WEAN_Day_3_25102025,Pen 5 - Group 3,WEAN,3,5,25102025,A,milk feeder|T|None|behind,6529.483,6593.861,6529.483,6593.861,G:\MONITORING CROSS SUCKING IN CALVES - KAPPEL - 2025\Pen 5 - Group 3\WEANING\Day 3\ch05_20251025092434.mp4,ch05_20251025092434.mp4,5605.764156,7007.225445,923.718844,988.096844
1333,CS_1290_WEAN_d3_p5_cowA_25102025_ch05-20251025092434_6605_6736.mp4,Pen 5 - Group 3\WEANING\Day 3\CS_1290_WEAN_d3_p5_cowA_25102025_ch05-20251025092434_6605_6736.mp4,E:\cross_sucking\Pen 5 - Group 3\WEANING\Day 3\CS_1290_WEAN_d3_p5_cowA_25102025_ch05-20251025092434_6605_6736.mp4,created,1,1,Pen_5_WEAN_Day_3_25102025,Pen 5 - Group 3,WEAN,3,5,25102025,A,milk feeder|T|None|behind,6605.37,6736.376,6605.37,6736.376,G:\MONITORING CROSS SUCKING IN CALVES - KAPPEL - 2025\Pen 5 - Group 3\WEANING\Day 3\ch05_20251025092434.mp4,ch05_20251025092434.mp4,5605.764156,7007.225445,999.605844,1130.611844
1334,CS_1291_WEAN_d3_p5_cow2_25102025_ch05-20251025092434_6762_6873.mp4,Pen 5 - Group 3\WEANING\Day 3\CS_1291_WEAN_d3_p5_cow2_25102025_ch05-20251025092434_6762_6873.mp4,E:\cross_sucking\Pen 5 - Group 3\WEANING\Day 3\CS_1291_WEAN_d3_p5_cow2_25102025_ch05-20251025092434_6762_6873.mp4,created,1,1,Pen_5_WEAN_Day_3_25102025,Pen 5 - Group 3,WEAN,3,5,25102025,2,milk feeder|A|None|behind,6762.71,6873.275,6762.71,6873.275,G:\MONITORING CROSS SUCKING IN CALVES - KAPPEL - 2025\Pen 5 - Group 3\WEANING\Day 3\ch05_20251025092434.mp4,ch05_20251025092434.mp4,5605.764156,7007.225445,1156.945844,1267.510844
1335,CS_1292_WEAN_d3_p5_cow2_25102025_ch05-20251025092434_6880_6998.mp4,Pen 5 - Group 3\WEANING\Day 3\CS_1292_WEAN_d3_p5_cow2_25102025_ch05-20251025092434_6880_6998.mp4,E:\cross_sucking\Pen 5 - Group 3\WEANING\Day 3\CS_1292_WEAN_d3_p5_cow2_25102025_ch05-20251025092434_6880_6998.mp4,created,1,1,Pen_5_WEAN_Day_3_25102025,Pen 5 - Group 3,WEAN,3,5,25102025,2,milk feeder|A|None|behind,6880.749,6998.413,6880.749,6998.413,G:\MONITORING CROSS SUCKING IN CALVES - KAPPEL - 2025\Pen 5 - Group 3\WEANING\Day 3\ch05_20251025092434.mp4,ch05_20251025092434.mp4,5605.764156,7007.225445,1274.984844,1392.648844
1336,CS_1293_WEAN_d3_p5_cow2_25102025_ch05-20251025094806_7071_7095.mp4,Pen 5 - Group 3\WEANING\Day 3\CS_1293_WEAN_d3_p5_cow2_25102025_ch05-20251025094806_7071_7095.mp4,E:\cross_sucking\Pen 5 - Group 3\WEANING\Day 3\CS_1293_WEAN_d3_p5_cow2_25102025_ch05-20251025094806_7071_7095.mp4,created,1,1,Pen_5_WEAN_Day_3_25102025,Pen 5 - Group 3,WEAN,3,5,25102025,2,milk feeder|A|None|behind,7071.92,7095.404,7071.92,7095.404,G:\MONITORING CROSS SUCKING IN CALVES - KAPPEL - 2025\Pen 5 - Group 3\WEANING\Day 3\ch05_20251025094806.mp4,ch05_20251025094806.mp4,7007.225445,8408.709734,64.694555,88.178555
1337,CS_1294_WEAN_d3_p5_cowA_25102025_ch05-20251025094806_7311_7326.mp4,Pen 5 - Group 3\WEANING\Day 3\CS_1294_WEAN_d3_p5_cowA_25102025_ch05-20251025094806_7311_7326.mp4,E:\cross_sucking\Pen 5 - Group 3\WEANING\Day 3\CS_1294_WEAN_d3_p5_cowA_25102025_ch05-20251025094806_7311_7326.mp4,created,1,1,Pen_5_WEAN_Day_3_25102025,Pen 5 - Group 3,WEAN,3,5,25102025,A,grain feeder|1|None|behind,7311.404,7326.29,7311.404,7326.29,G:\MONITORING CROSS SUCKING IN CALVES - KAPPEL - 2025\Pen 5 - Group 3\WEANING\Day 3\ch05_20251025094806.mp4,ch05_20251025094806.mp4,7007.225445,8408.709734,304.178555,319.064555
1338,CS_1295_WEAN_d3_p5_cowA_25102025_ch05-20251025094806_7337_7349.mp4,Pen 5 - Group 3\WEANING\Day 3\CS_1295_WEAN_d3_p5_cowA_25102025_ch05-20251025094806_7337_7349.mp4,E:\cross_sucking\Pen 5 - Group 3\WEANING\Day 3\CS_1295_WEAN_d3_p5_cowA_25102025_ch05-20251025094806_7337_7349.mp4,created,1,1,Pen_5_WEAN_Day_3_25102025,Pen 5 - Group 3,WEAN,3,5,25102025,A,grain feeder|1|None|behind,7337.749,7349.449,7337.749,7349.449,G:\MONITORING CROSS SUCKING IN CALVES - KAPPEL - 2025\Pen 5 - Group 3\WEANING\Day 3\ch05_20251025094806.mp4,ch05_20251025094806.mp4,7007.225445,8408.709734,330.523555,342.223555
1339,CS_1296_WEAN_d3_p5_cowA_25102025_ch05-20251025094806_7361_7374.mp4,Pen 5 - Group 3\WEANING\Day 3\CS_1296_WEAN_d3_p5_cowA_25102025_ch05-20251025094806_7361_7374.mp4,E:\cross_sucking\Pen 5 - Group 3\WEANING\Day 3\CS_1296_WEAN_d3_p5_cowA_25102025_ch05-20251025094806_7361_7374.mp4,created,1,1,Pen_5_WEAN_Day_3_25102025,Pen 5 - Group 3,WEAN,3,5,25102025,A,grain feeder|1|None|behind,7361.03,7374.473,7361.03,7374.473,G:\MONITORING CROSS SUCKING IN CALVES - KAPPEL - 2025\Pen 5 - Group 3\WEANING\Day 3\ch05_20251025094806.mp4,ch05_20251025094806.mp4,7007.225445,8408.709734,353.804555,367.247555
1340,CS_1297_WEAN_d3_p5_cow2_25102025_ch05-20251025094806_7385_7400.mp4,Pen 5 - Group 3\WEANING\Day 3\CS_1297_WEAN_d3_p5_cow2_25102025_ch05-20251025094806_7385_7400.mp4,E:\cross_sucking\Pen 5 - Group 3\WEANING\Day 3\CS_1297_WEAN_d3_p5_cow2_25102025_ch05-20251025094806_7385_7400.mp4,created,1,1,Pen_5_WEAN_Day_3_25102025,Pen 5 - Group 3,WEAN,3,5,25102025,2,milk feeder|O|None|behind,7385.843,7400.866,7385.843,7400.866,G:\MONITORING CROSS SUCKING IN CALVES - KAPPEL - 2025\Pen 5 - Group 3\WEANING\Day 3\ch05_20251025094806.mp4,ch05_20251025094806.mp4,7007.225445,8408.709734,378.617555,393.640555
1341,CS_1298_WEAN_d3_p5_cowA_25102025_ch05-20251025094806_7393_7401.mp4,Pen 5 - Group 3\WEANING\Day 3\CS_1298_WEAN_d3_p5_cowA_25102025_ch05-20251025094806_7393_7401.mp4,E:\cross_sucking\Pen 5 - Group 3\WEANING\Day 3\CS_1298_WEAN_d3_p5_cowA_25102025_ch05-20251025094806_7393_7401.mp4,created,1,1,Pen_5_WEAN_Day_3_25102025,Pen 5 - Group 3,WEAN,3,5,25102025,A,other|2|None|side,7393.985,7401.859,7393.985,7401.859,G:\MONITORING CROSS SUCKING IN CALVES - KAPPEL - 2025\Pen 5 - Group 3\WEANING\Day 3\ch05_20251025094806.mp4,ch05_20251025094806.mp4,7007.225445,8408.709734,386.759555,394.633555
1342,CS_1299_WEAN_d3_p5_cow2_25102025_ch05-20251025114545_14068_14105.mp4,Pen 5 - Group 3\WEANING\Day 3\CS_1299_WEAN_d3_p5_cow2_25102025_ch05-20251025114545_14068_14105.mp4,E:\cross_sucking\Pen 5 - Group 3\WEANING\Day 3\CS_1299_WEAN_d3_p5_cow2_25102025_ch05-20251025114545_14068_14105.mp4,created,1,1,Pen_5_WEAN_Day_3_25102025,Pen 5 - Group 3,WEAN,3,5,25102025,2,other|A|None|side,14068.221,14105.81,14068.221,14105.81,G:\MONITORING CROSS SUCKING IN CALVES - KAPPEL - 2025\Pen 5 - Group 3\WEANING\Day 3\ch05_20251025114545.mp4,ch05_20251025114545.mp4,14013.24489,15414.716179,54.97611,92.56511
1343,CS_1300_WEAN_d3_p5_cow2_25102025_ch05-20251025114545_14117_14203.mp4,Pen 5 - Group 3\WEANING\Day 3\CS_1300_WEAN_d3_p5_cow2_25102025_ch05-20251025114545_14117_14203.mp4,E:\cross_sucking\Pen 5 - Group 3\WEANING\Day 3\CS_1300_WEAN_d3_p5_cow2_25102025_ch05-20251025114545_14117_14203.mp4,created,1,1,Pen_5_WEAN_Day_3_25102025,Pen 5 - Group 3,WEAN,3,5,25102025,2,other|A|None|side,14117.059,14203.281,14117.059,14203.281,G:\MONITORING CROSS SUCKING IN CALVES - KAPPEL - 2025\Pen 5 - Group 3\WEANING\Day 3\ch05_20251025114545.mp4,ch05_20251025114545.mp4,14013.24489,15414.716179,103.81411,190.03611
1344,CS_1301_WEAN_d3_p5_cowA_25102025_ch05-20251025120917_16575_16584.mp4,Pen 5 - Group 3\WEANING\Day 3\CS_1301_WEAN_d3_p5_cowA_25102025_ch05-20251025120917_16575_16584.mp4,E:\cross_sucking\Pen 5 - Group 3\WEANING\Day 3\CS_1301_WEAN_d3_p5_cowA_25102025_ch05-20251025120917_16575_16584.mp4,created,1,1,Pen_5_WEAN_Day_3_25102025,Pen 5 - Group 3,WEAN,3,5,25102025,A,other|8|None|side,16575.707,16584.782,16575.707,16584.782,G:\MONITORING CROSS SUCKING IN CALVES - KAPPEL - 2025\Pen 5 - Group 3\WEANING\Day 3\ch05_20251025120917.mp4,ch05_20251025120917.mp4,15414.716179,16816.088468,1160.990821,1170.065821
1345,CS_1302_WEAN_d3_p5_cowA_25102025_ch05-20251025120917_16585_16590.mp4,Pen 5 - Group 3\WEANING\Day 3\CS_1302_WEAN_d3_p5_cowA_25102025_ch05-20251025120917_16585_16590.mp4,E:\cross_sucking\Pen 5 - Group 3\WEANING\Day 3\CS_1302_WEAN_d3_p5_cowA_25102025_ch05-20251025120917_16585_16590.mp4,created,1,1,Pen_5_WEAN_Day_3_25102025,Pen 5 - Group 3,WEAN,3,5,25102025,A,other|8|None|side,16585.498,16590.524,16585.498,16590.524,G:\MONITORING CROSS SUCKING IN CALVES - KAPPEL - 2025\Pen 5 - Group 3\WEANING\Day 3\ch05_20251025120917.mp4,ch05_20251025120917.mp4,15414.716179,16816.088468,1170.781821,1175.807821
1346,CS_1303_WEAN_d3_p5_cow8_25102025_ch05-20251025120917_16591_16597.mp4,Pen 5 - Group 3\WEANING\Day 3\CS_1303_WEAN_d3_p5_cow8_25102025_ch05-20251025120917_16591_16597.mp4,E:\cross_sucking\Pen 5 - Group 3\WEANING\Day 3\CS_1303_WEAN_d3_p5_cow8_25102025_ch05-20251025120917_16591_16597.mp4,created,1,1,Pen_5_WEAN_Day_3_25102025,Pen 5 - Group 3,WEAN,3,5,25102025,8,other|A|None|side,16591.515,16597.677,16591.515,16597.677,G:\MONITORING CROSS SUCKING IN CALVES - KAPPEL - 2025\Pen 5 - Group 3\WEANING\Day 3\ch05_20251025120917.mp4,ch05_20251025120917.mp4,15414.716179,16816.088468,1176.798821,1182.960821
1347,CS_1304_WEAN_d3_p5_cowA_25102025_ch05-20251025120917_16601_16605.mp4,Pen 5 - Group 3\WEANING\Day 3\CS_1304_WEAN_d3_p5_cowA_25102025_ch05-20251025120917_16601_16605.mp4,E:\cross_sucking\Pen 5 - Group 3\WEANING\Day 3\CS_1304_WEAN_d3_p5_cowA_25102025_ch05-20251025120917_16601_16605.mp4,created,1,1,Pen_5_WEAN_Day_3_25102025,Pen 5 - Group 3,WEAN,3,5,25102025,A,other|8|None|side,16601.172,16605.278,16601.172,16605.278,G:\MONITORING CROSS SUCKING IN CALVES - KAPPEL - 2025\Pen 5 - Group 3\WEANING\Day 3\ch05_20251025120917.mp4,ch05_20251025120917.mp4,15414.716179,16816.088468,1186.455821,1190.561821
1348,CS_1305_WEAN_d3_p5_cow8_25102025_ch05-20251025120917_16602_16626.mp4,Pen 5 - Group 3\WEANING\Day 3\CS_1305_WEAN_d3_p5_cow8_25102025_ch05-20251025120917_16602_16626.mp4,E:\cross_sucking\Pen 5 - Group 3\WEANING\Day 3\CS_1305_WEAN_d3_p5_cow8_25102025_ch05-20251025120917_16602_16626.mp4,created,1,1,Pen_5_WEAN_Day_3_25102025,Pen 5 - Group 3,WEAN,3,5,25102025,8,other|A|None|side,16602.699,16626.388,16602.699,16626.388,G:\MONITORING CROSS SUCKING IN CALVES - KAPPEL - 2025\Pen 5 - Group 3\WEANING\Day 3\ch05_20251025120917.mp4,ch05_20251025120917.mp4,15414.716179,16816.088468,1187.982821,1211.671821
1349,CS_1306_WEAN_d3_p5_cowT_25102025_ch05-20251025120917_16707_16717.mp4,Pen 5 - Group 3\WEANING\Day 3\CS_1306_WEAN_d3_p5_cowT_25102025_ch05-20251025120917_16707_16717.mp4,E:\cross_sucking\Pen 5 - Group 3\WEANING\Day 3\CS_1306_WEAN_d3_p5_cowT_25102025_ch05-20251025120917_16707_16717.mp4,created,1,1,Pen_5_WEAN_Day_3_25102025,Pen 5 - Group 3,WEAN,3,5,25102025,T,other|8|None|side,16707.631,16717.824,16707.631,16717.824,G:\MONITORING CROSS SUCKING IN CALVES - KAPPEL - 2025\Pen 5 - Group 3\WEANING\Day 3\ch05_20251025120917.mp4,ch05_20251025120917.mp4,15414.716179,16816.088468,1292.914821,1303.107821
1350,CS_1307_WEAN_d3_p5_cowT_25102025_ch05-20251025123249_16896_16907.mp4,Pen 5 - Group 3\WEANING\Day 3\CS_1307_WEAN_d3_p5_cowT_25102025_ch05-20251025123249_16896_16907.mp4,E:\cross_sucking\Pen 5 - Group 3\WEANING\Day 3\CS_1307_WEAN_d3_p5_cowT_25102025_ch05-20251025123249_16896_16907.mp4,created,1,1,Pen_5_WEAN_Day_3_25102025,Pen 5 - Group 3,WEAN,3,5,25102025,T,other|O|None|side,16896.194,16907.045,16896.194,16907.045,G:\MONITORING CROSS SUCKING IN CALVES - KAPPEL - 2025\Pen 5 - Group 3\WEANING\Day 3\ch05_20251025123249.mp4,ch05_20251025123249.mp4,16816.088468,18217.482757,80.105532,90.956532
1351,CS_1308_WEAN_d3_p5_cowT_25102025_ch05-20251025123249_16951_16957.mp4,Pen 5 - Group 3\WEANING\Day 3\CS_1308_WEAN_d3_p5_cowT_25102025_ch05-20251025123249_16951_16957.mp4,E:\cross_sucking\Pen 5 - Group 3\WEANING\Day 3\CS_1308_WEAN_d3_p5_cowT_25102025_ch05-20251025123249_16951_16957.mp4,created,1,1,Pen_5_WEAN_Day_3_25102025,Pen 5 - Group 3,WEAN,3,5,25102025,T,other|O|None|side,16951.3,16957.189,16951.3,16957.189,G:\MONITORING CROSS SUCKING IN CALVES - KAPPEL - 2025\Pen 5 - Group 3\WEANING\Day 3\ch05_20251025123249.mp4,ch05_20251025123249.mp4,16816.088468,18217.482757,135.211532,141.100532
1352,CS_1309_WEAN_d3_p5_cow6_25102025_ch05-20251025123249_17168_17208.mp4,Pen 5 - Group 3\WEANING\Day 3\CS_1309_WEAN_d3_p5_cow6_25102025_ch05-20251025123249_17168_17208.mp4,E:\cross_sucking\Pen 5 - Group 3\WEANING\Day 3\CS_1309_WEAN_d3_p5_cow6_25102025_ch05-20251025123249_17168_17208.mp4,created,1,1,Pen_5_WEAN_Day_3_25102025,Pen 5 - Group 3,WEAN,3,5,25102025,6,milk feeder|/|None|behind,17168.988,17208.346,17168.988,17208.346,G:\MONITORING CROSS SUCKING IN CALVES - KAPPEL - 2025\Pen 5 - Group 3\WEANING\Day 3\ch05_20251025123249.mp4,ch05_20251025123249.mp4,16816.088468,18217.482757,352.899532,392.257532
1353,CS_1310_WEAN_d3_p5_cow8_25102025_ch05-20251025123249_17298_17473.mp4,Pen 5 - Group 3\WEANING\Day 3\CS_1310_WEAN_d3_p5_cow8_25102025_ch05-20251025123249_17298_17473.mp4,E:\cross_sucking\Pen 5 - Group 3\WEANING\Day 3\CS_1310_WEAN_d3_p5_cow8_25102025_ch05-20251025123249_17298_17473.mp4,created,1,1,Pen_5_WEAN_Day_3_25102025,Pen 5 - Group 3,WEAN,3,5,25102025,8,hay|A|None|side,17298.12,17473.315,17298.12,17473.315,G:\MONITORING CROSS SUCKING IN CALVES - KAPPEL - 2025\Pen 5 - Group 3\WEANING\Day 3\ch05_20251025123249.mp4,ch05_20251025123249.mp4,16816.088468,18217.482757,482.031532,657.226532
1354,CS_1311_WEAN_d3_p5_cow8_25102025_ch05-20251025123249_17473_17473.mp4,Pen 5 - Group 3\WEANING\Day 3\CS_1311_WEAN_d3_p5_cow8_25102025_ch05-20251025123249_17473_17473.mp4,E:\cross_sucking\Pen 5 - Group 3\WEANING\Day 3\CS_1311_WEAN_d3_p5_cow8_25102025_ch05-20251025123249_17473_17473.mp4,created,1,1,Pen_5_WEAN_Day_3_25102025,Pen 5 - Group 3,WEAN,3,5,25102025,8,hay|A|None|side,17473.316,17473.449,17473.316,17473.449,G:\MONITORING CROSS SUCKING IN CALVES - KAPPEL - 2025\Pen 5 - Group 3\WEANING\Day 3\ch05_20251025123249.mp4,ch05_20251025123249.mp4,16816.088468,18217.482757,657.227532,657.360532
1355,CS_1312_WEAN_d3_p5_cowslash_25102025_ch05-20251025123249_17519_17528.mp4,Pen 5 - Group 3\WEANING\Day 3\CS_1312_WEAN_d3_p5_cowslash_25102025_ch05-20251025123249_17519_17528.mp4,E:\cross_sucking\Pen 5 - Group 3\WEANING\Day 3\CS_1312_WEAN_d3_p5_cowslash_25102025_ch05-20251025123249_17519_17528.mp4,created,1,1,Pen_5_WEAN_Day_3_25102025,Pen 5 - Group 3,WEAN,3,5,25102025,/,other|1|None|side,17519.884,17528.633,17519.884,17528.633,G:\MONITORING CROSS SUCKING IN CALVES - KAPPEL - 2025\Pen 5 - Group 3\WEANING\Day 3\ch05_20251025123249.mp4,ch05_20251025123249.mp4,16816.088468,18217.482757,703.795532,712.544532
1356,CS_1313_WEAN_d3_p5_cow2_25102025_ch05-20251025125621_18253_18272.mp4,Pen 5 - Group 3\WEANING\Day 3\CS_1313_WEAN_d3_p5_cow2_25102025_ch05-20251025125621_18253_18272.mp4,E:\cross_sucking\Pen 5 - Group 3\WEANING\Day 3\CS_1313_WEAN_d3_p5_cow2_25102025_ch05-20251025125621_18253_18272.mp4,created,1,1,Pen_5_WEAN_Day_3_25102025,Pen 5 - Group 3,WEAN,3,5,25102025,2,other|1|None|side,18253.275,18272.855,18253.275,18272.855,G:\MONITORING CROSS SUCKING IN CALVES - KAPPEL - 2025\Pen 5 - Group 3\WEANING\Day 3\ch05_20251025125621.mp4,ch05_20251025125621.mp4,18217.482757,19617.928046,35.792243,55.372243
1357,CS_1314_WEAN_d3_p5_cow6_25102025_ch05-20251025140656_23514_23532.mp4,Pen 5 - Group 3\WEANING\Day 3\CS_1314_WEAN_d3_p5_cow6_25102025_ch05-20251025140656_23514_23532.mp4,E:\cross_sucking\Pen 5 - Group 3\WEANING\Day 3\CS_1314_WEAN_d3_p5_cow6_25102025_ch05-20251025140656_23514_23532.mp4,created,1,1,Pen_5_WEAN_Day_3_25102025,Pen 5 - Group 3,WEAN,3,5,25102025,6,milk feeder|8|None|behind,23514.496,23532.827,23514.496,23532.827,G:\MONITORING CROSS SUCKING IN CALVES - KAPPEL - 2025\Pen 5 - Group 3\WEANING\Day 3\ch05_20251025140656.mp4,ch05_20251025140656.mp4,22420.549624,23821.927913,1093.946376,1112.277376
1358,CS_1315_WEAN_d3_p5_cowO_25102025_ch05-20251025145400_25478_25484.mp4,Pen 5 - Group 3\WEANING\Day 3\CS_1315_WEAN_d3_p5_cowO_25102025_ch05-20251025145400_25478_25484.mp4,E:\cross_sucking\Pen 5 - Group 3\WEANING\Day 3\CS_1315_WEAN_d3_p5_cowO_25102025_ch05-20251025145400_25478_25484.mp4,created,1,1,Pen_5_WEAN_Day_3_25102025,Pen 5 - Group 3,WEAN,3,5,25102025,O,grain feeder|A|None|behind,25478.035,25484.585,25478.035,25484.585,G:\MONITORING CROSS SUCKING IN CALVES - KAPPEL - 2025\Pen 5 - Group 3\WEANING\Day 3\ch05_20251025145400.mp4,ch05_20251025145400.mp4,25223.300202,26624.657491,254.734798,261.284798
1359,CS_1316_WEAN_d3_p5_cowO_25102025_ch05-20251025145400_25487_25496.mp4,Pen 5 - Group 3\WEANING\Day 3\CS_1316_WEAN_d3_p5_cowO_25102025_ch05-20251025145400_25487_25496.mp4,E:\cross_sucking\Pen 5 - Group 3\WEANING\Day 3\CS_1316_WEAN_d3_p5_cowO_25102025_ch05-20251025145400_25487_25496.mp4,created,1,1,Pen_5_WEAN_Day_3_25102025,Pen 5 - Group 3,WEAN,3,5,25102025,O,grain feeder|A|None|side,25487.101,25496.56,25487.101,25496.56,G:\MONITORING CROSS SUCKING IN CALVES - KAPPEL - 2025\Pen 5 - Group 3\WEANING\Day 3\ch05_20251025145400.mp4,ch05_20251025145400.mp4,25223.300202,26624.657491,263.800798,273.259798
1360,CS_1317_WEAN_d3_p5_cowO_25102025_ch05-20251025145400_25497_25687.mp4,Pen 5 - Group 3\WEANING\Day 3\CS_1317_WEAN_d3_p5_cowO_25102025_ch05-20251025145400_25497_25687.mp4,E:\cross_sucking\Pen 5 - Group 3\WEANING\Day 3\CS_1317_WEAN_d3_p5_cowO_25102025_ch05-20251025145400_25497_25687.mp4,created,1,1,Pen_5_WEAN_Day_3_25102025,Pen 5 - Group 3,WEAN,3,5,25102025,O,grain feeder|A|None|behind,25497.354,25687.506,25497.354,25687.506,G:\MONITORING CROSS SUCKING IN CALVES - KAPPEL - 2025\Pen 5 - Group 3\WEANING\Day 3\ch05_20251025145400.mp4,ch05_20251025145400.mp4,25223.300202,26624.657491,274.053798,464.205798
1361,CS_1318_WEAN_d3_p5_cowO_25102025_ch05-20251025145400_25697_25711.mp4,Pen 5 - Group 3\WEANING\Day 3\CS_1318_WEAN_d3_p5_cowO_25102025_ch05-20251025145400_25697_25711.mp4,E:\cross_sucking\Pen 5 - Group 3\WEANING\Day 3\CS_1318_WEAN_d3_p5_cowO_25102025_ch05-20251025145400_25697_25711.mp4,created,1,1,Pen_5_WEAN_Day_3_25102025,Pen 5 - Group 3,WEAN,3,5,25102025,O,grain feeder|A|None|behind,25697.1,25711.066,25697.1,25711.066,G:\MONITORING CROSS SUCKING IN CALVES - KAPPEL - 2025\Pen 5 - Group 3\WEANING\Day 3\ch05_20251025145400.mp4,ch05_20251025145400.mp4,25223.300202,26624.657491,473.799798,487.765798
1362,CS_1319_WEAN_d3_p5_cowT_25102025_ch05-20251025154104_28285_28308.mp4,Pen 5 - Group 3\WEANING\Day 3\CS_1319_WEAN_d3_p5_cowT_25102025_ch05-20251025154104_28285_28308.mp4,E:\cross_sucking\Pen 5 - Group 3\WEANING\Day 3\CS_1319_WEAN_d3_p5_cowT_25102025_ch05-20251025154104_28285_28308.mp4,created,1,1,Pen_5_WEAN_Day_3_25102025,Pen 5 - Group 3,WEAN,3,5,25102025,T,other|/|None|side,28285.943,28308.903,28285.943,28308.903,G:\MONITORING CROSS SUCKING IN CALVES - KAPPEL - 2025\Pen 5 - Group 3\WEANING\Day 3\ch05_20251025154104.mp4,ch05_20251025154104.mp4,28026.10078,29427.572069,259.84222,282.80222
1363,CS_1320_WEAN_d3_p5_cowT_25102025_ch05-20251025154104_28327_28359.mp4,Pen 5 - Group 3\WEANING\Day 3\CS_1320_WEAN_d3_p5_cowT_25102025_ch05-20251025154104_28327_28359.mp4,E:\cross_sucking\Pen 5 - Group 3\WEANING\Day 3\CS_1320_WEAN_d3_p5_cowT_25102025_ch05-20251025154104_28327_28359.mp4,created,1,1,Pen_5_WEAN_Day_3_25102025,Pen 5 - Group 3,WEAN,3,5,25102025,T,other|1|None|side,28327.029,28359.39,28327.029,28359.39,G:\MONITORING CROSS SUCKING IN CALVES - KAPPEL - 2025\Pen 5 - Group 3\WEANING\Day 3\ch05_20251025154104.mp4,ch05_20251025154104.mp4,28026.10078,29427.572069,300.92822,333.28922
1364,CS_1321_WEAN_d3_p5_cow6_25102025_ch05-20251025160436_29850_29857.mp4,Pen 5 - Group 3\WEANING\Day 3\CS_1321_WEAN_d3_p5_cow6_25102025_ch05-20251025160436_29850_29857.mp4,E:\cross_sucking\Pen 5 - Group 3\WEANING\Day 3\CS_1321_WEAN_d3_p5_cow6_25102025_ch05-20251025160436_29850_29857.mp4,created,1,1,Pen_5_WEAN_Day_3_25102025,Pen 5 - Group 3,WEAN,3,5,25102025,6,other|8|None|side,29850.833,29857.186,29850.833,29857.186,G:\MONITORING CROSS SUCKING IN CALVES - KAPPEL - 2025\Pen 5 - Group 3\WEANING\Day 3\ch05_20251025160436.mp4,ch05_20251025160436.mp4,29427.572069,30829.000358,423.260931,429.613931
1365,CS_1322_WEAN_d3_p5_cowT_25102025_ch05-20251025160436_30075_30087.mp4,Pen 5 - Group 3\WEANING\Day 3\CS_1322_WEAN_d3_p5_cowT_25102025_ch05-20251025160436_30075_30087.mp4,E:\cross_sucking\Pen 5 - Group 3\WEANING\Day 3\CS_1322_WEAN_d3_p5_cowT_25102025_ch05-20251025160436_30075_30087.mp4,created,1,1,Pen_5_WEAN_Day_3_25102025,Pen 5 - Group 3,WEAN,3,5,25102025,T,other|O|None|side,30075.011,30087.515,30075.011,30087.515,G:\MONITORING CROSS SUCKING IN CALVES - KAPPEL - 2025\Pen 5 - Group 3\WEANING\Day 3\ch05_20251025160436.mp4,ch05_20251025160436.mp4,29427.572069,30829.000358,647.438931,659.942931
1366,CS_1323_WEAN_d3_p5_cowA_25102025_ch05-20251025160436_30277_30281.mp4,Pen 5 - Group 3\WEANING\Day 3\CS_1323_WEAN_d3_p5_cowA_25102025_ch05-20251025160436_30277_30281.mp4,E:\cross_sucking\Pen 5 - Group 3\WEANING\Day 3\CS_1323_WEAN_d3_p5_cowA_25102025_ch05-20251025160436_30277_30281.mp4,created,1,1,Pen_5_WEAN_Day_3_25102025,Pen 5 - Group 3,WEAN,3,5,25102025,A,other|T|None|side,30277.392,30281.758,30277.392,30281.758,G:\MONITORING CROSS SUCKING IN CALVES - KAPPEL - 2025\Pen 5 - Group 3\WEANING\Day 3\ch05_20251025160436.mp4,ch05_20251025160436.mp4,29427.572069,30829.000358,849.819931,854.185931
1367,CS_1324_WEAN_d3_p5_cowA_25102025_ch05-20251025160436_30284_30286.mp4,Pen 5 - Group 3\WEANING\Day 3\CS_1324_WEAN_d3_p5_cowA_25102025_ch05-20251025160436_30284_30286.mp4,E:\cross_sucking\Pen 5 - Group 3\WEANING\Day 3\CS_1324_WEAN_d3_p5_cowA_25102025_ch05-20251025160436_30284_30286.mp4,created,1,1,Pen_5_WEAN_Day_3_25102025,Pen 5 - Group 3,WEAN,3,5,25102025,A,other|T|None|side,30284.408,30286.789,30284.408,30286.789,G:\MONITORING CROSS SUCKING IN CALVES - KAPPEL - 2025\Pen 5 - Group 3\WEANING\Day 3\ch05_20251025160436.mp4,ch05_20251025160436.mp4,29427.572069,30829.000358,856.835931,859.216931
1368,CS_1325_WEAN_d3_p5_cowT_25102025_ch05-20251025162808_30890_30918.mp4,Pen 5 - Group 3\WEANING\Day 3\CS_1325_WEAN_d3_p5_cowT_25102025_ch05-20251025162808_30890_30918.mp4,E:\cross_sucking\Pen 5 - Group 3\WEANING\Day 3\CS_1325_WEAN_d3_p5_cowT_25102025_ch05-20251025162808_30890_30918.mp4,created,1,1,Pen_5_WEAN_Day_3_25102025,Pen 5 - Group 3,WEAN,3,5,25102025,T,other|O|None|behind,30890.198,30918.511,30890.198,30918.511,G:\MONITORING CROSS SUCKING IN CALVES - KAPPEL - 2025\Pen 5 - Group 3\WEANING\Day 3\ch05_20251025162808.mp4,ch05_20251025162808.mp4,30829.000358,32230.468647,61.197642,89.510642
1369,CS_1326_WEAN_d3_p5_cowT_25102025_ch05-20251025162808_30944_30980.mp4,Pen 5 - Group 3\WEANING\Day 3\CS_1326_WEAN_d3_p5_cowT_25102025_ch05-20251025162808_30944_30980.mp4,E:\cross_sucking\Pen 5 - Group 3\WEANING\Day 3\CS_1326_WEAN_d3_p5_cowT_25102025_ch05-20251025162808_30944_30980.mp4,created,1,1,Pen_5_WEAN_Day_3_25102025,Pen 5 - Group 3,WEAN,3,5,25102025,T,other|O|None|behind,30944.249,30980.853,30944.249,30980.853,G:\MONITORING CROSS SUCKING IN CALVES - KAPPEL - 2025\Pen 5 - Group 3\WEANING\Day 3\ch05_20251025162808.mp4,ch05_20251025162808.mp4,30829.000358,32230.468647,115.248642,151.852642
1370,CS_1327_WEAN_d3_p5_cowT_25102025_ch05-20251025162808_31503_31538.mp4,Pen 5 - Group 3\WEANING\Day 3\CS_1327_WEAN_d3_p5_cowT_25102025_ch05-20251025162808_31503_31538.mp4,E:\cross_sucking\Pen 5 - Group 3\WEANING\Day 3\CS_1327_WEAN_d3_p5_cowT_25102025_ch05-20251025162808_31503_31538.mp4,created,1,1,Pen_5_WEAN_Day_3_25102025,Pen 5 - Group 3,WEAN,3,5,25102025,T,other|1|None|side,31503.762,31538.585,31503.762,31538.585,G:\MONITORING CROSS SUCKING IN CALVES - KAPPEL - 2025\Pen 5 - Group 3\WEANING\Day 3\ch05_20251025162808.mp4,ch05_20251025162808.mp4,30829.000358,32230.468647,674.761642,709.584642
1371,CS_1328_WEAN_d3_p5_cow2_25102025_ch05-20251025165140_32503_32505.mp4,Pen 5 - Group 3\WEANING\Day 3\CS_1328_WEAN_d3_p5_cow2_25102025_ch05-20251025165140_32503_32505.mp4,E:\cross_sucking\Pen 5 - Group 3\WEANING\Day 3\CS_1328_WEAN_d3_p5_cow2_25102025_ch05-20251025165140_32503_32505.mp4,created,1,1,Pen_5_WEAN_Day_3_25102025,Pen 5 - Group 3,WEAN,3,5,25102025,2,other|O|None|side,32503.204,32505.986,32503.204,32505.986,G:\MONITORING CROSS SUCKING IN CALVES - KAPPEL - 2025\Pen 5 - Group 3\WEANING\Day 3\ch05_20251025165140.mp4,ch05_20251025165140.mp4,32230.468647,33631.91658,272.735353,275.517353
1372,CS_1329_WEAN_d3_p5_cowO_25102025_ch05-20251025165140_32618_32798.mp4,Pen 5 - Group 3\WEANING\Day 3\CS_1329_WEAN_d3_p5_cowO_25102025_ch05-20251025165140_32618_32798.mp4,E:\cross_sucking\Pen 5 - Group 3\WEANING\Day 3\CS_1329_WEAN_d3_p5_cowO_25102025_ch05-20251025165140_32618_32798.mp4,created,1,1,Pen_5_WEAN_Day_3_25102025,Pen 5 - Group 3,WEAN,3,5,25102025,O,other|1|None|side,32618.604,32798.518,32618.604,32798.518,G:\MONITORING CROSS SUCKING IN CALVES - KAPPEL - 2025\Pen 5 - Group 3\WEANING\Day 3\ch05_20251025165140.mp4,ch05_20251025165140.mp4,32230.468647,33631.91658,388.135353,568.049353
1373,CS_1330_WEAN_d3_p5_cow1_25102025_ch05-20251025165140_32667_32693.mp4,Pen 5 - Group 3\WEANING\Day 3\CS_1330_WEAN_d3_p5_cow1_25102025_ch05-20251025165140_32667_32693.mp4,E:\cross_sucking\Pen 5 - Group 3\WEANING\Day 3\CS_1330_WEAN_d3_p5_cow1_25102025_ch05-20251025165140_32667_32693.mp4,created,1,1,Pen_5_WEAN_Day_3_25102025,Pen 5 - Group 3,WEAN,3,5,25102025,1,other|O|reciprocal|side,32667.958,32693.774,32667.958,32693.774,G:\MONITORING CROSS SUCKING IN CALVES - KAPPEL - 2025\Pen 5 - Group 3\WEANING\Day 3\ch05_20251025165140.mp4,ch05_20251025165140.mp4,32230.468647,33631.91658,437.489353,463.305353
1374,CS_1331_WEAN_d3_p5_cowA_25102025_ch05-20251025211031_48004_48127.mp4,Pen 5 - Group 3\WEANING\Day 3\CS_1331_WEAN_d3_p5_cowA_25102025_ch05-20251025211031_48004_48127.mp4,E:\cross_sucking\Pen 5 - Group 3\WEANING\Day 3\CS_1331_WEAN_d3_p5_cowA_25102025_ch05-20251025211031_48004_48127.mp4,created,1,1,Pen_5_WEAN_Day_3_25102025,Pen 5 - Group 3,WEAN,3,5,25102025,A,milk feeder|6|None|behind,48004.766,48127.316,48004.766,48127.316,G:\MONITORING CROSS SUCKING IN CALVES - KAPPEL - 2025\Pen 5 - Group 3\WEANING\Day 3\ch05_20251025211031.mp4,ch05_20251025211031.mp4,47645.316114,49046.711403,359.449886,481.999886
1375,CS_1332_WEAN_d3_p5_cowA_25102025_ch05-20251025211031_48129_48146.mp4,Pen 5 - Group 3\WEANING\Day 3\CS_1332_WEAN_d3_p5_cowA_25102025_ch05-20251025211031_48129_48146.mp4,E:\cross_sucking\Pen 5 - Group 3\WEANING\Day 3\CS_1332_WEAN_d3_p5_cowA_25102025_ch05-20251025211031_48129_48146.mp4,created,1,1,Pen_5_WEAN_Day_3_25102025,Pen 5 - Group 3,WEAN,3,5,25102025,A,milk feeder|6|None|behind,48129.308,48146.507,48129.308,48146.507,G:\MONITORING CROSS SUCKING IN CALVES - KAPPEL - 2025\Pen 5 - Group 3\WEANING\Day 3\ch05_20251025211031.mp4,ch05_20251025211031.mp4,47645.316114,49046.711403,483.991886,501.190886
1376,CS_1333_WEAN_d3_p5_cowA_25102025_ch05-20251025211031_48160_48246.mp4,Pen 5 - Group 3\WEANING\Day 3\CS_1333_WEAN_d3_p5_cowA_25102025_ch05-20251025211031_48160_48246.mp4,E:\cross_sucking\Pen 5 - Group 3\WEANING\Day 3\CS_1333_WEAN_d3_p5_cowA_25102025_ch05-20251025211031_48160_48246.mp4,created,1,1,Pen_5_WEAN_Day_3_25102025,Pen 5 - Group 3,WEAN,3,5,25102025,A,milk feeder|T|None|behind,48160.326,48246.807,48160.326,48246.807,G:\MONITORING CROSS SUCKING IN CALVES - KAPPEL - 2025\Pen 5 - Group 3\WEANING\Day 3\ch05_20251025211031.mp4,ch05_20251025211031.mp4,47645.316114,49046.711403,515.009886,601.490886
1377,CS_1334_WEAN_d3_p5_cowA_25102025_ch05-20251025211031_48256_48335.mp4,Pen 5 - Group 3\WEANING\Day 3\CS_1334_WEAN_d3_p5_cowA_25102025_ch05-20251025211031_48256_48335.mp4,E:\cross_sucking\Pen 5 - Group 3\WEANING\Day 3\CS_1334_WEAN_d3_p5_cowA_25102025_ch05-20251025211031_48256_48335.mp4,created,1,1,Pen_5_WEAN_Day_3_25102025,Pen 5 - Group 3,WEAN,3,5,25102025,A,milk feeder|T|None|behind,48256.871,48335.19,48256.871,48335.19,G:\MONITORING CROSS SUCKING IN CALVES - KAPPEL - 2025\Pen 5 - Group 3\WEANING\Day 3\ch05_20251025211031.mp4,ch05_20251025211031.mp4,47645.316114,49046.711403,611.554886,689.873886
1378,CS_1335_WEAN_d3_p5_cowA_25102025_ch05-20251025211031_48345_48422.mp4,Pen 5 - Group 3\WEANING\Day 3\CS_1335_WEAN_d3_p5_cowA_25102025_ch05-20251025211031_48345_48422.mp4,E:\cross_sucking\Pen 5 - Group 3\WEANING\Day 3\CS_1335_WEAN_d3_p5_cowA_25102025_ch05-20251025211031_48345_48422.mp4,created,1,1,Pen_5_WEAN_Day_3_25102025,Pen 5 - Group 3,WEAN,3,5,25102025,A,milk feeder|T|None|behind,48345.312,48422.773,48345.312,48422.773,G:\MONITORING CROSS SUCKING IN CALVES - KAPPEL - 2025\Pen 5 - Group 3\WEANING\Day 3\ch05_20251025211031.mp4,ch05_20251025211031.mp4,47645.316114,49046.711403,699.995886,777.456886
1379,CS_1336_WEAN_d3_p5_cow8_25102025_ch05-20251025211031_48440_48443.mp4,Pen 5 - Group 3\WEANING\Day 3\CS_1336_WEAN_d3_p5_cow8_25102025_ch05-20251025211031_48440_48443.mp4,E:\cross_sucking\Pen 5 - Group 3\WEANING\Day 3\CS_1336_WEAN_d3_p5_cow8_25102025_ch05-20251025211031_48440_48443.mp4,created,1,1,Pen_5_WEAN_Day_3_25102025,Pen 5 - Group 3,WEAN,3,5,25102025,8,milk feeder|A|None|behind,48440.046,48443.227,48440.046,48443.227,G:\MONITORING CROSS SUCKING IN CALVES - KAPPEL - 2025\Pen 5 - Group 3\WEANING\Day 3\ch05_20251025211031.mp4,ch05_20251025211031.mp4,47645.316114,49046.711403,794.729886,797.910886
1380,CS_1337_WEAN_d3_p5_cowT_25102025_ch05-20251025211031_48520_48557.mp4,Pen 5 - Group 3\WEANING\Day 3\CS_1337_WEAN_d3_p5_cowT_25102025_ch05-20251025211031_48520_48557.mp4,E:\cross_sucking\Pen 5 - Group 3\WEANING\Day 3\CS_1337_WEAN_d3_p5_cowT_25102025_ch05-20251025211031_48520_48557.mp4,created,1,1,Pen_5_WEAN_Day_3_25102025,Pen 5 - Group 3,WEAN,3,5,25102025,T,milk feeder|A|None|behind,48520.71,48557.501,48520.71,48557.501,G:\MONITORING CROSS SUCKING IN CALVES - KAPPEL - 2025\Pen 5 - Group 3\WEANING\Day 3\ch05_20251025211031.mp4,ch05_20251025211031.mp4,47645.316114,49046.711403,875.393886,912.184886
1381,CS_1338_WEAN_d3_p5_cowT_25102025_ch05-20251025211031_48566_48569.mp4,Pen 5 - Group 3\WEANING\Day 3\CS_1338_WEAN_d3_p5_cowT_25102025_ch05-20251025211031_48566_48569.mp4,E:\cross_sucking\Pen 5 - Group 3\WEANING\Day 3\CS_1338_WEAN_d3_p5_cowT_25102025_ch05-20251025211031_48566_48569.mp4,created,1,1,Pen_5_WEAN_Day_3_25102025,Pen 5 - Group 3,WEAN,3,5,25102025,T,other|8|None|side,48566.369,48569.146,48566.369,48569.146,G:\MONITORING CROSS SUCKING IN CALVES - KAPPEL - 2025\Pen 5 - Group 3\WEANING\Day 3\ch05_20251025211031.mp4,ch05_20251025211031.mp4,47645.316114,49046.711403,921.052886,923.829886
1382,CS_1339_WEAN_d3_p5_cowT_25102025_ch05-20251025211031_48591_48600.mp4,Pen 5 - Group 3\WEANING\Day 3\CS_1339_WEAN_d3_p5_cowT_25102025_ch05-20251025211031_48591_48600.mp4,E:\cross_sucking\Pen 5 - Group 3\WEANING\Day 3\CS_1339_WEAN_d3_p5_cowT_25102025_ch05-20251025211031_48591_48600.mp4,created,1,1,Pen_5_WEAN_Day_3_25102025,Pen 5 - Group 3,WEAN,3,5,25102025,T,other|8|None|side,48591.705,48600.439,48591.705,48600.439,G:\MONITORING CROSS SUCKING IN CALVES - KAPPEL - 2025\Pen 5 - Group 3\WEANING\Day 3\ch05_20251025211031.mp4,ch05_20251025211031.mp4,47645.316114,49046.711403,946.388886,955.122886
1383,CS_1340_WEAN_d3_p5_cowT_25102025_ch05-20251025211031_48602_48641.mp4,Pen 5 - Group 3\WEANING\Day 3\CS_1340_WEAN_d3_p5_cowT_25102025_ch05-20251025211031_48602_48641.mp4,E:\cross_sucking\Pen 5 - Group 3\WEANING\Day 3\CS_1340_WEAN_d3_p5_cowT_25102025_ch05-20251025211031_48602_48641.mp4,created,1,1,Pen_5_WEAN_Day_3_25102025,Pen 5 - Group 3,WEAN,3,5,25102025,T,other|8|None|side,48602.225,48641.524,48602.225,48641.524,G:\MONITORING CROSS SUCKING IN CALVES - KAPPEL - 2025\Pen 5 - Group 3\WEANING\Day 3\ch05_20251025211031.mp4,ch05_20251025211031.mp4,47645.316114,49046.711403,956.908886,996.207886
1384,CS_1341_WEAN_d3_p5_cowT_25102025_ch05-20251025211031_48643_48668.mp4,Pen 5 - Group 3\WEANING\Day 3\CS_1341_WEAN_d3_p5_cowT_25102025_ch05-20251025211031_48643_48668.mp4,E:\cross_sucking\Pen 5 - Group 3\WEANING\Day 3\CS_1341_WEAN_d3_p5_cowT_25102025_ch05-20251025211031_48643_48668.mp4,created,1,1,Pen_5_WEAN_Day_3_25102025,Pen 5 - Group 3,WEAN,3,5,25102025,T,other|8|None|side,48643.972,48668.192,48643.972,48668.192,G:\MONITORING CROSS SUCKING IN CALVES - KAPPEL - 2025\Pen 5 - Group 3\WEANING\Day 3\ch05_20251025211031.mp4,ch05_20251025211031.mp4,47645.316114,49046.711403,998.655886,1022.875886
1385,CS_1342_WEAN_d3_p5_cowA_25102025_ch05-20251025211031_48716_48753.mp4,Pen 5 - Group 3\WEANING\Day 3\CS_1342_WEAN_d3_p5_cowA_25102025_ch05-20251025211031_48716_48753.mp4,E:\cross_sucking\Pen 5 - Group 3\WEANING\Day 3\CS_1342_WEAN_d3_p5_cowA_25102025_ch05-20251025211031_48716_48753.mp4,created,1,1,Pen_5_WEAN_Day_3_25102025,Pen 5 - Group 3,WEAN,3,5,25102025,A,other|6|None|side,48716.692,48753.478,48716.692,48753.478,G:\MONITORING CROSS SUCKING IN CALVES - KAPPEL - 2025\Pen 5 - Group 3\WEANING\Day 3\ch05_20251025211031.mp4,ch05_20251025211031.mp4,47645.316114,49046.711403,1071.375886,1108.161886
1386,CS_1343_WEAN_d3_p5_cowT_25102025_ch05-20251025211031_48735_48790.mp4,Pen 5 - Group 3\WEANING\Day 3\CS_1343_WEAN_d3_p5_cowT_25102025_ch05-20251025211031_48735_48790.mp4,E:\cross_sucking\Pen 5 - Group 3\WEANING\Day 3\CS_1343_WEAN_d3_p5_cowT_25102025_ch05-20251025211031_48735_48790.mp4,created,1,1,Pen_5_WEAN_Day_3_25102025,Pen 5 - Group 3,WEAN,3,5,25102025,T,other|2|None|side,48735.149,48790.976,48735.149,48790.976,G:\MONITORING CROSS SUCKING IN CALVES - KAPPEL - 2025\Pen 5 - Group 3\WEANING\Day 3\ch05_20251025211031.mp4,ch05_20251025211031.mp4,47645.316114,49046.711403,1089.832886,1145.659886
1387,CS_1344_WEAN_d3_p5_cow2_25102025_ch05-20251025211031_48742_48791.mp4,Pen 5 - Group 3\WEANING\Day 3\CS_1344_WEAN_d3_p5_cow2_25102025_ch05-20251025211031_48742_48791.mp4,E:\cross_sucking\Pen 5 - Group 3\WEANING\Day 3\CS_1344_WEAN_d3_p5_cow2_25102025_ch05-20251025211031_48742_48791.mp4,created,1,1,Pen_5_WEAN_Day_3_25102025,Pen 5 - Group 3,WEAN,3,5,25102025,2,other|T|reciprocal|side,48742.226,48791.44,48742.226,48791.44,G:\MONITORING CROSS SUCKING IN CALVES - KAPPEL - 2025\Pen 5 - Group 3\WEANING\Day 3\ch05_20251025211031.mp4,ch05_20251025211031.mp4,47645.316114,49046.711403,1096.909886,1146.123886
1388,CS_1345_WEAN_d3_p5_cowA_25102025_ch05-20251025211031_48756_48797.mp4,Pen 5 - Group 3\WEANING\Day 3\CS_1345_WEAN_d3_p5_cowA_25102025_ch05-20251025211031_48756_48797.mp4,E:\cross_sucking\Pen 5 - Group 3\WEANING\Day 3\CS_1345_WEAN_d3_p5_cowA_25102025_ch05-20251025211031_48756_48797.mp4,created,1,1,Pen_5_WEAN_Day_3_25102025,Pen 5 - Group 3,WEAN,3,5,25102025,A,other|6|None|side,48756.059,48797.727,48756.059,48797.727,G:\MONITORING CROSS SUCKING IN CALVES - KAPPEL - 2025\Pen 5 - Group 3\WEANING\Day 3\ch05_20251025211031.mp4,ch05_20251025211031.mp4,47645.316114,49046.711403,1110.742886,1152.410886
1389,CS_1346_WEAN_d3_p5_cow6_25102025_ch05-20251025211031_48757_48764.mp4,Pen 5 - Group 3\WEANING\Day 3\CS_1346_WEAN_d3_p5_cow6_25102025_ch05-20251025211031_48757_48764.mp4,E:\cross_sucking\Pen 5 - Group 3\WEANING\Day 3\CS_1346_WEAN_d3_p5_cow6_25102025_ch05-20251025211031_48757_48764.mp4,created,1,1,Pen_5_WEAN_Day_3_25102025,Pen 5 - Group 3,WEAN,3,5,25102025,6,other|A|reciprocal|side,48757.645,48764.589,48757.645,48764.589,G:\MONITORING CROSS SUCKING IN CALVES - KAPPEL - 2025\Pen 5 - Group 3\WEANING\Day 3\ch05_20251025211031.mp4,ch05_20251025211031.mp4,47645.316114,49046.711403,1112.328886,1119.272886
1390,CS_1347_WEAN_d3_p5_cowT_25102025_ch05-20251025211031_48799_48830.mp4,Pen 5 - Group 3\WEANING\Day 3\CS_1347_WEAN_d3_p5_cowT_25102025_ch05-20251025211031_48799_48830.mp4,E:\cross_sucking\Pen 5 - Group 3\WEANING\Day 3\CS_1347_WEAN_d3_p5_cowT_25102025_ch05-20251025211031_48799_48830.mp4,created,1,1,Pen_5_WEAN_Day_3_25102025,Pen 5 - Group 3,WEAN,3,5,25102025,T,other|2|None|side,48799.583,48830.813,48799.583,48830.813,G:\MONITORING CROSS SUCKING IN CALVES - KAPPEL - 2025\Pen 5 - Group 3\WEANING\Day 3\ch05_20251025211031.mp4,ch05_20251025211031.mp4,47645.316114,49046.711403,1154.266886,1185.496886
1391,CS_1348_WEAN_d3_p5_cowA_25102025_ch05-20251025211031_48802_48865.mp4,Pen 5 - Group 3\WEANING\Day 3\CS_1348_WEAN_d3_p5_cowA_25102025_ch05-20251025211031_48802_48865.mp4,E:\cross_sucking\Pen 5 - Group 3\WEANING\Day 3\CS_1348_WEAN_d3_p5_cowA_25102025_ch05-20251025211031_48802_48865.mp4,created,1,1,Pen_5_WEAN_Day_3_25102025,Pen 5 - Group 3,WEAN,3,5,25102025,A,other|6|None|side,48802.558,48865.542,48802.558,48865.542,G:\MONITORING CROSS SUCKING IN CALVES - KAPPEL - 2025\Pen 5 - Group 3\WEANING\Day 3\ch05_20251025211031.mp4,ch05_20251025211031.mp4,47645.316114,49046.711403,1157.241886,1220.225886
1392,CS_1349_WEAN_d3_p5_cowA_25102025_ch05-20251025211031_48887_48937.mp4,Pen 5 - Group 3\WEANING\Day 3\CS_1349_WEAN_d3_p5_cowA_25102025_ch05-20251025211031_48887_48937.mp4,E:\cross_sucking\Pen 5 - Group 3\WEANING\Day 3\CS_1349_WEAN_d3_p5_cowA_25102025_ch05-20251025211031_48887_48937.mp4,created,1,1,Pen_5_WEAN_Day_3_25102025,Pen 5 - Group 3,WEAN,3,5,25102025,A,other|6|None|side,48887.973,48937.2,48887.973,48937.2,G:\MONITORING CROSS SUCKING IN CALVES - KAPPEL - 2025\Pen 5 - Group 3\WEANING\Day 3\ch05_20251025211031.mp4,ch05_20251025211031.mp4,47645.316114,49046.711403,1242.656886,1291.883886
1393,CS_1350_WEAN_d3_p5_cowA_25102025_ch05-20251025211031_48945_49033.mp4,Pen 5 - Group 3\WEANING\Day 3\CS_1350_WEAN_d3_p5_cowA_25102025_ch05-20251025211031_48945_49033.mp4,E:\cross_sucking\Pen 5 - Group 3\WEANING\Day 3\CS_1350_WEAN_d3_p5_cowA_25102025_ch05-20251025211031_48945_49033.mp4,created,1,1,Pen_5_WEAN_Day_3_25102025,Pen 5 - Group 3,WEAN,3,5,25102025,A,other|6|None|side,48945.274,49033.26,48945.274,49033.26,G:\MONITORING CROSS SUCKING IN CALVES - KAPPEL - 2025\Pen 5 - Group 3\WEANING\Day 3\ch05_20251025211031.mp4,ch05_20251025211031.mp4,47645.316114,49046.711403,1299.957886,1387.943886
1394,CS_1351_WEAN_d3_p5_cowA_25102025_ch05-20251025213403_49066_49072.mp4,Pen 5 - Group 3\WEANING\Day 3\CS_1351_WEAN_d3_p5_cowA_25102025_ch05-20251025213403_49066_49072.mp4,E:\cross_sucking\Pen 5 - Group 3\WEANING\Day 3\CS_1351_WEAN_d3_p5_cowA_25102025_ch05-20251025213403_49066_49072.mp4,created,1,1,Pen_5_WEAN_Day_3_25102025,Pen 5 - Group 3,WEAN,3,5,25102025,A,other|8|None|side,49066.085,49072.766,49066.085,49072.766,G:\MONITORING CROSS SUCKING IN CALVES - KAPPEL - 2025\Pen 5 - Group 3\WEANING\Day 3\ch05_20251025213403.mp4,ch05_20251025213403.mp4,49046.711403,50448.045692,19.373597,26.054597
1395,CS_1352_WEAN_d3_p5_cowA_25102025_ch05-20251025213403_49081_49099.mp4,Pen 5 - Group 3\WEANING\Day 3\CS_1352_WEAN_d3_p5_cowA_25102025_ch05-20251025213403_49081_49099.mp4,E:\cross_sucking\Pen 5 - Group 3\WEANING\Day 3\CS_1352_WEAN_d3_p5_cowA_25102025_ch05-20251025213403_49081_49099.mp4,created,1,1,Pen_5_WEAN_Day_3_25102025,Pen 5 - Group 3,WEAN,3,5,25102025,A,other|8|None|side,49081.098,49099.157,49081.098,49099.157,G:\MONITORING CROSS SUCKING IN CALVES - KAPPEL - 2025\Pen 5 - Group 3\WEANING\Day 3\ch05_20251025213403.mp4,ch05_20251025213403.mp4,49046.711403,50448.045692,34.386597,52.445597
1396,CS_1353_WEAN_d3_p5_cow8_25102025_ch05-20251025213403_49537_49548.mp4,Pen 5 - Group 3\WEANING\Day 3\CS_1353_WEAN_d3_p5_cow8_25102025_ch05-20251025213403_49537_49548.mp4,E:\cross_sucking\Pen 5 - Group 3\WEANING\Day 3\CS_1353_WEAN_d3_p5_cow8_25102025_ch05-20251025213403_49537_49548.mp4,created,1,1,Pen_5_WEAN_Day_3_25102025,Pen 5 - Group 3,WEAN,3,5,25102025,8,other|/|None|behind,49537.637,49548.35,49537.637,49548.35,G:\MONITORING CROSS SUCKING IN CALVES - KAPPEL - 2025\Pen 5 - Group 3\WEANING\Day 3\ch05_20251025213403.mp4,ch05_20251025213403.mp4,49046.711403,50448.045692,490.925597,501.638597
1397,CS_1354_WEAN_d3_p5_cow2_25102025_ch05-20251025224439_53351_53367.mp4,Pen 5 - Group 3\WEANING\Day 3\CS_1354_WEAN_d3_p5_cow2_25102025_ch05-20251025224439_53351_53367.mp4,E:\cross_sucking\Pen 5 - Group 3\WEANING\Day 3\CS_1354_WEAN_d3_p5_cow2_25102025_ch05-20251025224439_53351_53367.mp4,created,1,1,Pen_5_WEAN_Day_3_25102025,Pen 5 - Group 3,WEAN,3,5,25102025,2,milk feeder|O|None|behind,53351.657,53367.208,53351.657,53367.208,G:\MONITORING CROSS SUCKING IN CALVES - KAPPEL - 2025\Pen 5 - Group 3\WEANING\Day 3\ch05_20251025224439.mp4,ch05_20251025224439.mp4,53250.78227,54652.289559,100.87473,116.42573
1398,CS_1355_WEAN_d3_p5_cowO_25102025_ch05-20251025224439_53758_53786.mp4,Pen 5 - Group 3\WEANING\Day 3\CS_1355_WEAN_d3_p5_cowO_25102025_ch05-20251025224439_53758_53786.mp4,E:\cross_sucking\Pen 5 - Group 3\WEANING\Day 3\CS_1355_WEAN_d3_p5_cowO_25102025_ch05-20251025224439_53758_53786.mp4,created,1,1,Pen_5_WEAN_Day_3_25102025,Pen 5 - Group 3,WEAN,3,5,25102025,O,grain feeder|2|None|behind,53758.061,53786.446,53758.061,53786.446,G:\MONITORING CROSS SUCKING IN CALVES - KAPPEL - 2025\Pen 5 - Group 3\WEANING\Day 3\ch05_20251025224439.mp4,ch05_20251025224439.mp4,53250.78227,54652.289559,507.27873,535.66373
1399,CS_1356_WEAN_d3_p5_cow8_25102025_ch05-20251026001847_58922_59020.mp4,Pen 5 - Group 3\WEANING\Day 3\CS_1356_WEAN_d3_p5_cow8_25102025_ch05-20251026001847_58922_59020.mp4,E:\cross_sucking\Pen 5 - Group 3\WEANING\Day 3\CS_1356_WEAN_d3_p5_cow8_25102025_ch05-20251026001847_58922_59020.mp4,created,1,1,Pen_5_WEAN_Day_3_25102025,Pen 5 - Group 3,WEAN,3,5,25102025,8,other|/|None|side,58922.183,59020.19,58922.183,59020.19,G:\MONITORING CROSS SUCKING IN CALVES - KAPPEL - 2025\Pen 5 - Group 3\WEANING\Day 3\ch05_20251026001847.mp4,ch05_20251026001847.mp4,58856.562426,60258.059715,65.620574,163.627574
1400,CS_1357_WEAN_d3_p5_cow6_25102025_ch05-20251026021626_66143_66232.mp4,Pen 5 - Group 3\WEANING\Day 3\CS_1357_WEAN_d3_p5_cow6_25102025_ch05-20251026021626_66143_66232.mp4,E:\cross_sucking\Pen 5 - Group 3\WEANING\Day 3\CS_1357_WEAN_d3_p5_cow6_25102025_ch05-20251026021626_66143_66232.mp4,created,1,1,Pen_5_WEAN_Day_3_25102025,Pen 5 - Group 3,WEAN,3,5,25102025,6,milk feeder|T|None|behind,66143.922,66232.646,66143.922,66232.646,G:\MONITORING CROSS SUCKING IN CALVES - KAPPEL - 2025\Pen 5 - Group 3\WEANING\Day 3\ch05_20251026021626.mp4,ch05_20251026021626.mp4,65863.988515,67265.463804,279.933485,368.657485
1401,CS_1358_WEAN_d3_p5_cowslash_25102025_ch05-20251026023959_67492_67507.mp4,Pen 5 - Group 3\WEANING\Day 3\CS_1358_WEAN_d3_p5_cowslash_25102025_ch05-20251026023959_67492_67507.mp4,E:\cross_sucking\Pen 5 - Group 3\WEANING\Day 3\CS_1358_WEAN_d3_p5_cowslash_25102025_ch05-20251026023959_67492_67507.mp4,created,1,1,Pen_5_WEAN_Day_3_25102025,Pen 5 - Group 3,WEAN,3,5,25102025,/,milk feeder|1|None|behind,67492.066,67507.152,67492.066,67507.152,G:\MONITORING CROSS SUCKING IN CALVES - KAPPEL - 2025\Pen 5 - Group 3\WEANING\Day 3\ch05_20251026023959.mp4,ch05_20251026023959.mp4,67265.463804,68666.910737,226.602196,241.688196
1402,CS_1359_WEAN_d3_p5_cowA_25102025_ch05-20251026023959_67507_67533.mp4,Pen 5 - Group 3\WEANING\Day 3\CS_1359_WEAN_d3_p5_cowA_25102025_ch05-20251026023959_67507_67533.mp4,E:\cross_sucking\Pen 5 - Group 3\WEANING\Day 3\CS_1359_WEAN_d3_p5_cowA_25102025_ch05-20251026023959_67507_67533.mp4,created,1,1,Pen_5_WEAN_Day_3_25102025,Pen 5 - Group 3,WEAN,3,5,25102025,A,milk feeder|1|None|behind,67507.152,67533.621,67507.152,67533.621,G:\MONITORING CROSS SUCKING IN CALVES - KAPPEL - 2025\Pen 5 - Group 3\WEANING\Day 3\ch05_20251026023959.mp4,ch05_20251026023959.mp4,67265.463804,68666.910737,241.688196,268.157196
1403,CS_1360_WEAN_d3_p5_cow1_25102025_ch05-20251026023959_67580_67606.mp4,Pen 5 - Group 3\WEANING\Day 3\CS_1360_WEAN_d3_p5_cow1_25102025_ch05-20251026023959_67580_67606.mp4,E:\cross_sucking\Pen 5 - Group 3\WEANING\Day 3\CS_1360_WEAN_d3_p5_cow1_25102025_ch05-20251026023959_67580_67606.mp4,created,1,1,Pen_5_WEAN_Day_3_25102025,Pen 5 - Group 3,WEAN,3,5,25102025,1,milk feeder|A|None|behind,67580.726,67606.985,67580.726,67606.985,G:\MONITORING CROSS SUCKING IN CALVES - KAPPEL - 2025\Pen 5 - Group 3\WEANING\Day 3\ch05_20251026023959.mp4,ch05_20251026023959.mp4,67265.463804,68666.910737,315.262196,341.521196
1404,CS_1361_WEAN_d3_p5_cowO_25102025_ch05-20251026052442_77423_77447.mp4,Pen 5 - Group 3\WEANING\Day 3\CS_1361_WEAN_d3_p5_cowO_25102025_ch05-20251026052442_77423_77447.mp4,E:\cross_sucking\Pen 5 - Group 3\WEANING\Day 3\CS_1361_WEAN_d3_p5_cowO_25102025_ch05-20251026052442_77423_77447.mp4,created,1,1,Pen_5_WEAN_Day_3_25102025,Pen 5 - Group 3,WEAN,3,5,25102025,O,milk feeder|T|None|behind,77423.534,77447.881,77423.534,77447.881,G:\MONITORING CROSS SUCKING IN CALVES - KAPPEL - 2025\Pen 5 - Group 3\WEANING\Day 3\ch05_20251026052442.mp4,ch05_20251026052442.mp4,77075.884471,78477.41676,347.649529,371.996529
1405,CS_1362_WEAN_d3_p5_cowT_25102025_ch05-20251026052442_77539_77845.mp4,Pen 5 - Group 3\WEANING\Day 3\CS_1362_WEAN_d3_p5_cowT_25102025_ch05-20251026052442_77539_77845.mp4,E:\cross_sucking\Pen 5 - Group 3\WEANING\Day 3\CS_1362_WEAN_d3_p5_cowT_25102025_ch05-20251026052442_77539_77845.mp4,created,1,1,Pen_5_WEAN_Day_3_25102025,Pen 5 - Group 3,WEAN,3,5,25102025,T,other|O|None|side,77539.211,77845.902,77539.211,77845.902,G:\MONITORING CROSS SUCKING IN CALVES - KAPPEL - 2025\Pen 5 - Group 3\WEANING\Day 3\ch05_20251026052442.mp4,ch05_20251026052442.mp4,77075.884471,78477.41676,463.326529,770.017529
1406,CS_1363_WEAN_d3_p5_cowO_25102025_ch05-20251026052442_77542_77625.mp4,Pen 5 - Group 3\WEANING\Day 3\CS_1363_WEAN_d3_p5_cowO_25102025_ch05-20251026052442_77542_77625.mp4,E:\cross_sucking\Pen 5 - Group 3\WEANING\Day 3\CS_1363_WEAN_d3_p5_cowO_25102025_ch05-20251026052442_77542_77625.mp4,created,1,1,Pen_5_WEAN_Day_3_25102025,Pen 5 - Group 3,WEAN,3,5,25102025,O,other|T|reciprocal|side,77542.253,77625.021,77542.253,77625.021,G:\MONITORING CROSS SUCKING IN CALVES - KAPPEL - 2025\Pen 5 - Group 3\WEANING\Day 3\ch05_20251026052442.mp4,ch05_20251026052442.mp4,77075.884471,78477.41676,466.368529,549.136529
1407,CS_1364_WEAN_d3_p5_cowO_25102025_ch05-20251026052442_77634_77642.mp4,Pen 5 - Group 3\WEANING\Day 3\CS_1364_WEAN_d3_p5_cowO_25102025_ch05-20251026052442_77634_77642.mp4,E:\cross_sucking\Pen 5 - Group 3\WEANING\Day 3\CS_1364_WEAN_d3_p5_cowO_25102025_ch05-20251026052442_77634_77642.mp4,created,1,1,Pen_5_WEAN_Day_3_25102025,Pen 5 - Group 3,WEAN,3,5,25102025,O,milk feeder|A|None|behind,77634.546,77642.09,77634.546,77642.09,G:\MONITORING CROSS SUCKING IN CALVES - KAPPEL - 2025\Pen 5 - Group 3\WEANING\Day 3\ch05_20251026052442.mp4,ch05_20251026052442.mp4,77075.884471,78477.41676,558.661529,566.205529
1408,CS_1365_WEAN_d3_p5_cowO_25102025_ch05-20251026052442_77643_77747.mp4,Pen 5 - Group 3\WEANING\Day 3\CS_1365_WEAN_d3_p5_cowO_25102025_ch05-20251026052442_77643_77747.mp4,E:\cross_sucking\Pen 5 - Group 3\WEANING\Day 3\CS_1365_WEAN_d3_p5_cowO_25102025_ch05-20251026052442_77643_77747.mp4,created,1,1,Pen_5_WEAN_Day_3_25102025,Pen 5 - Group 3,WEAN,3,5,25102025,O,other|T|reciprocal|side,77643.152,77747.311,77643.152,77747.311,G:\MONITORING CROSS SUCKING IN CALVES - KAPPEL - 2025\Pen 5 - Group 3\WEANING\Day 3\ch05_20251026052442.mp4,ch05_20251026052442.mp4,77075.884471,78477.41676,567.267529,671.426529
1409,CS_1366_WEAN_d3_p5_cowO_25102025_ch05-20251026052442_77754_77845.mp4,Pen 5 - Group 3\WEANING\Day 3\CS_1366_WEAN_d3_p5_cowO_25102025_ch05-20251026052442_77754_77845.mp4,E:\cross_sucking\Pen 5 - Group 3\WEANING\Day 3\CS_1366_WEAN_d3_p5_cowO_25102025_ch05-20251026052442_77754_77845.mp4,created,1,1,Pen_5_WEAN_Day_3_25102025,Pen 5 - Group 3,WEAN,3,5,25102025,O,other|T|reciprocal|side,77754.523,77845.902,77754.523,77845.902,G:\MONITORING CROSS SUCKING IN CALVES - KAPPEL - 2025\Pen 5 - Group 3\WEANING\Day 3\ch05_20251026052442.mp4,ch05_20251026052442.mp4,77075.884471,78477.41676,678.638529,770.017529
1410,CS_1367_WEAN_d3_p5_cowT_25102025_ch05-20251026052442_77865_77911.mp4,Pen 5 - Group 3\WEANING\Day 3\CS_1367_WEAN_d3_p5_cowT_25102025_ch05-20251026052442_77865_77911.mp4,E:\cross_sucking\Pen 5 - Group 3\WEANING\Day 3\CS_1367_WEAN_d3_p5_cowT_25102025_ch05-20251026052442_77865_77911.mp4,created,1,1,Pen_5_WEAN_Day_3_25102025,Pen 5 - Group 3,WEAN,3,5,25102025,T,other|O|reciprocal|side,77865.877,77911.664,77865.877,77911.664,G:\MONITORING CROSS SUCKING IN CALVES - KAPPEL - 2025\Pen 5 - Group 3\WEANING\Day 3\ch05_20251026052442.mp4,ch05_20251026052442.mp4,77075.884471,78477.41676,789.992529,835.779529
1411,CS_1368_WEAN_d3_p5_cowO_25102025_ch05-20251026052442_77867_77906.mp4,Pen 5 - Group 3\WEANING\Day 3\CS_1368_WEAN_d3_p5_cowO_25102025_ch05-20251026052442_77867_77906.mp4,E:\cross_sucking\Pen 5 - Group 3\WEANING\Day 3\CS_1368_WEAN_d3_p5_cowO_25102025_ch05-20251026052442_77867_77906.mp4,created,1,1,Pen_5_WEAN_Day_3_25102025,Pen 5 - Group 3,WEAN,3,5,25102025,O,other|T|reciprocal|side,77867.596,77906.04,77867.596,77906.04,G:\MONITORING CROSS SUCKING IN CALVES - KAPPEL - 2025\Pen 5 - Group 3\WEANING\Day 3\ch05_20251026052442.mp4,ch05_20251026052442.mp4,77075.884471,78477.41676,791.711529,830.155529
1412,CS_1369_WEAN_d3_p5_cowNA_25102025_ch05-20251026052442_77918_77937.mp4,Pen 5 - Group 3\WEANING\Day 3\CS_1369_WEAN_d3_p5_cowNA_25102025_ch05-20251026052442_77918_77937.mp4,E:\cross_sucking\Pen 5 - Group 3\WEANING\Day 3\CS_1369_WEAN_d3_p5_cowNA_25102025_ch05-20251026052442_77918_77937.mp4,created,1,1,Pen_5_WEAN_Day_3_25102025,Pen 5 - Group 3,WEAN,3,5,25102025,,milk feeder|O|None|behind,77918.479,77937.068,77918.479,77937.068,G:\MONITORING CROSS SUCKING IN CALVES - KAPPEL - 2025\Pen 5 - Group 3\WEANING\Day 3\ch05_20251026052442.mp4,ch05_20251026052442.mp4,77075.884471,78477.41676,842.594529,861.183529
1413,CS_1370_WEAN_d3_p5_cowT_25102025_ch05-20251026052442_77946_77985.mp4,Pen 5 - Group 3\WEANING\Day 3\CS_1370_WEAN_d3_p5_cowT_25102025_ch05-20251026052442_77946_77985.mp4,E:\cross_sucking\Pen 5 - Group 3\WEANING\Day 3\CS_1370_WEAN_d3_p5_cowT_25102025_ch05-20251026052442_77946_77985.mp4,created,1,1,Pen_5_WEAN_Day_3_25102025,Pen 5 - Group 3,WEAN,3,5,25102025,T,milk feeder|O|None|behind,77946.067,77985.513,77946.067,77985.513,G:\MONITORING CROSS SUCKING IN CALVES - KAPPEL - 2025\Pen 5 - Group 3\WEANING\Day 3\ch05_20251026052442.mp4,ch05_20251026052442.mp4,77075.884471,78477.41676,870.182529,909.628529
1414,CS_1371_WEAN_d3_p5_cowO_25102025_ch05-20251026052442_78191_78198.mp4,Pen 5 - Group 3\WEANING\Day 3\CS_1371_WEAN_d3_p5_cowO_25102025_ch05-20251026052442_78191_78198.mp4,E:\cross_sucking\Pen 5 - Group 3\WEANING\Day 3\CS_1371_WEAN_d3_p5_cowO_25102025_ch05-20251026052442_78191_78198.mp4,created,1,1,Pen_5_WEAN_Day_3_25102025,Pen 5 - Group 3,WEAN,3,5,25102025,O,grain feeder|A|None|behind,78191.476,78198.614,78191.476,78198.614,G:\MONITORING CROSS SUCKING IN CALVES - KAPPEL - 2025\Pen 5 - Group 3\WEANING\Day 3\ch05_20251026052442.mp4,ch05_20251026052442.mp4,77075.884471,78477.41676,1115.591529,1122.729529
1415,CS_1372_WEAN_d3_p5_cowslash_25102025_ch05-20251026061146_80891_80899.mp4,Pen 5 - Group 3\WEANING\Day 3\CS_1372_WEAN_d3_p5_cowslash_25102025_ch05-20251026061146_80891_80899.mp4,E:\cross_sucking\Pen 5 - Group 3\WEANING\Day 3\CS_1372_WEAN_d3_p5_cowslash_25102025_ch05-20251026061146_80891_80899.mp4,created,1,1,Pen_5_WEAN_Day_3_25102025,Pen 5 - Group 3,WEAN,3,5,25102025,/,hay|8|None|side,80891.621,80899.694,80891.621,80899.694,G:\MONITORING CROSS SUCKING IN CALVES - KAPPEL - 2025\Pen 5 - Group 3\WEANING\Day 3\ch05_20251026061146.mp4,ch05_20251026061146.mp4,79878.895049,81280.357338,1012.725951,1020.798951
