,Unnamed: 0,clip_name,clip_relative_path,clip_output_path,export_status,part_index,part_count,observation_id,group_name,phase,day,pen,obs_date_raw,subject,modifiers,interval_start_obs_sec,interval_end_obs_sec,part_start_obs_sec,part_end_obs_sec,source_video_path,source_video_basename,source_segment_obs_start_sec,source_segment_obs_end_sec,clip_start_in_source_sec,clip_end_in_source_sec,labelled_clip_relative_path
107,147,CS_0140_PREWEAN_d1_p2_cow8_13092025_ch02-20250913072508_2062_2238.mp4,Pen 2 - Group 2\PREWEANING\Day 1\CS_0140_PREWEAN_d1_p2_cow8_13092025_ch02-20250913072508_2062_2238.mp4,E:\cross_sucking\Pen 2 - Group 2\PREWEANING\Day 1\CS_0140_PREWEAN_d1_p2_cow8_13092025_ch02-20250913072508_2062_2238.mp4,skipped_existing,1,1,Pen_2_PREWEAN_Day_1_13092025,Pen 2 - Group 2,PREWEAN,1,2,13092025,8,hay|1|None|lying down,2062.84,2238.241,2062.84,2238.241,G:\MONITORING CROSS SUCKING IN CALVES - KAPPEL - 2025\Pen 2 - Group 2\PREWEANING\Day 1\ch02_20250913072508.mp4,ch02_20250913072508.mp4,0.0,2791.907667,2062.84,2238.241,Pen 2 - Group 2/PREWEANING/Day 1/0140.zip
108,148,CS_0141_PREWEAN_d1_p2_cow8_13092025_ch02-20250913072508_2241_2331.mp4,Pen 2 - Group 2\PREWEANING\Day 1\CS_0141_PREWEAN_d1_p2_cow8_13092025_ch02-20250913072508_2241_2331.mp4,E:\cross_sucking\Pen 2 - Group 2\PREWEANING\Day 1\CS_0141_PREWEAN_d1_p2_cow8_13092025_ch02-20250913072508_2241_2331.mp4,skipped_existing,1,1,Pen_2_PREWEAN_Day_1_13092025,Pen 2 - Group 2,PREWEAN,1,2,13092025,8,hay|1|None|lying down,2241.092,2331.466,2241.092,2331.466,G:\MONITORING CROSS SUCKING IN CALVES - KAPPEL - 2025\Pen 2 - Group 2\PREWEANING\Day 1\ch02_20250913072508.mp4,ch02_20250913072508.mp4,0.0,2791.907667,2241.092,2331.466,Pen 2 - Group 2/PREWEANING/Day 1/0141.zip
109,149,CS_0142_PREWEAN_d1_p2_cow8_13092025_ch02-20250913072508_2337_2368.mp4,Pen 2 - Group 2\PREWEANING\Day 1\CS_0142_PREWEAN_d1_p2_cow8_13092025_ch02-20250913072508_2337_2368.mp4,E:\cross_sucking\Pen 2 - Group 2\PREWEANING\Day 1\CS_0142_PREWEAN_d1_p2_cow8_13092025_ch02-20250913072508_2337_2368.mp4,skipped_existing,1,1,Pen_2_PREWEAN_Day_1_13092025,Pen 2 - Group 2,PREWEAN,1,2,13092025,8,hay|1|None|lying down,2337.186,2368.141,2337.186,2368.141,G:\MONITORING CROSS SUCKING IN CALVES - KAPPEL - 2025\Pen 2 - Group 2\PREWEANING\Day 1\ch02_20250913072508.mp4,ch02_20250913072508.mp4,0.0,2791.907667,2337.186,2368.141,Pen 2 - Group 2/PREWEANING/Day 1/0142.zip
110,150,CS_0143_PREWEAN_d1_p2_cow8_13092025_ch02-20250913072508_2370_2376.mp4,Pen 2 - Group 2\PREWEANING\Day 1\CS_0143_PREWEAN_d1_p2_cow8_13092025_ch02-20250913072508_2370_2376.mp4,E:\cross_sucking\Pen 2 - Group 2\PREWEANING\Day 1\CS_0143_PREWEAN_d1_p2_cow8_13092025_ch02-20250913072508_2370_2376.mp4,skipped_existing,1,1,Pen_2_PREWEAN_Day_1_13092025,Pen 2 - Group 2,PREWEAN,1,2,13092025,8,hay|1|None|lying down,2370.681,2376.774,2370.681,2376.774,G:\MONITORING CROSS SUCKING IN CALVES - KAPPEL - 2025\Pen 2 - Group 2\PREWEANING\Day 1\ch02_20250913072508.mp4,ch02_20250913072508.mp4,0.0,2791.907667,2370.681,2376.774,Pen 2 - Group 2/PREWEANING/Day 1/0143.zip
111,151,CS_0144_PREWEAN_d1_p2_cow8_13092025_ch02-20250913072508_2413_2433.mp4,Pen 2 - Group 2\PREWEANING\Day 1\CS_0144_PREWEAN_d1_p2_cow8_13092025_ch02-20250913072508_2413_2433.mp4,E:\cross_sucking\Pen 2 - Group 2\PREWEANING\Day 1\CS_0144_PREWEAN_d1_p2_cow8_13092025_ch02-20250913072508_2413_2433.mp4,skipped_existing,1,1,Pen_2_PREWEAN_Day_1_13092025,Pen 2 - Group 2,PREWEAN,1,2,13092025,8,hay|1|None|lying down,2413.665,2433.631,2413.665,2433.631,G:\MONITORING CROSS SUCKING IN CALVES - KAPPEL - 2025\Pen 2 - Group 2\PREWEANING\Day 1\ch02_20250913072508.mp4,ch02_20250913072508.mp4,0.0,2791.907667,2413.665,2433.631,Pen 2 - Group 2/PREWEANING/Day 1/0144.zip
112,152,CS_0145_PREWEAN_d1_p2_cow8_13092025_ch02-20250913072508_2542_2572.mp4,Pen 2 - Group 2\PREWEANING\Day 1\CS_0145_PREWEAN_d1_p2_cow8_13092025_ch02-20250913072508_2542_2572.mp4,E:\cross_sucking\Pen 2 - Group 2\PREWEANING\Day 1\CS_0145_PREWEAN_d1_p2_cow8_13092025_ch02-20250913072508_2542_2572.mp4,skipped_existing,1,1,Pen_2_PREWEAN_Day_1_13092025,Pen 2 - Group 2,PREWEAN,1,2,13092025,8,hay|1|None|lying down,2542.218,2572.921,2542.218,2572.921,G:\MONITORING CROSS SUCKING IN CALVES - KAPPEL - 2025\Pen 2 - Group 2\PREWEANING\Day 1\ch02_20250913072508.mp4,ch02_20250913072508.mp4,0.0,2791.907667,2542.218,2572.921,Pen 2 - Group 2/PREWEANING/Day 1/0145.zip
113,153,CS_0146_PREWEAN_d1_p2_cow8_13092025_ch02-20250913072508_2646_2669.mp4,Pen 2 - Group 2\PREWEANING\Day 1\CS_0146_PREWEAN_d1_p2_cow8_13092025_ch02-20250913072508_2646_2669.mp4,E:\cross_sucking\Pen 2 - Group 2\PREWEANING\Day 1\CS_0146_PREWEAN_d1_p2_cow8_13092025_ch02-20250913072508_2646_2669.mp4,skipped_existing,1,1,Pen_2_PREWEAN_Day_1_13092025,Pen 2 - Group 2,PREWEAN,1,2,13092025,8,hay|1|None|lying down,2646.732,2669.542,2646.732,2669.542,G:\MONITORING CROSS SUCKING IN CALVES - KAPPEL - 2025\Pen 2 - Group 2\PREWEANING\Day 1\ch02_20250913072508.mp4,ch02_20250913072508.mp4,0.0,2791.907667,2646.732,2669.542,Pen 2 - Group 2/PREWEANING/Day 1/0146.zip
114,154,CS_0147_PREWEAN_d1_p2_cow8_13092025_ch02-20250913072508_2687_2770.mp4,Pen 2 - Group 2\PREWEANING\Day 1\CS_0147_PREWEAN_d1_p2_cow8_13092025_ch02-20250913072508_2687_2770.mp4,E:\cross_sucking\Pen 2 - Group 2\PREWEANING\Day 1\CS_0147_PREWEAN_d1_p2_cow8_13092025_ch02-20250913072508_2687_2770.mp4,skipped_existing,1,1,Pen_2_PREWEAN_Day_1_13092025,Pen 2 - Group 2,PREWEAN,1,2,13092025,8,hay|1|None|lying down,2687.06,2770.99,2687.06,2770.99,G:\MONITORING CROSS SUCKING IN CALVES - KAPPEL - 2025\Pen 2 - Group 2\PREWEANING\Day 1\ch02_20250913072508.mp4,ch02_20250913072508.mp4,0.0,2791.907667,2687.06,2770.99,Pen 2 - Group 2/PREWEANING/Day 1/0147.zip
115,155,CS_0148_PREWEAN_d1_p2_cow8_13092025_ch02-20250913072508_2780_2783.mp4,Pen 2 - Group 2\PREWEANING\Day 1\CS_0148_PREWEAN_d1_p2_cow8_13092025_ch02-20250913072508_2780_2783.mp4,E:\cross_sucking\Pen 2 - Group 2\PREWEANING\Day 1\CS_0148_PREWEAN_d1_p2_cow8_13092025_ch02-20250913072508_2780_2783.mp4,skipped_existing,1,1,Pen_2_PREWEAN_Day_1_13092025,Pen 2 - Group 2,PREWEAN,1,2,13092025,8,hay|1|None|lying down,2780.246,2783.985,2780.246,2783.985,G:\MONITORING CROSS SUCKING IN CALVES - KAPPEL - 2025\Pen 2 - Group 2\PREWEANING\Day 1\ch02_20250913072508.mp4,ch02_20250913072508.mp4,0.0,2791.907667,2780.246,2783.985,Pen 2 - Group 2/PREWEANING/Day 1/0148.zip
116,156,CS_0149_PREWEAN_d1_p2_cow8_13092025_ch02-20250913081207_2815_2959.mp4,Pen 2 - Group 2\PREWEANING\Day 1\CS_0149_PREWEAN_d1_p2_cow8_13092025_ch02-20250913081207_2815_2959.mp4,E:\cross_sucking\Pen 2 - Group 2\PREWEANING\Day 1\CS_0149_PREWEAN_d1_p2_cow8_13092025_ch02-20250913081207_2815_2959.mp4,skipped_existing,1,1,Pen_2_PREWEAN_Day_1_13092025,Pen 2 - Group 2,PREWEAN,1,2,13092025,8,hay|1|None|lying down,2815.463,2959.548,2815.463,2959.548,G:\MONITORING CROSS SUCKING IN CALVES - KAPPEL - 2025\Pen 2 - Group 2\PREWEANING\Day 1\ch02_20250913081207.mp4,ch02_20250913081207.mp4,2791.907667,5582.136334,23.555333,167.640333,Pen 2 - Group 2/PREWEANING/Day 1/0149.zip
117,157,CS_0150_PREWEAN_d1_p2_cow8_13092025_ch02-20250913081207_2971_3072.mp4,Pen 2 - Group 2\PREWEANING\Day 1\CS_0150_PREWEAN_d1_p2_cow8_13092025_ch02-20250913081207_2971_3072.mp4,E:\cross_sucking\Pen 2 - Group 2\PREWEANING\Day 1\CS_0150_PREWEAN_d1_p2_cow8_13092025_ch02-20250913081207_2971_3072.mp4,skipped_existing,1,1,Pen_2_PREWEAN_Day_1_13092025,Pen 2 - Group 2,PREWEAN,1,2,13092025,8,hay|1|None|lying down,2971.88,3072.765,2971.88,3072.765,G:\MONITORING CROSS SUCKING IN CALVES - KAPPEL - 2025\Pen 2 - Group 2\PREWEANING\Day 1\ch02_20250913081207.mp4,ch02_20250913081207.mp4,2791.907667,5582.136334,179.972333,280.857333,Pen 2 - Group 2/PREWEANING/Day 1/0150.zip
118,158,CS_0151_PREWEAN_d1_p2_cow8_13092025_ch02-20250913081207_3077_3090.mp4,Pen 2 - Group 2\PREWEANING\Day 1\CS_0151_PREWEAN_d1_p2_cow8_13092025_ch02-20250913081207_3077_3090.mp4,E:\cross_sucking\Pen 2 - Group 2\PREWEANING\Day 1\CS_0151_PREWEAN_d1_p2_cow8_13092025_ch02-20250913081207_3077_3090.mp4,skipped_existing,1,1,Pen_2_PREWEAN_Day_1_13092025,Pen 2 - Group 2,PREWEAN,1,2,13092025,8,hay|1|None|lying down,3077.691,3090.617,3077.691,3090.617,G:\MONITORING CROSS SUCKING IN CALVES - KAPPEL - 2025\Pen 2 - Group 2\PREWEANING\Day 1\ch02_20250913081207.mp4,ch02_20250913081207.mp4,2791.907667,5582.136334,285.783333,298.709333,Pen 2 - Group 2/PREWEANING/Day 1/0151.zip
119,159,CS_0152_PREWEAN_d1_p2_cow8_13092025_ch02-20250913081207_3115_3206.mp4,Pen 2 - Group 2\PREWEANING\Day 1\CS_0152_PREWEAN_d1_p2_cow8_13092025_ch02-20250913081207_3115_3206.mp4,E:\cross_sucking\Pen 2 - Group 2\PREWEANING\Day 1\CS_0152_PREWEAN_d1_p2_cow8_13092025_ch02-20250913081207_3115_3206.mp4,skipped_existing,1,1,Pen_2_PREWEAN_Day_1_13092025,Pen 2 - Group 2,PREWEAN,1,2,13092025,8,hay|1|None|lying down,3115.825,3206.8,3115.825,3206.8,G:\MONITORING CROSS SUCKING IN CALVES - KAPPEL - 2025\Pen 2 - Group 2\PREWEANING\Day 1\ch02_20250913081207.mp4,ch02_20250913081207.mp4,2791.907667,5582.136334,323.917333,414.892333,Pen 2 - Group 2/PREWEANING/Day 1/0152.zip
120,160,CS_0153_PREWEAN_d1_p2_cow6_13092025_ch02-20250913081207_4377_4393.mp4,Pen 2 - Group 2\PREWEANING\Day 1\CS_0153_PREWEAN_d1_p2_cow6_13092025_ch02-20250913081207_4377_4393.mp4,E:\cross_sucking\Pen 2 - Group 2\PREWEANING\Day 1\CS_0153_PREWEAN_d1_p2_cow6_13092025_ch02-20250913081207_4377_4393.mp4,skipped_existing,1,1,Pen_2_PREWEAN_Day_1_13092025,Pen 2 - Group 2,PREWEAN,1,2,13092025,6,None|A|None|behind,4377.891,4393.846,4377.891,4393.846,G:\MONITORING CROSS SUCKING IN CALVES - KAPPEL - 2025\Pen 2 - Group 2\PREWEANING\Day 1\ch02_20250913081207.mp4,ch02_20250913081207.mp4,2791.907667,5582.136334,1585.983333,1601.938333,Pen 2 - Group 2/PREWEANING/Day 1/0153.zip
121,161,CS_0154_PREWEAN_d1_p2_cow6_13092025_ch02-20250913081207_4443_4452.mp4,Pen 2 - Group 2\PREWEANING\Day 1\CS_0154_PREWEAN_d1_p2_cow6_13092025_ch02-20250913081207_4443_4452.mp4,E:\cross_sucking\Pen 2 - Group 2\PREWEANING\Day 1\CS_0154_PREWEAN_d1_p2_cow6_13092025_ch02-20250913081207_4443_4452.mp4,skipped_existing,1,1,Pen_2_PREWEAN_Day_1_13092025,Pen 2 - Group 2,PREWEAN,1,2,13092025,6,None|A|None|behind,4443.06,4452.979,4443.06,4452.979,G:\MONITORING CROSS SUCKING IN CALVES - KAPPEL - 2025\Pen 2 - Group 2\PREWEANING\Day 1\ch02_20250913081207.mp4,ch02_20250913081207.mp4,2791.907667,5582.136334,1651.152333,1661.071333,Pen 2 - Group 2/PREWEANING/Day 1/0154.zip
122,162,CS_0155_PREWEAN_d1_p2_cow6_13092025_ch02-20250913081207_4617_4626.mp4,Pen 2 - Group 2\PREWEANING\Day 1\CS_0155_PREWEAN_d1_p2_cow6_13092025_ch02-20250913081207_4617_4626.mp4,E:\cross_sucking\Pen 2 - Group 2\PREWEANING\Day 1\CS_0155_PREWEAN_d1_p2_cow6_13092025_ch02-20250913081207_4617_4626.mp4,skipped_existing,1,1,Pen_2_PREWEAN_Day_1_13092025,Pen 2 - Group 2,PREWEAN,1,2,13092025,6,None|8|None|behind,4617.484,4626.677,4617.484,4626.677,G:\MONITORING CROSS SUCKING IN CALVES - KAPPEL - 2025\Pen 2 - Group 2\PREWEANING\Day 1\ch02_20250913081207.mp4,ch02_20250913081207.mp4,2791.907667,5582.136334,1825.576333,1834.769333,Pen 2 - Group 2/PREWEANING/Day 1/0155.zip
123,163,CS_0156_PREWEAN_d1_p2_cow6_13092025_ch02-20250913081207_4941_4952.mp4,Pen 2 - Group 2\PREWEANING\Day 1\CS_0156_PREWEAN_d1_p2_cow6_13092025_ch02-20250913081207_4941_4952.mp4,E:\cross_sucking\Pen 2 - Group 2\PREWEANING\Day 1\CS_0156_PREWEAN_d1_p2_cow6_13092025_ch02-20250913081207_4941_4952.mp4,skipped_existing,1,1,Pen_2_PREWEAN_Day_1_13092025,Pen 2 - Group 2,PREWEAN,1,2,13092025,6,None|3|None|side,4941.239,4952.399,4941.239,4952.399,G:\MONITORING CROSS SUCKING IN CALVES - KAPPEL - 2025\Pen 2 - Group 2\PREWEANING\Day 1\ch02_20250913081207.mp4,ch02_20250913081207.mp4,2791.907667,5582.136334,2149.331333,2160.491333,Pen 2 - Group 2/PREWEANING/Day 1/0156.zip
124,164,CS_0157_PREWEAN_d1_p2_cow3_13092025_ch02-20250913081207_5463_5484.mp4,Pen 2 - Group 2\PREWEANING\Day 1\CS_0157_PREWEAN_d1_p2_cow3_13092025_ch02-20250913081207_5463_5484.mp4,E:\cross_sucking\Pen 2 - Group 2\PREWEANING\Day 1\CS_0157_PREWEAN_d1_p2_cow3_13092025_ch02-20250913081207_5463_5484.mp4,skipped_existing,1,1,Pen_2_PREWEAN_Day_1_13092025,Pen 2 - Group 2,PREWEAN,1,2,13092025,3,None|/|None|side,5463.056,5484.72,5463.056,5484.72,G:\MONITORING CROSS SUCKING IN CALVES - KAPPEL - 2025\Pen 2 - Group 2\PREWEANING\Day 1\ch02_20250913081207.mp4,ch02_20250913081207.mp4,2791.907667,5582.136334,2671.148333,2692.812333,Pen 2 - Group 2/PREWEANING/Day 1/0157.zip
125,165,CS_0158_PREWEAN_d1_p2_cowA_13092025_ch02-20250913085903_6598_6660.mp4,Pen 2 - Group 2\PREWEANING\Day 1\CS_0158_PREWEAN_d1_p2_cowA_13092025_ch02-20250913085903_6598_6660.mp4,E:\cross_sucking\Pen 2 - Group 2\PREWEANING\Day 1\CS_0158_PREWEAN_d1_p2_cowA_13092025_ch02-20250913085903_6598_6660.mp4,skipped_existing,1,1,Pen_2_PREWEAN_Day_1_13092025,Pen 2 - Group 2,PREWEAN,1,2,13092025,A,None|6|None|lying down,6598.227,6660.062,6598.227,6660.062,G:\MONITORING CROSS SUCKING IN CALVES - KAPPEL - 2025\Pen 2 - Group 2\PREWEANING\Day 1\ch02_20250913085903.mp4,ch02_20250913085903.mp4,5582.136334,8387.795001,1016.090666,1077.925666,Pen 2 - Group 2/PREWEANING/Day 1/0158.zip
126,166,CS_0159_PREWEAN_d1_p2_cowA_13092025_ch02-20250913085903_6713_6748.mp4,Pen 2 - Group 2\PREWEANING\Day 1\CS_0159_PREWEAN_d1_p2_cowA_13092025_ch02-20250913085903_6713_6748.mp4,E:\cross_sucking\Pen 2 - Group 2\PREWEANING\Day 1\CS_0159_PREWEAN_d1_p2_cowA_13092025_ch02-20250913085903_6713_6748.mp4,skipped_existing,1,1,Pen_2_PREWEAN_Day_1_13092025,Pen 2 - Group 2,PREWEAN,1,2,13092025,A,None|T|None|lying down,6713.135,6748.166,6713.135,6748.166,G:\MONITORING CROSS SUCKING IN CALVES - KAPPEL - 2025\Pen 2 - Group 2\PREWEANING\Day 1\ch02_20250913085903.mp4,ch02_20250913085903.mp4,5582.136334,8387.795001,1130.998666,1166.029666,Pen 2 - Group 2/PREWEANING/Day 1/0159.zip
127,167,CS_0160_PREWEAN_d1_p2_cowslash_13092025_ch02-20250913094601_10151_10155.mp4,Pen 2 - Group 2\PREWEANING\Day 1\CS_0160_PREWEAN_d1_p2_cowslash_13092025_ch02-20250913094601_10151_10155.mp4,E:\cross_sucking\Pen 2 - Group 2\PREWEANING\Day 1\CS_0160_PREWEAN_d1_p2_cowslash_13092025_ch02-20250913094601_10151_10155.mp4,skipped_existing,1,1,Pen_2_PREWEAN_Day_1_13092025,Pen 2 - Group 2,PREWEAN,1,2,13092025,/,None|6|None|behind,10151.126,10155.5,10151.126,10155.5,G:\MONITORING CROSS SUCKING IN CALVES - KAPPEL - 2025\Pen 2 - Group 2\PREWEANING\Day 1\ch02_20250913094601.mp4,ch02_20250913094601.mp4,8387.795001,11194.336668,1763.330999,1767.704999,Pen 2 - Group 2/PREWEANING/Day 1/0160.zip
128,168,CS_0161_PREWEAN_d1_p2_cow8_13092025_ch02-20250913103257_13980_13999_part01.mp4,Pen 2 - Group 2\PREWEANING\Day 1\CS_0161_PREWEAN_d1_p2_cow8_13092025_ch02-20250913103257_13980_13999_part01.mp4,E:\cross_sucking\Pen 2 - Group 2\PREWEANING\Day 1\CS_0161_PREWEAN_d1_p2_cow8_13092025_ch02-20250913103257_13980_13999_part01.mp4,skipped_existing,1,2,Pen_2_PREWEAN_Day_1_13092025,Pen 2 - Group 2,PREWEAN,1,2,13092025,8,None|1|None|lying down,13980.875,13999.355,13980.875,13984.345335,G:\MONITORING CROSS SUCKING IN CALVES - KAPPEL - 2025\Pen 2 - Group 2\PREWEANING\Day 1\ch02_20250913103257.mp4,ch02_20250913103257.mp4,11194.336668,13984.345335,2786.538332,2790.008667,Pen 2 - Group 2/PREWEANING/Day 1/0161_part01.zip
129,169,CS_0161_PREWEAN_d1_p2_cow8_13092025_ch02-20250913103257_13980_13999_part02.mp4,Pen 2 - Group 2\PREWEANING\Day 1\CS_0161_PREWEAN_d1_p2_cow8_13092025_ch02-20250913103257_13980_13999_part02.mp4,E:\cross_sucking\Pen 2 - Group 2\PREWEANING\Day 1\CS_0161_PREWEAN_d1_p2_cow8_13092025_ch02-20250913103257_13980_13999_part02.mp4,skipped_existing,2,2,Pen_2_PREWEAN_Day_1_13092025,Pen 2 - Group 2,PREWEAN,1,2,13092025,8,None|1|None|lying down,13980.875,13999.355,13984.345335,13999.355,G:\MONITORING CROSS SUCKING IN CALVES - KAPPEL - 2025\Pen 2 - Group 2\PREWEANING\Day 1\ch02_20250913111955.mp4,ch02_20250913111955.mp4,13984.345335,16791.360002,0.0,15.009665,Pen 2 - Group 2/PREWEANING/Day 1/0161_part02zip.zip
130,170,CS_0162_PREWEAN_d1_p2_cow1_13092025_ch02-20250913111955_14064_14068.mp4,Pen 2 - Group 2\PREWEANING\Day 1\CS_0162_PREWEAN_d1_p2_cow1_13092025_ch02-20250913111955_14064_14068.mp4,E:\cross_sucking\Pen 2 - Group 2\PREWEANING\Day 1\CS_0162_PREWEAN_d1_p2_cow1_13092025_ch02-20250913111955_14064_14068.mp4,skipped_existing,1,1,Pen_2_PREWEAN_Day_1_13092025,Pen 2 - Group 2,PREWEAN,1,2,13092025,1,None|6|None|behind,14064.953,14068.925,14064.953,14068.925,G:\MONITORING CROSS SUCKING IN CALVES - KAPPEL - 2025\Pen 2 - Group 2\PREWEANING\Day 1\ch02_20250913111955.mp4,ch02_20250913111955.mp4,13984.345335,16791.360002,80.607665,84.579665,Pen 2 - Group 2/PREWEANING/Day 1/0162.zip
131,171,CS_0163_PREWEAN_d1_p2_cow1_13092025_ch02-20250913111955_15000_15009.mp4,Pen 2 - Group 2\PREWEANING\Day 1\CS_0163_PREWEAN_d1_p2_cow1_13092025_ch02-20250913111955_15000_15009.mp4,E:\cross_sucking\Pen 2 - Group 2\PREWEANING\Day 1\CS_0163_PREWEAN_d1_p2_cow1_13092025_ch02-20250913111955_15000_15009.mp4,skipped_existing,1,1,Pen_2_PREWEAN_Day_1_13092025,Pen 2 - Group 2,PREWEAN,1,2,13092025,1,None|/|None|side,15000.15,15009.663,15000.15,15009.663,G:\MONITORING CROSS SUCKING IN CALVES - KAPPEL - 2025\Pen 2 - Group 2\PREWEANING\Day 1\ch02_20250913111955.mp4,ch02_20250913111955.mp4,13984.345335,16791.360002,1015.804665,1025.317665,Pen 2 - Group 2/PREWEANING/Day 1/0163.zip
132,172,CS_0164_PREWEAN_d1_p2_cowslash_13092025_ch02-20250913111955_15056_15058.mp4,Pen 2 - Group 2\PREWEANING\Day 1\CS_0164_PREWEAN_d1_p2_cowslash_13092025_ch02-20250913111955_15056_15058.mp4,E:\cross_sucking\Pen 2 - Group 2\PREWEANING\Day 1\CS_0164_PREWEAN_d1_p2_cowslash_13092025_ch02-20250913111955_15056_15058.mp4,skipped_existing,1,1,Pen_2_PREWEAN_Day_1_13092025,Pen 2 - Group 2,PREWEAN,1,2,13092025,/,None|1|None|side,15056.768,15058.664,15056.768,15058.664,G:\MONITORING CROSS SUCKING IN CALVES - KAPPEL - 2025\Pen 2 - Group 2\PREWEANING\Day 1\ch02_20250913111955.mp4,ch02_20250913111955.mp4,13984.345335,16791.360002,1072.422665,1074.318665,Pen 2 - Group 2/PREWEANING/Day 1/0164.zip
133,173,CS_0165_PREWEAN_d1_p2_cowA_13092025_ch02-20250913120653_17560_17581.mp4,Pen 2 - Group 2\PREWEANING\Day 1\CS_0165_PREWEAN_d1_p2_cowA_13092025_ch02-20250913120653_17560_17581.mp4,E:\cross_sucking\Pen 2 - Group 2\PREWEANING\Day 1\CS_0165_PREWEAN_d1_p2_cowA_13092025_ch02-20250913120653_17560_17581.mp4,skipped_existing,1,1,Pen_2_PREWEAN_Day_1_13092025,Pen 2 - Group 2,PREWEAN,1,2,13092025,A,None|3|None|side,17560.572,17581.291,17560.572,17581.291,G:\MONITORING CROSS SUCKING IN CALVES - KAPPEL - 2025\Pen 2 - Group 2\PREWEANING\Day 1\ch02_20250913120653.mp4,ch02_20250913120653.mp4,16791.360002,19581.610669,769.211998,789.930998,Pen 2 - Group 2/PREWEANING/Day 1/0165.zip
134,174,CS_0166_PREWEAN_d1_p2_cowA_13092025_ch02-20250913151441_30283_30289.mp4,Pen 2 - Group 2\PREWEANING\Day 1\CS_0166_PREWEAN_d1_p2_cowA_13092025_ch02-20250913151441_30283_30289.mp4,E:\cross_sucking\Pen 2 - Group 2\PREWEANING\Day 1\CS_0166_PREWEAN_d1_p2_cowA_13092025_ch02-20250913151441_30283_30289.mp4,skipped_existing,1,1,Pen_2_PREWEAN_Day_1_13092025,Pen 2 - Group 2,PREWEAN,1,2,13092025,A,None|O|None|side,30283.605,30289.81,30283.605,30289.81,G:\MONITORING CROSS SUCKING IN CALVES - KAPPEL - 2025\Pen 2 - Group 2\PREWEANING\Day 1\ch02_20250913151441.mp4,ch02_20250913151441.mp4,27937.07067,30728.534337,2346.53433,2352.73933,Pen 2 - Group 2/PREWEANING/Day 1/0166.zip
135,175,CS_0167_PREWEAN_d1_p2_cow6_13092025_ch02-20250913160140_31181_31197.mp4,Pen 2 - Group 2\PREWEANING\Day 1\CS_0167_PREWEAN_d1_p2_cow6_13092025_ch02-20250913160140_31181_31197.mp4,E:\cross_sucking\Pen 2 - Group 2\PREWEANING\Day 1\CS_0167_PREWEAN_d1_p2_cow6_13092025_ch02-20250913160140_31181_31197.mp4,skipped_existing,1,1,Pen_2_PREWEAN_Day_1_13092025,Pen 2 - Group 2,PREWEAN,1,2,13092025,6,grain feeder|1|None|behind,31181.214,31197.86,31181.214,31197.86,G:\MONITORING CROSS SUCKING IN CALVES - KAPPEL - 2025\Pen 2 - Group 2\PREWEANING\Day 1\ch02_20250913160140.mp4,ch02_20250913160140.mp4,30728.534337,33519.778004,452.679663,469.325663,Pen 2 - Group 2/PREWEANING/Day 1/0167.zip
136,176,CS_0168_PREWEAN_d1_p2_cowslash_13092025_ch02-20250913160140_31517_31554.mp4,Pen 2 - Group 2\PREWEANING\Day 1\CS_0168_PREWEAN_d1_p2_cowslash_13092025_ch02-20250913160140_31517_31554.mp4,E:\cross_sucking\Pen 2 - Group 2\PREWEANING\Day 1\CS_0168_PREWEAN_d1_p2_cowslash_13092025_ch02-20250913160140_31517_31554.mp4,skipped_existing,1,1,Pen_2_PREWEAN_Day_1_13092025,Pen 2 - Group 2,PREWEAN,1,2,13092025,/,None|3|None|side,31517.524,31554.084,31517.524,31554.084,G:\MONITORING CROSS SUCKING IN CALVES - KAPPEL - 2025\Pen 2 - Group 2\PREWEANING\Day 1\ch02_20250913160140.mp4,ch02_20250913160140.mp4,30728.534337,33519.778004,788.989663,825.549663,Pen 2 - Group 2/PREWEANING/Day 1/0168.zip
137,177,CS_0169_PREWEAN_d1_p2_cowslash_13092025_ch02-20250913160140_31554_31566.mp4,Pen 2 - Group 2\PREWEANING\Day 1\CS_0169_PREWEAN_d1_p2_cowslash_13092025_ch02-20250913160140_31554_31566.mp4,E:\cross_sucking\Pen 2 - Group 2\PREWEANING\Day 1\CS_0169_PREWEAN_d1_p2_cowslash_13092025_ch02-20250913160140_31554_31566.mp4,skipped_existing,1,1,Pen_2_PREWEAN_Day_1_13092025,Pen 2 - Group 2,PREWEAN,1,2,13092025,/,None|1|reciprocal|side,31554.085,31566.882,31554.085,31566.882,G:\MONITORING CROSS SUCKING IN CALVES - KAPPEL - 2025\Pen 2 - Group 2\PREWEANING\Day 1\ch02_20250913160140.mp4,ch02_20250913160140.mp4,30728.534337,33519.778004,825.550663,838.347663,Pen 2 - Group 2/PREWEANING/Day 1/0169.zip
138,178,CS_0170_PREWEAN_d1_p2_cow8_13092025_ch02-20250913173536_38961_38978.mp4,Pen 2 - Group 2\PREWEANING\Day 1\CS_0170_PREWEAN_d1_p2_cow8_13092025_ch02-20250913173536_38961_38978.mp4,E:\cross_sucking\Pen 2 - Group 2\PREWEANING\Day 1\CS_0170_PREWEAN_d1_p2_cow8_13092025_ch02-20250913173536_38961_38978.mp4,skipped_existing,1,1,Pen_2_PREWEAN_Day_1_13092025,Pen 2 - Group 2,PREWEAN,1,2,13092025,8,None|1|None|behind,38961.963,38978.322,38961.963,38978.322,G:\MONITORING CROSS SUCKING IN CALVES - KAPPEL - 2025\Pen 2 - Group 2\PREWEANING\Day 1\ch02_20250913173536.mp4,ch02_20250913173536.mp4,36342.330671,39148.887338,2619.632329,2635.991329,Pen 2 - Group 2/PREWEANING/Day 1/0170.zip
139,179,CS_0171_PREWEAN_d1_p2_cow8_13092025_ch02-20250913195626_45600_45605.mp4,Pen 2 - Group 2\PREWEANING\Day 1\CS_0171_PREWEAN_d1_p2_cow8_13092025_ch02-20250913195626_45600_45605.mp4,E:\cross_sucking\Pen 2 - Group 2\PREWEANING\Day 1\CS_0171_PREWEAN_d1_p2_cow8_13092025_ch02-20250913195626_45600_45605.mp4,skipped_existing,1,1,Pen_2_PREWEAN_Day_1_13092025,Pen 2 - Group 2,PREWEAN,1,2,13092025,8,None|O|None|behind,45600.009,45605.329,45600.009,45605.329,G:\MONITORING CROSS SUCKING IN CALVES - KAPPEL - 2025\Pen 2 - Group 2\PREWEANING\Day 1\ch02_20250913195626.mp4,ch02_20250913195626.mp4,44792.935672,47568.772339,807.073328,812.393328,Pen 2 - Group 2/PREWEANING/Day 1/0171.zip
140,180,CS_0172_PREWEAN_d1_p2_cow8_13092025_ch02-20250913195626_45611_45637.mp4,Pen 2 - Group 2\PREWEANING\Day 1\CS_0172_PREWEAN_d1_p2_cow8_13092025_ch02-20250913195626_45611_45637.mp4,E:\cross_sucking\Pen 2 - Group 2\PREWEANING\Day 1\CS_0172_PREWEAN_d1_p2_cow8_13092025_ch02-20250913195626_45611_45637.mp4,skipped_existing,1,1,Pen_2_PREWEAN_Day_1_13092025,Pen 2 - Group 2,PREWEAN,1,2,13092025,8,None|O|None|behind,45611.735,45637.418,45611.735,45637.418,G:\MONITORING CROSS SUCKING IN CALVES - KAPPEL - 2025\Pen 2 - Group 2\PREWEANING\Day 1\ch02_20250913195626.mp4,ch02_20250913195626.mp4,44792.935672,47568.772339,818.799328,844.482328,Pen 2 - Group 2/PREWEANING/Day 1/0172.zip
141,181,CS_0173_PREWEAN_d1_p2_cow1_13092025_ch02-20250913213022_51039_51053.mp4,Pen 2 - Group 2\PREWEANING\Day 1\CS_0173_PREWEAN_d1_p2_cow1_13092025_ch02-20250913213022_51039_51053.mp4,E:\cross_sucking\Pen 2 - Group 2\PREWEANING\Day 1\CS_0173_PREWEAN_d1_p2_cow1_13092025_ch02-20250913213022_51039_51053.mp4,skipped_existing,1,1,Pen_2_PREWEAN_Day_1_13092025,Pen 2 - Group 2,PREWEAN,1,2,13092025,1,hay|T|None|side,51039.18,51053.253,51039.18,51053.253,G:\MONITORING CROSS SUCKING IN CALVES - KAPPEL - 2025\Pen 2 - Group 2\PREWEANING\Day 1\ch02_20250913213022.mp4,ch02_20250913213022.mp4,50359.520006,53134.773673,679.659994,693.732994,Pen 2 - Group 2/PREWEANING/Day 1/0173.zip
142,182,CS_0174_PREWEAN_d1_p2_cow1_13092025_ch02-20250913213022_51270_51333.mp4,Pen 2 - Group 2\PREWEANING\Day 1\CS_0174_PREWEAN_d1_p2_cow1_13092025_ch02-20250913213022_51270_51333.mp4,E:\cross_sucking\Pen 2 - Group 2\PREWEANING\Day 1\CS_0174_PREWEAN_d1_p2_cow1_13092025_ch02-20250913213022_51270_51333.mp4,skipped_existing,1,1,Pen_2_PREWEAN_Day_1_13092025,Pen 2 - Group 2,PREWEAN,1,2,13092025,1,hay|T|None|behind,51270.713,51333.536,51270.713,51333.536,G:\MONITORING CROSS SUCKING IN CALVES - KAPPEL - 2025\Pen 2 - Group 2\PREWEANING\Day 1\ch02_20250913213022.mp4,ch02_20250913213022.mp4,50359.520006,53134.773673,911.192994,974.015994,Pen 2 - Group 2/PREWEANING/Day 1/0174.zip
143,183,CS_0175_PREWEAN_d1_p2_cow3_13092025_ch02-20250913213022_51616_51618.mp4,Pen 2 - Group 2\PREWEANING\Day 1\CS_0175_PREWEAN_d1_p2_cow3_13092025_ch02-20250913213022_51616_51618.mp4,E:\cross_sucking\Pen 2 - Group 2\PREWEANING\Day 1\CS_0175_PREWEAN_d1_p2_cow3_13092025_ch02-20250913213022_51616_51618.mp4,skipped_existing,1,1,Pen_2_PREWEAN_Day_1_13092025,Pen 2 - Group 2,PREWEAN,1,2,13092025,3,hay|1|None|side,51616.136,51618.464,51616.136,51618.464,G:\MONITORING CROSS SUCKING IN CALVES - KAPPEL - 2025\Pen 2 - Group 2\PREWEANING\Day 1\ch02_20250913213022.mp4,ch02_20250913213022.mp4,50359.520006,53134.773673,1256.615994,1258.943994,Pen 2 - Group 2/PREWEANING/Day 1/0175.zip
144,184,CS_0176_PREWEAN_d1_p2_cow3_13092025_ch02-20250913213022_51716_51722.mp4,Pen 2 - Group 2\PREWEANING\Day 1\CS_0176_PREWEAN_d1_p2_cow3_13092025_ch02-20250913213022_51716_51722.mp4,E:\cross_sucking\Pen 2 - Group 2\PREWEANING\Day 1\CS_0176_PREWEAN_d1_p2_cow3_13092025_ch02-20250913213022_51716_51722.mp4,skipped_existing,1,1,Pen_2_PREWEAN_Day_1_13092025,Pen 2 - Group 2,PREWEAN,1,2,13092025,3,hay|1|None|side,51716.323,51722.422,51716.323,51722.422,G:\MONITORING CROSS SUCKING IN CALVES - KAPPEL - 2025\Pen 2 - Group 2\PREWEANING\Day 1\ch02_20250913213022.mp4,ch02_20250913213022.mp4,50359.520006,53134.773673,1356.802994,1362.901994,Pen 2 - Group 2/PREWEANING/Day 1/0176.zip
145,185,CS_0177_PREWEAN_d1_p2_cow3_13092025_ch02-20250913213022_51728_51751.mp4,Pen 2 - Group 2\PREWEANING\Day 1\CS_0177_PREWEAN_d1_p2_cow3_13092025_ch02-20250913213022_51728_51751.mp4,E:\cross_sucking\Pen 2 - Group 2\PREWEANING\Day 1\CS_0177_PREWEAN_d1_p2_cow3_13092025_ch02-20250913213022_51728_51751.mp4,skipped_existing,1,1,Pen_2_PREWEAN_Day_1_13092025,Pen 2 - Group 2,PREWEAN,1,2,13092025,3,hay|1|None|side,51728.533,51751.707,51728.533,51751.707,G:\MONITORING CROSS SUCKING IN CALVES - KAPPEL - 2025\Pen 2 - Group 2\PREWEANING\Day 1\ch02_20250913213022.mp4,ch02_20250913213022.mp4,50359.520006,53134.773673,1369.012994,1392.186994,Pen 2 - Group 2/PREWEANING/Day 1/0177.zip
146,186,CS_0178_PREWEAN_d1_p2_cow3_13092025_ch02-20250913213022_51757_51768.mp4,Pen 2 - Group 2\PREWEANING\Day 1\CS_0178_PREWEAN_d1_p2_cow3_13092025_ch02-20250913213022_51757_51768.mp4,E:\cross_sucking\Pen 2 - Group 2\PREWEANING\Day 1\CS_0178_PREWEAN_d1_p2_cow3_13092025_ch02-20250913213022_51757_51768.mp4,skipped_existing,1,1,Pen_2_PREWEAN_Day_1_13092025,Pen 2 - Group 2,PREWEAN,1,2,13092025,3,hay|1|None|side,51757.388,51768.498,51757.388,51768.498,G:\MONITORING CROSS SUCKING IN CALVES - KAPPEL - 2025\Pen 2 - Group 2\PREWEANING\Day 1\ch02_20250913213022.mp4,ch02_20250913213022.mp4,50359.520006,53134.773673,1397.867994,1408.977994,Pen 2 - Group 2/PREWEANING/Day 1/0178.zip
147,187,CS_0179_PREWEAN_d1_p2_cowT_13092025_ch02-20250913213022_52186_52198.mp4,Pen 2 - Group 2\PREWEANING\Day 1\CS_0179_PREWEAN_d1_p2_cowT_13092025_ch02-20250913213022_52186_52198.mp4,E:\cross_sucking\Pen 2 - Group 2\PREWEANING\Day 1\CS_0179_PREWEAN_d1_p2_cowT_13092025_ch02-20250913213022_52186_52198.mp4,skipped_existing,1,1,Pen_2_PREWEAN_Day_1_13092025,Pen 2 - Group 2,PREWEAN,1,2,13092025,T,hay|8|None|side,52186.847,52198.679,52186.847,52198.679,G:\MONITORING CROSS SUCKING IN CALVES - KAPPEL - 2025\Pen 2 - Group 2\PREWEANING\Day 1\ch02_20250913213022.mp4,ch02_20250913213022.mp4,50359.520006,53134.773673,1827.326994,1839.158994,Pen 2 - Group 2/PREWEANING/Day 1/0179.zip
148,188,CS_0180_PREWEAN_d1_p2_cowT_13092025_ch02-20250913213022_52255_52271.mp4,Pen 2 - Group 2\PREWEANING\Day 1\CS_0180_PREWEAN_d1_p2_cowT_13092025_ch02-20250913213022_52255_52271.mp4,E:\cross_sucking\Pen 2 - Group 2\PREWEANING\Day 1\CS_0180_PREWEAN_d1_p2_cowT_13092025_ch02-20250913213022_52255_52271.mp4,skipped_existing,1,1,Pen_2_PREWEAN_Day_1_13092025,Pen 2 - Group 2,PREWEAN,1,2,13092025,T,hay|1|None|side,52255.883,52271.668,52255.883,52271.668,G:\MONITORING CROSS SUCKING IN CALVES - KAPPEL - 2025\Pen 2 - Group 2\PREWEANING\Day 1\ch02_20250913213022.mp4,ch02_20250913213022.mp4,50359.520006,53134.773673,1896.362994,1912.147994,Pen 2 - Group 2/PREWEANING/Day 1/180.zip
149,189,CS_0181_PREWEAN_d1_p2_cowT_13092025_ch02-20250913213022_52294_52303.mp4,Pen 2 - Group 2\PREWEANING\Day 1\CS_0181_PREWEAN_d1_p2_cowT_13092025_ch02-20250913213022_52294_52303.mp4,E:\cross_sucking\Pen 2 - Group 2\PREWEANING\Day 1\CS_0181_PREWEAN_d1_p2_cowT_13092025_ch02-20250913213022_52294_52303.mp4,skipped_existing,1,1,Pen_2_PREWEAN_Day_1_13092025,Pen 2 - Group 2,PREWEAN,1,2,13092025,T,hay|1|None|behind,52294.159,52303.841,52294.159,52303.841,G:\MONITORING CROSS SUCKING IN CALVES - KAPPEL - 2025\Pen 2 - Group 2\PREWEANING\Day 1\ch02_20250913213022.mp4,ch02_20250913213022.mp4,50359.520006,53134.773673,1934.638994,1944.320994,Pen 2 - Group 2/PREWEANING/Day 1/0181.zip
150,190,CS_0182_PREWEAN_d1_p2_cowT_13092025_ch02-20250913213022_52303_52304.mp4,Pen 2 - Group 2\PREWEANING\Day 1\CS_0182_PREWEAN_d1_p2_cowT_13092025_ch02-20250913213022_52303_52304.mp4,E:\cross_sucking\Pen 2 - Group 2\PREWEANING\Day 1\CS_0182_PREWEAN_d1_p2_cowT_13092025_ch02-20250913213022_52303_52304.mp4,skipped_existing,1,1,Pen_2_PREWEAN_Day_1_13092025,Pen 2 - Group 2,PREWEAN,1,2,13092025,T,hay|1|None|side,52303.842,52304.106,52303.842,52304.106,G:\MONITORING CROSS SUCKING IN CALVES - KAPPEL - 2025\Pen 2 - Group 2\PREWEANING\Day 1\ch02_20250913213022.mp4,ch02_20250913213022.mp4,50359.520006,53134.773673,1944.321994,1944.585994,Pen 2 - Group 2/PREWEANING/Day 1/0182.zip
151,191,CS_0183_PREWEAN_d1_p2_cowT_13092025_ch02-20250913213022_52305_52305.mp4,Pen 2 - Group 2\PREWEANING\Day 1\CS_0183_PREWEAN_d1_p2_cowT_13092025_ch02-20250913213022_52305_52305.mp4,E:\cross_sucking\Pen 2 - Group 2\PREWEANING\Day 1\CS_0183_PREWEAN_d1_p2_cowT_13092025_ch02-20250913213022_52305_52305.mp4,skipped_existing,1,1,Pen_2_PREWEAN_Day_1_13092025,Pen 2 - Group 2,PREWEAN,1,2,13092025,T,hay|1|None|behind,52305.749,52305.75,52305.749,52305.75,G:\MONITORING CROSS SUCKING IN CALVES - KAPPEL - 2025\Pen 2 - Group 2\PREWEANING\Day 1\ch02_20250913213022.mp4,ch02_20250913213022.mp4,50359.520006,53134.773673,1946.228994,1946.229994,Pen 2 - Group 2/PREWEANING/Day 1/0183.zip
152,192,CS_0184_PREWEAN_d1_p2_cowT_13092025_ch02-20250913213022_52308_52308.mp4,Pen 2 - Group 2\PREWEANING\Day 1\CS_0184_PREWEAN_d1_p2_cowT_13092025_ch02-20250913213022_52308_52308.mp4,E:\cross_sucking\Pen 2 - Group 2\PREWEANING\Day 1\CS_0184_PREWEAN_d1_p2_cowT_13092025_ch02-20250913213022_52308_52308.mp4,skipped_existing,1,1,Pen_2_PREWEAN_Day_1_13092025,Pen 2 - Group 2,PREWEAN,1,2,13092025,T,hay|1|None|behind,52308.936,52308.937,52308.936,52308.937,G:\MONITORING CROSS SUCKING IN CALVES - KAPPEL - 2025\Pen 2 - Group 2\PREWEANING\Day 1\ch02_20250913213022.mp4,ch02_20250913213022.mp4,50359.520006,53134.773673,1949.415994,1949.416994,Pen 2 - Group 2/PREWEANING/Day 1/0184.zip
153,193,CS_0185_PREWEAN_d1_p2_cowT_13092025_ch02-20250913213022_52329_52352.mp4,Pen 2 - Group 2\PREWEANING\Day 1\CS_0185_PREWEAN_d1_p2_cowT_13092025_ch02-20250913213022_52329_52352.mp4,E:\cross_sucking\Pen 2 - Group 2\PREWEANING\Day 1\CS_0185_PREWEAN_d1_p2_cowT_13092025_ch02-20250913213022_52329_52352.mp4,skipped_existing,1,1,Pen_2_PREWEAN_Day_1_13092025,Pen 2 - Group 2,PREWEAN,1,2,13092025,T,hay|1|None|side,52329.852,52352.706,52329.852,52352.706,G:\MONITORING CROSS SUCKING IN CALVES - KAPPEL - 2025\Pen 2 - Group 2\PREWEANING\Day 1\ch02_20250913213022.mp4,ch02_20250913213022.mp4,50359.520006,53134.773673,1970.331994,1993.185994,Pen 2 - Group 2/PREWEANING/Day 1/0185.zip
154,194,CS_0186_PREWEAN_d1_p2_cowslash_13092025_ch02-20250913221721_53311_53346.mp4,Pen 2 - Group 2\PREWEANING\Day 1\CS_0186_PREWEAN_d1_p2_cowslash_13092025_ch02-20250913221721_53311_53346.mp4,E:\cross_sucking\Pen 2 - Group 2\PREWEANING\Day 1\CS_0186_PREWEAN_d1_p2_cowslash_13092025_ch02-20250913221721_53311_53346.mp4,skipped_existing,1,1,Pen_2_PREWEAN_Day_1_13092025,Pen 2 - Group 2,PREWEAN,1,2,13092025,/,None|3|reciprocal|side,53311.607,53346.229,53311.607,53346.229,G:\MONITORING CROSS SUCKING IN CALVES - KAPPEL - 2025\Pen 2 - Group 2\PREWEANING\Day 1\ch02_20250913221721.mp4,ch02_20250913221721.mp4,53134.773673,55925.85134,176.833327,211.455327,Pen 2 - Group 2/PREWEANING/Day 1/0186.zip
155,195,CS_0187_PREWEAN_d1_p2_cowA_13092025_ch02-20250913221721_53542_54333.mp4,Pen 2 - Group 2\PREWEANING\Day 1\CS_0187_PREWEAN_d1_p2_cowA_13092025_ch02-20250913221721_53542_54333.mp4,E:\cross_sucking\Pen 2 - Group 2\PREWEANING\Day 1\CS_0187_PREWEAN_d1_p2_cowA_13092025_ch02-20250913221721_53542_54333.mp4,skipped_existing,1,1,Pen_2_PREWEAN_Day_1_13092025,Pen 2 - Group 2,PREWEAN,1,2,13092025,A,None|O|reciprocal|side,53542.688,54333.783,53542.688,54333.783,G:\MONITORING CROSS SUCKING IN CALVES - KAPPEL - 2025\Pen 2 - Group 2\PREWEANING\Day 1\ch02_20250913221721.mp4,ch02_20250913221721.mp4,53134.773673,55925.85134,407.914327,1199.009327,Pen 2 - Group 2/PREWEANING/Day 1/0187.zip
156,196,CS_0188_PREWEAN_d1_p2_cowA_13092025_ch02-20250913221721_54344_54583.mp4,Pen 2 - Group 2\PREWEANING\Day 1\CS_0188_PREWEAN_d1_p2_cowA_13092025_ch02-20250913221721_54344_54583.mp4,E:\cross_sucking\Pen 2 - Group 2\PREWEANING\Day 1\CS_0188_PREWEAN_d1_p2_cowA_13092025_ch02-20250913221721_54344_54583.mp4,skipped_existing,1,1,Pen_2_PREWEAN_Day_1_13092025,Pen 2 - Group 2,PREWEAN,1,2,13092025,A,None|O|None|behind,54344.994,54583.865,54344.994,54583.865,G:\MONITORING CROSS SUCKING IN CALVES - KAPPEL - 2025\Pen 2 - Group 2\PREWEANING\Day 1\ch02_20250913221721.mp4,ch02_20250913221721.mp4,53134.773673,55925.85134,1210.220327,1449.091327,Pen 2 - Group 2/PREWEANING/Day 1/0188.zip
157,197,CS_0189_PREWEAN_d1_p2_cowT_13092025_ch02-20250913221721_54619_54699.mp4,Pen 2 - Group 2\PREWEANING\Day 1\CS_0189_PREWEAN_d1_p2_cowT_13092025_ch02-20250913221721_54619_54699.mp4,E:\cross_sucking\Pen 2 - Group 2\PREWEANING\Day 1\CS_0189_PREWEAN_d1_p2_cowT_13092025_ch02-20250913221721_54619_54699.mp4,skipped_existing,1,1,Pen_2_PREWEAN_Day_1_13092025,Pen 2 - Group 2,PREWEAN,1,2,13092025,T,None|3|None|side,54619.797,54699.045,54619.797,54699.045,G:\MONITORING CROSS SUCKING IN CALVES - KAPPEL - 2025\Pen 2 - Group 2\PREWEANING\Day 1\ch02_20250913221721.mp4,ch02_20250913221721.mp4,53134.773673,55925.85134,1485.023327,1564.271327,Pen 2 - Group 2/PREWEANING/Day 1/0189.zip
158,198,CS_0190_PREWEAN_d1_p2_cow8_13092025_ch02-20250913221721_55536_55552.mp4,Pen 2 - Group 2\PREWEANING\Day 1\CS_0190_PREWEAN_d1_p2_cow8_13092025_ch02-20250913221721_55536_55552.mp4,E:\cross_sucking\Pen 2 - Group 2\PREWEANING\Day 1\CS_0190_PREWEAN_d1_p2_cow8_13092025_ch02-20250913221721_55536_55552.mp4,skipped_existing,1,1,Pen_2_PREWEAN_Day_1_13092025,Pen 2 - Group 2,PREWEAN,1,2,13092025,8,None|3|None|side,55536.204,55552.037,55536.204,55552.037,G:\MONITORING CROSS SUCKING IN CALVES - KAPPEL - 2025\Pen 2 - Group 2\PREWEANING\Day 1\ch02_20250913221721.mp4,ch02_20250913221721.mp4,53134.773673,55925.85134,2401.430327,2417.263327,Pen 2 - Group 2/PREWEANING/Day 1/0190.zip
159,199,CS_0191_PREWEAN_d1_p2_cow8_13092025_ch02-20250913221721_55835_55891.mp4,Pen 2 - Group 2\PREWEANING\Day 1\CS_0191_PREWEAN_d1_p2_cow8_13092025_ch02-20250913221721_55835_55891.mp4,E:\cross_sucking\Pen 2 - Group 2\PREWEANING\Day 1\CS_0191_PREWEAN_d1_p2_cow8_13092025_ch02-20250913221721_55835_55891.mp4,skipped_existing,1,1,Pen_2_PREWEAN_Day_1_13092025,Pen 2 - Group 2,PREWEAN,1,2,13092025,8,None|T|reciprocal|None,55835.37,55891.66,55835.37,55891.66,G:\MONITORING CROSS SUCKING IN CALVES - KAPPEL - 2025\Pen 2 - Group 2\PREWEANING\Day 1\ch02_20250913221721.mp4,ch02_20250913221721.mp4,53134.773673,55925.85134,2700.596327,2756.886327,Pen 2 - Group 2/PREWEANING/Day 1/0191.zip
160,202,CS_0193_PREWEAN_d1_p2_cowT_13092025_ch02-20250913230419_56303_56311.mp4,Pen 2 - Group 2\PREWEANING\Day 1\CS_0193_PREWEAN_d1_p2_cowT_13092025_ch02-20250913230419_56303_56311.mp4,E:\cross_sucking\Pen 2 - Group 2\PREWEANING\Day 1\CS_0193_PREWEAN_d1_p2_cowT_13092025_ch02-20250913230419_56303_56311.mp4,skipped_existing,1,1,Pen_2_PREWEAN_Day_1_13092025,Pen 2 - Group 2,PREWEAN,1,2,13092025,T,None|3|reciprocal|side,56303.125,56311.799,56303.125,56311.799,G:\MONITORING CROSS SUCKING IN CALVES - KAPPEL - 2025\Pen 2 - Group 2\PREWEANING\Day 1\ch02_20250913230419.mp4,ch02_20250913230419.mp4,55925.85134,58733.428007,377.27366,385.94766,Pen 2 - Group 2/PREWEANING/Day 1/0193.zip
161,203,CS_0194_PREWEAN_d1_p2_cow1_13092025_ch02-20250913230419_57304_57332.mp4,Pen 2 - Group 2\PREWEANING\Day 1\CS_0194_PREWEAN_d1_p2_cow1_13092025_ch02-20250913230419_57304_57332.mp4,E:\cross_sucking\Pen 2 - Group 2\PREWEANING\Day 1\CS_0194_PREWEAN_d1_p2_cow1_13092025_ch02-20250913230419_57304_57332.mp4,skipped_existing,1,1,Pen_2_PREWEAN_Day_1_13092025,Pen 2 - Group 2,PREWEAN,1,2,13092025,1,None|8|None|behind,57304.594,57332.308,57304.594,57332.308,G:\MONITORING CROSS SUCKING IN CALVES - KAPPEL - 2025\Pen 2 - Group 2\PREWEANING\Day 1\ch02_20250913230419.mp4,ch02_20250913230419.mp4,55925.85134,58733.428007,1378.74266,1406.45666,Pen 2 - Group 2/PREWEANING/Day 1/0194.zip
162,204,CS_0195_PREWEAN_d1_p2_cow1_13092025_ch02-20250913230419_57357_57380.mp4,Pen 2 - Group 2\PREWEANING\Day 1\CS_0195_PREWEAN_d1_p2_cow1_13092025_ch02-20250913230419_57357_57380.mp4,E:\cross_sucking\Pen 2 - Group 2\PREWEANING\Day 1\CS_0195_PREWEAN_d1_p2_cow1_13092025_ch02-20250913230419_57357_57380.mp4,skipped_existing,1,1,Pen_2_PREWEAN_Day_1_13092025,Pen 2 - Group 2,PREWEAN,1,2,13092025,1,None|8|None|behind,57357.94,57380.559,57357.94,57380.559,G:\MONITORING CROSS SUCKING IN CALVES - KAPPEL - 2025\Pen 2 - Group 2\PREWEANING\Day 1\ch02_20250913230419.mp4,ch02_20250913230419.mp4,55925.85134,58733.428007,1432.08866,1454.70766,Pen 2 - Group 2/PREWEANING/Day 1/0195.zip
163,205,CS_0196_PREWEAN_d1_p2_cowT_13092025_ch02-20250914060654_81527_81615.mp4,Pen 2 - Group 2\PREWEANING\Day 1\CS_0196_PREWEAN_d1_p2_cowT_13092025_ch02-20250914060654_81527_81615.mp4,E:\cross_sucking\Pen 2 - Group 2\PREWEANING\Day 1\CS_0196_PREWEAN_d1_p2_cowT_13092025_ch02-20250914060654_81527_81615.mp4,skipped_existing,1,1,Pen_2_PREWEAN_Day_1_13092025,Pen 2 - Group 2,PREWEAN,1,2,13092025,T,milk feeder|8|None|behind,81527.933,81615.948,81527.933,81615.948,G:\MONITORING CROSS SUCKING IN CALVES - KAPPEL - 2025\Pen 2 - Group 2\PREWEANING\Day 1\ch02_20250914060654.mp4,ch02_20250914060654.mp4,81121.601343,83942.73701,406.331657,494.346657,Pen 2 - Group 2/PREWEANING/Day 1/0196.zip
164,206,CS_0197_PREWEAN_d1_p2_cowT_13092025_ch02-20250914060654_81678_81709.mp4,Pen 2 - Group 2\PREWEANING\Day 1\CS_0197_PREWEAN_d1_p2_cowT_13092025_ch02-20250914060654_81678_81709.mp4,E:\cross_sucking\Pen 2 - Group 2\PREWEANING\Day 1\CS_0197_PREWEAN_d1_p2_cowT_13092025_ch02-20250914060654_81678_81709.mp4,skipped_existing,1,1,Pen_2_PREWEAN_Day_1_13092025,Pen 2 - Group 2,PREWEAN,1,2,13092025,T,milk feeder|8|None|behind,81678.424,81709.906,81678.424,81709.906,G:\MONITORING CROSS SUCKING IN CALVES - KAPPEL - 2025\Pen 2 - Group 2\PREWEANING\Day 1\ch02_20250914060654.mp4,ch02_20250914060654.mp4,81121.601343,83942.73701,556.822657,588.304657,Pen 2 - Group 2/PREWEANING/Day 1/0197.zip
165,207,CS_0198_PREWEAN_d1_p2_cowO_13092025_ch02-20250914065350_86139_86163.mp4,Pen 2 - Group 2\PREWEANING\Day 1\CS_0198_PREWEAN_d1_p2_cowO_13092025_ch02-20250914065350_86139_86163.mp4,E:\cross_sucking\Pen 2 - Group 2\PREWEANING\Day 1\CS_0198_PREWEAN_d1_p2_cowO_13092025_ch02-20250914065350_86139_86163.mp4,skipped_existing,1,1,Pen_2_PREWEAN_Day_1_13092025,Pen 2 - Group 2,PREWEAN,1,2,13092025,O,hay|T|None|lying down,86139.187,86163.036,86139.187,86163.036,G:\MONITORING CROSS SUCKING IN CALVES - KAPPEL - 2025\Pen 2 - Group 2\PREWEANING\Day 1\ch02_20250914065350.mp4,ch02_20250914065350.mp4,83942.73701,86733.423677,2196.44999,2220.29899,Pen 2 - Group 2/PREWEANING/Day 1/0198.zip
166,208,CS_0199_PREWEAN_d2_p2_cow1_14092025_ch02-20250914074048_1669_1672.mp4,Pen 2 - Group 2\PREWEANING\Day 2\CS_0199_PREWEAN_d2_p2_cow1_14092025_ch02-20250914074048_1669_1672.mp4,E:\cross_sucking\Pen 2 - Group 2\PREWEANING\Day 2\CS_0199_PREWEAN_d2_p2_cow1_14092025_ch02-20250914074048_1669_1672.mp4,skipped_existing,1,1,Pen_2_PREWEAN_Day_2_14092025,Pen 2 - Group 2,PREWEAN,2,2,14092025,1,other|O|None|side,1669.547,1672.108,1669.547,1672.108,G:\MONITORING CROSS SUCKING IN CALVES - KAPPEL - 2025\Pen 2 - Group 2\PREWEANING\Day 2\ch02_20250914074048.mp4,ch02_20250914074048.mp4,0.0,2773.734667,1669.547,1672.108,Pen 2 - Group 2/PREWEANING/Day 2/0199.zip
167,209,CS_0200_PREWEAN_d2_p2_cow1_14092025_ch02-20250914074048_2239_2260.mp4,Pen 2 - Group 2\PREWEANING\Day 2\CS_0200_PREWEAN_d2_p2_cow1_14092025_ch02-20250914074048_2239_2260.mp4,E:\cross_sucking\Pen 2 - Group 2\PREWEANING\Day 2\CS_0200_PREWEAN_d2_p2_cow1_14092025_ch02-20250914074048_2239_2260.mp4,skipped_existing,1,1,Pen_2_PREWEAN_Day_2_14092025,Pen 2 - Group 2,PREWEAN,2,2,14092025,1,other|/|None|side,2239.621,2260.989,2239.621,2260.989,G:\MONITORING CROSS SUCKING IN CALVES - KAPPEL - 2025\Pen 2 - Group 2\PREWEANING\Day 2\ch02_20250914074048.mp4,ch02_20250914074048.mp4,0.0,2773.734667,2239.621,2260.989,Pen 2 - Group 2/PREWEANING/Day 2/0200.zip
168,210,CS_0201_PREWEAN_d2_p2_cow8_14092025_ch02-20250914074048_2624_2666.mp4,Pen 2 - Group 2\PREWEANING\Day 2\CS_0201_PREWEAN_d2_p2_cow8_14092025_ch02-20250914074048_2624_2666.mp4,E:\cross_sucking\Pen 2 - Group 2\PREWEANING\Day 2\CS_0201_PREWEAN_d2_p2_cow8_14092025_ch02-20250914074048_2624_2666.mp4,skipped_existing,1,1,Pen_2_PREWEAN_Day_2_14092025,Pen 2 - Group 2,PREWEAN,2,2,14092025,8,hay|1|None|lying down,2624.015,2666.434,2624.015,2666.434,G:\MONITORING CROSS SUCKING IN CALVES - KAPPEL - 2025\Pen 2 - Group 2\PREWEANING\Day 2\ch02_20250914074048.mp4,ch02_20250914074048.mp4,0.0,2773.734667,2624.015,2666.434,Pen 2 - Group 2/PREWEANING/Day 2/0201.zip
169,211,CS_0202_PREWEAN_d2_p2_cow3_14092025_ch02-20250914082744_4102_4110.mp4,Pen 2 - Group 2\PREWEANING\Day 2\CS_0202_PREWEAN_d2_p2_cow3_14092025_ch02-20250914082744_4102_4110.mp4,E:\cross_sucking\Pen 2 - Group 2\PREWEANING\Day 2\CS_0202_PREWEAN_d2_p2_cow3_14092025_ch02-20250914082744_4102_4110.mp4,skipped_existing,1,1,Pen_2_PREWEAN_Day_2_14092025,Pen 2 - Group 2,PREWEAN,2,2,14092025,3,hay|1|None|behind,4102.229,4110.673,4102.229,4110.673,G:\MONITORING CROSS SUCKING IN CALVES - KAPPEL - 2025\Pen 2 - Group 2\PREWEANING\Day 2\ch02_20250914082744.mp4,ch02_20250914082744.mp4,2773.734667,5580.953334,1328.494333,1336.938333,Pen 2 - Group 2/PREWEANING/Day 2/0202.zip
170,212,CS_0203_PREWEAN_d2_p2_cow3_14092025_ch02-20250914082744_4114_4145.mp4,Pen 2 - Group 2\PREWEANING\Day 2\CS_0203_PREWEAN_d2_p2_cow3_14092025_ch02-20250914082744_4114_4145.mp4,E:\cross_sucking\Pen 2 - Group 2\PREWEANING\Day 2\CS_0203_PREWEAN_d2_p2_cow3_14092025_ch02-20250914082744_4114_4145.mp4,skipped_existing,1,1,Pen_2_PREWEAN_Day_2_14092025,Pen 2 - Group 2,PREWEAN,2,2,14092025,3,hay|1|None|lying down,4114.711,4145.281,4114.711,4145.281,G:\MONITORING CROSS SUCKING IN CALVES - KAPPEL - 2025\Pen 2 - Group 2\PREWEANING\Day 2\ch02_20250914082744.mp4,ch02_20250914082744.mp4,2773.734667,5580.953334,1340.976333,1371.546333,Pen 2 - Group 2/PREWEANING/Day 2/0203.zip
171,213,CS_0204_PREWEAN_d2_p2_cow3_14092025_ch02-20250914082744_4670_4708.mp4,Pen 2 - Group 2\PREWEANING\Day 2\CS_0204_PREWEAN_d2_p2_cow3_14092025_ch02-20250914082744_4670_4708.mp4,E:\cross_sucking\Pen 2 - Group 2\PREWEANING\Day 2\CS_0204_PREWEAN_d2_p2_cow3_14092025_ch02-20250914082744_4670_4708.mp4,skipped_existing,1,1,Pen_2_PREWEAN_Day_2_14092025,Pen 2 - Group 2,PREWEAN,2,2,14092025,3,other|1|None|side,4670.978,4708.103,4670.978,4708.103,G:\MONITORING CROSS SUCKING IN CALVES - KAPPEL - 2025\Pen 2 - Group 2\PREWEANING\Day 2\ch02_20250914082744.mp4,ch02_20250914082744.mp4,2773.734667,5580.953334,1897.243333,1934.368333,Pen 2 - Group 2/PREWEANING/Day 2/0204.zip
172,214,CS_0205_PREWEAN_d2_p2_cow6_14092025_ch02-20250914082744_4725_4757.mp4,Pen 2 - Group 2\PREWEANING\Day 2\CS_0205_PREWEAN_d2_p2_cow6_14092025_ch02-20250914082744_4725_4757.mp4,E:\cross_sucking\Pen 2 - Group 2\PREWEANING\Day 2\CS_0205_PREWEAN_d2_p2_cow6_14092025_ch02-20250914082744_4725_4757.mp4,skipped_existing,1,1,Pen_2_PREWEAN_Day_2_14092025,Pen 2 - Group 2,PREWEAN,2,2,14092025,6,other|8|None|side,4725.267,4757.997,4725.267,4757.997,G:\MONITORING CROSS SUCKING IN CALVES - KAPPEL - 2025\Pen 2 - Group 2\PREWEANING\Day 2\ch02_20250914082744.mp4,ch02_20250914082744.mp4,2773.734667,5580.953334,1951.532333,1984.262333,Pen 2 - Group 2/PREWEANING/Day 2/0205.zip
173,215,CS_0206_PREWEAN_d2_p2_cowT_14092025_ch02-20250914082744_5372_5480.mp4,Pen 2 - Group 2\PREWEANING\Day 2\CS_0206_PREWEAN_d2_p2_cowT_14092025_ch02-20250914082744_5372_5480.mp4,E:\cross_sucking\Pen 2 - Group 2\PREWEANING\Day 2\CS_0206_PREWEAN_d2_p2_cowT_14092025_ch02-20250914082744_5372_5480.mp4,skipped_existing,1,1,Pen_2_PREWEAN_Day_2_14092025,Pen 2 - Group 2,PREWEAN,2,2,14092025,T,hay|1|None|lying down,5372.918,5480.245,5372.918,5480.245,G:\MONITORING CROSS SUCKING IN CALVES - KAPPEL - 2025\Pen 2 - Group 2\PREWEANING\Day 2\ch02_20250914082744.mp4,ch02_20250914082744.mp4,2773.734667,5580.953334,2599.183333,2706.510333,Pen 2 - Group 2/PREWEANING/Day 2/0206.zip
174,216,CS_0207_PREWEAN_d2_p2_cowT_14092025_ch02-20250914082744_5532_5551.mp4,Pen 2 - Group 2\PREWEANING\Day 2\CS_0207_PREWEAN_d2_p2_cowT_14092025_ch02-20250914082744_5532_5551.mp4,E:\cross_sucking\Pen 2 - Group 2\PREWEANING\Day 2\CS_0207_PREWEAN_d2_p2_cowT_14092025_ch02-20250914082744_5532_5551.mp4,skipped_existing,1,1,Pen_2_PREWEAN_Day_2_14092025,Pen 2 - Group 2,PREWEAN,2,2,14092025,T,hay|1|None|lying down,5532.498,5551.758,5532.498,5551.758,G:\MONITORING CROSS SUCKING IN CALVES - KAPPEL - 2025\Pen 2 - Group 2\PREWEANING\Day 2\ch02_20250914082744.mp4,ch02_20250914082744.mp4,2773.734667,5580.953334,2758.763333,2778.023333,Pen 2 - Group 2/PREWEANING/Day 2/0207.zip
175,217,CS_0208_PREWEAN_d2_p2_cowT_14092025_ch02-20250914091442_6656_6675.mp4,Pen 2 - Group 2\PREWEANING\Day 2\CS_0208_PREWEAN_d2_p2_cowT_14092025_ch02-20250914091442_6656_6675.mp4,E:\cross_sucking\Pen 2 - Group 2\PREWEANING\Day 2\CS_0208_PREWEAN_d2_p2_cowT_14092025_ch02-20250914091442_6656_6675.mp4,skipped_existing,1,1,Pen_2_PREWEAN_Day_2_14092025,Pen 2 - Group 2,PREWEAN,2,2,14092025,T,other|8|None|side,6656.912,6675.434,6656.912,6675.434,G:\MONITORING CROSS SUCKING IN CALVES - KAPPEL - 2025\Pen 2 - Group 2\PREWEANING\Day 2\ch02_20250914091442.mp4,ch02_20250914091442.mp4,5580.953334,8371.885001,1075.958666,1094.480666,Pen 2 - Group 2/PREWEANING/Day 2/0208.zip
176,218,CS_0209_PREWEAN_d2_p2_cow1_14092025_ch02-20250914091442_6684_6693.mp4,Pen 2 - Group 2\PREWEANING\Day 2\CS_0209_PREWEAN_d2_p2_cow1_14092025_ch02-20250914091442_6684_6693.mp4,E:\cross_sucking\Pen 2 - Group 2\PREWEANING\Day 2\CS_0209_PREWEAN_d2_p2_cow1_14092025_ch02-20250914091442_6684_6693.mp4,skipped_existing,1,1,Pen_2_PREWEAN_Day_2_14092025,Pen 2 - Group 2,PREWEAN,2,2,14092025,1,other|/|None|lying down,6684.428,6693.387,6684.428,6693.387,G:\MONITORING CROSS SUCKING IN CALVES - KAPPEL - 2025\Pen 2 - Group 2\PREWEANING\Day 2\ch02_20250914091442.mp4,ch02_20250914091442.mp4,5580.953334,8371.885001,1103.474666,1112.433666,Pen 2 - Group 2/PREWEANING/Day 2/0209.zip
177,219,CS_0210_PREWEAN_d2_p2_cow1_14092025_ch02-20250914091442_6693_6695.mp4,Pen 2 - Group 2\PREWEANING\Day 2\CS_0210_PREWEAN_d2_p2_cow1_14092025_ch02-20250914091442_6693_6695.mp4,E:\cross_sucking\Pen 2 - Group 2\PREWEANING\Day 2\CS_0210_PREWEAN_d2_p2_cow1_14092025_ch02-20250914091442_6693_6695.mp4,skipped_existing,1,1,Pen_2_PREWEAN_Day_2_14092025,Pen 2 - Group 2,PREWEAN,2,2,14092025,1,other|/|None|side,6693.388,6695.62,6693.388,6695.62,G:\MONITORING CROSS SUCKING IN CALVES - KAPPEL - 2025\Pen 2 - Group 2\PREWEANING\Day 2\ch02_20250914091442.mp4,ch02_20250914091442.mp4,5580.953334,8371.885001,1112.434666,1114.666666,Pen 2 - Group 2/PREWEANING/Day 2/0210.zip
178,220,CS_0211_PREWEAN_d2_p2_cowT_14092025_ch02-20250914091442_6729_6771.mp4,Pen 2 - Group 2\PREWEANING\Day 2\CS_0211_PREWEAN_d2_p2_cowT_14092025_ch02-20250914091442_6729_6771.mp4,E:\cross_sucking\Pen 2 - Group 2\PREWEANING\Day 2\CS_0211_PREWEAN_d2_p2_cowT_14092025_ch02-20250914091442_6729_6771.mp4,skipped_existing,1,1,Pen_2_PREWEAN_Day_2_14092025,Pen 2 - Group 2,PREWEAN,2,2,14092025,T,other|1|None|side,6729.454,6771.592,6729.454,6771.592,G:\MONITORING CROSS SUCKING IN CALVES - KAPPEL - 2025\Pen 2 - Group 2\PREWEANING\Day 2\ch02_20250914091442.mp4,ch02_20250914091442.mp4,5580.953334,8371.885001,1148.500666,1190.638666,Pen 2 - Group 2/PREWEANING/Day 2/0211.zip
179,221,CS_0212_PREWEAN_d2_p2_cow3_14092025_ch02-20250914091442_7195_7214.mp4,Pen 2 - Group 2\PREWEANING\Day 2\CS_0212_PREWEAN_d2_p2_cow3_14092025_ch02-20250914091442_7195_7214.mp4,E:\cross_sucking\Pen 2 - Group 2\PREWEANING\Day 2\CS_0212_PREWEAN_d2_p2_cow3_14092025_ch02-20250914091442_7195_7214.mp4,skipped_existing,1,1,Pen_2_PREWEAN_Day_2_14092025,Pen 2 - Group 2,PREWEAN,2,2,14092025,3,other|T|None|side,7195.757,7214.687,7195.757,7214.687,G:\MONITORING CROSS SUCKING IN CALVES - KAPPEL - 2025\Pen 2 - Group 2\PREWEANING\Day 2\ch02_20250914091442.mp4,ch02_20250914091442.mp4,5580.953334,8371.885001,1614.803666,1633.733666,Pen 2 - Group 2/PREWEANING/Day 2/0212.zip
180,222,CS_0213_PREWEAN_d2_p2_cowT_14092025_ch02-20250914091442_7238_7251.mp4,Pen 2 - Group 2\PREWEANING\Day 2\CS_0213_PREWEAN_d2_p2_cowT_14092025_ch02-20250914091442_7238_7251.mp4,E:\cross_sucking\Pen 2 - Group 2\PREWEANING\Day 2\CS_0213_PREWEAN_d2_p2_cowT_14092025_ch02-20250914091442_7238_7251.mp4,skipped_existing,1,1,Pen_2_PREWEAN_Day_2_14092025,Pen 2 - Group 2,PREWEAN,2,2,14092025,T,other|3|None|side,7238.229,7251.603,7238.229,7251.603,G:\MONITORING CROSS SUCKING IN CALVES - KAPPEL - 2025\Pen 2 - Group 2\PREWEANING\Day 2\ch02_20250914091442.mp4,ch02_20250914091442.mp4,5580.953334,8371.885001,1657.275666,1670.649666,Pen 2 - Group 2/PREWEANING/Day 2/0213.zip
181,223,CS_0214_PREWEAN_d2_p2_cow3_14092025_ch02-20250914091442_7540_7549.mp4,Pen 2 - Group 2\PREWEANING\Day 2\CS_0214_PREWEAN_d2_p2_cow3_14092025_ch02-20250914091442_7540_7549.mp4,E:\cross_sucking\Pen 2 - Group 2\PREWEANING\Day 2\CS_0214_PREWEAN_d2_p2_cow3_14092025_ch02-20250914091442_7540_7549.mp4,skipped_existing,1,1,Pen_2_PREWEAN_Day_2_14092025,Pen 2 - Group 2,PREWEAN,2,2,14092025,3,other|/|None|side,7540.883,7549.77,7540.883,7549.77,G:\MONITORING CROSS SUCKING IN CALVES - KAPPEL - 2025\Pen 2 - Group 2\PREWEANING\Day 2\ch02_20250914091442.mp4,ch02_20250914091442.mp4,5580.953334,8371.885001,1959.929666,1968.816666,Pen 2 - Group 2/PREWEANING/Day 2/0214.zip
182,224,CS_0215_PREWEAN_d2_p2_cow1_14092025_ch02-20250914091442_7839_7865.mp4,Pen 2 - Group 2\PREWEANING\Day 2\CS_0215_PREWEAN_d2_p2_cow1_14092025_ch02-20250914091442_7839_7865.mp4,E:\cross_sucking\Pen 2 - Group 2\PREWEANING\Day 2\CS_0215_PREWEAN_d2_p2_cow1_14092025_ch02-20250914091442_7839_7865.mp4,skipped_existing,1,1,Pen_2_PREWEAN_Day_2_14092025,Pen 2 - Group 2,PREWEAN,2,2,14092025,1,other|/|None|side,7839.699,7865.475,7839.699,7865.475,G:\MONITORING CROSS SUCKING IN CALVES - KAPPEL - 2025\Pen 2 - Group 2\PREWEANING\Day 2\ch02_20250914091442.mp4,ch02_20250914091442.mp4,5580.953334,8371.885001,2258.745666,2284.521666,Pen 2 - Group 2/PREWEANING/Day 2/0215.zip
183,225,CS_0216_PREWEAN_d2_p2_cow1_14092025_ch02-20250914091442_7897_7921.mp4,Pen 2 - Group 2\PREWEANING\Day 2\CS_0216_PREWEAN_d2_p2_cow1_14092025_ch02-20250914091442_7897_7921.mp4,E:\cross_sucking\Pen 2 - Group 2\PREWEANING\Day 2\CS_0216_PREWEAN_d2_p2_cow1_14092025_ch02-20250914091442_7897_7921.mp4,skipped_existing,1,1,Pen_2_PREWEAN_Day_2_14092025,Pen 2 - Group 2,PREWEAN,2,2,14092025,1,other|/|None|side,7897.138,7921.811,7897.138,7921.811,G:\MONITORING CROSS SUCKING IN CALVES - KAPPEL - 2025\Pen 2 - Group 2\PREWEANING\Day 2\ch02_20250914091442.mp4,ch02_20250914091442.mp4,5580.953334,8371.885001,2316.184666,2340.857666,Pen 2 - Group 2/PREWEANING/Day 2/0216.zip
184,227,CS_0218_PREWEAN_d2_p2_cow1_14092025_ch02-20250914091442_7921_7971.mp4,Pen 2 - Group 2\PREWEANING\Day 2\CS_0218_PREWEAN_d2_p2_cow1_14092025_ch02-20250914091442_7921_7971.mp4,E:\cross_sucking\Pen 2 - Group 2\PREWEANING\Day 2\CS_0218_PREWEAN_d2_p2_cow1_14092025_ch02-20250914091442_7921_7971.mp4,skipped_existing,1,1,Pen_2_PREWEAN_Day_2_14092025,Pen 2 - Group 2,PREWEAN,2,2,14092025,1,other|/|reciprocal|side,7921.812,7971.662,7921.812,7971.662,G:\MONITORING CROSS SUCKING IN CALVES - KAPPEL - 2025\Pen 2 - Group 2\PREWEANING\Day 2\ch02_20250914091442.mp4,ch02_20250914091442.mp4,5580.953334,8371.885001,2340.858666,2390.708666,Pen 2 - Group 2/PREWEANING/Day 2/0218.zip
185,228,CS_0219_PREWEAN_d2_p2_cow1_14092025_ch02-20250914100140_8762_8817.mp4,Pen 2 - Group 2\PREWEANING\Day 2\CS_0219_PREWEAN_d2_p2_cow1_14092025_ch02-20250914100140_8762_8817.mp4,E:\cross_sucking\Pen 2 - Group 2\PREWEANING\Day 2\CS_0219_PREWEAN_d2_p2_cow1_14092025_ch02-20250914100140_8762_8817.mp4,skipped_existing,1,1,Pen_2_PREWEAN_Day_2_14092025,Pen 2 - Group 2,PREWEAN,2,2,14092025,1,hay|8|None|behind,8762.842,8817.707,8762.842,8817.707,G:\MONITORING CROSS SUCKING IN CALVES - KAPPEL - 2025\Pen 2 - Group 2\PREWEANING\Day 2\ch02_20250914100140.mp4,ch02_20250914100140.mp4,8371.885001,11162.106668,390.956999,445.821999,Pen 2 - Group 2/PREWEANING/Day 2/0219.zip
186,229,CS_0220_PREWEAN_d2_p2_cow3_14092025_ch02-20250914122232_17035_17080.mp4,Pen 2 - Group 2\PREWEANING\Day 2\CS_0220_PREWEAN_d2_p2_cow3_14092025_ch02-20250914122232_17035_17080.mp4,E:\cross_sucking\Pen 2 - Group 2\PREWEANING\Day 2\CS_0220_PREWEAN_d2_p2_cow3_14092025_ch02-20250914122232_17035_17080.mp4,skipped_existing,1,1,Pen_2_PREWEAN_Day_2_14092025,Pen 2 - Group 2,PREWEAN,2,2,14092025,3,hay|T|None|behind,17035.449,17080.567,17035.449,17080.567,G:\MONITORING CROSS SUCKING IN CALVES - KAPPEL - 2025\Pen 2 - Group 2\PREWEANING\Day 2\ch02_20250914122232.mp4,ch02_20250914122232.mp4,16743.964002,19518.778669,291.484998,336.602998,Pen 2 - Group 2/PREWEANING/Day 2/0220.zip
187,230,CS_0221_PREWEAN_d2_p2_cowA_14092025_ch02-20250914144323_25737_25748.mp4,Pen 2 - Group 2\PREWEANING\Day 2\CS_0221_PREWEAN_d2_p2_cowA_14092025_ch02-20250914144323_25737_25748.mp4,E:\cross_sucking\Pen 2 - Group 2\PREWEANING\Day 2\CS_0221_PREWEAN_d2_p2_cowA_14092025_ch02-20250914144323_25737_25748.mp4,skipped_existing,1,1,Pen_2_PREWEAN_Day_2_14092025,Pen 2 - Group 2,PREWEAN,2,2,14092025,A,hay|1|None|side,25737.496,25748.907,25737.496,25748.907,G:\MONITORING CROSS SUCKING IN CALVES - KAPPEL - 2025\Pen 2 - Group 2\PREWEANING\Day 2\ch02_20250914144323.mp4,ch02_20250914144323.mp4,25099.489003,27906.24067,638.006997,649.417997,Pen 2 - Group 2/PREWEANING/Day 2/0221.zip
188,231,CS_0222_PREWEAN_d2_p2_cow8_14092025_ch02-20250914161719_31166_31199.mp4,Pen 2 - Group 2\PREWEANING\Day 2\CS_0222_PREWEAN_d2_p2_cow8_14092025_ch02-20250914161719_31166_31199.mp4,E:\cross_sucking\Pen 2 - Group 2\PREWEANING\Day 2\CS_0222_PREWEAN_d2_p2_cow8_14092025_ch02-20250914161719_31166_31199.mp4,skipped_existing,1,1,Pen_2_PREWEAN_Day_2_14092025,Pen 2 - Group 2,PREWEAN,2,2,14092025,8,hay|1|None|lying down,31166.009,31199.2,31166.009,31199.2,G:\MONITORING CROSS SUCKING IN CALVES - KAPPEL - 2025\Pen 2 - Group 2\PREWEANING\Day 2\ch02_20250914161719.mp4,ch02_20250914161719.mp4,30697.228337,33488.217004,468.780663,501.971663,Pen 2 - Group 2/PREWEANING/Day 2/0222.zip
189,232,CS_0223_PREWEAN_d2_p2_cow8_14092025_ch02-20250914161719_31238_31287.mp4,Pen 2 - Group 2\PREWEANING\Day 2\CS_0223_PREWEAN_d2_p2_cow8_14092025_ch02-20250914161719_31238_31287.mp4,E:\cross_sucking\Pen 2 - Group 2\PREWEANING\Day 2\CS_0223_PREWEAN_d2_p2_cow8_14092025_ch02-20250914161719_31238_31287.mp4,skipped_existing,1,1,Pen_2_PREWEAN_Day_2_14092025,Pen 2 - Group 2,PREWEAN,2,2,14092025,8,hay|1|None|lying down,31238.438,31287.687,31238.438,31287.687,G:\MONITORING CROSS SUCKING IN CALVES - KAPPEL - 2025\Pen 2 - Group 2\PREWEANING\Day 2\ch02_20250914161719.mp4,ch02_20250914161719.mp4,30697.228337,33488.217004,541.209663,590.458663,Pen 2 - Group 2/PREWEANING/Day 2/0223.zip
190,233,CS_0224_PREWEAN_d2_p2_cow1_14092025_ch02-20250914161719_31466_31493.mp4,Pen 2 - Group 2\PREWEANING\Day 2\CS_0224_PREWEAN_d2_p2_cow1_14092025_ch02-20250914161719_31466_31493.mp4,E:\cross_sucking\Pen 2 - Group 2\PREWEANING\Day 2\CS_0224_PREWEAN_d2_p2_cow1_14092025_ch02-20250914161719_31466_31493.mp4,skipped_existing,1,1,Pen_2_PREWEAN_Day_2_14092025,Pen 2 - Group 2,PREWEAN,2,2,14092025,1,hay|3|None|behind,31466.225,31493.705,31466.225,31493.705,G:\MONITORING CROSS SUCKING IN CALVES - KAPPEL - 2025\Pen 2 - Group 2\PREWEANING\Day 2\ch02_20250914161719.mp4,ch02_20250914161719.mp4,30697.228337,33488.217004,768.996663,796.476663,Pen 2 - Group 2/PREWEANING/Day 2/0224.zip
191,234,CS_0225_PREWEAN_d2_p2_cowT_14092025_ch02-20250914161719_32451_32477.mp4,Pen 2 - Group 2\PREWEANING\Day 2\CS_0225_PREWEAN_d2_p2_cowT_14092025_ch02-20250914161719_32451_32477.mp4,E:\cross_sucking\Pen 2 - Group 2\PREWEANING\Day 2\CS_0225_PREWEAN_d2_p2_cowT_14092025_ch02-20250914161719_32451_32477.mp4,skipped_existing,1,1,Pen_2_PREWEAN_Day_2_14092025,Pen 2 - Group 2,PREWEAN,2,2,14092025,T,other|1|None|lying down,32451.967,32477.227,32451.967,32477.227,G:\MONITORING CROSS SUCKING IN CALVES - KAPPEL - 2025\Pen 2 - Group 2\PREWEANING\Day 2\ch02_20250914161719.mp4,ch02_20250914161719.mp4,30697.228337,33488.217004,1754.738663,1779.998663,Pen 2 - Group 2/PREWEANING/Day 2/0225.zip
192,235,CS_0226_PREWEAN_d2_p2_cow1_14092025_ch02-20250914175115_37361_37458.mp4,Pen 2 - Group 2\PREWEANING\Day 2\CS_0226_PREWEAN_d2_p2_cow1_14092025_ch02-20250914175115_37361_37458.mp4,E:\cross_sucking\Pen 2 - Group 2\PREWEANING\Day 2\CS_0226_PREWEAN_d2_p2_cow1_14092025_ch02-20250914175115_37361_37458.mp4,skipped_existing,1,1,Pen_2_PREWEAN_Day_2_14092025,Pen 2 - Group 2,PREWEAN,2,2,14092025,1,hay|T|None|side,37361.111,37458.517,37361.111,37458.517,G:\MONITORING CROSS SUCKING IN CALVES - KAPPEL - 2025\Pen 2 - Group 2\PREWEANING\Day 2\ch02_20250914175115.mp4,ch02_20250914175115.mp4,36262.510671,39053.420338,1098.600329,1196.006329,Pen 2 - Group 2/PREWEANING/Day 2/0226.zip
193,236,CS_0227_PREWEAN_d2_p2_cowslash_14092025_ch02-20250914183812_41190_41202.mp4,Pen 2 - Group 2\PREWEANING\Day 2\CS_0227_PREWEAN_d2_p2_cowslash_14092025_ch02-20250914183812_41190_41202.mp4,E:\cross_sucking\Pen 2 - Group 2\PREWEANING\Day 2\CS_0227_PREWEAN_d2_p2_cowslash_14092025_ch02-20250914183812_41190_41202.mp4,skipped_existing,1,1,Pen_2_PREWEAN_Day_2_14092025,Pen 2 - Group 2,PREWEAN,2,2,14092025,/,other|8|None|side,41190.75,41202.307,41190.75,41202.307,G:\MONITORING CROSS SUCKING IN CALVES - KAPPEL - 2025\Pen 2 - Group 2\PREWEANING\Day 2\ch02_20250914183812.mp4,ch02_20250914183812.mp4,39053.420338,41874.840005,2137.329662,2148.886662,Pen 2 - Group 2/PREWEANING/Day 2/0227.zip
194,237,CS_0228_PREWEAN_d2_p2_cow3_14092025_ch02-20250914205904_49877_49975.mp4,Pen 2 - Group 2\PREWEANING\Day 2\CS_0228_PREWEAN_d2_p2_cow3_14092025_ch02-20250914205904_49877_49975.mp4,E:\cross_sucking\Pen 2 - Group 2\PREWEANING\Day 2\CS_0228_PREWEAN_d2_p2_cow3_14092025_ch02-20250914205904_49877_49975.mp4,skipped_existing,1,1,Pen_2_PREWEAN_Day_2_14092025,Pen 2 - Group 2,PREWEAN,2,2,14092025,3,other|1|None|side,49877.172,49975.082,49877.172,49975.082,G:\MONITORING CROSS SUCKING IN CALVES - KAPPEL - 2025\Pen 2 - Group 2\PREWEANING\Day 2\ch02_20250914205904.mp4,ch02_20250914205904.mp4,47472.577339,50278.019006,2404.594661,2502.504661,Pen 2 - Group 2/PREWEANING/Day 2/0228.zip
195,239,CS_0230_PREWEAN_d2_p2_cow3_14092025_ch02-20250914214600_50326_50339.mp4,Pen 2 - Group 2\PREWEANING\Day 2\CS_0230_PREWEAN_d2_p2_cow3_14092025_ch02-20250914214600_50326_50339.mp4,E:\cross_sucking\Pen 2 - Group 2\PREWEANING\Day 2\CS_0230_PREWEAN_d2_p2_cow3_14092025_ch02-20250914214600_50326_50339.mp4,skipped_existing,1,1,Pen_2_PREWEAN_Day_2_14092025,Pen 2 - Group 2,PREWEAN,2,2,14092025,3,other|8|None|side,50326.48,50339.446,50326.48,50339.446,G:\MONITORING CROSS SUCKING IN CALVES - KAPPEL - 2025\Pen 2 - Group 2\PREWEANING\Day 2\ch02_20250914214600.mp4,ch02_20250914214600.mp4,50278.019006,53083.334673,48.460994,61.426994,Pen 2 - Group 2/PREWEANING/Day 2/0230.zip
196,240,CS_0231_PREWEAN_d2_p2_cowslash_14092025_ch02-20250914214600_50664_50843.mp4,Pen 2 - Group 2\PREWEANING\Day 2\CS_0231_PREWEAN_d2_p2_cowslash_14092025_ch02-20250914214600_50664_50843.mp4,E:\cross_sucking\Pen 2 - Group 2\PREWEANING\Day 2\CS_0231_PREWEAN_d2_p2_cowslash_14092025_ch02-20250914214600_50664_50843.mp4,skipped_existing,1,1,Pen_2_PREWEAN_Day_2_14092025,Pen 2 - Group 2,PREWEAN,2,2,14092025,/,hay|1|reciprocal|side,50664.832,50843.682,50664.832,50843.682,G:\MONITORING CROSS SUCKING IN CALVES - KAPPEL - 2025\Pen 2 - Group 2\PREWEANING\Day 2\ch02_20250914214600.mp4,ch02_20250914214600.mp4,50278.019006,53083.334673,386.812994,565.662994,Pen 2 - Group 2/PREWEANING/Day 2/0231.zip
197,243,CS_0234_PREWEAN_d2_p2_cow8_14092025_ch02-20250914223257_53834_54113.mp4,Pen 2 - Group 2\PREWEANING\Day 2\CS_0234_PREWEAN_d2_p2_cow8_14092025_ch02-20250914223257_53834_54113.mp4,E:\cross_sucking\Pen 2 - Group 2\PREWEANING\Day 2\CS_0234_PREWEAN_d2_p2_cow8_14092025_ch02-20250914223257_53834_54113.mp4,skipped_existing,1,1,Pen_2_PREWEAN_Day_2_14092025,Pen 2 - Group 2,PREWEAN,2,2,14092025,8,other|T|None|behind,53834.802,54113.261,53834.802,54113.261,G:\MONITORING CROSS SUCKING IN CALVES - KAPPEL - 2025\Pen 2 - Group 2\PREWEANING\Day 2\ch02_20250914223257.mp4,ch02_20250914223257.mp4,53083.334673,55921.54634,751.467327,1029.926327,Pen 2 - Group 2/PREWEANING/Day 2/0234.zip
198,245,CS_0236_PREWEAN_d2_p2_cow8_14092025_ch02-20250914223257_54981_55004.mp4,Pen 2 - Group 2\PREWEANING\Day 2\CS_0236_PREWEAN_d2_p2_cow8_14092025_ch02-20250914223257_54981_55004.mp4,E:\cross_sucking\Pen 2 - Group 2\PREWEANING\Day 2\CS_0236_PREWEAN_d2_p2_cow8_14092025_ch02-20250914223257_54981_55004.mp4,skipped_existing,1,1,Pen_2_PREWEAN_Day_2_14092025,Pen 2 - Group 2,PREWEAN,2,2,14092025,8,other|3|None|side,54981.066,55004.527,54981.066,55004.527,G:\MONITORING CROSS SUCKING IN CALVES - KAPPEL - 2025\Pen 2 - Group 2\PREWEANING\Day 2\ch02_20250914223257.mp4,ch02_20250914223257.mp4,53083.334673,55921.54634,1897.731327,1921.192327,Pen 2 - Group 2/PREWEANING/Day 2/0236.zip
199,246,CS_0237_PREWEAN_d2_p2_cowslash_14092025_ch02-20250914223257_55180_55191.mp4,Pen 2 - Group 2\PREWEANING\Day 2\CS_0237_PREWEAN_d2_p2_cowslash_14092025_ch02-20250914223257_55180_55191.mp4,E:\cross_sucking\Pen 2 - Group 2\PREWEANING\Day 2\CS_0237_PREWEAN_d2_p2_cowslash_14092025_ch02-20250914223257_55180_55191.mp4,skipped_existing,1,1,Pen_2_PREWEAN_Day_2_14092025,Pen 2 - Group 2,PREWEAN,2,2,14092025,/,other|8|None|side,55180.111,55191.462,55180.111,55191.462,G:\MONITORING CROSS SUCKING IN CALVES - KAPPEL - 2025\Pen 2 - Group 2\PREWEANING\Day 2\ch02_20250914223257.mp4,ch02_20250914223257.mp4,53083.334673,55921.54634,2096.776327,2108.127327,Pen 2 - Group 2/PREWEANING/Day 2/0237.zip
200,247,CS_0238_PREWEAN_d2_p2_cowslash_14092025_ch02-20250914231955_56113_56185.mp4,Pen 2 - Group 2\PREWEANING\Day 2\CS_0238_PREWEAN_d2_p2_cowslash_14092025_ch02-20250914231955_56113_56185.mp4,E:\cross_sucking\Pen 2 - Group 2\PREWEANING\Day 2\CS_0238_PREWEAN_d2_p2_cowslash_14092025_ch02-20250914231955_56113_56185.mp4,skipped_existing,1,1,Pen_2_PREWEAN_Day_2_14092025,Pen 2 - Group 2,PREWEAN,2,2,14092025,/,other|1|None|side,56113.204,56185.297,56113.204,56185.297,G:\MONITORING CROSS SUCKING IN CALVES - KAPPEL - 2025\Pen 2 - Group 2\PREWEANING\Day 2\ch02_20250914231955.mp4,ch02_20250914231955.mp4,55921.54634,58696.126007,191.65766,263.75066,Pen 2 - Group 2/PREWEANING/Day 2/0238.zip
201,248,CS_0239_PREWEAN_d2_p2_cow1_14092025_ch02-20250914231955_56120_56192.mp4,Pen 2 - Group 2\PREWEANING\Day 2\CS_0239_PREWEAN_d2_p2_cow1_14092025_ch02-20250914231955_56120_56192.mp4,E:\cross_sucking\Pen 2 - Group 2\PREWEANING\Day 2\CS_0239_PREWEAN_d2_p2_cow1_14092025_ch02-20250914231955_56120_56192.mp4,skipped_existing,1,1,Pen_2_PREWEAN_Day_2_14092025,Pen 2 - Group 2,PREWEAN,2,2,14092025,1,other|/|reciprocal|side,56120.3,56192.947,56120.3,56192.947,G:\MONITORING CROSS SUCKING IN CALVES - KAPPEL - 2025\Pen 2 - Group 2\PREWEANING\Day 2\ch02_20250914231955.mp4,ch02_20250914231955.mp4,55921.54634,58696.126007,198.75366,271.40066,Pen 2 - Group 2/PREWEANING/Day 2/0239.zip
202,249,CS_0240_PREWEAN_d2_p2_cowslash_14092025_ch02-20250914231955_56260_56375.mp4,Pen 2 - Group 2\PREWEANING\Day 2\CS_0240_PREWEAN_d2_p2_cowslash_14092025_ch02-20250914231955_56260_56375.mp4,E:\cross_sucking\Pen 2 - Group 2\PREWEANING\Day 2\CS_0240_PREWEAN_d2_p2_cowslash_14092025_ch02-20250914231955_56260_56375.mp4,skipped_existing,1,1,Pen_2_PREWEAN_Day_2_14092025,Pen 2 - Group 2,PREWEAN,2,2,14092025,/,other|1|reciprocal|side,56260.756,56375.28,56260.756,56375.28,G:\MONITORING CROSS SUCKING IN CALVES - KAPPEL - 2025\Pen 2 - Group 2\PREWEANING\Day 2\ch02_20250914231955.mp4,ch02_20250914231955.mp4,55921.54634,58696.126007,339.20966,453.73366,Pen 2 - Group 2/PREWEANING/Day 2/0240.zip
203,250,CS_0241_PREWEAN_d2_p2_cow1_14092025_ch02-20250914231955_56431_56470.mp4,Pen 2 - Group 2\PREWEANING\Day 2\CS_0241_PREWEAN_d2_p2_cow1_14092025_ch02-20250914231955_56431_56470.mp4,E:\cross_sucking\Pen 2 - Group 2\PREWEANING\Day 2\CS_0241_PREWEAN_d2_p2_cow1_14092025_ch02-20250914231955_56431_56470.mp4,skipped_existing,1,1,Pen_2_PREWEAN_Day_2_14092025,Pen 2 - Group 2,PREWEAN,2,2,14092025,1,other|/|None|side,56431.472,56470.28,56431.472,56470.28,G:\MONITORING CROSS SUCKING IN CALVES - KAPPEL - 2025\Pen 2 - Group 2\PREWEANING\Day 2\ch02_20250914231955.mp4,ch02_20250914231955.mp4,55921.54634,58696.126007,509.92566,548.73366,Pen 2 - Group 2/PREWEANING/Day 2/0241.zip
204,251,CS_0242_PREWEAN_d2_p2_cow3_14092025_ch02-20250915000653_58876_58912.mp4,Pen 2 - Group 2\PREWEANING\Day 2\CS_0242_PREWEAN_d2_p2_cow3_14092025_ch02-20250915000653_58876_58912.mp4,E:\cross_sucking\Pen 2 - Group 2\PREWEANING\Day 2\CS_0242_PREWEAN_d2_p2_cow3_14092025_ch02-20250915000653_58876_58912.mp4,skipped_existing,1,1,Pen_2_PREWEAN_Day_2_14092025,Pen 2 - Group 2,PREWEAN,2,2,14092025,3,other|1|None|side,58876.324,58912.19,58876.324,58912.19,G:\MONITORING CROSS SUCKING IN CALVES - KAPPEL - 2025\Pen 2 - Group 2\PREWEANING\Day 2\ch02_20250915000653.mp4,ch02_20250915000653.mp4,58696.126007,61486.575674,180.197993,216.063993,Pen 2 - Group 2/PREWEANING/Day 2/0242.zip
205,253,CS_0244_PREWEAN_d3_p2_cowT_15092025_ch02-20250915084322_3127_3172.mp4,Pen 2 - Group 2\PREWEANING\Day 3\CS_0244_PREWEAN_d3_p2_cowT_15092025_ch02-20250915084322_3127_3172.mp4,E:\cross_sucking\Pen 2 - Group 2\PREWEANING\Day 3\CS_0244_PREWEAN_d3_p2_cowT_15092025_ch02-20250915084322_3127_3172.mp4,skipped_existing,1,1,Pen_2_PREWEAN_Day_3_15092025,Pen 2 - Group 2,PREWEAN,3,2,15092025,T,grain feeder|8|None|side,3127.62,3172.82,3127.62,3172.82,G:\MONITORING CROSS SUCKING IN CALVES - KAPPEL - 2025\Pen 2 - Group 2\PREWEANING\Day 3\ch02_20250915084322.mp4,ch02_20250915084322.mp4,2822.755667,5249.075334,304.864333,350.064333,Pen 2 - Group 2/PREWEANING/Day 3/0244.zip
206,255,CS_0246_PREWEAN_d3_p2_cow1_15092025_ch02-20250915093020_6266_6393.mp4,Pen 2 - Group 2\PREWEANING\Day 3\CS_0246_PREWEAN_d3_p2_cow1_15092025_ch02-20250915093020_6266_6393.mp4,E:\cross_sucking\Pen 2 - Group 2\PREWEANING\Day 3\CS_0246_PREWEAN_d3_p2_cow1_15092025_ch02-20250915093020_6266_6393.mp4,skipped_existing,1,1,Pen_2_PREWEAN_Day_3_15092025,Pen 2 - Group 2,PREWEAN,3,2,15092025,1,other|/|None|side,6266.014,6393.562,6266.014,6393.562,G:\MONITORING CROSS SUCKING IN CALVES - KAPPEL - 2025\Pen 2 - Group 2\PREWEANING\Day 3\ch02_20250915093020.mp4,ch02_20250915093020.mp4,5249.075334,8040.555001,1016.938666,1144.486666,Pen 2 - Group 2/PREWEANING/Day 3/0246.zip
207,256,CS_0247_PREWEAN_d3_p2_cow1_15092025_ch02-20250915093020_6650_6788.mp4,Pen 2 - Group 2\PREWEANING\Day 3\CS_0247_PREWEAN_d3_p2_cow1_15092025_ch02-20250915093020_6650_6788.mp4,E:\cross_sucking\Pen 2 - Group 2\PREWEANING\Day 3\CS_0247_PREWEAN_d3_p2_cow1_15092025_ch02-20250915093020_6650_6788.mp4,skipped_existing,1,1,Pen_2_PREWEAN_Day_3_15092025,Pen 2 - Group 2,PREWEAN,3,2,15092025,1,other|/|None|side,6650.223,6788.871,6650.223,6788.871,G:\MONITORING CROSS SUCKING IN CALVES - KAPPEL - 2025\Pen 2 - Group 2\PREWEANING\Day 3\ch02_20250915093020.mp4,ch02_20250915093020.mp4,5249.075334,8040.555001,1401.147666,1539.795666,Pen 2 - Group 2/PREWEANING/Day 3/0247.zip
208,258,CS_0249_PREWEAN_d3_p2_cow1_15092025_ch02-20250915093020_6797_6816.mp4,Pen 2 - Group 2\PREWEANING\Day 3\CS_0249_PREWEAN_d3_p2_cow1_15092025_ch02-20250915093020_6797_6816.mp4,E:\cross_sucking\Pen 2 - Group 2\PREWEANING\Day 3\CS_0249_PREWEAN_d3_p2_cow1_15092025_ch02-20250915093020_6797_6816.mp4,skipped_existing,1,1,Pen_2_PREWEAN_Day_3_15092025,Pen 2 - Group 2,PREWEAN,3,2,15092025,1,other|/|None|side,6797.233,6816.928,6797.233,6816.928,G:\MONITORING CROSS SUCKING IN CALVES - KAPPEL - 2025\Pen 2 - Group 2\PREWEANING\Day 3\ch02_20250915093020.mp4,ch02_20250915093020.mp4,5249.075334,8040.555001,1548.157666,1567.852666,Pen 2 - Group 2/PREWEANING/Day 3/0249.zip
209,259,CS_0250_PREWEAN_d3_p2_cow6_15092025_ch02-20250915093020_7183_7193.mp4,Pen 2 - Group 2\PREWEANING\Day 3\CS_0250_PREWEAN_d3_p2_cow6_15092025_ch02-20250915093020_7183_7193.mp4,E:\cross_sucking\Pen 2 - Group 2\PREWEANING\Day 3\CS_0250_PREWEAN_d3_p2_cow6_15092025_ch02-20250915093020_7183_7193.mp4,skipped_existing,1,1,Pen_2_PREWEAN_Day_3_15092025,Pen 2 - Group 2,PREWEAN,3,2,15092025,6,hay|1|None|side,7183.151,7193.699,7183.151,7193.699,G:\MONITORING CROSS SUCKING IN CALVES - KAPPEL - 2025\Pen 2 - Group 2\PREWEANING\Day 3\ch02_20250915093020.mp4,ch02_20250915093020.mp4,5249.075334,8040.555001,1934.075666,1944.623666,Pen 2 - Group 2/PREWEANING/Day 3/0250.zip
210,260,CS_0251_PREWEAN_d3_p2_cowO_15092025_ch02-20250915093020_7474_7499.mp4,Pen 2 - Group 2\PREWEANING\Day 3\CS_0251_PREWEAN_d3_p2_cowO_15092025_ch02-20250915093020_7474_7499.mp4,E:\cross_sucking\Pen 2 - Group 2\PREWEANING\Day 3\CS_0251_PREWEAN_d3_p2_cowO_15092025_ch02-20250915093020_7474_7499.mp4,skipped_existing,1,1,Pen_2_PREWEAN_Day_3_15092025,Pen 2 - Group 2,PREWEAN,3,2,15092025,O,milk feeder|A|None|behind,7474.943,7499.454,7474.943,7499.454,G:\MONITORING CROSS SUCKING IN CALVES - KAPPEL - 2025\Pen 2 - Group 2\PREWEANING\Day 3\ch02_20250915093020.mp4,ch02_20250915093020.mp4,5249.075334,8040.555001,2225.867666,2250.378666,Pen 2 - Group 2/PREWEANING/Day 3/0251.zip
211,263,CS_0253_PREWEAN_d3_p2_cowA_15092025_ch02-20250915093020_7520_8341_part01.mp4,Pen 2 - Group 2\PREWEANING\Day 3\CS_0253_PREWEAN_d3_p2_cowA_15092025_ch02-20250915093020_7520_8341_part01.mp4,E:\cross_sucking\Pen 2 - Group 2\PREWEANING\Day 3\CS_0253_PREWEAN_d3_p2_cowA_15092025_ch02-20250915093020_7520_8341_part01.mp4,skipped_existing,1,2,Pen_2_PREWEAN_Day_3_15092025,Pen 2 - Group 2,PREWEAN,3,2,15092025,A,other|O|reciprocal|side,7520.514,8341.658,7520.514,8040.555001,G:\MONITORING CROSS SUCKING IN CALVES - KAPPEL - 2025\Pen 2 - Group 2\PREWEANING\Day 3\ch02_20250915093020.mp4,ch02_20250915093020.mp4,5249.075334,8040.555001,2271.438666,2791.479667,Pen 2 - Group 2/PREWEANING/Day 3/0253_part01.zip
212,264,CS_0253_PREWEAN_d3_p2_cowA_15092025_ch02-20250915093020_7520_8341_part02.mp4,Pen 2 - Group 2\PREWEANING\Day 3\CS_0253_PREWEAN_d3_p2_cowA_15092025_ch02-20250915093020_7520_8341_part02.mp4,E:\cross_sucking\Pen 2 - Group 2\PREWEANING\Day 3\CS_0253_PREWEAN_d3_p2_cowA_15092025_ch02-20250915093020_7520_8341_part02.mp4,skipped_existing,2,2,Pen_2_PREWEAN_Day_3_15092025,Pen 2 - Group 2,PREWEAN,3,2,15092025,A,other|O|reciprocal|side,7520.514,8341.658,8040.555001,8341.658,G:\MONITORING CROSS SUCKING IN CALVES - KAPPEL - 2025\Pen 2 - Group 2\PREWEANING\Day 3\ch02_20250915101718.mp4,ch02_20250915101718.mp4,8040.555001,10847.760668,0.0,301.102999,Pen 2 - Group 2/PREWEANING/Day 3/0253_part02.zip
213,265,CS_0254_PREWEAN_d3_p2_cow1_15092025_ch02-20250915101718_9643_9683.mp4,Pen 2 - Group 2\PREWEANING\Day 3\CS_0254_PREWEAN_d3_p2_cow1_15092025_ch02-20250915101718_9643_9683.mp4,E:\cross_sucking\Pen 2 - Group 2\PREWEANING\Day 3\CS_0254_PREWEAN_d3_p2_cow1_15092025_ch02-20250915101718_9643_9683.mp4,skipped_existing,1,1,Pen_2_PREWEAN_Day_3_15092025,Pen 2 - Group 2,PREWEAN,3,2,15092025,1,other|/|None|side,9643.165,9683.071,9643.165,9683.071,G:\MONITORING CROSS SUCKING IN CALVES - KAPPEL - 2025\Pen 2 - Group 2\PREWEANING\Day 3\ch02_20250915101718.mp4,ch02_20250915101718.mp4,8040.555001,10847.760668,1602.609999,1642.515999,Pen 2 - Group 2/PREWEANING/Day 3/0254.zip
214,267,CS_0256_PREWEAN_d3_p2_cowA_15092025_ch02-20250915180651_37620_37762.mp4,Pen 2 - Group 2\PREWEANING\Day 3\CS_0256_PREWEAN_d3_p2_cowA_15092025_ch02-20250915180651_37620_37762.mp4,E:\cross_sucking\Pen 2 - Group 2\PREWEANING\Day 3\CS_0256_PREWEAN_d3_p2_cowA_15092025_ch02-20250915180651_37620_37762.mp4,skipped_existing,1,1,Pen_2_PREWEAN_Day_3_15092025,Pen 2 - Group 2,PREWEAN,3,2,15092025,A,other|O|None|lying down,37620.915,37762.143,37620.915,37762.143,G:\MONITORING CROSS SUCKING IN CALVES - KAPPEL - 2025\Pen 2 - Group 2\PREWEANING\Day 3\ch02_20250915180651.mp4,ch02_20250915180651.mp4,35949.385671,38724.083338,1671.529329,1812.757329,Pen 2 - Group 2/PREWEANING/Day 3/0256.zip
215,268,CS_0257_PREWEAN_d3_p2_cow8_15092025_ch02-20250915185349_41377_41395.mp4,Pen 2 - Group 2\PREWEANING\Day 3\CS_0257_PREWEAN_d3_p2_cow8_15092025_ch02-20250915185349_41377_41395.mp4,E:\cross_sucking\Pen 2 - Group 2\PREWEANING\Day 3\CS_0257_PREWEAN_d3_p2_cow8_15092025_ch02-20250915185349_41377_41395.mp4,skipped_existing,1,1,Pen_2_PREWEAN_Day_3_15092025,Pen 2 - Group 2,PREWEAN,3,2,15092025,8,milk feeder|T|None|behind,41377.066,41395.007,41377.066,41395.007,G:\MONITORING CROSS SUCKING IN CALVES - KAPPEL - 2025\Pen 2 - Group 2\PREWEANING\Day 3\ch02_20250915185349.mp4,ch02_20250915185349.mp4,38724.083338,41499.074005,2652.982662,2670.923662,Pen 2 - Group 2/PREWEANING/Day 3/0257.zip
216,269,CS_0258_PREWEAN_d3_p2_cow1_15092025_ch02-20250915220139_50248_50350.mp4,Pen 2 - Group 2\PREWEANING\Day 3\CS_0258_PREWEAN_d3_p2_cow1_15092025_ch02-20250915220139_50248_50350.mp4,E:\cross_sucking\Pen 2 - Group 2\PREWEANING\Day 3\CS_0258_PREWEAN_d3_p2_cow1_15092025_ch02-20250915220139_50248_50350.mp4,skipped_existing,1,1,Pen_2_PREWEAN_Day_3_15092025,Pen 2 - Group 2,PREWEAN,3,2,15092025,1,grain feeder|/|None|behind,50248.088,50350.5,50248.088,50350.5,G:\MONITORING CROSS SUCKING IN CALVES - KAPPEL - 2025\Pen 2 - Group 2\PREWEANING\Day 3\ch02_20250915220139.mp4,ch02_20250915220139.mp4,49854.834006,52628.698673,393.253994,495.665994,Pen 2 - Group 2/PREWEANING/Day 3/0258.zip
217,270,CS_0259_PREWEAN_d3_p2_cow1_15092025_ch02-20250915224836_54530_54645.mp4,Pen 2 - Group 2\PREWEANING\Day 3\CS_0259_PREWEAN_d3_p2_cow1_15092025_ch02-20250915224836_54530_54645.mp4,E:\cross_sucking\Pen 2 - Group 2\PREWEANING\Day 3\CS_0259_PREWEAN_d3_p2_cow1_15092025_ch02-20250915224836_54530_54645.mp4,skipped_existing,1,1,Pen_2_PREWEAN_Day_3_15092025,Pen 2 - Group 2,PREWEAN,3,2,15092025,1,other|/|None|side,54530.665,54645.157,54530.665,54645.157,G:\MONITORING CROSS SUCKING IN CALVES - KAPPEL - 2025\Pen 2 - Group 2\PREWEANING\Day 3\ch02_20250915224836.mp4,ch02_20250915224836.mp4,52628.698673,55433.97934,1901.966327,2016.458327,Pen 2 - Group 2/PREWEANING/Day 3/0259.zip
218,271,CS_0260_PREWEAN_d3_p2_cow1_15092025_ch02-20250915224836_54953_55003.mp4,Pen 2 - Group 2\PREWEANING\Day 3\CS_0260_PREWEAN_d3_p2_cow1_15092025_ch02-20250915224836_54953_55003.mp4,E:\cross_sucking\Pen 2 - Group 2\PREWEANING\Day 3\CS_0260_PREWEAN_d3_p2_cow1_15092025_ch02-20250915224836_54953_55003.mp4,skipped_existing,1,1,Pen_2_PREWEAN_Day_3_15092025,Pen 2 - Group 2,PREWEAN,3,2,15092025,1,other|/|None|side,54953.502,55003.197,54953.502,55003.197,G:\MONITORING CROSS SUCKING IN CALVES - KAPPEL - 2025\Pen 2 - Group 2\PREWEANING\Day 3\ch02_20250915224836.mp4,ch02_20250915224836.mp4,52628.698673,55433.97934,2324.803327,2374.498327,Pen 2 - Group 2/PREWEANING/Day 3/0260.zip
219,272,CS_0261_PREWEAN_d3_p2_cow3_15092025_ch02-20250915224836_55246_55327.mp4,Pen 2 - Group 2\PREWEANING\Day 3\CS_0261_PREWEAN_d3_p2_cow3_15092025_ch02-20250915224836_55246_55327.mp4,E:\cross_sucking\Pen 2 - Group 2\PREWEANING\Day 3\CS_0261_PREWEAN_d3_p2_cow3_15092025_ch02-20250915224836_55246_55327.mp4,skipped_existing,1,1,Pen_2_PREWEAN_Day_3_15092025,Pen 2 - Group 2,PREWEAN,3,2,15092025,3,other|T|None|side,55246.145,55327.089,55246.145,55327.089,G:\MONITORING CROSS SUCKING IN CALVES - KAPPEL - 2025\Pen 2 - Group 2\PREWEANING\Day 3\ch02_20250915224836.mp4,ch02_20250915224836.mp4,52628.698673,55433.97934,2617.446327,2698.390327,Pen 2 - Group 2/PREWEANING/Day 3/0261.zip
220,274,CS_0263_PREWEAN_d3_p2_cowO_15092025_ch02-20250915233533_55482_55539.mp4,Pen 2 - Group 2\PREWEANING\Day 3\CS_0263_PREWEAN_d3_p2_cowO_15092025_ch02-20250915233533_55482_55539.mp4,E:\cross_sucking\Pen 2 - Group 2\PREWEANING\Day 3\CS_0263_PREWEAN_d3_p2_cowO_15092025_ch02-20250915233533_55482_55539.mp4,skipped_existing,1,1,Pen_2_PREWEAN_Day_3_15092025,Pen 2 - Group 2,PREWEAN,3,2,15092025,O,other|8|None|side,55482.881,55539.197,55482.881,55539.197,G:\MONITORING CROSS SUCKING IN CALVES - KAPPEL - 2025\Pen 2 - Group 2\PREWEANING\Day 3\ch02_20250915233533.mp4,ch02_20250915233533.mp4,55433.97934,58208.038007,48.90166,105.21766,Pen 2 - Group 2/PREWEANING/Day 3/0263.zip
221,275,CS_0264_PREWEAN_d3_p2_cow6_15092025_ch02-20250915233533_56245_56287.mp4,Pen 2 - Group 2\PREWEANING\Day 3\CS_0264_PREWEAN_d3_p2_cow6_15092025_ch02-20250915233533_56245_56287.mp4,E:\cross_sucking\Pen 2 - Group 2\PREWEANING\Day 3\CS_0264_PREWEAN_d3_p2_cow6_15092025_ch02-20250915233533_56245_56287.mp4,skipped_existing,1,1,Pen_2_PREWEAN_Day_3_15092025,Pen 2 - Group 2,PREWEAN,3,2,15092025,6,other|A|None|behind,56245.054,56287.567,56245.054,56287.567,G:\MONITORING CROSS SUCKING IN CALVES - KAPPEL - 2025\Pen 2 - Group 2\PREWEANING\Day 3\ch02_20250915233533.mp4,ch02_20250915233533.mp4,55433.97934,58208.038007,811.07466,853.58766,Pen 2 - Group 2/PREWEANING/Day 3/0264.zip
222,277,CS_0266_WEAN_d1_p2_cowslash_16102025_ch02-20251016085230_6240_6269.mp4,Pen 2 - Group 2\WEANING\Day 1\CS_0266_WEAN_d1_p2_cowslash_16102025_ch02-20251016085230_6240_6269.mp4,E:\cross_sucking\Pen 2 - Group 2\WEANING\Day 1\CS_0266_WEAN_d1_p2_cowslash_16102025_ch02-20251016085230_6240_6269.mp4,skipped_existing,1,1,Pen_2_WEAN_Day_1_16102025,Pen 2 - Group 2,WEAN,1,2,16102025,/,other|3|reciprocal|side,6240.824,6269.196,6240.824,6269.196,G:\MONITORING CROSS SUCKING IN CALVES - KAPPEL - 2025\Pen 2 - Group 2\WEANING\Day 1\ch02_20251016085230.mp4,ch02_20251016085230.mp4,3975.294334,6765.872001,2265.529666,2293.901666,Pen 2 - Group 2/WEANING/Day 1/0266.zip
223,279,CS_0268_WEAN_d1_p2_cow3_16102025_ch02-20251016085230_6424_6763.mp4,Pen 2 - Group 2\WEANING\Day 1\CS_0268_WEAN_d1_p2_cow3_16102025_ch02-20251016085230_6424_6763.mp4,E:\cross_sucking\Pen 2 - Group 2\WEANING\Day 1\CS_0268_WEAN_d1_p2_cow3_16102025_ch02-20251016085230_6424_6763.mp4,skipped_existing,1,1,Pen_2_WEAN_Day_1_16102025,Pen 2 - Group 2,WEAN,1,2,16102025,3,other|/|reciprocal|side,6424.989,6763.718,6424.989,6763.718,G:\MONITORING CROSS SUCKING IN CALVES - KAPPEL - 2025\Pen 2 - Group 2\WEANING\Day 1\ch02_20251016085230.mp4,ch02_20251016085230.mp4,3975.294334,6765.872001,2449.694666,2788.423666,Pen 2 - Group 2/WEANING/Day 1/0268.zip
224,280,CS_0269_WEAN_d1_p2_cow1_16102025_ch02-20251016093928_6874_6896.mp4,Pen 2 - Group 2\WEANING\Day 1\CS_0269_WEAN_d1_p2_cow1_16102025_ch02-20251016093928_6874_6896.mp4,E:\cross_sucking\Pen 2 - Group 2\WEANING\Day 1\CS_0269_WEAN_d1_p2_cow1_16102025_ch02-20251016093928_6874_6896.mp4,skipped_existing,1,1,Pen_2_WEAN_Day_1_16102025,Pen 2 - Group 2,WEAN,1,2,16102025,1,grain feeder|6|None|behind,6874.225,6896.029,6874.225,6896.029,G:\MONITORING CROSS SUCKING IN CALVES - KAPPEL - 2025\Pen 2 - Group 2\WEANING\Day 1\ch02_20251016093928.mp4,ch02_20251016093928.mp4,6765.872001,9554.832668,108.352999,130.156999,Pen 2 - Group 2/WEANING/Day 1/0269.zip
225,281,CS_0270_WEAN_d1_p2_cow1_16102025_ch02-20251016093928_6969_7009.mp4,Pen 2 - Group 2\WEANING\Day 1\CS_0270_WEAN_d1_p2_cow1_16102025_ch02-20251016093928_6969_7009.mp4,E:\cross_sucking\Pen 2 - Group 2\WEANING\Day 1\CS_0270_WEAN_d1_p2_cow1_16102025_ch02-20251016093928_6969_7009.mp4,skipped_existing,1,1,Pen_2_WEAN_Day_1_16102025,Pen 2 - Group 2,WEAN,1,2,16102025,1,other|8|None|side,6969.835,7009.041,6969.835,7009.041,G:\MONITORING CROSS SUCKING IN CALVES - KAPPEL - 2025\Pen 2 - Group 2\WEANING\Day 1\ch02_20251016093928.mp4,ch02_20251016093928.mp4,6765.872001,9554.832668,203.962999,243.168999,Pen 2 - Group 2/WEANING/Day 1/0270.zip
226,282,CS_0271_WEAN_d1_p2_cow1_16102025_ch02-20251016093928_7753_7787.mp4,Pen 2 - Group 2\WEANING\Day 1\CS_0271_WEAN_d1_p2_cow1_16102025_ch02-20251016093928_7753_7787.mp4,E:\cross_sucking\Pen 2 - Group 2\WEANING\Day 1\CS_0271_WEAN_d1_p2_cow1_16102025_ch02-20251016093928_7753_7787.mp4,skipped_existing,1,1,Pen_2_WEAN_Day_1_16102025,Pen 2 - Group 2,WEAN,1,2,16102025,1,hay|6|reciprocal|side,7753.76,7787.607,7753.76,7787.607,G:\MONITORING CROSS SUCKING IN CALVES - KAPPEL - 2025\Pen 2 - Group 2\WEANING\Day 1\ch02_20251016093928.mp4,ch02_20251016093928.mp4,6765.872001,9554.832668,987.887999,1021.734999,Pen 2 - Group 2/WEANING/Day 1/0271.zip
227,283,CS_0272_WEAN_d1_p2_cow6_16102025_ch02-20251016111322_13724_13966.mp4,Pen 2 - Group 2\WEANING\Day 1\CS_0272_WEAN_d1_p2_cow6_16102025_ch02-20251016111322_13724_13966.mp4,E:\cross_sucking\Pen 2 - Group 2\WEANING\Day 1\CS_0272_WEAN_d1_p2_cow6_16102025_ch02-20251016111322_13724_13966.mp4,skipped_existing,1,1,Pen_2_WEAN_Day_1_16102025,Pen 2 - Group 2,WEAN,1,2,16102025,6,water|8|None|side,13724.341,13966.633,13724.341,13966.633,G:\MONITORING CROSS SUCKING IN CALVES - KAPPEL - 2025\Pen 2 - Group 2\WEANING\Day 1\ch02_20251016111322.mp4,ch02_20251016111322.mp4,12362.573335,15152.556002,1361.767665,1604.059665,Pen 2 - Group 2/WEANING/Day 1/0272.zip
228,284,CS_0273_WEAN_d1_p2_cowA_16102025_ch02-20251016120018_16308_16361.mp4,Pen 2 - Group 2\WEANING\Day 1\CS_0273_WEAN_d1_p2_cowA_16102025_ch02-20251016120018_16308_16361.mp4,E:\cross_sucking\Pen 2 - Group 2\WEANING\Day 1\CS_0273_WEAN_d1_p2_cowA_16102025_ch02-20251016120018_16308_16361.mp4,skipped_existing,1,1,Pen_2_WEAN_Day_1_16102025,Pen 2 - Group 2,WEAN,1,2,16102025,A,milk feeder|T|None|behind,16308.573,16361.239,16308.573,16361.239,G:\MONITORING CROSS SUCKING IN CALVES - KAPPEL - 2025\Pen 2 - Group 2\WEANING\Day 1\ch02_20251016120018.mp4,ch02_20251016120018.mp4,15152.556002,17976.325669,1156.016998,1208.682998,Pen 2 - Group 2/WEANING/Day 1/0273.zip
229,285,CS_0274_WEAN_d1_p2_cow6_16102025_ch02-20251016120018_16331_16387.mp4,Pen 2 - Group 2\WEANING\Day 1\CS_0274_WEAN_d1_p2_cow6_16102025_ch02-20251016120018_16331_16387.mp4,E:\cross_sucking\Pen 2 - Group 2\WEANING\Day 1\CS_0274_WEAN_d1_p2_cow6_16102025_ch02-20251016120018_16331_16387.mp4,skipped_existing,1,1,Pen_2_WEAN_Day_1_16102025,Pen 2 - Group 2,WEAN,1,2,16102025,6,other|3|None|side,16331.887,16387.272,16331.887,16387.272,G:\MONITORING CROSS SUCKING IN CALVES - KAPPEL - 2025\Pen 2 - Group 2\WEANING\Day 1\ch02_20251016120018.mp4,ch02_20251016120018.mp4,15152.556002,17976.325669,1179.330998,1234.715998,Pen 2 - Group 2/WEANING/Day 1/0274.zip
230,286,CS_0275_WEAN_d1_p2_cow6_16102025_ch02-20251016120018_16396_16425.mp4,Pen 2 - Group 2\WEANING\Day 1\CS_0275_WEAN_d1_p2_cow6_16102025_ch02-20251016120018_16396_16425.mp4,E:\cross_sucking\Pen 2 - Group 2\WEANING\Day 1\CS_0275_WEAN_d1_p2_cow6_16102025_ch02-20251016120018_16396_16425.mp4,skipped_existing,1,1,Pen_2_WEAN_Day_1_16102025,Pen 2 - Group 2,WEAN,1,2,16102025,6,other|3|None|side,16396.291,16425.069,16396.291,16425.069,G:\MONITORING CROSS SUCKING IN CALVES - KAPPEL - 2025\Pen 2 - Group 2\WEANING\Day 1\ch02_20251016120018.mp4,ch02_20251016120018.mp4,15152.556002,17976.325669,1243.734998,1272.512998,Pen 2 - Group 2/WEANING/Day 1/0275.zip
231,287,CS_0276_WEAN_d1_p2_cowT_16102025_ch02-20251016124717_19033_19045.mp4,Pen 2 - Group 2\WEANING\Day 1\CS_0276_WEAN_d1_p2_cowT_16102025_ch02-20251016124717_19033_19045.mp4,E:\cross_sucking\Pen 2 - Group 2\WEANING\Day 1\CS_0276_WEAN_d1_p2_cowT_16102025_ch02-20251016124717_19033_19045.mp4,skipped_existing,1,1,Pen_2_WEAN_Day_1_16102025,Pen 2 - Group 2,WEAN,1,2,16102025,T,other|6|None|side,19033.287,19045.529,19033.287,19045.529,G:\MONITORING CROSS SUCKING IN CALVES - KAPPEL - 2025\Pen 2 - Group 2\WEANING\Day 1\ch02_20251016124717.mp4,ch02_20251016124717.mp4,17976.325669,20750.291336,1056.961331,1069.203331,Pen 2 - Group 2/WEANING/Day 1/0276.zip
232,288,CS_0277_WEAN_d1_p2_cow8_16102025_ch02-20251016124717_20145_20162.mp4,Pen 2 - Group 2\WEANING\Day 1\CS_0277_WEAN_d1_p2_cow8_16102025_ch02-20251016124717_20145_20162.mp4,E:\cross_sucking\Pen 2 - Group 2\WEANING\Day 1\CS_0277_WEAN_d1_p2_cow8_16102025_ch02-20251016124717_20145_20162.mp4,skipped_existing,1,1,Pen_2_WEAN_Day_1_16102025,Pen 2 - Group 2,WEAN,1,2,16102025,8,other|A|None|lying down,20145.341,20162.427,20145.341,20162.427,G:\MONITORING CROSS SUCKING IN CALVES - KAPPEL - 2025\Pen 2 - Group 2\WEANING\Day 1\ch02_20251016124717.mp4,ch02_20251016124717.mp4,17976.325669,20750.291336,2169.015331,2186.101331,Pen 2 - Group 2/WEANING/Day 1/0277.zip
233,289,CS_0278_WEAN_d1_p2_cowslash_16102025_ch02-20251016124717_20332_20364.mp4,Pen 2 - Group 2\WEANING\Day 1\CS_0278_WEAN_d1_p2_cowslash_16102025_ch02-20251016124717_20332_20364.mp4,E:\cross_sucking\Pen 2 - Group 2\WEANING\Day 1\CS_0278_WEAN_d1_p2_cowslash_16102025_ch02-20251016124717_20332_20364.mp4,skipped_existing,1,1,Pen_2_WEAN_Day_1_16102025,Pen 2 - Group 2,WEAN,1,2,16102025,/,milk feeder|O|None|behind,20332.605,20364.121,20332.605,20364.121,G:\MONITORING CROSS SUCKING IN CALVES - KAPPEL - 2025\Pen 2 - Group 2\WEANING\Day 1\ch02_20251016124717.mp4,ch02_20251016124717.mp4,17976.325669,20750.291336,2356.279331,2387.795331,Pen 2 - Group 2/WEANING/Day 1/0278.zip
234,290,CS_0279_WEAN_d1_p2_cow6_16102025_ch02-20251016172902_37013_37058.mp4,Pen 2 - Group 2\WEANING\Day 1\CS_0279_WEAN_d1_p2_cow6_16102025_ch02-20251016172902_37013_37058.mp4,E:\cross_sucking\Pen 2 - Group 2\WEANING\Day 1\CS_0279_WEAN_d1_p2_cow6_16102025_ch02-20251016172902_37013_37058.mp4,skipped_existing,1,1,Pen_2_WEAN_Day_1_16102025,Pen 2 - Group 2,WEAN,1,2,16102025,6,milk feeder|8|None|behind,37013.197,37058.931,37013.197,37058.931,G:\MONITORING CROSS SUCKING IN CALVES - KAPPEL - 2025\Pen 2 - Group 2\WEANING\Day 1\ch02_20251016172902.mp4,ch02_20251016172902.mp4,34752.090671,37525.242338,2261.106329,2306.840329,Pen 2 - Group 2/WEANING/Day 1/0279.zip
235,291,CS_0280_WEAN_d1_p2_cowA_16102025_ch02-20251016194953_43701_43736.mp4,Pen 2 - Group 2\WEANING\Day 1\CS_0280_WEAN_d1_p2_cowA_16102025_ch02-20251016194953_43701_43736.mp4,E:\cross_sucking\Pen 2 - Group 2\WEANING\Day 1\CS_0280_WEAN_d1_p2_cowA_16102025_ch02-20251016194953_43701_43736.mp4,skipped_existing,1,1,Pen_2_WEAN_Day_1_16102025,Pen 2 - Group 2,WEAN,1,2,16102025,A,milk feeder|6|None|behind,43701.549,43736.035,43701.549,43736.035,G:\MONITORING CROSS SUCKING IN CALVES - KAPPEL - 2025\Pen 2 - Group 2\WEANING\Day 1\ch02_20251016194953.mp4,ch02_20251016194953.mp4,43138.871672,45945.119339,562.677328,597.163328,Pen 2 - Group 2/WEANING/Day 1/0280.zip
236,292,CS_0281_WEAN_d1_p2_cow6_16102025_ch02-20251016194953_45027_45161.mp4,Pen 2 - Group 2\WEANING\Day 1\CS_0281_WEAN_d1_p2_cow6_16102025_ch02-20251016194953_45027_45161.mp4,E:\cross_sucking\Pen 2 - Group 2\WEANING\Day 1\CS_0281_WEAN_d1_p2_cow6_16102025_ch02-20251016194953_45027_45161.mp4,skipped_existing,1,1,Pen_2_WEAN_Day_1_16102025,Pen 2 - Group 2,WEAN,1,2,16102025,6,hay|1|None|behind,45027.4,45161.581,45027.4,45161.581,G:\MONITORING CROSS SUCKING IN CALVES - KAPPEL - 2025\Pen 2 - Group 2\WEANING\Day 1\ch02_20251016194953.mp4,ch02_20251016194953.mp4,43138.871672,45945.119339,1888.528328,2022.709328,Pen 2 - Group 2/WEANING/Day 1/0281.zip
237,293,CS_0282_WEAN_d1_p2_cow6_16102025_ch02-20251016194953_45176_45250.mp4,Pen 2 - Group 2\WEANING\Day 1\CS_0282_WEAN_d1_p2_cow6_16102025_ch02-20251016194953_45176_45250.mp4,E:\cross_sucking\Pen 2 - Group 2\WEANING\Day 1\CS_0282_WEAN_d1_p2_cow6_16102025_ch02-20251016194953_45176_45250.mp4,skipped_existing,1,1,Pen_2_WEAN_Day_1_16102025,Pen 2 - Group 2,WEAN,1,2,16102025,6,other|T|None|side,45176.097,45250.945,45176.097,45250.945,G:\MONITORING CROSS SUCKING IN CALVES - KAPPEL - 2025\Pen 2 - Group 2\WEANING\Day 1\ch02_20251016194953.mp4,ch02_20251016194953.mp4,43138.871672,45945.119339,2037.225328,2112.073328,Pen 2 - Group 2/WEANING/Day 1/0282.zip
238,294,CS_0283_WEAN_d1_p2_cow1_16102025_ch02-20251016203651_46308_46833.mp4,Pen 2 - Group 2\WEANING\Day 1\CS_0283_WEAN_d1_p2_cow1_16102025_ch02-20251016203651_46308_46833.mp4,E:\cross_sucking\Pen 2 - Group 2\WEANING\Day 1\CS_0283_WEAN_d1_p2_cow1_16102025_ch02-20251016203651_46308_46833.mp4,skipped_existing,1,1,Pen_2_WEAN_Day_1_16102025,Pen 2 - Group 2,WEAN,1,2,16102025,1,other|/|reciprocal|side,46308.765,46833.871,46308.765,46833.871,G:\MONITORING CROSS SUCKING IN CALVES - KAPPEL - 2025\Pen 2 - Group 2\WEANING\Day 1\ch02_20251016203651.mp4,ch02_20251016203651.mp4,45945.119339,48720.403006,363.645661,888.751661,Pen 2 - Group 2/WEANING/Day 1/0283.zip
239,296,CS_0285_WEAN_d1_p2_cowslash_16102025_ch02-20251016203651_46979_46994.mp4,Pen 2 - Group 2\WEANING\Day 1\CS_0285_WEAN_d1_p2_cowslash_16102025_ch02-20251016203651_46979_46994.mp4,E:\cross_sucking\Pen 2 - Group 2\WEANING\Day 1\CS_0285_WEAN_d1_p2_cowslash_16102025_ch02-20251016203651_46979_46994.mp4,skipped_existing,1,1,Pen_2_WEAN_Day_1_16102025,Pen 2 - Group 2,WEAN,1,2,16102025,/,other|1|reciprocal|side,46979.345,46994.154,46979.345,46994.154,G:\MONITORING CROSS SUCKING IN CALVES - KAPPEL - 2025\Pen 2 - Group 2\WEANING\Day 1\ch02_20251016203651.mp4,ch02_20251016203651.mp4,45945.119339,48720.403006,1034.225661,1049.034661,Pen 2 - Group 2/WEANING/Day 1/0285.zip
240,297,CS_0286_WEAN_d1_p2_cow8_16102025_ch02-20251016203651_47374_47383.mp4,Pen 2 - Group 2\WEANING\Day 1\CS_0286_WEAN_d1_p2_cow8_16102025_ch02-20251016203651_47374_47383.mp4,E:\cross_sucking\Pen 2 - Group 2\WEANING\Day 1\CS_0286_WEAN_d1_p2_cow8_16102025_ch02-20251016203651_47374_47383.mp4,skipped_existing,1,1,Pen_2_WEAN_Day_1_16102025,Pen 2 - Group 2,WEAN,1,2,16102025,8,other|O|None|behind,47374.007,47383.201,47374.007,47383.201,G:\MONITORING CROSS SUCKING IN CALVES - KAPPEL - 2025\Pen 2 - Group 2\WEANING\Day 1\ch02_20251016203651.mp4,ch02_20251016203651.mp4,45945.119339,48720.403006,1428.887661,1438.081661,Pen 2 - Group 2/WEANING/Day 1/0286.zip
241,298,CS_0287_WEAN_d1_p2_cow6_16102025_ch02-20251016221046_52824_52933.mp4,Pen 2 - Group 2\WEANING\Day 1\CS_0287_WEAN_d1_p2_cow6_16102025_ch02-20251016221046_52824_52933.mp4,E:\cross_sucking\Pen 2 - Group 2\WEANING\Day 1\CS_0287_WEAN_d1_p2_cow6_16102025_ch02-20251016221046_52824_52933.mp4,skipped_existing,1,1,Pen_2_WEAN_Day_1_16102025,Pen 2 - Group 2,WEAN,1,2,16102025,6,other|8|None|side,52824.714,52933.539,52824.714,52933.539,G:\MONITORING CROSS SUCKING IN CALVES - KAPPEL - 2025\Pen 2 - Group 2\WEANING\Day 1\ch02_20251016221046.mp4,ch02_20251016221046.mp4,51511.282673,54286.26434,1313.431327,1422.256327,Pen 2 - Group 2/WEANING/Day 1/0287.zip
242,300,CS_0289_WEAN_d1_p2_cow6_16102025_ch02-20251016221046_52933_53013.mp4,Pen 2 - Group 2\WEANING\Day 1\CS_0289_WEAN_d1_p2_cow6_16102025_ch02-20251016221046_52933_53013.mp4,E:\cross_sucking\Pen 2 - Group 2\WEANING\Day 1\CS_0289_WEAN_d1_p2_cow6_16102025_ch02-20251016221046_52933_53013.mp4,skipped_existing,1,1,Pen_2_WEAN_Day_1_16102025,Pen 2 - Group 2,WEAN,1,2,16102025,6,other|8|None|behind,52933.54,53013.095,52933.54,53013.095,G:\MONITORING CROSS SUCKING IN CALVES - KAPPEL - 2025\Pen 2 - Group 2\WEANING\Day 1\ch02_20251016221046.mp4,ch02_20251016221046.mp4,51511.282673,54286.26434,1422.257327,1501.812327,Pen 2 - Group 2/WEANING/Day 1/0289.zip
243,301,CS_0290_WEAN_d1_p2_cow6_16102025_ch02-20251016221046_53100_53179.mp4,Pen 2 - Group 2\WEANING\Day 1\CS_0290_WEAN_d1_p2_cow6_16102025_ch02-20251016221046_53100_53179.mp4,E:\cross_sucking\Pen 2 - Group 2\WEANING\Day 1\CS_0290_WEAN_d1_p2_cow6_16102025_ch02-20251016221046_53100_53179.mp4,skipped_existing,1,1,Pen_2_WEAN_Day_1_16102025,Pen 2 - Group 2,WEAN,1,2,16102025,6,other|8|None|behind,53100.399,53179.85,53100.399,53179.85,G:\MONITORING CROSS SUCKING IN CALVES - KAPPEL - 2025\Pen 2 - Group 2\WEANING\Day 1\ch02_20251016221046.mp4,ch02_20251016221046.mp4,51511.282673,54286.26434,1589.116327,1668.567327,Pen 2 - Group 2/WEANING/Day 1/0290.zip
244,302,CS_0291_WEAN_d1_p2_cowslash_16102025_ch02-20251016221046_53483_53517.mp4,Pen 2 - Group 2\WEANING\Day 1\CS_0291_WEAN_d1_p2_cowslash_16102025_ch02-20251016221046_53483_53517.mp4,E:\cross_sucking\Pen 2 - Group 2\WEANING\Day 1\CS_0291_WEAN_d1_p2_cowslash_16102025_ch02-20251016221046_53483_53517.mp4,skipped_existing,1,1,Pen_2_WEAN_Day_1_16102025,Pen 2 - Group 2,WEAN,1,2,16102025,/,other|1|reciprocal|side,53483.332,53517.118,53483.332,53517.118,G:\MONITORING CROSS SUCKING IN CALVES - KAPPEL - 2025\Pen 2 - Group 2\WEANING\Day 1\ch02_20251016221046.mp4,ch02_20251016221046.mp4,51511.282673,54286.26434,1972.049327,2005.835327,Pen 2 - Group 2/WEANING/Day 1/0291.zip
245,303,CS_0292_WEAN_d1_p2_cow6_16102025_ch02-20251016221046_53652_53673.mp4,Pen 2 - Group 2\WEANING\Day 1\CS_0292_WEAN_d1_p2_cow6_16102025_ch02-20251016221046_53652_53673.mp4,E:\cross_sucking\Pen 2 - Group 2\WEANING\Day 1\CS_0292_WEAN_d1_p2_cow6_16102025_ch02-20251016221046_53652_53673.mp4,skipped_existing,1,1,Pen_2_WEAN_Day_1_16102025,Pen 2 - Group 2,WEAN,1,2,16102025,6,hay|T|None|behind,53652.677,53673.78,53652.677,53673.78,G:\MONITORING CROSS SUCKING IN CALVES - KAPPEL - 2025\Pen 2 - Group 2\WEANING\Day 1\ch02_20251016221046.mp4,ch02_20251016221046.mp4,51511.282673,54286.26434,2141.394327,2162.497327,Pen 2 - Group 2/WEANING/Day 1/0292.zip
246,304,CS_0293_WEAN_d1_p2_cowslash_16102025_ch02-20251016225744_54345_54362.mp4,Pen 2 - Group 2\WEANING\Day 1\CS_0293_WEAN_d1_p2_cowslash_16102025_ch02-20251016225744_54345_54362.mp4,E:\cross_sucking\Pen 2 - Group 2\WEANING\Day 1\CS_0293_WEAN_d1_p2_cowslash_16102025_ch02-20251016225744_54345_54362.mp4,skipped_existing,1,1,Pen_2_WEAN_Day_1_16102025,Pen 2 - Group 2,WEAN,1,2,16102025,/,grain feeder|1|None|behind,54345.032,54362.102,54345.032,54362.102,G:\MONITORING CROSS SUCKING IN CALVES - KAPPEL - 2025\Pen 2 - Group 2\WEANING\Day 1\ch02_20251016225744.mp4,ch02_20251016225744.mp4,54286.26434,57077.174007,58.76766,75.83766,Pen 2 - Group 2/WEANING/Day 1/0293.zip
247,305,CS_0294_WEAN_d1_p2_cowslash_16102025_ch02-20251017011836_62941_63220.mp4,Pen 2 - Group 2\WEANING\Day 1\CS_0294_WEAN_d1_p2_cowslash_16102025_ch02-20251017011836_62941_63220.mp4,E:\cross_sucking\Pen 2 - Group 2\WEANING\Day 1\CS_0294_WEAN_d1_p2_cowslash_16102025_ch02-20251017011836_62941_63220.mp4,skipped_existing,1,1,Pen_2_WEAN_Day_1_16102025,Pen 2 - Group 2,WEAN,1,2,16102025,/,other|3|reciprocal|side,62941.868,63220.543,62941.868,63220.543,G:\MONITORING CROSS SUCKING IN CALVES - KAPPEL - 2025\Pen 2 - Group 2\WEANING\Day 1\ch02_20251017011836.mp4,ch02_20251017011836.mp4,62659.535341,65434.816008,282.332659,561.007659,Pen 2 - Group 2/WEANING/Day 1/0294.zip
248,309,CS_0298_WEAN_d1_p2_cowT_16102025_ch02-20251017011836_63228_63246.mp4,Pen 2 - Group 2\WEANING\Day 1\CS_0298_WEAN_d1_p2_cowT_16102025_ch02-20251017011836_63228_63246.mp4,E:\cross_sucking\Pen 2 - Group 2\WEANING\Day 1\CS_0298_WEAN_d1_p2_cowT_16102025_ch02-20251017011836_63228_63246.mp4,skipped_existing,1,1,Pen_2_WEAN_Day_1_16102025,Pen 2 - Group 2,WEAN,1,2,16102025,T,other|3|None|side,63228.9,63246.09,63228.9,63246.09,G:\MONITORING CROSS SUCKING IN CALVES - KAPPEL - 2025\Pen 2 - Group 2\WEANING\Day 1\ch02_20251017011836.mp4,ch02_20251017011836.mp4,62659.535341,65434.816008,569.364659,586.554659,Pen 2 - Group 2/WEANING/Day 1/0298.zip
249,310,CS_0299_WEAN_d1_p2_cowslash_16102025_ch02-20251017011836_64259_64265.mp4,Pen 2 - Group 2\WEANING\Day 1\CS_0299_WEAN_d1_p2_cowslash_16102025_ch02-20251017011836_64259_64265.mp4,E:\cross_sucking\Pen 2 - Group 2\WEANING\Day 1\CS_0299_WEAN_d1_p2_cowslash_16102025_ch02-20251017011836_64259_64265.mp4,skipped_existing,1,1,Pen_2_WEAN_Day_1_16102025,Pen 2 - Group 2,WEAN,1,2,16102025,/,hay|1|None|side,64259.717,64265.531,64259.717,64265.531,G:\MONITORING CROSS SUCKING IN CALVES - KAPPEL - 2025\Pen 2 - Group 2\WEANING\Day 1\ch02_20251017011836.mp4,ch02_20251017011836.mp4,62659.535341,65434.816008,1600.181659,1605.995659,Pen 2 - Group 2/WEANING/Day 1/0299.zip
250,311,CS_0300_WEAN_d1_p2_cowslash_16102025_ch02-20251017011836_64265_64320.mp4,Pen 2 - Group 2\WEANING\Day 1\CS_0300_WEAN_d1_p2_cowslash_16102025_ch02-20251017011836_64265_64320.mp4,E:\cross_sucking\Pen 2 - Group 2\WEANING\Day 1\CS_0300_WEAN_d1_p2_cowslash_16102025_ch02-20251017011836_64265_64320.mp4,skipped_existing,1,1,Pen_2_WEAN_Day_1_16102025,Pen 2 - Group 2,WEAN,1,2,16102025,/,other|1|reciprocal|side,64265.532,64320.816,64265.532,64320.816,G:\MONITORING CROSS SUCKING IN CALVES - KAPPEL - 2025\Pen 2 - Group 2\WEANING\Day 1\ch02_20251017011836.mp4,ch02_20251017011836.mp4,62659.535341,65434.816008,1605.996659,1661.280659,Pen 2 - Group 2/WEANING/Day 1/0300.zip
251,313,CS_0302_WEAN_d1_p2_cowslash_16102025_ch02-20251017011836_64417_64425.mp4,Pen 2 - Group 2\WEANING\Day 1\CS_0302_WEAN_d1_p2_cowslash_16102025_ch02-20251017011836_64417_64425.mp4,E:\cross_sucking\Pen 2 - Group 2\WEANING\Day 1\CS_0302_WEAN_d1_p2_cowslash_16102025_ch02-20251017011836_64417_64425.mp4,skipped_existing,1,1,Pen_2_WEAN_Day_1_16102025,Pen 2 - Group 2,WEAN,1,2,16102025,/,hay|6|None|behind,64417.604,64425.288,64417.604,64425.288,G:\MONITORING CROSS SUCKING IN CALVES - KAPPEL - 2025\Pen 2 - Group 2\WEANING\Day 1\ch02_20251017011836.mp4,ch02_20251017011836.mp4,62659.535341,65434.816008,1758.068659,1765.752659,Pen 2 - Group 2/WEANING/Day 1/0302.zip
252,314,CS_0303_WEAN_d1_p2_cowT_16102025_ch02-20251017025230_68516_68568.mp4,Pen 2 - Group 2\WEANING\Day 1\CS_0303_WEAN_d1_p2_cowT_16102025_ch02-20251017025230_68516_68568.mp4,E:\cross_sucking\Pen 2 - Group 2\WEANING\Day 1\CS_0303_WEAN_d1_p2_cowT_16102025_ch02-20251017025230_68516_68568.mp4,skipped_existing,1,1,Pen_2_WEAN_Day_1_16102025,Pen 2 - Group 2,WEAN,1,2,16102025,T,milk feeder|6|None|behind,68516.265,68568.925,68516.265,68568.925,G:\MONITORING CROSS SUCKING IN CALVES - KAPPEL - 2025\Pen 2 - Group 2\WEANING\Day 1\ch02_20251017025230.mp4,ch02_20251017025230.mp4,68241.564675,71049.260342,274.700325,327.360325,Pen 2 - Group 2/WEANING/Day 1/0303.zip
253,315,CS_0304_WEAN_d1_p2_cowT_16102025_ch02-20251017025230_68618_68666.mp4,Pen 2 - Group 2\WEANING\Day 1\CS_0304_WEAN_d1_p2_cowT_16102025_ch02-20251017025230_68618_68666.mp4,E:\cross_sucking\Pen 2 - Group 2\WEANING\Day 1\CS_0304_WEAN_d1_p2_cowT_16102025_ch02-20251017025230_68618_68666.mp4,skipped_existing,1,1,Pen_2_WEAN_Day_1_16102025,Pen 2 - Group 2,WEAN,1,2,16102025,T,milk feeder|6|None|behind,68618.46,68666.239,68618.46,68666.239,G:\MONITORING CROSS SUCKING IN CALVES - KAPPEL - 2025\Pen 2 - Group 2\WEANING\Day 1\ch02_20251017025230.mp4,ch02_20251017025230.mp4,68241.564675,71049.260342,376.895325,424.674325,Pen 2 - Group 2/WEANING/Day 1/0304.zip
254,316,CS_0305_WEAN_d1_p2_cowT_16102025_ch02-20251017025230_68688_68699.mp4,Pen 2 - Group 2\WEANING\Day 1\CS_0305_WEAN_d1_p2_cowT_16102025_ch02-20251017025230_68688_68699.mp4,E:\cross_sucking\Pen 2 - Group 2\WEANING\Day 1\CS_0305_WEAN_d1_p2_cowT_16102025_ch02-20251017025230_68688_68699.mp4,skipped_existing,1,1,Pen_2_WEAN_Day_1_16102025,Pen 2 - Group 2,WEAN,1,2,16102025,T,milk feeder|6|None|behind,68688.198,68699.41,68688.198,68699.41,G:\MONITORING CROSS SUCKING IN CALVES - KAPPEL - 2025\Pen 2 - Group 2\WEANING\Day 1\ch02_20251017025230.mp4,ch02_20251017025230.mp4,68241.564675,71049.260342,446.633325,457.845325,Pen 2 - Group 2/WEANING/Day 1/0305.zip
255,317,CS_0306_WEAN_d1_p2_cowT_16102025_ch02-20251017025230_68811_68849.mp4,Pen 2 - Group 2\WEANING\Day 1\CS_0306_WEAN_d1_p2_cowT_16102025_ch02-20251017025230_68811_68849.mp4,E:\cross_sucking\Pen 2 - Group 2\WEANING\Day 1\CS_0306_WEAN_d1_p2_cowT_16102025_ch02-20251017025230_68811_68849.mp4,skipped_existing,1,1,Pen_2_WEAN_Day_1_16102025,Pen 2 - Group 2,WEAN,1,2,16102025,T,milk feeder|1|None|behind,68811.608,68849.198,68811.608,68849.198,G:\MONITORING CROSS SUCKING IN CALVES - KAPPEL - 2025\Pen 2 - Group 2\WEANING\Day 1\ch02_20251017025230.mp4,ch02_20251017025230.mp4,68241.564675,71049.260342,570.043325,607.633325,Pen 2 - Group 2/WEANING/Day 1/0306.zip
256,318,CS_0307_WEAN_d1_p2_cowT_16102025_ch02-20251017025230_69114_69230.mp4,Pen 2 - Group 2\WEANING\Day 1\CS_0307_WEAN_d1_p2_cowT_16102025_ch02-20251017025230_69114_69230.mp4,E:\cross_sucking\Pen 2 - Group 2\WEANING\Day 1\CS_0307_WEAN_d1_p2_cowT_16102025_ch02-20251017025230_69114_69230.mp4,skipped_existing,1,1,Pen_2_WEAN_Day_1_16102025,Pen 2 - Group 2,WEAN,1,2,16102025,T,milk feeder|/|None|behind,69114.297,69230.689,69114.297,69230.689,G:\MONITORING CROSS SUCKING IN CALVES - KAPPEL - 2025\Pen 2 - Group 2\WEANING\Day 1\ch02_20251017025230.mp4,ch02_20251017025230.mp4,68241.564675,71049.260342,872.732325,989.124325,Pen 2 - Group 2/WEANING/Day 1/0307.zip
257,319,CS_0308_WEAN_d1_p2_cow1_16102025_ch02-20251017025230_69379_69385.mp4,Pen 2 - Group 2\WEANING\Day 1\CS_0308_WEAN_d1_p2_cow1_16102025_ch02-20251017025230_69379_69385.mp4,E:\cross_sucking\Pen 2 - Group 2\WEANING\Day 1\CS_0308_WEAN_d1_p2_cow1_16102025_ch02-20251017025230_69379_69385.mp4,skipped_existing,1,1,Pen_2_WEAN_Day_1_16102025,Pen 2 - Group 2,WEAN,1,2,16102025,1,other|/|None|side,69379.669,69385.387,69379.669,69385.387,G:\MONITORING CROSS SUCKING IN CALVES - KAPPEL - 2025\Pen 2 - Group 2\WEANING\Day 1\ch02_20251017025230.mp4,ch02_20251017025230.mp4,68241.564675,71049.260342,1138.104325,1143.822325,Pen 2 - Group 2/WEANING/Day 1/0308.zip
258,320,CS_0309_WEAN_d1_p2_cowT_16102025_ch02-20251017025230_69647_69784.mp4,Pen 2 - Group 2\WEANING\Day 1\CS_0309_WEAN_d1_p2_cowT_16102025_ch02-20251017025230_69647_69784.mp4,E:\cross_sucking\Pen 2 - Group 2\WEANING\Day 1\CS_0309_WEAN_d1_p2_cowT_16102025_ch02-20251017025230_69647_69784.mp4,skipped_existing,1,1,Pen_2_WEAN_Day_1_16102025,Pen 2 - Group 2,WEAN,1,2,16102025,T,grain feeder|/|None|behind,69647.778,69784.945,69647.778,69784.945,G:\MONITORING CROSS SUCKING IN CALVES - KAPPEL - 2025\Pen 2 - Group 2\WEANING\Day 1\ch02_20251017025230.mp4,ch02_20251017025230.mp4,68241.564675,71049.260342,1406.213325,1543.380325,Pen 2 - Group 2/WEANING/Day 1/0309.zip
259,321,CS_0310_WEAN_d1_p2_cowT_16102025_ch02-20251017025230_69828_69873.mp4,Pen 2 - Group 2\WEANING\Day 1\CS_0310_WEAN_d1_p2_cowT_16102025_ch02-20251017025230_69828_69873.mp4,E:\cross_sucking\Pen 2 - Group 2\WEANING\Day 1\CS_0310_WEAN_d1_p2_cowT_16102025_ch02-20251017025230_69828_69873.mp4,skipped_existing,1,1,Pen_2_WEAN_Day_1_16102025,Pen 2 - Group 2,WEAN,1,2,16102025,T,grain feeder|/|None|behind,69828.358,69873.396,69828.358,69873.396,G:\MONITORING CROSS SUCKING IN CALVES - KAPPEL - 2025\Pen 2 - Group 2\WEANING\Day 1\ch02_20251017025230.mp4,ch02_20251017025230.mp4,68241.564675,71049.260342,1586.793325,1631.831325,Pen 2 - Group 2/WEANING/Day 1/0310.zip
260,322,CS_0311_WEAN_d1_p2_cowA_16102025_ch02-20251017025230_69882_69965.mp4,Pen 2 - Group 2\WEANING\Day 1\CS_0311_WEAN_d1_p2_cowA_16102025_ch02-20251017025230_69882_69965.mp4,E:\cross_sucking\Pen 2 - Group 2\WEANING\Day 1\CS_0311_WEAN_d1_p2_cowA_16102025_ch02-20251017025230_69882_69965.mp4,skipped_existing,1,1,Pen_2_WEAN_Day_1_16102025,Pen 2 - Group 2,WEAN,1,2,16102025,A,other|6|None|lying down,69882.959,69965.455,69882.959,69965.455,G:\MONITORING CROSS SUCKING IN CALVES - KAPPEL - 2025\Pen 2 - Group 2\WEANING\Day 1\ch02_20251017025230.mp4,ch02_20251017025230.mp4,68241.564675,71049.260342,1641.394325,1723.890325,Pen 2 - Group 2/WEANING/Day 1/0311.zip
261,323,CS_0312_WEAN_d1_p2_cow1_16102025_ch02-20251017033929_71099_71132.mp4,Pen 2 - Group 2\WEANING\Day 1\CS_0312_WEAN_d1_p2_cow1_16102025_ch02-20251017033929_71099_71132.mp4,E:\cross_sucking\Pen 2 - Group 2\WEANING\Day 1\CS_0312_WEAN_d1_p2_cow1_16102025_ch02-20251017033929_71099_71132.mp4,skipped_existing,1,1,Pen_2_WEAN_Day_1_16102025,Pen 2 - Group 2,WEAN,1,2,16102025,1,other|A|None|side,71099.489,71132.926,71099.489,71132.926,G:\MONITORING CROSS SUCKING IN CALVES - KAPPEL - 2025\Pen 2 - Group 2\WEANING\Day 1\ch02_20251017033929.mp4,ch02_20251017033929.mp4,71049.260342,73824.404009,50.228658,83.665658,Pen 2 - Group 2/WEANING/Day 1/0312.zip
262,324,CS_0313_WEAN_d1_p2_cowT_16102025_ch02-20251017033929_72363_72379.mp4,Pen 2 - Group 2\WEANING\Day 1\CS_0313_WEAN_d1_p2_cowT_16102025_ch02-20251017033929_72363_72379.mp4,E:\cross_sucking\Pen 2 - Group 2\WEANING\Day 1\CS_0313_WEAN_d1_p2_cowT_16102025_ch02-20251017033929_72363_72379.mp4,skipped_existing,1,1,Pen_2_WEAN_Day_1_16102025,Pen 2 - Group 2,WEAN,1,2,16102025,T,hay|1|None|lying down,72363.214,72379.436,72363.214,72379.436,G:\MONITORING CROSS SUCKING IN CALVES - KAPPEL - 2025\Pen 2 - Group 2\WEANING\Day 1\ch02_20251017033929.mp4,ch02_20251017033929.mp4,71049.260342,73824.404009,1313.953658,1330.175658,Pen 2 - Group 2/WEANING/Day 1/0313.zip
263,325,CS_0314_WEAN_d1_p2_cowT_16102025_ch02-20251017060020_81257_81280.mp4,Pen 2 - Group 2\WEANING\Day 1\CS_0314_WEAN_d1_p2_cowT_16102025_ch02-20251017060020_81257_81280.mp4,E:\cross_sucking\Pen 2 - Group 2\WEANING\Day 1\CS_0314_WEAN_d1_p2_cowT_16102025_ch02-20251017060020_81257_81280.mp4,skipped_existing,1,1,Pen_2_WEAN_Day_1_16102025,Pen 2 - Group 2,WEAN,1,2,16102025,T,grain feeder|O|None|behind,81257.678,81280.718,81257.678,81280.718,G:\MONITORING CROSS SUCKING IN CALVES - KAPPEL - 2025\Pen 2 - Group 2\WEANING\Day 1\ch02_20251017060020.mp4,ch02_20251017060020.mp4,79390.813343,82182.04201,1866.864657,1889.904657,Pen 2 - Group 2/WEANING/Day 1/0314.zip
264,326,CS_0315_WEAN_d1_p2_cowT_16102025_ch02-20251017060020_81294_81425.mp4,Pen 2 - Group 2\WEANING\Day 1\CS_0315_WEAN_d1_p2_cowT_16102025_ch02-20251017060020_81294_81425.mp4,E:\cross_sucking\Pen 2 - Group 2\WEANING\Day 1\CS_0315_WEAN_d1_p2_cowT_16102025_ch02-20251017060020_81294_81425.mp4,skipped_existing,1,1,Pen_2_WEAN_Day_1_16102025,Pen 2 - Group 2,WEAN,1,2,16102025,T,milk feeder|/|None|behind,81294.211,81425.081,81294.211,81425.081,G:\MONITORING CROSS SUCKING IN CALVES - KAPPEL - 2025\Pen 2 - Group 2\WEANING\Day 1\ch02_20251017060020.mp4,ch02_20251017060020.mp4,79390.813343,82182.04201,1903.397657,2034.267657,Pen 2 - Group 2/WEANING/Day 1/0315.zip
265,327,CS_0316_WEAN_d1_p2_cow6_16102025_ch02-20251017064718_83770_83862.mp4,Pen 2 - Group 2\WEANING\Day 1\CS_0316_WEAN_d1_p2_cow6_16102025_ch02-20251017064718_83770_83862.mp4,E:\cross_sucking\Pen 2 - Group 2\WEANING\Day 1\CS_0316_WEAN_d1_p2_cow6_16102025_ch02-20251017064718_83770_83862.mp4,skipped_existing,1,1,Pen_2_WEAN_Day_1_16102025,Pen 2 - Group 2,WEAN,1,2,16102025,6,other|8|None|side,83770.862,83862.883,83770.862,83862.883,G:\MONITORING CROSS SUCKING IN CALVES - KAPPEL - 2025\Pen 2 - Group 2\WEANING\Day 1\ch02_20251017064718.mp4,ch02_20251017064718.mp4,82182.04201,84973.006677,1588.81999,1680.84099,Pen 2 - Group 2/WEANING/Day 1/0316.zip
266,328,CS_0317_WEAN_d2_p2_cow6_17102025_ch02-20251017082112_3507_3577.mp4,Pen 2 - Group 2\WEANING\Day 2\CS_0317_WEAN_d2_p2_cow6_17102025_ch02-20251017082112_3507_3577.mp4,E:\cross_sucking\Pen 2 - Group 2\WEANING\Day 2\CS_0317_WEAN_d2_p2_cow6_17102025_ch02-20251017082112_3507_3577.mp4,skipped_existing,1,1,Pen_2_WEAN_Day_2_17102025,Pen 2 - Group 2,WEAN,2,2,17102025,6,milk feeder|8|None|behind,3507.242,3577.213,3507.242,3577.213,G:\MONITORING CROSS SUCKING IN CALVES - KAPPEL - 2025\Pen 2 - Group 2\WEANING\Day 2\ch02_20251017082112.mp4,ch02_20251017082112.mp4,2837.614667,5644.508334,669.627333,739.598333,Pen 2 - Group 2/WEANING/Day 2/CS_0317_WEAN_d2_p2_cow6_17102025_ch02-20251017082112_3507_3577.mp4.zip
267,329,CS_0318_WEAN_d2_p2_cow6_17102025_ch02-20251017082112_3608_3699.mp4,Pen 2 - Group 2\WEANING\Day 2\CS_0318_WEAN_d2_p2_cow6_17102025_ch02-20251017082112_3608_3699.mp4,E:\cross_sucking\Pen 2 - Group 2\WEANING\Day 2\CS_0318_WEAN_d2_p2_cow6_17102025_ch02-20251017082112_3608_3699.mp4,skipped_existing,1,1,Pen_2_WEAN_Day_2_17102025,Pen 2 - Group 2,WEAN,2,2,17102025,6,grain feeder|8|None|behind,3608.461,3699.587,3608.461,3699.587,G:\MONITORING CROSS SUCKING IN CALVES - KAPPEL - 2025\Pen 2 - Group 2\WEANING\Day 2\ch02_20251017082112.mp4,ch02_20251017082112.mp4,2837.614667,5644.508334,770.846333,861.972333,Pen 2 - Group 2/WEANING/Day 2/CS_0318_WEAN_d2_p2_cow6_17102025_ch02-20251017082112_3608_3699.mp4.zip
268,331,CS_0320_WEAN_d2_p2_cow3_17102025_ch02-20251017082112_5537_5655_part01.mp4,Pen 2 - Group 2\WEANING\Day 2\CS_0320_WEAN_d2_p2_cow3_17102025_ch02-20251017082112_5537_5655_part01.mp4,E:\cross_sucking\Pen 2 - Group 2\WEANING\Day 2\CS_0320_WEAN_d2_p2_cow3_17102025_ch02-20251017082112_5537_5655_part01.mp4,skipped_existing,1,2,Pen_2_WEAN_Day_2_17102025,Pen 2 - Group 2,WEAN,2,2,17102025,3,other|/|reciprocal|side,5537.918,5655.005,5537.918,5644.508334,G:\MONITORING CROSS SUCKING IN CALVES - KAPPEL - 2025\Pen 2 - Group 2\WEANING\Day 2\ch02_20251017082112.mp4,ch02_20251017082112.mp4,2837.614667,5644.508334,2700.303333,2806.893667,Pen 2 - Group 2/WEANING/Day 2/CS_0320_WEAN_d2_p2_cow3_17102025_ch02-20251017082112_5537_5655_part01.mp4.zip
269,332,CS_0320_WEAN_d2_p2_cow3_17102025_ch02-20251017082112_5537_5655_part02.mp4,Pen 2 - Group 2\WEANING\Day 2\CS_0320_WEAN_d2_p2_cow3_17102025_ch02-20251017082112_5537_5655_part02.mp4,E:\cross_sucking\Pen 2 - Group 2\WEANING\Day 2\CS_0320_WEAN_d2_p2_cow3_17102025_ch02-20251017082112_5537_5655_part02.mp4,skipped_existing,2,2,Pen_2_WEAN_Day_2_17102025,Pen 2 - Group 2,WEAN,2,2,17102025,3,other|/|reciprocal|side,5537.918,5655.005,5644.508334,5655.005,G:\MONITORING CROSS SUCKING IN CALVES - KAPPEL - 2025\Pen 2 - Group 2\WEANING\Day 2\ch02_20251017090810.mp4,ch02_20251017090810.mp4,5644.508334,8435.164001,0.0,10.496666,Pen 2 - Group 2/WEANING/Day 2/CS_0320_WEAN_d2_p2_cow3_17102025_ch02-20251017082112_5537_5655_part02.mp4.zip
270,334,CS_0322_WEAN_d2_p2_cow3_17102025_ch02-20251017090810_5673_5726.mp4,Pen 2 - Group 2\WEANING\Day 2\CS_0322_WEAN_d2_p2_cow3_17102025_ch02-20251017090810_5673_5726.mp4,E:\cross_sucking\Pen 2 - Group 2\WEANING\Day 2\CS_0322_WEAN_d2_p2_cow3_17102025_ch02-20251017090810_5673_5726.mp4,skipped_existing,1,1,Pen_2_WEAN_Day_2_17102025,Pen 2 - Group 2,WEAN,2,2,17102025,3,other|/|reciprocal|side,5673.536,5726.842,5673.536,5726.842,G:\MONITORING CROSS SUCKING IN CALVES - KAPPEL - 2025\Pen 2 - Group 2\WEANING\Day 2\ch02_20251017090810.mp4,ch02_20251017090810.mp4,5644.508334,8435.164001,29.027666,82.333666,Pen 2 - Group 2/WEANING/Day 2/CS_0322_WEAN_d2_p2_cow3_17102025_ch02-20251017090810_5673_5726.mp4.zip
271,335,CS_0323_WEAN_d2_p2_cowslash_17102025_ch02-20251017090810_8162_8167.mp4,Pen 2 - Group 2\WEANING\Day 2\CS_0323_WEAN_d2_p2_cowslash_17102025_ch02-20251017090810_8162_8167.mp4,E:\cross_sucking\Pen 2 - Group 2\WEANING\Day 2\CS_0323_WEAN_d2_p2_cowslash_17102025_ch02-20251017090810_8162_8167.mp4,skipped_existing,1,1,Pen_2_WEAN_Day_2_17102025,Pen 2 - Group 2,WEAN,2,2,17102025,/,other|6|None|behind,8162.448,8167.241,8162.448,8167.241,G:\MONITORING CROSS SUCKING IN CALVES - KAPPEL - 2025\Pen 2 - Group 2\WEANING\Day 2\ch02_20251017090810.mp4,ch02_20251017090810.mp4,5644.508334,8435.164001,2517.939666,2522.732666,Pen 2 - Group 2/WEANING/Day 2/CS_0323_WEAN_d2_p2_cowslash_17102025_ch02-20251017090810_8162_8167.mp4.zip
272,336,CS_0324_WEAN_d2_p2_cowT_17102025_ch02-20251017095507_8722_8751.mp4,Pen 2 - Group 2\WEANING\Day 2\CS_0324_WEAN_d2_p2_cowT_17102025_ch02-20251017095507_8722_8751.mp4,E:\cross_sucking\Pen 2 - Group 2\WEANING\Day 2\CS_0324_WEAN_d2_p2_cowT_17102025_ch02-20251017095507_8722_8751.mp4,skipped_existing,1,1,Pen_2_WEAN_Day_2_17102025,Pen 2 - Group 2,WEAN,2,2,17102025,T,milk feeder|O|None|behind,8722.951,8751.642,8722.951,8751.642,G:\MONITORING CROSS SUCKING IN CALVES - KAPPEL - 2025\Pen 2 - Group 2\WEANING\Day 2\ch02_20251017095507.mp4,ch02_20251017095507.mp4,8435.164001,11209.463668,287.786999,316.477999,Pen 2 - Group 2/WEANING/Day 2/CS_0324_WEAN_d2_p2_cowT_17102025_ch02-20251017095507_8722_8751.mp4.zip
273,339,CS_0327_WEAN_d2_p2_cowA_17102025_ch02-20251017095507_9283_9495.mp4,Pen 2 - Group 2\WEANING\Day 2\CS_0327_WEAN_d2_p2_cowA_17102025_ch02-20251017095507_9283_9495.mp4,E:\cross_sucking\Pen 2 - Group 2\WEANING\Day 2\CS_0327_WEAN_d2_p2_cowA_17102025_ch02-20251017095507_9283_9495.mp4,skipped_existing,1,1,Pen_2_WEAN_Day_2_17102025,Pen 2 - Group 2,WEAN,2,2,17102025,A,other|O|None|side,9283.779,9495.585,9283.779,9495.585,G:\MONITORING CROSS SUCKING IN CALVES - KAPPEL - 2025\Pen 2 - Group 2\WEANING\Day 2\ch02_20251017095507.mp4,ch02_20251017095507.mp4,8435.164001,11209.463668,848.614999,1060.420999,Pen 2 - Group 2/WEANING/Day 2/CS_0327_WEAN_d2_p2_cowA_17102025_ch02-20251017095507_9283_9495.mp4.zip
274,341,CS_0329_WEAN_d2_p2_cow3_17102025_ch02-20251017095507_9371_9707.mp4,Pen 2 - Group 2\WEANING\Day 2\CS_0329_WEAN_d2_p2_cow3_17102025_ch02-20251017095507_9371_9707.mp4,E:\cross_sucking\Pen 2 - Group 2\WEANING\Day 2\CS_0329_WEAN_d2_p2_cow3_17102025_ch02-20251017095507_9371_9707.mp4,skipped_existing,1,1,Pen_2_WEAN_Day_2_17102025,Pen 2 - Group 2,WEAN,2,2,17102025,3,other|/|reciprocal|side,9371.932,9707.684,9371.932,9707.684,G:\MONITORING CROSS SUCKING IN CALVES - KAPPEL - 2025\Pen 2 - Group 2\WEANING\Day 2\ch02_20251017095507.mp4,ch02_20251017095507.mp4,8435.164001,11209.463668,936.767999,1272.519999,Pen 2 - Group 2/WEANING/Day 2/0329.zip
275,343,CS_0331_WEAN_d2_p2_cowT_17102025_ch02-20251017095507_9893_9999.mp4,Pen 2 - Group 2\WEANING\Day 2\CS_0331_WEAN_d2_p2_cowT_17102025_ch02-20251017095507_9893_9999.mp4,E:\cross_sucking\Pen 2 - Group 2\WEANING\Day 2\CS_0331_WEAN_d2_p2_cowT_17102025_ch02-20251017095507_9893_9999.mp4,skipped_existing,1,1,Pen_2_WEAN_Day_2_17102025,Pen 2 - Group 2,WEAN,2,2,17102025,T,other|8|None|side,9893.56,9999.302,9893.56,9999.302,G:\MONITORING CROSS SUCKING IN CALVES - KAPPEL - 2025\Pen 2 - Group 2\WEANING\Day 2\ch02_20251017095507.mp4,ch02_20251017095507.mp4,8435.164001,11209.463668,1458.395999,1564.137999,Pen 2 - Group 2/WEANING/Day 2/CS_0331_WEAN_d2_p2_cowT_17102025_ch02-20251017095507_9893_9999.mp4.zip
276,344,CS_0332_WEAN_d2_p2_cowT_17102025_ch02-20251017095507_10204_10275.mp4,Pen 2 - Group 2\WEANING\Day 2\CS_0332_WEAN_d2_p2_cowT_17102025_ch02-20251017095507_10204_10275.mp4,E:\cross_sucking\Pen 2 - Group 2\WEANING\Day 2\CS_0332_WEAN_d2_p2_cowT_17102025_ch02-20251017095507_10204_10275.mp4,skipped_existing,1,1,Pen_2_WEAN_Day_2_17102025,Pen 2 - Group 2,WEAN,2,2,17102025,T,other|8|None|side,10204.815,10275.163,10204.815,10275.163,G:\MONITORING CROSS SUCKING IN CALVES - KAPPEL - 2025\Pen 2 - Group 2\WEANING\Day 2\ch02_20251017095507.mp4,ch02_20251017095507.mp4,8435.164001,11209.463668,1769.650999,1839.998999,Pen 2 - Group 2/WEANING/Day 2/CS_0332_WEAN_d2_p2_cowT_17102025_ch02-20251017095507_10204_10275.mp4.zip
277,345,CS_0333_WEAN_d2_p2_cowT_17102025_ch02-20251017104205_12956_13026.mp4,Pen 2 - Group 2\WEANING\Day 2\CS_0333_WEAN_d2_p2_cowT_17102025_ch02-20251017104205_12956_13026.mp4,E:\cross_sucking\Pen 2 - Group 2\WEANING\Day 2\CS_0333_WEAN_d2_p2_cowT_17102025_ch02-20251017104205_12956_13026.mp4,skipped_existing,1,1,Pen_2_WEAN_Day_2_17102025,Pen 2 - Group 2,WEAN,2,2,17102025,T,grain feeder|1|None|behind,12956.293,13026.473,12956.293,13026.473,G:\MONITORING CROSS SUCKING IN CALVES - KAPPEL - 2025\Pen 2 - Group 2\WEANING\Day 2\ch02_20251017104205.mp4,ch02_20251017104205.mp4,11209.463668,14016.596335,1746.829332,1817.009332,Pen 2 - Group 2/WEANING/Day 2/CS_0333_WEAN_d2_p2_cowT_17102025_ch02-20251017104205_12956_13026.mp4.zip
278,346,CS_0334_WEAN_d2_p2_cowslash_17102025_ch02-20251017104205_13378_13402.mp4,Pen 2 - Group 2\WEANING\Day 2\CS_0334_WEAN_d2_p2_cowslash_17102025_ch02-20251017104205_13378_13402.mp4,E:\cross_sucking\Pen 2 - Group 2\WEANING\Day 2\CS_0334_WEAN_d2_p2_cowslash_17102025_ch02-20251017104205_13378_13402.mp4,skipped_existing,1,1,Pen_2_WEAN_Day_2_17102025,Pen 2 - Group 2,WEAN,2,2,17102025,/,hay|1|None|side,13378.833,13402.177,13378.833,13402.177,G:\MONITORING CROSS SUCKING IN CALVES - KAPPEL - 2025\Pen 2 - Group 2\WEANING\Day 2\ch02_20251017104205.mp4,ch02_20251017104205.mp4,11209.463668,14016.596335,2169.369332,2192.713332,Pen 2 - Group 2/WEANING/Day 2/CS_0334_WEAN_d2_p2_cowslash_17102025_ch02-20251017104205_13378_13402.mp4.zip
279,347,CS_0335_WEAN_d2_p2_cowslash_17102025_ch02-20251017112902_16384_16397.mp4,Pen 2 - Group 2\WEANING\Day 2\CS_0335_WEAN_d2_p2_cowslash_17102025_ch02-20251017112902_16384_16397.mp4,E:\cross_sucking\Pen 2 - Group 2\WEANING\Day 2\CS_0335_WEAN_d2_p2_cowslash_17102025_ch02-20251017112902_16384_16397.mp4,skipped_existing,1,1,Pen_2_WEAN_Day_2_17102025,Pen 2 - Group 2,WEAN,2,2,17102025,/,other|6|None|side,16384.397,16397.724,16384.397,16397.724,G:\MONITORING CROSS SUCKING IN CALVES - KAPPEL - 2025\Pen 2 - Group 2\WEANING\Day 2\ch02_20251017112902.mp4,ch02_20251017112902.mp4,14016.596335,16806.744002,2367.800665,2381.127665,Pen 2 - Group 2/WEANING/Day 2/CS_0335_WEAN_d2_p2_cowslash_17102025_ch02-20251017112902_16384_16397.mp4.zip
280,348,CS_0336_WEAN_d2_p2_cow6_17102025_ch02-20251017130257_21755_21760.mp4,Pen 2 - Group 2\WEANING\Day 2\CS_0336_WEAN_d2_p2_cow6_17102025_ch02-20251017130257_21755_21760.mp4,E:\cross_sucking\Pen 2 - Group 2\WEANING\Day 2\CS_0336_WEAN_d2_p2_cow6_17102025_ch02-20251017130257_21755_21760.mp4,skipped_existing,1,1,Pen_2_WEAN_Day_2_17102025,Pen 2 - Group 2,WEAN,2,2,17102025,6,other|8|None|side,21755.189,21760.76,21755.189,21760.76,G:\MONITORING CROSS SUCKING IN CALVES - KAPPEL - 2025\Pen 2 - Group 2\WEANING\Day 2\ch02_20251017130257.mp4,ch02_20251017130257.mp4,19645.040669,22420.907336,2110.148331,2115.719331,Pen 2 - Group 2/WEANING/Day 2/CS_0336_WEAN_d2_p2_cow6_17102025_ch02-20251017130257_21755_21760.mp4.zip
281,349,CS_0337_WEAN_d2_p2_cowT_17102025_ch02-20251017130257_21943_21980.mp4,Pen 2 - Group 2\WEANING\Day 2\CS_0337_WEAN_d2_p2_cowT_17102025_ch02-20251017130257_21943_21980.mp4,E:\cross_sucking\Pen 2 - Group 2\WEANING\Day 2\CS_0337_WEAN_d2_p2_cowT_17102025_ch02-20251017130257_21943_21980.mp4,skipped_existing,1,1,Pen_2_WEAN_Day_2_17102025,Pen 2 - Group 2,WEAN,2,2,17102025,T,other|/|None|behind,21943.191,21980.552,21943.191,21980.552,G:\MONITORING CROSS SUCKING IN CALVES - KAPPEL - 2025\Pen 2 - Group 2\WEANING\Day 2\ch02_20251017130257.mp4,ch02_20251017130257.mp4,19645.040669,22420.907336,2298.150331,2335.511331,Pen 2 - Group 2/WEANING/Day 2/CS_0337_WEAN_d2_p2_cowT_17102025_ch02-20251017130257_21943_21980.mp4.zip
282,350,CS_0338_WEAN_d2_p2_cow1_17102025_ch02-20251017165746_35509_35548.mp4,Pen 2 - Group 2\WEANING\Day 2\CS_0338_WEAN_d2_p2_cow1_17102025_ch02-20251017165746_35509_35548.mp4,E:\cross_sucking\Pen 2 - Group 2\WEANING\Day 2\CS_0338_WEAN_d2_p2_cow1_17102025_ch02-20251017165746_35509_35548.mp4,skipped_existing,1,1,Pen_2_WEAN_Day_2_17102025,Pen 2 - Group 2,WEAN,2,2,17102025,1,milk feeder|8|None|behind,35509.886,35548.542,35509.886,35548.542,G:\MONITORING CROSS SUCKING IN CALVES - KAPPEL - 2025\Pen 2 - Group 2\WEANING\Day 2\ch02_20251017165746.mp4,ch02_20251017165746.mp4,33584.326004,36390.596671,1925.559996,1964.215996,Pen 2 - Group 2/WEANING/Day 2/CS_0338_WEAN_d2_p2_cow1_17102025_ch02-20251017165746_35509_35548.mp4.zip
283,351,CS_0339_WEAN_d2_p2_cow6_17102025_ch02-20251017191837_43435_43485.mp4,Pen 2 - Group 2\WEANING\Day 2\CS_0339_WEAN_d2_p2_cow6_17102025_ch02-20251017191837_43435_43485.mp4,E:\cross_sucking\Pen 2 - Group 2\WEANING\Day 2\CS_0339_WEAN_d2_p2_cow6_17102025_ch02-20251017191837_43435_43485.mp4,skipped_existing,1,1,Pen_2_WEAN_Day_2_17102025,Pen 2 - Group 2,WEAN,2,2,17102025,6,other|8|None|behind,43435.372,43485.617,43435.372,43485.617,G:\MONITORING CROSS SUCKING IN CALVES - KAPPEL - 2025\Pen 2 - Group 2\WEANING\Day 2\ch02_20251017191837.mp4,ch02_20251017191837.mp4,41988.398005,44778.539672,1446.973995,1497.218995,Pen 2 - Group 2/WEANING/Day 2/CS_0339_WEAN_d2_p2_cow6_17102025_ch02-20251017191837_43435_43485.mp4.zip
284,352,CS_0340_WEAN_d2_p2_cow6_17102025_ch02-20251017191837_43527_43578.mp4,Pen 2 - Group 2\WEANING\Day 2\CS_0340_WEAN_d2_p2_cow6_17102025_ch02-20251017191837_43527_43578.mp4,E:\cross_sucking\Pen 2 - Group 2\WEANING\Day 2\CS_0340_WEAN_d2_p2_cow6_17102025_ch02-20251017191837_43527_43578.mp4,skipped_existing,1,1,Pen_2_WEAN_Day_2_17102025,Pen 2 - Group 2,WEAN,2,2,17102025,6,other|8|None|behind,43527.246,43578.242,43527.246,43578.242,G:\MONITORING CROSS SUCKING IN CALVES - KAPPEL - 2025\Pen 2 - Group 2\WEANING\Day 2\ch02_20251017191837.mp4,ch02_20251017191837.mp4,41988.398005,44778.539672,1538.847995,1589.843995,Pen 2 - Group 2/WEANING/Day 2/CS_0340_WEAN_d2_p2_cow6_17102025_ch02-20251017191837_43527_43578.mp4.zip
285,353,CS_0341_WEAN_d2_p2_cowT_17102025_ch02-20251017205231_47916_47923.mp4,Pen 2 - Group 2\WEANING\Day 2\CS_0341_WEAN_d2_p2_cowT_17102025_ch02-20251017205231_47916_47923.mp4,E:\cross_sucking\Pen 2 - Group 2\WEANING\Day 2\CS_0341_WEAN_d2_p2_cowT_17102025_ch02-20251017205231_47916_47923.mp4,skipped_existing,1,1,Pen_2_WEAN_Day_2_17102025,Pen 2 - Group 2,WEAN,2,2,17102025,T,grain feeder|6|None|behind,47916.891,47923.884,47916.891,47923.884,G:\MONITORING CROSS SUCKING IN CALVES - KAPPEL - 2025\Pen 2 - Group 2\WEANING\Day 2\ch02_20251017205231.mp4,ch02_20251017205231.mp4,47568.939339,50342.792006,347.951661,354.944661,Pen 2 - Group 2/WEANING/Day 2/CS_0341_WEAN_d2_p2_cowT_17102025_ch02-20251017205231_47916_47923.mp4.zip
286,354,CS_0342_WEAN_d2_p2_cowA_17102025_ch02-20251017213928_51713_51730.mp4,Pen 2 - Group 2\WEANING\Day 2\CS_0342_WEAN_d2_p2_cowA_17102025_ch02-20251017213928_51713_51730.mp4,E:\cross_sucking\Pen 2 - Group 2\WEANING\Day 2\CS_0342_WEAN_d2_p2_cowA_17102025_ch02-20251017213928_51713_51730.mp4,skipped_existing,1,1,Pen_2_WEAN_Day_2_17102025,Pen 2 - Group 2,WEAN,2,2,17102025,A,grain feeder|1|None|behind,51713.487,51730.951,51713.487,51730.951,G:\MONITORING CROSS SUCKING IN CALVES - KAPPEL - 2025\Pen 2 - Group 2\WEANING\Day 2\ch02_20251017213928.mp4,ch02_20251017213928.mp4,50342.792006,53149.597673,1370.694994,1388.158994,Pen 2 - Group 2/WEANING/Day 2/CS_0342_WEAN_d2_p2_cowA_17102025_ch02-20251017213928_51713_51730.mp4.zip
287,355,CS_0343_WEAN_d2_p2_cowA_17102025_ch02-20251017213928_52806_53148.mp4,Pen 2 - Group 2\WEANING\Day 2\CS_0343_WEAN_d2_p2_cowA_17102025_ch02-20251017213928_52806_53148.mp4,E:\cross_sucking\Pen 2 - Group 2\WEANING\Day 2\CS_0343_WEAN_d2_p2_cowA_17102025_ch02-20251017213928_52806_53148.mp4,skipped_existing,1,1,Pen_2_WEAN_Day_2_17102025,Pen 2 - Group 2,WEAN,2,2,17102025,A,other|O|reciprocal|side,52806.748,53148.287,52806.748,53148.287,G:\MONITORING CROSS SUCKING IN CALVES - KAPPEL - 2025\Pen 2 - Group 2\WEANING\Day 2\ch02_20251017213928.mp4,ch02_20251017213928.mp4,50342.792006,53149.597673,2463.955994,2805.494994,Pen 2 - Group 2/WEANING/Day 2/0343.zip
288,358,CS_0345_WEAN_d2_p2_cowA_17102025_ch02-20251017213928_53148_53159_part02.mp4,Pen 2 - Group 2\WEANING\Day 2\CS_0345_WEAN_d2_p2_cowA_17102025_ch02-20251017213928_53148_53159_part02.mp4,E:\cross_sucking\Pen 2 - Group 2\WEANING\Day 2\CS_0345_WEAN_d2_p2_cowA_17102025_ch02-20251017213928_53148_53159_part02.mp4,skipped_existing,2,2,Pen_2_WEAN_Day_2_17102025,Pen 2 - Group 2,WEAN,2,2,17102025,A,other|O|None|behind,53148.288,53159.275,53149.597673,53159.275,G:\MONITORING CROSS SUCKING IN CALVES - KAPPEL - 2025\Pen 2 - Group 2\WEANING\Day 2\ch02_20251017222626.mp4,ch02_20251017222626.mp4,53149.597673,55939.47734,0.0,9.677327,Pen 2 - Group 2/WEANING/Day 2/CS_0345_WEAN_d2_p2_cowA_17102025_ch02-20251017213928_53148_53159_part02.mp4.zip
289,359,CS_0346_WEAN_d2_p2_cowslash_17102025_ch02-20251017222626_55643_55813.mp4,Pen 2 - Group 2\WEANING\Day 2\CS_0346_WEAN_d2_p2_cowslash_17102025_ch02-20251017222626_55643_55813.mp4,E:\cross_sucking\Pen 2 - Group 2\WEANING\Day 2\CS_0346_WEAN_d2_p2_cowslash_17102025_ch02-20251017222626_55643_55813.mp4,skipped_existing,1,1,Pen_2_WEAN_Day_2_17102025,Pen 2 - Group 2,WEAN,2,2,17102025,/,other|1|reciprocal|side,55643.471,55813.501,55643.471,55813.501,G:\MONITORING CROSS SUCKING IN CALVES - KAPPEL - 2025\Pen 2 - Group 2\WEANING\Day 2\ch02_20251017222626.mp4,ch02_20251017222626.mp4,53149.597673,55939.47734,2493.873327,2663.903327,Pen 2 - Group 2/WEANING/Day 2/CS_0346_WEAN_d2_p2_cowslash_17102025_ch02-20251017222626_55643_55813.mp4.zip
290,360,CS_0347_WEAN_d2_p2_cowslash_17102025_ch02-20251017222626_55836_55914.mp4,Pen 2 - Group 2\WEANING\Day 2\CS_0347_WEAN_d2_p2_cowslash_17102025_ch02-20251017222626_55836_55914.mp4,E:\cross_sucking\Pen 2 - Group 2\WEANING\Day 2\CS_0347_WEAN_d2_p2_cowslash_17102025_ch02-20251017222626_55836_55914.mp4,skipped_existing,1,1,Pen_2_WEAN_Day_2_17102025,Pen 2 - Group 2,WEAN,2,2,17102025,/,other|1|reciprocal|side,55836.525,55914.202,55836.525,55914.202,G:\MONITORING CROSS SUCKING IN CALVES - KAPPEL - 2025\Pen 2 - Group 2\WEANING\Day 2\ch02_20251017222626.mp4,ch02_20251017222626.mp4,53149.597673,55939.47734,2686.927327,2764.604327,Pen 2 - Group 2/WEANING/Day 2/CS_0347_WEAN_d2_p2_cowslash_17102025_ch02-20251017222626_55836_55914.mp4.zip
291,361,CS_0348_WEAN_d2_p2_cow8_17102025_ch02-20251017231322_56062_56089.mp4,Pen 2 - Group 2\WEANING\Day 2\CS_0348_WEAN_d2_p2_cow8_17102025_ch02-20251017231322_56062_56089.mp4,E:\cross_sucking\Pen 2 - Group 2\WEANING\Day 2\CS_0348_WEAN_d2_p2_cow8_17102025_ch02-20251017231322_56062_56089.mp4,skipped_existing,1,1,Pen_2_WEAN_Day_2_17102025,Pen 2 - Group 2,WEAN,2,2,17102025,8,other|1|reciprocal|side,56062.814,56089.746,56062.814,56089.746,G:\MONITORING CROSS SUCKING IN CALVES - KAPPEL - 2025\Pen 2 - Group 2\WEANING\Day 2\ch02_20251017231322.mp4,ch02_20251017231322.mp4,55939.47734,58732.033007,123.33666,150.26866,Pen 2 - Group 2/WEANING/Day 2/CS_0348_WEAN_d2_p2_cow8_17102025_ch02-20251017231322_56062_56089.mp4.zip
292,362,CS_0349_WEAN_d2_p2_cow8_17102025_ch02-20251017231322_56851_56880.mp4,Pen 2 - Group 2\WEANING\Day 2\CS_0349_WEAN_d2_p2_cow8_17102025_ch02-20251017231322_56851_56880.mp4,E:\cross_sucking\Pen 2 - Group 2\WEANING\Day 2\CS_0349_WEAN_d2_p2_cow8_17102025_ch02-20251017231322_56851_56880.mp4,skipped_existing,1,1,Pen_2_WEAN_Day_2_17102025,Pen 2 - Group 2,WEAN,2,2,17102025,8,milk feeder|O|None|behind,56851.626,56880.066,56851.626,56880.066,G:\MONITORING CROSS SUCKING IN CALVES - KAPPEL - 2025\Pen 2 - Group 2\WEANING\Day 2\ch02_20251017231322.mp4,ch02_20251017231322.mp4,55939.47734,58732.033007,912.14866,940.58866,Pen 2 - Group 2/WEANING/Day 2/CS_0349_WEAN_d2_p2_cow8_17102025_ch02-20251017231322_56851_56880.mp4.zip
293,363,CS_0350_WEAN_d2_p2_cow1_17102025_ch02-20251017231322_57172_57197.mp4,Pen 2 - Group 2\WEANING\Day 2\CS_0350_WEAN_d2_p2_cow1_17102025_ch02-20251017231322_57172_57197.mp4,E:\cross_sucking\Pen 2 - Group 2\WEANING\Day 2\CS_0350_WEAN_d2_p2_cow1_17102025_ch02-20251017231322_57172_57197.mp4,skipped_existing,1,1,Pen_2_WEAN_Day_2_17102025,Pen 2 - Group 2,WEAN,2,2,17102025,1,other|8|None|behind,57172.901,57197.404,57172.901,57197.404,G:\MONITORING CROSS SUCKING IN CALVES - KAPPEL - 2025\Pen 2 - Group 2\WEANING\Day 2\ch02_20251017231322.mp4,ch02_20251017231322.mp4,55939.47734,58732.033007,1233.42366,1257.92666,Pen 2 - Group 2/WEANING/Day 2/CS_0350_WEAN_d2_p2_cow1_17102025_ch02-20251017231322_57172_57197.mp4.zip
294,364,CS_0351_WEAN_d2_p2_cowslash_17102025_ch02-20251018004718_63618_63655.mp4,Pen 2 - Group 2\WEANING\Day 2\CS_0351_WEAN_d2_p2_cowslash_17102025_ch02-20251018004718_63618_63655.mp4,E:\cross_sucking\Pen 2 - Group 2\WEANING\Day 2\CS_0351_WEAN_d2_p2_cowslash_17102025_ch02-20251018004718_63618_63655.mp4,skipped_existing,1,1,Pen_2_WEAN_Day_2_17102025,Pen 2 - Group 2,WEAN,2,2,17102025,/,other|8|None|side,63618.733,63655.203,63618.733,63655.203,G:\MONITORING CROSS SUCKING IN CALVES - KAPPEL - 2025\Pen 2 - Group 2\WEANING\Day 2\ch02_20251018004718.mp4,ch02_20251018004718.mp4,61538.251674,64328.039341,2080.481326,2116.951326,Pen 2 - Group 2/WEANING/Day 2/CS_0351_WEAN_d2_p2_cowslash_17102025_ch02-20251018004718_63618_63655.mp4.zip
295,365,CS_0352_WEAN_d2_p2_cow3_17102025_ch02-20251018004718_64117_64138.mp4,Pen 2 - Group 2\WEANING\Day 2\CS_0352_WEAN_d2_p2_cow3_17102025_ch02-20251018004718_64117_64138.mp4,E:\cross_sucking\Pen 2 - Group 2\WEANING\Day 2\CS_0352_WEAN_d2_p2_cow3_17102025_ch02-20251018004718_64117_64138.mp4,skipped_existing,1,1,Pen_2_WEAN_Day_2_17102025,Pen 2 - Group 2,WEAN,2,2,17102025,3,other|T|reciprocal|side,64117.525,64138.774,64117.525,64138.774,G:\MONITORING CROSS SUCKING IN CALVES - KAPPEL - 2025\Pen 2 - Group 2\WEANING\Day 2\ch02_20251018004718.mp4,ch02_20251018004718.mp4,61538.251674,64328.039341,2579.273326,2600.522326,Pen 2 - Group 2/WEANING/Day 2/CS_0352_WEAN_d2_p2_cow3_17102025_ch02-20251018004718_64117_64138.mp4.zip
296,366,CS_0353_WEAN_d2_p2_cow3_17102025_ch02-20251018004718_64300_64611_part01.mp4,Pen 2 - Group 2\WEANING\Day 2\CS_0353_WEAN_d2_p2_cow3_17102025_ch02-20251018004718_64300_64611_part01.mp4,E:\cross_sucking\Pen 2 - Group 2\WEANING\Day 2\CS_0353_WEAN_d2_p2_cow3_17102025_ch02-20251018004718_64300_64611_part01.mp4,skipped_existing,1,2,Pen_2_WEAN_Day_2_17102025,Pen 2 - Group 2,WEAN,2,2,17102025,3,other|/|None|side,64300.171,64611.967,64300.171,64328.039341,G:\MONITORING CROSS SUCKING IN CALVES - KAPPEL - 2025\Pen 2 - Group 2\WEANING\Day 2\ch02_20251018004718.mp4,ch02_20251018004718.mp4,61538.251674,64328.039341,2761.919326,2789.787667,Pen 2 - Group 2/WEANING/Day 2/CS_0353_WEAN_d2_p2_cow3_17102025_ch02-20251018004718_64300_64611_part01.mp4.zip
297,373,CS_0357_WEAN_d2_p2_cow3_17102025_ch02-20251018013414_64636_64661.mp4,Pen 2 - Group 2\WEANING\Day 2\CS_0357_WEAN_d2_p2_cow3_17102025_ch02-20251018013414_64636_64661.mp4,E:\cross_sucking\Pen 2 - Group 2\WEANING\Day 2\CS_0357_WEAN_d2_p2_cow3_17102025_ch02-20251018013414_64636_64661.mp4,skipped_existing,1,1,Pen_2_WEAN_Day_2_17102025,Pen 2 - Group 2,WEAN,2,2,17102025,3,other|/|None|side,64636.634,64661.816,64636.634,64661.816,G:\MONITORING CROSS SUCKING IN CALVES - KAPPEL - 2025\Pen 2 - Group 2\WEANING\Day 2\ch02_20251018013414.mp4,ch02_20251018013414.mp4,64328.039341,67102.859008,308.594659,333.776659,Pen 2 - Group 2/WEANING/Day 2/CS_0357_WEAN_d2_p2_cow3_17102025_ch02-20251018013414_64636_64661.mp4.zip
298,374,CS_0358_WEAN_d2_p2_cowT_17102025_ch02-20251018013414_64714_64732.mp4,Pen 2 - Group 2\WEANING\Day 2\CS_0358_WEAN_d2_p2_cowT_17102025_ch02-20251018013414_64714_64732.mp4,E:\cross_sucking\Pen 2 - Group 2\WEANING\Day 2\CS_0358_WEAN_d2_p2_cowT_17102025_ch02-20251018013414_64714_64732.mp4,skipped_existing,1,1,Pen_2_WEAN_Day_2_17102025,Pen 2 - Group 2,WEAN,2,2,17102025,T,other|3|None|behind,64714.417,64732.44,64714.417,64732.44,G:\MONITORING CROSS SUCKING IN CALVES - KAPPEL - 2025\Pen 2 - Group 2\WEANING\Day 2\ch02_20251018013414.mp4,ch02_20251018013414.mp4,64328.039341,67102.859008,386.377659,404.400659,Pen 2 - Group 2/WEANING/Day 2/CS_0358_WEAN_d2_p2_cowT_17102025_ch02-20251018013414_64714_64732.mp4.zip
299,375,CS_0359_WEAN_d2_p2_cow1_17102025_ch02-20251018022111_67934_68011.mp4,Pen 2 - Group 2\WEANING\Day 2\CS_0359_WEAN_d2_p2_cow1_17102025_ch02-20251018022111_67934_68011.mp4,E:\cross_sucking\Pen 2 - Group 2\WEANING\Day 2\CS_0359_WEAN_d2_p2_cow1_17102025_ch02-20251018022111_67934_68011.mp4,skipped_existing,1,1,Pen_2_WEAN_Day_2_17102025,Pen 2 - Group 2,WEAN,2,2,17102025,1,other|3|None|side,67934.06,68011.717,67934.06,68011.717,G:\MONITORING CROSS SUCKING IN CALVES - KAPPEL - 2025\Pen 2 - Group 2\WEANING\Day 2\ch02_20251018022111.mp4,ch02_20251018022111.mp4,67102.859008,69878.113675,831.200992,908.857992,Pen 2 - Group 2/WEANING/Day 2/CS_0359_WEAN_d2_p2_cow1_17102025_ch02-20251018022111_67934_68011.mp4.zip
300,377,CS_0361_WEAN_d2_p2_cowO_17102025_ch02-20251018035506_73228_73251.mp4,Pen 2 - Group 2\WEANING\Day 2\CS_0361_WEAN_d2_p2_cowO_17102025_ch02-20251018035506_73228_73251.mp4,E:\cross_sucking\Pen 2 - Group 2\WEANING\Day 2\CS_0361_WEAN_d2_p2_cowO_17102025_ch02-20251018035506_73228_73251.mp4,skipped_existing,1,1,Pen_2_WEAN_Day_2_17102025,Pen 2 - Group 2,WEAN,2,2,17102025,O,milk feeder|A|None|behind,73228.863,73251.608,73228.863,73251.608,G:\MONITORING CROSS SUCKING IN CALVES - KAPPEL - 2025\Pen 2 - Group 2\WEANING\Day 2\ch02_20251018035506.mp4,ch02_20251018035506.mp4,72699.998342,75506.210009,528.864658,551.609658,Pen 2 - Group 2/WEANING/Day 2/CS_0361_WEAN_d2_p2_cowO_17102025_ch02-20251018035506_73228_73251.mp4.zip
301,380,CS_0364_WEAN_d2_p2_cowA_17102025_ch02-20251018035506_73949_74034.mp4,Pen 2 - Group 2\WEANING\Day 2\CS_0364_WEAN_d2_p2_cowA_17102025_ch02-20251018035506_73949_74034.mp4,E:\cross_sucking\Pen 2 - Group 2\WEANING\Day 2\CS_0364_WEAN_d2_p2_cowA_17102025_ch02-20251018035506_73949_74034.mp4,skipped_existing,1,1,Pen_2_WEAN_Day_2_17102025,Pen 2 - Group 2,WEAN,2,2,17102025,A,grain feeder|O|None|behind,73949.957,74034.843,73949.957,74034.843,G:\MONITORING CROSS SUCKING IN CALVES - KAPPEL - 2025\Pen 2 - Group 2\WEANING\Day 2\ch02_20251018035506.mp4,ch02_20251018035506.mp4,72699.998342,75506.210009,1249.958658,1334.844658,Pen 2 - Group 2/WEANING/Day 2/CS_0364_WEAN_d2_p2_cowA_17102025_ch02-20251018035506_73949_74034.mp4.zip
302,381,CS_0365_WEAN_d2_p2_cowA_17102025_ch02-20251018052900_80156_80191.mp4,Pen 2 - Group 2\WEANING\Day 2\CS_0365_WEAN_d2_p2_cowA_17102025_ch02-20251018052900_80156_80191.mp4,E:\cross_sucking\Pen 2 - Group 2\WEANING\Day 2\CS_0365_WEAN_d2_p2_cowA_17102025_ch02-20251018052900_80156_80191.mp4,skipped_existing,1,1,Pen_2_WEAN_Day_2_17102025,Pen 2 - Group 2,WEAN,2,2,17102025,A,other|6|None|behind,80156.147,80191.309,80156.147,80191.309,G:\MONITORING CROSS SUCKING IN CALVES - KAPPEL - 2025\Pen 2 - Group 2\WEANING\Day 2\ch02_20251018052900.mp4,ch02_20251018052900.mp4,78296.644676,81088.140343,1859.502324,1894.664324,Pen 2 - Group 2/WEANING/Day 2/CS_0365_WEAN_d2_p2_cowA_17102025_ch02-20251018052900_80156_80191.mp4.zip
303,382,CS_0366_WEAN_d3_p2_cowA_18102025_ch02-20251018074951_1709_1731.mp4,Pen 2 - Group 2\WEANING\Day 3\CS_0366_WEAN_d3_p2_cowA_18102025_ch02-20251018074951_1709_1731.mp4,E:\cross_sucking\Pen 2 - Group 2\WEANING\Day 3\CS_0366_WEAN_d3_p2_cowA_18102025_ch02-20251018074951_1709_1731.mp4,skipped_existing,1,1,Pen_2_WEAN_Day_3_18102025,Pen 2 - Group 2,WEAN,3,2,18102025,A,milk feeder|1|None|behind,1709.561,1731.891,1709.561,1731.891,G:\MONITORING CROSS SUCKING IN CALVES - KAPPEL - 2025\Pen 2 - Group 2\WEANING\Day 3\ch02_20251018074951.mp4,ch02_20251018074951.mp4,0.0,2808.414667,1709.561,1731.891,Pen 2 - Group 2/WEANING/Day 3/0366.zip
304,383,CS_0367_WEAN_d3_p2_cowslash_18102025_ch02-20251018101045_8408_8597.mp4,Pen 2 - Group 2\WEANING\Day 3\CS_0367_WEAN_d3_p2_cowslash_18102025_ch02-20251018101045_8408_8597.mp4,E:\cross_sucking\Pen 2 - Group 2\WEANING\Day 3\CS_0367_WEAN_d3_p2_cowslash_18102025_ch02-20251018101045_8408_8597.mp4,skipped_existing,1,1,Pen_2_WEAN_Day_3_18102025,Pen 2 - Group 2,WEAN,3,2,18102025,/,other|T|reciprocal|side,8408.849,8597.282,8408.849,8597.282,G:\MONITORING CROSS SUCKING IN CALVES - KAPPEL - 2025\Pen 2 - Group 2\WEANING\Day 3\ch02_20251018101045.mp4,ch02_20251018101045.mp4,8405.892001,11228.575668,2.956999,191.389999,Pen 2 - Group 2/WEANING/Day 3/0367.zip
305,385,CS_0369_WEAN_d3_p2_cowT_18102025_ch02-20251018101045_8461_8637.mp4,Pen 2 - Group 2\WEANING\Day 3\CS_0369_WEAN_d3_p2_cowT_18102025_ch02-20251018101045_8461_8637.mp4,E:\cross_sucking\Pen 2 - Group 2\WEANING\Day 3\CS_0369_WEAN_d3_p2_cowT_18102025_ch02-20251018101045_8461_8637.mp4,skipped_existing,1,1,Pen_2_WEAN_Day_3_18102025,Pen 2 - Group 2,WEAN,3,2,18102025,T,other|/|reciprocal|side,8461.93,8637.662,8461.93,8637.662,G:\MONITORING CROSS SUCKING IN CALVES - KAPPEL - 2025\Pen 2 - Group 2\WEANING\Day 3\ch02_20251018101045.mp4,ch02_20251018101045.mp4,8405.892001,11228.575668,56.037999,231.769999,Pen 2 - Group 2/WEANING/Day 3/0369.zip
306,386,CS_0370_WEAN_d3_p2_cowT_18102025_ch02-20251018101045_8637_8820.mp4,Pen 2 - Group 2\WEANING\Day 3\CS_0370_WEAN_d3_p2_cowT_18102025_ch02-20251018101045_8637_8820.mp4,E:\cross_sucking\Pen 2 - Group 2\WEANING\Day 3\CS_0370_WEAN_d3_p2_cowT_18102025_ch02-20251018101045_8637_8820.mp4,skipped_existing,1,1,Pen_2_WEAN_Day_3_18102025,Pen 2 - Group 2,WEAN,3,2,18102025,T,other|/|None|behind,8637.663,8820.284,8637.663,8820.284,G:\MONITORING CROSS SUCKING IN CALVES - KAPPEL - 2025\Pen 2 - Group 2\WEANING\Day 3\ch02_20251018101045.mp4,ch02_20251018101045.mp4,8405.892001,11228.575668,231.770999,414.391999,Pen 2 - Group 2/WEANING/Day 3/0370.zip
307,388,CS_0372_WEAN_d3_p2_cowT_18102025_ch02-20251018101045_8820_9043.mp4,Pen 2 - Group 2\WEANING\Day 3\CS_0372_WEAN_d3_p2_cowT_18102025_ch02-20251018101045_8820_9043.mp4,E:\cross_sucking\Pen 2 - Group 2\WEANING\Day 3\CS_0372_WEAN_d3_p2_cowT_18102025_ch02-20251018101045_8820_9043.mp4,skipped_existing,1,1,Pen_2_WEAN_Day_3_18102025,Pen 2 - Group 2,WEAN,3,2,18102025,T,other|/|reciprocal|side,8820.285,9043.593,8820.285,9043.593,G:\MONITORING CROSS SUCKING IN CALVES - KAPPEL - 2025\Pen 2 - Group 2\WEANING\Day 3\ch02_20251018101045.mp4,ch02_20251018101045.mp4,8405.892001,11228.575668,414.392999,637.700999,Pen 2 - Group 2/WEANING/Day 3/0372.zip
308,389,CS_0373_WEAN_d3_p2_cowT_18102025_ch02-20251018101045_9309_9358.mp4,Pen 2 - Group 2\WEANING\Day 3\CS_0373_WEAN_d3_p2_cowT_18102025_ch02-20251018101045_9309_9358.mp4,E:\cross_sucking\Pen 2 - Group 2\WEANING\Day 3\CS_0373_WEAN_d3_p2_cowT_18102025_ch02-20251018101045_9309_9358.mp4,skipped_existing,1,1,Pen_2_WEAN_Day_3_18102025,Pen 2 - Group 2,WEAN,3,2,18102025,T,other|8|None|behind,9309.145,9358.422,9309.145,9358.422,G:\MONITORING CROSS SUCKING IN CALVES - KAPPEL - 2025\Pen 2 - Group 2\WEANING\Day 3\ch02_20251018101045.mp4,ch02_20251018101045.mp4,8405.892001,11228.575668,903.252999,952.529999,Pen 2 - Group 2/WEANING/Day 3/0373.zip
309,390,CS_0374_WEAN_d3_p2_cow6_18102025_ch02-20251018101045_9810_9819.mp4,Pen 2 - Group 2\WEANING\Day 3\CS_0374_WEAN_d3_p2_cow6_18102025_ch02-20251018101045_9810_9819.mp4,E:\cross_sucking\Pen 2 - Group 2\WEANING\Day 3\CS_0374_WEAN_d3_p2_cow6_18102025_ch02-20251018101045_9810_9819.mp4,skipped_existing,1,1,Pen_2_WEAN_Day_3_18102025,Pen 2 - Group 2,WEAN,3,2,18102025,6,other|8|None|side,9810.812,9819.912,9810.812,9819.912,G:\MONITORING CROSS SUCKING IN CALVES - KAPPEL - 2025\Pen 2 - Group 2\WEANING\Day 3\ch02_20251018101045.mp4,ch02_20251018101045.mp4,8405.892001,11228.575668,1404.919999,1414.019999,Pen 2 - Group 2/WEANING/Day 3/0374.zip
310,391,CS_0375_WEAN_d3_p2_cow6_18102025_ch02-20251018101045_10534_10669.mp4,Pen 2 - Group 2\WEANING\Day 3\CS_0375_WEAN_d3_p2_cow6_18102025_ch02-20251018101045_10534_10669.mp4,E:\cross_sucking\Pen 2 - Group 2\WEANING\Day 3\CS_0375_WEAN_d3_p2_cow6_18102025_ch02-20251018101045_10534_10669.mp4,skipped_existing,1,1,Pen_2_WEAN_Day_3_18102025,Pen 2 - Group 2,WEAN,3,2,18102025,6,other|A|None|behind,10534.215,10669.162,10534.215,10669.162,G:\MONITORING CROSS SUCKING IN CALVES - KAPPEL - 2025\Pen 2 - Group 2\WEANING\Day 3\ch02_20251018101045.mp4,ch02_20251018101045.mp4,8405.892001,11228.575668,2128.322999,2263.269999,Pen 2 - Group 2/WEANING/Day 3/0375.zip
311,392,CS_0376_WEAN_d3_p2_cowT_18102025_ch02-20251018114441_14369_14410.mp4,Pen 2 - Group 2\WEANING\Day 3\CS_0376_WEAN_d3_p2_cowT_18102025_ch02-20251018114441_14369_14410.mp4,E:\cross_sucking\Pen 2 - Group 2\WEANING\Day 3\CS_0376_WEAN_d3_p2_cowT_18102025_ch02-20251018114441_14369_14410.mp4,skipped_existing,1,1,Pen_2_WEAN_Day_3_18102025,Pen 2 - Group 2,WEAN,3,2,18102025,T,milk feeder|6|None|behind,14369.839,14410.071,14369.839,14410.071,G:\MONITORING CROSS SUCKING IN CALVES - KAPPEL - 2025\Pen 2 - Group 2\WEANING\Day 3\ch02_20251018114441.mp4,ch02_20251018114441.mp4,14019.908335,16827.695002,349.930665,390.162665,Pen 2 - Group 2/WEANING/Day 3/0376.zip
312,393,CS_0377_WEAN_d3_p2_cowO_18102025_ch02-20251018114441_14467_14548.mp4,Pen 2 - Group 2\WEANING\Day 3\CS_0377_WEAN_d3_p2_cowO_18102025_ch02-20251018114441_14467_14548.mp4,E:\cross_sucking\Pen 2 - Group 2\WEANING\Day 3\CS_0377_WEAN_d3_p2_cowO_18102025_ch02-20251018114441_14467_14548.mp4,skipped_existing,1,1,Pen_2_WEAN_Day_3_18102025,Pen 2 - Group 2,WEAN,3,2,18102025,O,milk feeder|6|None|behind,14467.758,14548.283,14467.758,14548.283,G:\MONITORING CROSS SUCKING IN CALVES - KAPPEL - 2025\Pen 2 - Group 2\WEANING\Day 3\ch02_20251018114441.mp4,ch02_20251018114441.mp4,14019.908335,16827.695002,447.849665,528.374665,Pen 2 - Group 2/WEANING/Day 3/0377.zip
313,394,CS_0378_WEAN_d3_p2_cow6_18102025_ch02-20251018114441_16402_16417.mp4,Pen 2 - Group 2\WEANING\Day 3\CS_0378_WEAN_d3_p2_cow6_18102025_ch02-20251018114441_16402_16417.mp4,E:\cross_sucking\Pen 2 - Group 2\WEANING\Day 3\CS_0378_WEAN_d3_p2_cow6_18102025_ch02-20251018114441_16402_16417.mp4,skipped_existing,1,1,Pen_2_WEAN_Day_3_18102025,Pen 2 - Group 2,WEAN,3,2,18102025,6,milk feeder|8|None|behind,16402.24,16417.433,16402.24,16417.433,G:\MONITORING CROSS SUCKING IN CALVES - KAPPEL - 2025\Pen 2 - Group 2\WEANING\Day 3\ch02_20251018114441.mp4,ch02_20251018114441.mp4,14019.908335,16827.695002,2382.331665,2397.524665,Pen 2 - Group 2/WEANING/Day 3/0378.zip
314,395,CS_0379_WEAN_d3_p2_cowT_18102025_ch02-20251018123139_19436_19462.mp4,Pen 2 - Group 2\WEANING\Day 3\CS_0379_WEAN_d3_p2_cowT_18102025_ch02-20251018123139_19436_19462.mp4,E:\cross_sucking\Pen 2 - Group 2\WEANING\Day 3\CS_0379_WEAN_d3_p2_cowT_18102025_ch02-20251018123139_19436_19462.mp4,skipped_existing,1,1,Pen_2_WEAN_Day_3_18102025,Pen 2 - Group 2,WEAN,3,2,18102025,T,other|/|None|behind,19436.581,19462.695,19436.581,19462.695,G:\MONITORING CROSS SUCKING IN CALVES - KAPPEL - 2025\Pen 2 - Group 2\WEANING\Day 3\ch02_20251018123139.mp4,ch02_20251018123139.mp4,16827.695002,19619.034669,2608.885998,2634.999998,Pen 2 - Group 2/WEANING/Day 3/0379.zip
315,396,CS_0380_WEAN_d3_p2_cowT_18102025_ch02-20251018123139_19517_19636_part01.mp4,Pen 2 - Group 2\WEANING\Day 3\CS_0380_WEAN_d3_p2_cowT_18102025_ch02-20251018123139_19517_19636_part01.mp4,E:\cross_sucking\Pen 2 - Group 2\WEANING\Day 3\CS_0380_WEAN_d3_p2_cowT_18102025_ch02-20251018123139_19517_19636_part01.mp4,skipped_existing,1,2,Pen_2_WEAN_Day_3_18102025,Pen 2 - Group 2,WEAN,3,2,18102025,T,other|/|reciprocal|side,19517.278,19636.277,19517.278,19619.034669,G:\MONITORING CROSS SUCKING IN CALVES - KAPPEL - 2025\Pen 2 - Group 2\WEANING\Day 3\ch02_20251018123139.mp4,ch02_20251018123139.mp4,16827.695002,19619.034669,2689.582998,2791.339667,Pen 2 - Group 2/WEANING/Day 3/0380-p1.zip
316,397,CS_0380_WEAN_d3_p2_cowT_18102025_ch02-20251018123139_19517_19636_part02.mp4,Pen 2 - Group 2\WEANING\Day 3\CS_0380_WEAN_d3_p2_cowT_18102025_ch02-20251018123139_19517_19636_part02.mp4,E:\cross_sucking\Pen 2 - Group 2\WEANING\Day 3\CS_0380_WEAN_d3_p2_cowT_18102025_ch02-20251018123139_19517_19636_part02.mp4,skipped_existing,2,2,Pen_2_WEAN_Day_3_18102025,Pen 2 - Group 2,WEAN,3,2,18102025,T,other|/|reciprocal|side,19517.278,19636.277,19619.034669,19636.277,G:\MONITORING CROSS SUCKING IN CALVES - KAPPEL - 2025\Pen 2 - Group 2\WEANING\Day 3\ch02_20251018131837.mp4,ch02_20251018131837.mp4,19619.034669,22426.127336,0.0,17.242331,Pen 2 - Group 2/WEANING/Day 3/0380-p2.zip
317,399,CS_0382_WEAN_d3_p2_cowT_18102025_ch02-20251018131837_19636_19703.mp4,Pen 2 - Group 2\WEANING\Day 3\CS_0382_WEAN_d3_p2_cowT_18102025_ch02-20251018131837_19636_19703.mp4,E:\cross_sucking\Pen 2 - Group 2\WEANING\Day 3\CS_0382_WEAN_d3_p2_cowT_18102025_ch02-20251018131837_19636_19703.mp4,skipped_existing,1,1,Pen_2_WEAN_Day_3_18102025,Pen 2 - Group 2,WEAN,3,2,18102025,T,other|/|None|behind,19636.278,19703.521,19636.278,19703.521,G:\MONITORING CROSS SUCKING IN CALVES - KAPPEL - 2025\Pen 2 - Group 2\WEANING\Day 3\ch02_20251018131837.mp4,ch02_20251018131837.mp4,19619.034669,22426.127336,17.243331,84.486331,Pen 2 - Group 2/WEANING/Day 3/0382.zip
318,400,CS_0383_WEAN_d3_p2_cowT_18102025_ch02-20251018140534_23956_24026.mp4,Pen 2 - Group 2\WEANING\Day 3\CS_0383_WEAN_d3_p2_cowT_18102025_ch02-20251018140534_23956_24026.mp4,E:\cross_sucking\Pen 2 - Group 2\WEANING\Day 3\CS_0383_WEAN_d3_p2_cowT_18102025_ch02-20251018140534_23956_24026.mp4,skipped_existing,1,1,Pen_2_WEAN_Day_3_18102025,Pen 2 - Group 2,WEAN,3,2,18102025,T,grain feeder|8|None|behind,23956.393,24026.21,23956.393,24026.21,G:\MONITORING CROSS SUCKING IN CALVES - KAPPEL - 2025\Pen 2 - Group 2\WEANING\Day 3\ch02_20251018140534.mp4,ch02_20251018140534.mp4,22426.127336,25215.403003,1530.265664,1600.082664,Pen 2 - Group 2/WEANING/Day 3/0383.zip
319,401,CS_0384_WEAN_d3_p2_cowO_18102025_ch02-20251018145230_25655_25842.mp4,Pen 2 - Group 2\WEANING\Day 3\CS_0384_WEAN_d3_p2_cowO_18102025_ch02-20251018145230_25655_25842.mp4,E:\cross_sucking\Pen 2 - Group 2\WEANING\Day 3\CS_0384_WEAN_d3_p2_cowO_18102025_ch02-20251018145230_25655_25842.mp4,skipped_existing,1,1,Pen_2_WEAN_Day_3_18102025,Pen 2 - Group 2,WEAN,3,2,18102025,O,milk feeder|1|None|behind,25655.73,25842.226,25655.73,25842.226,G:\MONITORING CROSS SUCKING IN CALVES - KAPPEL - 2025\Pen 2 - Group 2\WEANING\Day 3\ch02_20251018145230.mp4,ch02_20251018145230.mp4,25215.403003,28022.08167,440.326997,626.822997,Pen 2 - Group 2/WEANING/Day 3/0384.zip
320,402,CS_0385_WEAN_d3_p2_cowO_18102025_ch02-20251018145230_26083_26212.mp4,Pen 2 - Group 2\WEANING\Day 3\CS_0385_WEAN_d3_p2_cowO_18102025_ch02-20251018145230_26083_26212.mp4,E:\cross_sucking\Pen 2 - Group 2\WEANING\Day 3\CS_0385_WEAN_d3_p2_cowO_18102025_ch02-20251018145230_26083_26212.mp4,skipped_existing,1,1,Pen_2_WEAN_Day_3_18102025,Pen 2 - Group 2,WEAN,3,2,18102025,O,other|6|None|lying down,26083.11,26212.968,26083.11,26212.968,G:\MONITORING CROSS SUCKING IN CALVES - KAPPEL - 2025\Pen 2 - Group 2\WEANING\Day 3\ch02_20251018145230.mp4,ch02_20251018145230.mp4,25215.403003,28022.08167,867.706997,997.564997,Pen 2 - Group 2/WEANING/Day 3/0385.zip
321,403,CS_0386_WEAN_d3_p2_cowO_18102025_ch02-20251018171322_34541_34724.mp4,Pen 2 - Group 2\WEANING\Day 3\CS_0386_WEAN_d3_p2_cowO_18102025_ch02-20251018171322_34541_34724.mp4,E:\cross_sucking\Pen 2 - Group 2\WEANING\Day 3\CS_0386_WEAN_d3_p2_cowO_18102025_ch02-20251018171322_34541_34724.mp4,skipped_existing,1,1,Pen_2_WEAN_Day_3_18102025,Pen 2 - Group 2,WEAN,3,2,18102025,O,milk feeder|8|None|behind,34541.261,34724.481,34541.261,34724.481,G:\MONITORING CROSS SUCKING IN CALVES - KAPPEL - 2025\Pen 2 - Group 2\WEANING\Day 3\ch02_20251018171322.mp4,ch02_20251018171322.mp4,33635.168004,36425.378671,906.092996,1089.312996,Pen 2 - Group 2/WEANING/Day 3/0386.zip
322,404,CS_0387_WEAN_d3_p2_cow8_18102025_ch02-20251018171322_34744_34769.mp4,Pen 2 - Group 2\WEANING\Day 3\CS_0387_WEAN_d3_p2_cow8_18102025_ch02-20251018171322_34744_34769.mp4,E:\cross_sucking\Pen 2 - Group 2\WEANING\Day 3\CS_0387_WEAN_d3_p2_cow8_18102025_ch02-20251018171322_34744_34769.mp4,skipped_existing,1,1,Pen_2_WEAN_Day_3_18102025,Pen 2 - Group 2,WEAN,3,2,18102025,8,milk feeder|O|None|behind,34744.267,34769.372,34744.267,34769.372,G:\MONITORING CROSS SUCKING IN CALVES - KAPPEL - 2025\Pen 2 - Group 2\WEANING\Day 3\ch02_20251018171322.mp4,ch02_20251018171322.mp4,33635.168004,36425.378671,1109.098996,1134.203996,Pen 2 - Group 2/WEANING/Day 3/0387.zip
323,405,CS_0388_WEAN_d3_p2_cowT_18102025_ch02-20251018171322_35578_35809.mp4,Pen 2 - Group 2\WEANING\Day 3\CS_0388_WEAN_d3_p2_cowT_18102025_ch02-20251018171322_35578_35809.mp4,E:\cross_sucking\Pen 2 - Group 2\WEANING\Day 3\CS_0388_WEAN_d3_p2_cowT_18102025_ch02-20251018171322_35578_35809.mp4,skipped_existing,1,1,Pen_2_WEAN_Day_3_18102025,Pen 2 - Group 2,WEAN,3,2,18102025,T,grain feeder|8|None|behind,35578.736,35809.91,35578.736,35809.91,G:\MONITORING CROSS SUCKING IN CALVES - KAPPEL - 2025\Pen 2 - Group 2\WEANING\Day 3\ch02_20251018171322.mp4,ch02_20251018171322.mp4,33635.168004,36425.378671,1943.567996,2174.741996,Pen 2 - Group 2/WEANING/Day 3/0388.zip
324,406,CS_0389_WEAN_d3_p2_cowA_18102025_ch02-20251018180018_38003_38024.mp4,Pen 2 - Group 2\WEANING\Day 3\CS_0389_WEAN_d3_p2_cowA_18102025_ch02-20251018180018_38003_38024.mp4,E:\cross_sucking\Pen 2 - Group 2\WEANING\Day 3\CS_0389_WEAN_d3_p2_cowA_18102025_ch02-20251018180018_38003_38024.mp4,skipped_existing,1,1,Pen_2_WEAN_Day_3_18102025,Pen 2 - Group 2,WEAN,3,2,18102025,A,grain feeder|6|None|behind,38003.756,38024.649,38003.756,38024.649,G:\MONITORING CROSS SUCKING IN CALVES - KAPPEL - 2025\Pen 2 - Group 2\WEANING\Day 3\ch02_20251018180018.mp4,ch02_20251018180018.mp4,36425.378671,39247.495338,1578.377329,1599.270329,Pen 2 - Group 2/WEANING/Day 3/0389.zip
325,407,CS_0390_WEAN_d3_p2_cowA_18102025_ch02-20251018180018_38038_38112.mp4,Pen 2 - Group 2\WEANING\Day 3\CS_0390_WEAN_d3_p2_cowA_18102025_ch02-20251018180018_38038_38112.mp4,E:\cross_sucking\Pen 2 - Group 2\WEANING\Day 3\CS_0390_WEAN_d3_p2_cowA_18102025_ch02-20251018180018_38038_38112.mp4,skipped_existing,1,1,Pen_2_WEAN_Day_3_18102025,Pen 2 - Group 2,WEAN,3,2,18102025,A,grain feeder|O|None|behind,38038.64,38112.435,38038.64,38112.435,G:\MONITORING CROSS SUCKING IN CALVES - KAPPEL - 2025\Pen 2 - Group 2\WEANING\Day 3\ch02_20251018180018.mp4,ch02_20251018180018.mp4,36425.378671,39247.495338,1613.261329,1687.056329,Pen 2 - Group 2/WEANING/Day 3/0390.zip
326,408,CS_0391_WEAN_d3_p2_cow6_18102025_ch02-20251018184715_39816_39857.mp4,Pen 2 - Group 2\WEANING\Day 3\CS_0391_WEAN_d3_p2_cow6_18102025_ch02-20251018184715_39816_39857.mp4,E:\cross_sucking\Pen 2 - Group 2\WEANING\Day 3\CS_0391_WEAN_d3_p2_cow6_18102025_ch02-20251018184715_39816_39857.mp4,skipped_existing,1,1,Pen_2_WEAN_Day_3_18102025,Pen 2 - Group 2,WEAN,3,2,18102025,6,other|8|None|side,39816.025,39857.756,39816.025,39857.756,G:\MONITORING CROSS SUCKING IN CALVES - KAPPEL - 2025\Pen 2 - Group 2\WEANING\Day 3\ch02_20251018184715.mp4,ch02_20251018184715.mp4,39247.495338,42021.165005,568.529662,610.260662,Pen 2 - Group 2/WEANING/Day 3/0391.zip
327,409,CS_0392_WEAN_d3_p2_cow8_18102025_ch02-20251018184715_40096_40135.mp4,Pen 2 - Group 2\WEANING\Day 3\CS_0392_WEAN_d3_p2_cow8_18102025_ch02-20251018184715_40096_40135.mp4,E:\cross_sucking\Pen 2 - Group 2\WEANING\Day 3\CS_0392_WEAN_d3_p2_cow8_18102025_ch02-20251018184715_40096_40135.mp4,skipped_existing,1,1,Pen_2_WEAN_Day_3_18102025,Pen 2 - Group 2,WEAN,3,2,18102025,8,other|6|None|side,40096.773,40135.056,40096.773,40135.056,G:\MONITORING CROSS SUCKING IN CALVES - KAPPEL - 2025\Pen 2 - Group 2\WEANING\Day 3\ch02_20251018184715.mp4,ch02_20251018184715.mp4,39247.495338,42021.165005,849.277662,887.560662,Pen 2 - Group 2/WEANING/Day 3/0392.zip
328,410,CS_0393_WEAN_d3_p2_cow3_18102025_ch02-20251018184715_41186_41713.mp4,Pen 2 - Group 2\WEANING\Day 3\CS_0393_WEAN_d3_p2_cow3_18102025_ch02-20251018184715_41186_41713.mp4,E:\cross_sucking\Pen 2 - Group 2\WEANING\Day 3\CS_0393_WEAN_d3_p2_cow3_18102025_ch02-20251018184715_41186_41713.mp4,skipped_existing,1,1,Pen_2_WEAN_Day_3_18102025,Pen 2 - Group 2,WEAN,3,2,18102025,3,other|/|reciprocal|side,41186.469,41713.709,41186.469,41713.709,G:\MONITORING CROSS SUCKING IN CALVES - KAPPEL - 2025\Pen 2 - Group 2\WEANING\Day 3\ch02_20251018184715.mp4,ch02_20251018184715.mp4,39247.495338,42021.165005,1938.973662,2466.213662,Pen 2 - Group 2/WEANING/Day 3/0393.zip
329,412,CS_0395_WEAN_d3_p2_cow6_18102025_ch02-20251018184715_41960_42043_part01.mp4,Pen 2 - Group 2\WEANING\Day 3\CS_0395_WEAN_d3_p2_cow6_18102025_ch02-20251018184715_41960_42043_part01.mp4,E:\cross_sucking\Pen 2 - Group 2\WEANING\Day 3\CS_0395_WEAN_d3_p2_cow6_18102025_ch02-20251018184715_41960_42043_part01.mp4,skipped_existing,1,2,Pen_2_WEAN_Day_3_18102025,Pen 2 - Group 2,WEAN,3,2,18102025,6,other|1|None|behind,41960.124,42043.839,41960.124,42021.165005,G:\MONITORING CROSS SUCKING IN CALVES - KAPPEL - 2025\Pen 2 - Group 2\WEANING\Day 3\ch02_20251018184715.mp4,ch02_20251018184715.mp4,39247.495338,42021.165005,2712.628662,2773.669667,Pen 2 - Group 2/WEANING/Day 3/0395-p1.zip
330,413,CS_0395_WEAN_d3_p2_cow6_18102025_ch02-20251018184715_41960_42043_part02.mp4,Pen 2 - Group 2\WEANING\Day 3\CS_0395_WEAN_d3_p2_cow6_18102025_ch02-20251018184715_41960_42043_part02.mp4,E:\cross_sucking\Pen 2 - Group 2\WEANING\Day 3\CS_0395_WEAN_d3_p2_cow6_18102025_ch02-20251018184715_41960_42043_part02.mp4,skipped_existing,2,2,Pen_2_WEAN_Day_3_18102025,Pen 2 - Group 2,WEAN,3,2,18102025,6,other|1|None|behind,41960.124,42043.839,42021.165005,42043.839,G:\MONITORING CROSS SUCKING IN CALVES - KAPPEL - 2025\Pen 2 - Group 2\WEANING\Day 3\ch02_20251018193412.mp4,ch02_20251018193412.mp4,42021.165005,44795.867672,0.0,22.673995,Pen 2 - Group 2/WEANING/Day 3/0395-p2.zip
331,414,CS_0396_WEAN_d3_p2_cowslash_18102025_ch02-20251018193412_42327_42346.mp4,Pen 2 - Group 2\WEANING\Day 3\CS_0396_WEAN_d3_p2_cowslash_18102025_ch02-20251018193412_42327_42346.mp4,E:\cross_sucking\Pen 2 - Group 2\WEANING\Day 3\CS_0396_WEAN_d3_p2_cowslash_18102025_ch02-20251018193412_42327_42346.mp4,skipped_existing,1,1,Pen_2_WEAN_Day_3_18102025,Pen 2 - Group 2,WEAN,3,2,18102025,/,other|8|None|side,42327.017,42346.019,42327.017,42346.019,G:\MONITORING CROSS SUCKING IN CALVES - KAPPEL - 2025\Pen 2 - Group 2\WEANING\Day 3\ch02_20251018193412.mp4,ch02_20251018193412.mp4,42021.165005,44795.867672,305.851995,324.853995,Pen 2 - Group 2/WEANING/Day 3/0396.zip
332,415,CS_0397_WEAN_d3_p2_cowT_18102025_ch02-20251018193412_42823_42850.mp4,Pen 2 - Group 2\WEANING\Day 3\CS_0397_WEAN_d3_p2_cowT_18102025_ch02-20251018193412_42823_42850.mp4,E:\cross_sucking\Pen 2 - Group 2\WEANING\Day 3\CS_0397_WEAN_d3_p2_cowT_18102025_ch02-20251018193412_42823_42850.mp4,skipped_existing,1,1,Pen_2_WEAN_Day_3_18102025,Pen 2 - Group 2,WEAN,3,2,18102025,T,other|/|None|behind,42823.476,42850.273,42823.476,42850.273,G:\MONITORING CROSS SUCKING IN CALVES - KAPPEL - 2025\Pen 2 - Group 2\WEANING\Day 3\ch02_20251018193412.mp4,ch02_20251018193412.mp4,42021.165005,44795.867672,802.310995,829.107995,Pen 2 - Group 2/WEANING/Day 3/0397.zip
333,416,CS_0398_WEAN_d3_p2_cowT_18102025_ch02-20251018193412_42871_42911.mp4,Pen 2 - Group 2\WEANING\Day 3\CS_0398_WEAN_d3_p2_cowT_18102025_ch02-20251018193412_42871_42911.mp4,E:\cross_sucking\Pen 2 - Group 2\WEANING\Day 3\CS_0398_WEAN_d3_p2_cowT_18102025_ch02-20251018193412_42871_42911.mp4,skipped_existing,1,1,Pen_2_WEAN_Day_3_18102025,Pen 2 - Group 2,WEAN,3,2,18102025,T,other|/|None|side,42871.37,42911.449,42871.37,42911.449,G:\MONITORING CROSS SUCKING IN CALVES - KAPPEL - 2025\Pen 2 - Group 2\WEANING\Day 3\ch02_20251018193412.mp4,ch02_20251018193412.mp4,42021.165005,44795.867672,850.204995,890.283995,Pen 2 - Group 2/WEANING/Day 3/0398.zip
334,417,CS_0399_WEAN_d3_p2_cowT_18102025_ch02-20251018193412_42911_42931.mp4,Pen 2 - Group 2\WEANING\Day 3\CS_0399_WEAN_d3_p2_cowT_18102025_ch02-20251018193412_42911_42931.mp4,E:\cross_sucking\Pen 2 - Group 2\WEANING\Day 3\CS_0399_WEAN_d3_p2_cowT_18102025_ch02-20251018193412_42911_42931.mp4,skipped_existing,1,1,Pen_2_WEAN_Day_3_18102025,Pen 2 - Group 2,WEAN,3,2,18102025,T,other|/|None|behind,42911.45,42931.809,42911.45,42931.809,G:\MONITORING CROSS SUCKING IN CALVES - KAPPEL - 2025\Pen 2 - Group 2\WEANING\Day 3\ch02_20251018193412.mp4,ch02_20251018193412.mp4,42021.165005,44795.867672,890.284995,910.643995,Pen 2 - Group 2/WEANING/Day 3/0399.zip
335,418,CS_0400_WEAN_d3_p2_cowT_18102025_ch02-20251018193412_43125_43178.mp4,Pen 2 - Group 2\WEANING\Day 3\CS_0400_WEAN_d3_p2_cowT_18102025_ch02-20251018193412_43125_43178.mp4,E:\cross_sucking\Pen 2 - Group 2\WEANING\Day 3\CS_0400_WEAN_d3_p2_cowT_18102025_ch02-20251018193412_43125_43178.mp4,skipped_existing,1,1,Pen_2_WEAN_Day_3_18102025,Pen 2 - Group 2,WEAN,3,2,18102025,T,other|/|None|behind,43125.594,43178.753,43125.594,43178.753,G:\MONITORING CROSS SUCKING IN CALVES - KAPPEL - 2025\Pen 2 - Group 2\WEANING\Day 3\ch02_20251018193412.mp4,ch02_20251018193412.mp4,42021.165005,44795.867672,1104.428995,1157.587995,Pen 2 - Group 2/WEANING/Day 3/0400.zip
336,419,CS_0401_WEAN_d3_p2_cowA_18102025_ch02-20251018193412_43483_43537.mp4,Pen 2 - Group 2\WEANING\Day 3\CS_0401_WEAN_d3_p2_cowA_18102025_ch02-20251018193412_43483_43537.mp4,E:\cross_sucking\Pen 2 - Group 2\WEANING\Day 3\CS_0401_WEAN_d3_p2_cowA_18102025_ch02-20251018193412_43483_43537.mp4,skipped_existing,1,1,Pen_2_WEAN_Day_3_18102025,Pen 2 - Group 2,WEAN,3,2,18102025,A,grain feeder|O|None|side,43483.44,43537.522,43483.44,43537.522,G:\MONITORING CROSS SUCKING IN CALVES - KAPPEL - 2025\Pen 2 - Group 2\WEANING\Day 3\ch02_20251018193412.mp4,ch02_20251018193412.mp4,42021.165005,44795.867672,1462.274995,1516.356995,Pen 2 - Group 2/WEANING/Day 3/0401.zip
337,420,CS_0402_WEAN_d3_p2_cowT_18102025_ch02-20251018193412_43513_43576.mp4,Pen 2 - Group 2\WEANING\Day 3\CS_0402_WEAN_d3_p2_cowT_18102025_ch02-20251018193412_43513_43576.mp4,E:\cross_sucking\Pen 2 - Group 2\WEANING\Day 3\CS_0402_WEAN_d3_p2_cowT_18102025_ch02-20251018193412_43513_43576.mp4,skipped_existing,1,1,Pen_2_WEAN_Day_3_18102025,Pen 2 - Group 2,WEAN,3,2,18102025,T,other|/|None|behind,43513.894,43576.628,43513.894,43576.628,G:\MONITORING CROSS SUCKING IN CALVES - KAPPEL - 2025\Pen 2 - Group 2\WEANING\Day 3\ch02_20251018193412.mp4,ch02_20251018193412.mp4,42021.165005,44795.867672,1492.728995,1555.462995,Pen 2 - Group 2/WEANING/Day 3/0402.zip
338,421,CS_0403_WEAN_d3_p2_cowA_18102025_ch02-20251018193412_43541_43733.mp4,Pen 2 - Group 2\WEANING\Day 3\CS_0403_WEAN_d3_p2_cowA_18102025_ch02-20251018193412_43541_43733.mp4,E:\cross_sucking\Pen 2 - Group 2\WEANING\Day 3\CS_0403_WEAN_d3_p2_cowA_18102025_ch02-20251018193412_43541_43733.mp4,skipped_existing,1,1,Pen_2_WEAN_Day_3_18102025,Pen 2 - Group 2,WEAN,3,2,18102025,A,other|O|reciprocal|side,43541.203,43733.286,43541.203,43733.286,G:\MONITORING CROSS SUCKING IN CALVES - KAPPEL - 2025\Pen 2 - Group 2\WEANING\Day 3\ch02_20251018193412.mp4,ch02_20251018193412.mp4,42021.165005,44795.867672,1520.037995,1712.120995,Pen 2 - Group 2/WEANING/Day 3/0403.zip
339,422,CS_0404_WEAN_d3_p2_cowslash_18102025_ch02-20251018202110_45025_45063.mp4,Pen 2 - Group 2\WEANING\Day 3\CS_0404_WEAN_d3_p2_cowslash_18102025_ch02-20251018202110_45025_45063.mp4,E:\cross_sucking\Pen 2 - Group 2\WEANING\Day 3\CS_0404_WEAN_d3_p2_cowslash_18102025_ch02-20251018202110_45025_45063.mp4,skipped_existing,1,1,Pen_2_WEAN_Day_3_18102025,Pen 2 - Group 2,WEAN,3,2,18102025,/,other|1|None|behind,45025.537,45063.868,45025.537,45063.868,G:\MONITORING CROSS SUCKING IN CALVES - KAPPEL - 2025\Pen 2 - Group 2\WEANING\Day 3\ch02_20251018202110.mp4,ch02_20251018202110.mp4,44795.867672,47585.501339,229.669328,268.000328,Pen 2 - Group 2/WEANING/Day 3/0404.zip
340,423,CS_0405_WEAN_d3_p2_cow6_18102025_ch02-20251018202110_45233_45299.mp4,Pen 2 - Group 2\WEANING\Day 3\CS_0405_WEAN_d3_p2_cow6_18102025_ch02-20251018202110_45233_45299.mp4,E:\cross_sucking\Pen 2 - Group 2\WEANING\Day 3\CS_0405_WEAN_d3_p2_cow6_18102025_ch02-20251018202110_45233_45299.mp4,skipped_existing,1,1,Pen_2_WEAN_Day_3_18102025,Pen 2 - Group 2,WEAN,3,2,18102025,6,other|T|None|side,45233.307,45299.427,45233.307,45299.427,G:\MONITORING CROSS SUCKING IN CALVES - KAPPEL - 2025\Pen 2 - Group 2\WEANING\Day 3\ch02_20251018202110.mp4,ch02_20251018202110.mp4,44795.867672,47585.501339,437.439328,503.559328,Pen 2 - Group 2/WEANING/Day 3/0405.zip
341,424,CS_0406_WEAN_d3_p2_cowslash_18102025_ch02-20251018202110_45382_45407.mp4,Pen 2 - Group 2\WEANING\Day 3\CS_0406_WEAN_d3_p2_cowslash_18102025_ch02-20251018202110_45382_45407.mp4,E:\cross_sucking\Pen 2 - Group 2\WEANING\Day 3\CS_0406_WEAN_d3_p2_cowslash_18102025_ch02-20251018202110_45382_45407.mp4,skipped_existing,1,1,Pen_2_WEAN_Day_3_18102025,Pen 2 - Group 2,WEAN,3,2,18102025,/,other|6|None|behind,45382.282,45407.098,45382.282,45407.098,G:\MONITORING CROSS SUCKING IN CALVES - KAPPEL - 2025\Pen 2 - Group 2\WEANING\Day 3\ch02_20251018202110.mp4,ch02_20251018202110.mp4,44795.867672,47585.501339,586.414328,611.230328,Pen 2 - Group 2/WEANING/Day 3/0406.zip
342,425,CS_0407_WEAN_d3_p2_cow1_18102025_ch02-20251018202110_46115_46131.mp4,Pen 2 - Group 2\WEANING\Day 3\CS_0407_WEAN_d3_p2_cow1_18102025_ch02-20251018202110_46115_46131.mp4,E:\cross_sucking\Pen 2 - Group 2\WEANING\Day 3\CS_0407_WEAN_d3_p2_cow1_18102025_ch02-20251018202110_46115_46131.mp4,skipped_existing,1,1,Pen_2_WEAN_Day_3_18102025,Pen 2 - Group 2,WEAN,3,2,18102025,1,other|3|reciprocal|side,46115.697,46131.527,46115.697,46131.527,G:\MONITORING CROSS SUCKING IN CALVES - KAPPEL - 2025\Pen 2 - Group 2\WEANING\Day 3\ch02_20251018202110.mp4,ch02_20251018202110.mp4,44795.867672,47585.501339,1319.829328,1335.659328,Pen 2 - Group 2/WEANING/Day 3/0407.zip
343,426,CS_0408_WEAN_d3_p2_cow1_18102025_ch02-20251018202110_46521_46541.mp4,Pen 2 - Group 2\WEANING\Day 3\CS_0408_WEAN_d3_p2_cow1_18102025_ch02-20251018202110_46521_46541.mp4,E:\cross_sucking\Pen 2 - Group 2\WEANING\Day 3\CS_0408_WEAN_d3_p2_cow1_18102025_ch02-20251018202110_46521_46541.mp4,skipped_existing,1,1,Pen_2_WEAN_Day_3_18102025,Pen 2 - Group 2,WEAN,3,2,18102025,1,other|T|None|side,46521.971,46541.045,46521.971,46541.045,G:\MONITORING CROSS SUCKING IN CALVES - KAPPEL - 2025\Pen 2 - Group 2\WEANING\Day 3\ch02_20251018202110.mp4,ch02_20251018202110.mp4,44795.867672,47585.501339,1726.103328,1745.177328,Pen 2 - Group 2/WEANING/Day 3/0408.zip
344,427,CS_0409_WEAN_d3_p2_cowslash_18102025_ch02-20251019001554_60651_60794.mp4,Pen 2 - Group 2\WEANING\Day 3\CS_0409_WEAN_d3_p2_cowslash_18102025_ch02-20251019001554_60651_60794.mp4,E:\cross_sucking\Pen 2 - Group 2\WEANING\Day 3\CS_0409_WEAN_d3_p2_cowslash_18102025_ch02-20251019001554_60651_60794.mp4,skipped_existing,1,1,Pen_2_WEAN_Day_3_18102025,Pen 2 - Group 2,WEAN,3,2,18102025,/,other|3|reciprocal|side,60651.015,60794.907,60651.015,60794.907,G:\MONITORING CROSS SUCKING IN CALVES - KAPPEL - 2025\Pen 2 - Group 2\WEANING\Day 3\ch02_20251019001554.mp4,ch02_20251019001554.mp4,58714.310007,61505.203674,1936.704993,2080.596993,Pen 2 - Group 2/WEANING/Day 3/0409..zip
345,428,CS_0410_WEAN_d3_p2_cowA_18102025_ch02-20251019010252_61954_62197.mp4,Pen 2 - Group 2\WEANING\Day 3\CS_0410_WEAN_d3_p2_cowA_18102025_ch02-20251019010252_61954_62197.mp4,E:\cross_sucking\Pen 2 - Group 2\WEANING\Day 3\CS_0410_WEAN_d3_p2_cowA_18102025_ch02-20251019010252_61954_62197.mp4,skipped_existing,1,1,Pen_2_WEAN_Day_3_18102025,Pen 2 - Group 2,WEAN,3,2,18102025,A,other|O|reciprocal|side,61954.359,62197.948,61954.359,62197.948,G:\MONITORING CROSS SUCKING IN CALVES - KAPPEL - 2025\Pen 2 - Group 2\WEANING\Day 3\ch02_20251019010252.mp4,ch02_20251019010252.mp4,61505.203674,64311.533341,449.155326,692.744326,Pen 2 - Group 2/WEANING/Day 3/0410.zip
346,430,CS_0412_WEAN_d3_p2_cowA_18102025_ch02-20251019010252_62197_62206.mp4,Pen 2 - Group 2\WEANING\Day 3\CS_0412_WEAN_d3_p2_cowA_18102025_ch02-20251019010252_62197_62206.mp4,E:\cross_sucking\Pen 2 - Group 2\WEANING\Day 3\CS_0412_WEAN_d3_p2_cowA_18102025_ch02-20251019010252_62197_62206.mp4,skipped_existing,1,1,Pen_2_WEAN_Day_3_18102025,Pen 2 - Group 2,WEAN,3,2,18102025,A,grain feeder|O|None|behind,62197.949,62206.803,62197.949,62206.803,G:\MONITORING CROSS SUCKING IN CALVES - KAPPEL - 2025\Pen 2 - Group 2\WEANING\Day 3\ch02_20251019010252.mp4,ch02_20251019010252.mp4,61505.203674,64311.533341,692.745326,701.599326,Pen 2 - Group 2/WEANING/Day 3/0412.zip
347,431,CS_0413_WEAN_d3_p2_cowA_18102025_ch02-20251019010252_62213_62234.mp4,Pen 2 - Group 2\WEANING\Day 3\CS_0413_WEAN_d3_p2_cowA_18102025_ch02-20251019010252_62213_62234.mp4,E:\cross_sucking\Pen 2 - Group 2\WEANING\Day 3\CS_0413_WEAN_d3_p2_cowA_18102025_ch02-20251019010252_62213_62234.mp4,skipped_existing,1,1,Pen_2_WEAN_Day_3_18102025,Pen 2 - Group 2,WEAN,3,2,18102025,A,other|O|reciprocal|side,62213.24,62234.886,62213.24,62234.886,G:\MONITORING CROSS SUCKING IN CALVES - KAPPEL - 2025\Pen 2 - Group 2\WEANING\Day 3\ch02_20251019010252.mp4,ch02_20251019010252.mp4,61505.203674,64311.533341,708.036326,729.682326,Pen 2 - Group 2/WEANING/Day 3/0413.zip
348,432,CS_0414_WEAN_d3_p2_cowA_18102025_ch02-20251019010252_62240_62253.mp4,Pen 2 - Group 2\WEANING\Day 3\CS_0414_WEAN_d3_p2_cowA_18102025_ch02-20251019010252_62240_62253.mp4,E:\cross_sucking\Pen 2 - Group 2\WEANING\Day 3\CS_0414_WEAN_d3_p2_cowA_18102025_ch02-20251019010252_62240_62253.mp4,skipped_existing,1,1,Pen_2_WEAN_Day_3_18102025,Pen 2 - Group 2,WEAN,3,2,18102025,A,other|O|None|side,62240.297,62253.228,62240.297,62253.228,G:\MONITORING CROSS SUCKING IN CALVES - KAPPEL - 2025\Pen 2 - Group 2\WEANING\Day 3\ch02_20251019010252.mp4,ch02_20251019010252.mp4,61505.203674,64311.533341,735.093326,748.024326,Pen 2 - Group 2/WEANING/Day 3/0414.zip
349,433,CS_0415_WEAN_d3_p2_cowT_18102025_ch02-20251019014950_66962_67026.mp4,Pen 2 - Group 2\WEANING\Day 3\CS_0415_WEAN_d3_p2_cowT_18102025_ch02-20251019014950_66962_67026.mp4,E:\cross_sucking\Pen 2 - Group 2\WEANING\Day 3\CS_0415_WEAN_d3_p2_cowT_18102025_ch02-20251019014950_66962_67026.mp4,skipped_existing,1,1,Pen_2_WEAN_Day_3_18102025,Pen 2 - Group 2,WEAN,3,2,18102025,T,grain feeder|O|None|behind,66962.519,67026.405,66962.519,67026.405,G:\MONITORING CROSS SUCKING IN CALVES - KAPPEL - 2025\Pen 2 - Group 2\WEANING\Day 3\ch02_20251019014950.mp4,ch02_20251019014950.mp4,64311.533341,67086.222008,2650.985659,2714.871659,Pen 2 - Group 2/WEANING/Day 3/0415.zip
350,434,CS_0416_WEAN_d3_p2_cow6_18102025_ch02-20251019023647_68818_68863.mp4,Pen 2 - Group 2\WEANING\Day 3\CS_0416_WEAN_d3_p2_cow6_18102025_ch02-20251019023647_68818_68863.mp4,E:\cross_sucking\Pen 2 - Group 2\WEANING\Day 3\CS_0416_WEAN_d3_p2_cow6_18102025_ch02-20251019023647_68818_68863.mp4,skipped_existing,1,1,Pen_2_WEAN_Day_3_18102025,Pen 2 - Group 2,WEAN,3,2,18102025,6,milk feeder|8|None|behind,68818.26,68863.792,68818.26,68863.792,G:\MONITORING CROSS SUCKING IN CALVES - KAPPEL - 2025\Pen 2 - Group 2\WEANING\Day 3\ch02_20251019023647.mp4,ch02_20251019023647.mp4,67086.222008,69860.878675,1732.037992,1777.569992,Pen 2 - Group 2/WEANING/Day 3/0416.zip
351,435,CS_0417_WEAN_d3_p2_cow8_18102025_ch02-20251019023647_69021_69027.mp4,Pen 2 - Group 2\WEANING\Day 3\CS_0417_WEAN_d3_p2_cow8_18102025_ch02-20251019023647_69021_69027.mp4,E:\cross_sucking\Pen 2 - Group 2\WEANING\Day 3\CS_0417_WEAN_d3_p2_cow8_18102025_ch02-20251019023647_69021_69027.mp4,skipped_existing,1,1,Pen_2_WEAN_Day_3_18102025,Pen 2 - Group 2,WEAN,3,2,18102025,8,milk feeder|A|None|behind,69021.807,69027.06,69021.807,69027.06,G:\MONITORING CROSS SUCKING IN CALVES - KAPPEL - 2025\Pen 2 - Group 2\WEANING\Day 3\ch02_20251019023647.mp4,ch02_20251019023647.mp4,67086.222008,69860.878675,1935.584992,1940.837992,Pen 2 - Group 2/WEANING/Day 3/0417.zip
352,437,CS_0419_WEAN_d3_p2_cowslash_18102025_ch02-20251019045738_76510_76520.mp4,Pen 2 - Group 2\WEANING\Day 3\CS_0419_WEAN_d3_p2_cowslash_18102025_ch02-20251019045738_76510_76520.mp4,E:\cross_sucking\Pen 2 - Group 2\WEANING\Day 3\CS_0419_WEAN_d3_p2_cowslash_18102025_ch02-20251019045738_76510_76520.mp4,skipped_existing,1,1,Pen_2_WEAN_Day_3_18102025,Pen 2 - Group 2,WEAN,3,2,18102025,/,other|1|None|side,76510.108,76520.285,76510.108,76520.285,G:\MONITORING CROSS SUCKING IN CALVES - KAPPEL - 2025\Pen 2 - Group 2\WEANING\Day 3\ch02_20251019045738.mp4,ch02_20251019045738.mp4,75457.455009,78248.097676,1052.652991,1062.829991,Pen 2 - Group 2/WEANING/Day 3/0419.zip
353,438,CS_0420_WEAN_d3_p2_cowslash_18102025_ch02-20251019054436_79729_79757.mp4,Pen 2 - Group 2\WEANING\Day 3\CS_0420_WEAN_d3_p2_cowslash_18102025_ch02-20251019054436_79729_79757.mp4,E:\cross_sucking\Pen 2 - Group 2\WEANING\Day 3\CS_0420_WEAN_d3_p2_cowslash_18102025_ch02-20251019054436_79729_79757.mp4,skipped_existing,1,1,Pen_2_WEAN_Day_3_18102025,Pen 2 - Group 2,WEAN,3,2,18102025,/,milk feeder|6|None|behind,79729.753,79757.823,79729.753,79757.823,G:\MONITORING CROSS SUCKING IN CALVES - KAPPEL - 2025\Pen 2 - Group 2\WEANING\Day 3\ch02_20251019054436.mp4,ch02_20251019054436.mp4,78248.097676,81038.319343,1481.655324,1509.725324,Pen 2 - Group 2/WEANING/Day 3/0420.zip
354,439,CS_0421_WEAN_d3_p2_cow3_18102025_ch02-20251019063133_81835_81853.mp4,Pen 2 - Group 2\WEANING\Day 3\CS_0421_WEAN_d3_p2_cow3_18102025_ch02-20251019063133_81835_81853.mp4,E:\cross_sucking\Pen 2 - Group 2\WEANING\Day 3\CS_0421_WEAN_d3_p2_cow3_18102025_ch02-20251019063133_81835_81853.mp4,skipped_existing,1,1,Pen_2_WEAN_Day_3_18102025,Pen 2 - Group 2,WEAN,3,2,18102025,3,milk feeder|8|None|behind,81835.081,81853.823,81835.081,81853.823,G:\MONITORING CROSS SUCKING IN CALVES - KAPPEL - 2025\Pen 2 - Group 2\WEANING\Day 3\ch02_20251019063133.mp4,ch02_20251019063133.mp4,81038.319343,83844.99901,796.761657,815.503657,Pen 2 - Group 2/WEANING/Day 3/0421.zip
355,440,CS_0422_PREWEAN_d1_p3_cow3_28082025_ch04-20250828084247_3250_3256.mp4,Pen 3 - Group 1\PREWEANING\Day 1\CS_0422_PREWEAN_d1_p3_cow3_28082025_ch04-20250828084247_3250_3256.mp4,E:\cross_sucking\Pen 3 - Group 1\PREWEANING\Day 1\CS_0422_PREWEAN_d1_p3_cow3_28082025_ch04-20250828084247_3250_3256.mp4,skipped_existing,1,1,Pen_3_PREWEAN_Day_1_28082025,Pen 3 - Group 1,PREWEAN,1,3,28082025,3,grain feeder|2|None|side,3250.209,3256.096,3250.209,3256.096,G:\MONITORING CROSS SUCKING IN CALVES - KAPPEL - 2025\Pen 3 - Group 1\PREWEANING\Day 1\ch04_20250828084247.mp4,ch04_20250828084247.mp4,2776.779667,5553.531334,473.429333,479.316333,Pen 3 - Group 1/PREWEANING/Day 1/0422.zip
356,441,CS_0423_PREWEAN_d1_p3_cow3_28082025_ch04-20250828084247_4072_4086.mp4,Pen 3 - Group 1\PREWEANING\Day 1\CS_0423_PREWEAN_d1_p3_cow3_28082025_ch04-20250828084247_4072_4086.mp4,E:\cross_sucking\Pen 3 - Group 1\PREWEANING\Day 1\CS_0423_PREWEAN_d1_p3_cow3_28082025_ch04-20250828084247_4072_4086.mp4,skipped_existing,1,1,Pen_3_PREWEAN_Day_1_28082025,Pen 3 - Group 1,PREWEAN,1,3,28082025,3,milk feeder|1|None|side,4072.625,4086.967,4072.625,4086.967,G:\MONITORING CROSS SUCKING IN CALVES - KAPPEL - 2025\Pen 3 - Group 1\PREWEANING\Day 1\ch04_20250828084247.mp4,ch04_20250828084247.mp4,2776.779667,5553.531334,1295.845333,1310.187333,Pen 3 - Group 1/PREWEANING/Day 1/0423.zip
357,442,CS_0424_PREWEAN_d1_p3_cow7_28082025_ch04-20250828084247_4300_4300.mp4,Pen 3 - Group 1\PREWEANING\Day 1\CS_0424_PREWEAN_d1_p3_cow7_28082025_ch04-20250828084247_4300_4300.mp4,E:\cross_sucking\Pen 3 - Group 1\PREWEANING\Day 1\CS_0424_PREWEAN_d1_p3_cow7_28082025_ch04-20250828084247_4300_4300.mp4,skipped_existing,1,1,Pen_3_PREWEAN_Day_1_28082025,Pen 3 - Group 1,PREWEAN,1,3,28082025,7,milk feeder|1|None|behind,4300.041,4300.821,4300.041,4300.821,G:\MONITORING CROSS SUCKING IN CALVES - KAPPEL - 2025\Pen 3 - Group 1\PREWEANING\Day 1\ch04_20250828084247.mp4,ch04_20250828084247.mp4,2776.779667,5553.531334,1523.261333,1524.041333,Pen 3 - Group 1/PREWEANING/Day 1/0424.zip
358,443,CS_0425_PREWEAN_d1_p3_cow7_28082025_ch04-20250828084247_4307_4359.mp4,Pen 3 - Group 1\PREWEANING\Day 1\CS_0425_PREWEAN_d1_p3_cow7_28082025_ch04-20250828084247_4307_4359.mp4,E:\cross_sucking\Pen 3 - Group 1\PREWEANING\Day 1\CS_0425_PREWEAN_d1_p3_cow7_28082025_ch04-20250828084247_4307_4359.mp4,skipped_existing,1,1,Pen_3_PREWEAN_Day_1_28082025,Pen 3 - Group 1,PREWEAN,1,3,28082025,7,milk feeder|1|None|behind,4307.269,4359.682,4307.269,4359.682,G:\MONITORING CROSS SUCKING IN CALVES - KAPPEL - 2025\Pen 3 - Group 1\PREWEANING\Day 1\ch04_20250828084247.mp4,ch04_20250828084247.mp4,2776.779667,5553.531334,1530.489333,1582.902333,Pen 3 - Group 1/PREWEANING/Day 1/0425.zip
359,444,CS_0426_PREWEAN_d1_p3_cow7_28082025_ch04-20250828084247_4361_4615.mp4,Pen 3 - Group 1\PREWEANING\Day 1\CS_0426_PREWEAN_d1_p3_cow7_28082025_ch04-20250828084247_4361_4615.mp4,E:\cross_sucking\Pen 3 - Group 1\PREWEANING\Day 1\CS_0426_PREWEAN_d1_p3_cow7_28082025_ch04-20250828084247_4361_4615.mp4,skipped_existing,1,1,Pen_3_PREWEAN_Day_1_28082025,Pen 3 - Group 1,PREWEAN,1,3,28082025,7,milk feeder|1|None|behind,4361.458,4615.906,4361.458,4615.906,G:\MONITORING CROSS SUCKING IN CALVES - KAPPEL - 2025\Pen 3 - Group 1\PREWEANING\Day 1\ch04_20250828084247.mp4,ch04_20250828084247.mp4,2776.779667,5553.531334,1584.678333,1839.126333,Pen 3 - Group 1/PREWEANING/Day 1/0426.zip
360,445,CS_0427_PREWEAN_d1_p3_cow7_28082025_ch04-20250828084247_4655_4664.mp4,Pen 3 - Group 1\PREWEANING\Day 1\CS_0427_PREWEAN_d1_p3_cow7_28082025_ch04-20250828084247_4655_4664.mp4,E:\cross_sucking\Pen 3 - Group 1\PREWEANING\Day 1\CS_0427_PREWEAN_d1_p3_cow7_28082025_ch04-20250828084247_4655_4664.mp4,skipped_existing,1,1,Pen_3_PREWEAN_Day_1_28082025,Pen 3 - Group 1,PREWEAN,1,3,28082025,7,milk feeder|1|None|behind,4655.279,4664.773,4655.279,4664.773,G:\MONITORING CROSS SUCKING IN CALVES - KAPPEL - 2025\Pen 3 - Group 1\PREWEANING\Day 1\ch04_20250828084247.mp4,ch04_20250828084247.mp4,2776.779667,5553.531334,1878.499333,1887.993333,Pen 3 - Group 1/PREWEANING/Day 1/0427.zip
361,446,CS_0428_PREWEAN_d1_p3_cowO_28082025_ch04-20250828101639_10169_10418.mp4,Pen 3 - Group 1\PREWEANING\Day 1\CS_0428_PREWEAN_d1_p3_cowO_28082025_ch04-20250828101639_10169_10418.mp4,E:\cross_sucking\Pen 3 - Group 1\PREWEANING\Day 1\CS_0428_PREWEAN_d1_p3_cowO_28082025_ch04-20250828101639_10169_10418.mp4,skipped_existing,1,1,Pen_3_PREWEAN_Day_1_28082025,Pen 3 - Group 1,PREWEAN,1,3,28082025,O,milk feeder|6|None|behind,10169.019,10418.543,10169.019,10418.543,G:\MONITORING CROSS SUCKING IN CALVES - KAPPEL - 2025\Pen 3 - Group 1\PREWEANING\Day 1\ch04_20250828101639.mp4,ch04_20250828101639.mp4,8329.765001,11106.561668,1839.253999,2088.777999,Pen 3 - Group 1/PREWEANING/Day 1/0428.zip
362,447,CS_0429_PREWEAN_d1_p3_cow1_28082025_ch04-20250828110335_11741_11764.mp4,Pen 3 - Group 1\PREWEANING\Day 1\CS_0429_PREWEAN_d1_p3_cow1_28082025_ch04-20250828110335_11741_11764.mp4,E:\cross_sucking\Pen 3 - Group 1\PREWEANING\Day 1\CS_0429_PREWEAN_d1_p3_cow1_28082025_ch04-20250828110335_11741_11764.mp4,skipped_existing,1,1,Pen_3_PREWEAN_Day_1_28082025,Pen 3 - Group 1,PREWEAN,1,3,28082025,1,hay|6|None|lying down,11741.206,11764.73,11741.206,11764.73,G:\MONITORING CROSS SUCKING IN CALVES - KAPPEL - 2025\Pen 3 - Group 1\PREWEANING\Day 1\ch04_20250828110335.mp4,ch04_20250828110335.mp4,11106.561668,13883.296335,634.644332,658.168332,Pen 3 - Group 1/PREWEANING/Day 1/0429.zip
363,448,CS_0430_PREWEAN_d1_p3_cow1_28082025_ch04-20250828123726_16807_16844.mp4,Pen 3 - Group 1\PREWEANING\Day 1\CS_0430_PREWEAN_d1_p3_cow1_28082025_ch04-20250828123726_16807_16844.mp4,E:\cross_sucking\Pen 3 - Group 1\PREWEANING\Day 1\CS_0430_PREWEAN_d1_p3_cow1_28082025_ch04-20250828123726_16807_16844.mp4,skipped_existing,1,1,Pen_3_PREWEAN_Day_1_28082025,Pen 3 - Group 1,PREWEAN,1,3,28082025,1,other|2|None|side,16807.314,16844.463,16807.314,16844.463,G:\MONITORING CROSS SUCKING IN CALVES - KAPPEL - 2025\Pen 3 - Group 1\PREWEANING\Day 1\ch04_20250828123726.mp4,ch04_20250828123726.mp4,16658.669002,19435.416669,148.644998,185.793998,Pen 3 - Group 1/PREWEANING/Day 1/0430.zip
364,449,CS_0431_PREWEAN_d1_p3_cow2_28082025_ch04-20250828123726_16855_16869.mp4,Pen 3 - Group 1\PREWEANING\Day 1\CS_0431_PREWEAN_d1_p3_cow2_28082025_ch04-20250828123726_16855_16869.mp4,E:\cross_sucking\Pen 3 - Group 1\PREWEANING\Day 1\CS_0431_PREWEAN_d1_p3_cow2_28082025_ch04-20250828123726_16855_16869.mp4,skipped_existing,1,1,Pen_3_PREWEAN_Day_1_28082025,Pen 3 - Group 1,PREWEAN,1,3,28082025,2,other|1|None|side,16855.05,16869.541,16855.05,16869.541,G:\MONITORING CROSS SUCKING IN CALVES - KAPPEL - 2025\Pen 3 - Group 1\PREWEANING\Day 1\ch04_20250828123726.mp4,ch04_20250828123726.mp4,16658.669002,19435.416669,196.380998,210.871998,Pen 3 - Group 1/PREWEANING/Day 1/0431.zip
365,450,CS_0432_PREWEAN_d1_p3_cow7_28082025_ch04-20250828123726_17921_17933.mp4,Pen 3 - Group 1\PREWEANING\Day 1\CS_0432_PREWEAN_d1_p3_cow7_28082025_ch04-20250828123726_17921_17933.mp4,E:\cross_sucking\Pen 3 - Group 1\PREWEANING\Day 1\CS_0432_PREWEAN_d1_p3_cow7_28082025_ch04-20250828123726_17921_17933.mp4,skipped_existing,1,1,Pen_3_PREWEAN_Day_1_28082025,Pen 3 - Group 1,PREWEAN,1,3,28082025,7,other|1|None|behind,17921.815,17933.585,17921.815,17933.585,G:\MONITORING CROSS SUCKING IN CALVES - KAPPEL - 2025\Pen 3 - Group 1\PREWEANING\Day 1\ch04_20250828123726.mp4,ch04_20250828123726.mp4,16658.669002,19435.416669,1263.145998,1274.915998,Pen 3 - Group 1/PREWEANING/Day 1/0432.zip
366,451,CS_0433_PREWEAN_d1_p3_cow7_28082025_ch04-20250828123726_17943_17985.mp4,Pen 3 - Group 1\PREWEANING\Day 1\CS_0433_PREWEAN_d1_p3_cow7_28082025_ch04-20250828123726_17943_17985.mp4,E:\cross_sucking\Pen 3 - Group 1\PREWEANING\Day 1\CS_0433_PREWEAN_d1_p3_cow7_28082025_ch04-20250828123726_17943_17985.mp4,skipped_existing,1,1,Pen_3_PREWEAN_Day_1_28082025,Pen 3 - Group 1,PREWEAN,1,3,28082025,7,other|1|None|behind,17943.834,17985.604,17943.834,17985.604,G:\MONITORING CROSS SUCKING IN CALVES - KAPPEL - 2025\Pen 3 - Group 1\PREWEANING\Day 1\ch04_20250828123726.mp4,ch04_20250828123726.mp4,16658.669002,19435.416669,1285.164998,1326.934998,Pen 3 - Group 1/PREWEANING/Day 1/0433.zip
367,452,CS_0434_PREWEAN_d1_p3_cow7_28082025_ch04-20250828123726_17996_18005.mp4,Pen 3 - Group 1\PREWEANING\Day 1\CS_0434_PREWEAN_d1_p3_cow7_28082025_ch04-20250828123726_17996_18005.mp4,E:\cross_sucking\Pen 3 - Group 1\PREWEANING\Day 1\CS_0434_PREWEAN_d1_p3_cow7_28082025_ch04-20250828123726_17996_18005.mp4,skipped_existing,1,1,Pen_3_PREWEAN_Day_1_28082025,Pen 3 - Group 1,PREWEAN,1,3,28082025,7,other|1|None|behind,17996.751,18005.948,17996.751,18005.948,G:\MONITORING CROSS SUCKING IN CALVES - KAPPEL - 2025\Pen 3 - Group 1\PREWEANING\Day 1\ch04_20250828123726.mp4,ch04_20250828123726.mp4,16658.669002,19435.416669,1338.081998,1347.278998,Pen 3 - Group 1/PREWEANING/Day 1/0434.zip
368,453,CS_0435_PREWEAN_d1_p3_cow7_28082025_ch04-20250828123726_18080_18086.mp4,Pen 3 - Group 1\PREWEANING\Day 1\CS_0435_PREWEAN_d1_p3_cow7_28082025_ch04-20250828123726_18080_18086.mp4,E:\cross_sucking\Pen 3 - Group 1\PREWEANING\Day 1\CS_0435_PREWEAN_d1_p3_cow7_28082025_ch04-20250828123726_18080_18086.mp4,skipped_existing,1,1,Pen_3_PREWEAN_Day_1_28082025,Pen 3 - Group 1,PREWEAN,1,3,28082025,7,other|1|None|behind,18080.871,18086.752,18080.871,18086.752,G:\MONITORING CROSS SUCKING IN CALVES - KAPPEL - 2025\Pen 3 - Group 1\PREWEANING\Day 1\ch04_20250828123726.mp4,ch04_20250828123726.mp4,16658.669002,19435.416669,1422.201998,1428.082998,Pen 3 - Group 1/PREWEANING/Day 1/0435.zip
369,454,CS_0436_PREWEAN_d1_p3_cow1_28082025_ch04-20250828145812_25747_25866.mp4,Pen 3 - Group 1\PREWEANING\Day 1\CS_0436_PREWEAN_d1_p3_cow1_28082025_ch04-20250828145812_25747_25866.mp4,E:\cross_sucking\Pen 3 - Group 1\PREWEANING\Day 1\CS_0436_PREWEAN_d1_p3_cow1_28082025_ch04-20250828145812_25747_25866.mp4,skipped_existing,1,1,Pen_3_PREWEAN_Day_1_28082025,Pen 3 - Group 1,PREWEAN,1,3,28082025,1,other|3|None|lying down,25747.065,25866.592,25747.065,25866.592,G:\MONITORING CROSS SUCKING IN CALVES - KAPPEL - 2025\Pen 3 - Group 1\PREWEANING\Day 1\ch04_20250828145812.mp4,ch04_20250828145812.mp4,24988.052003,27764.87767,759.012997,878.539997,Pen 3 - Group 1/PREWEANING/Day 1/0436.zip
370,455,CS_0437_PREWEAN_d1_p3_cow3_28082025_ch04-20250828154508_29543_29570.mp4,Pen 3 - Group 1\PREWEANING\Day 1\CS_0437_PREWEAN_d1_p3_cow3_28082025_ch04-20250828154508_29543_29570.mp4,E:\cross_sucking\Pen 3 - Group 1\PREWEANING\Day 1\CS_0437_PREWEAN_d1_p3_cow3_28082025_ch04-20250828154508_29543_29570.mp4,skipped_existing,1,1,Pen_3_PREWEAN_Day_1_28082025,Pen 3 - Group 1,PREWEAN,1,3,28082025,3,other|2|None|side,29543.727,29570.38,29543.727,29570.38,G:\MONITORING CROSS SUCKING IN CALVES - KAPPEL - 2025\Pen 3 - Group 1\PREWEANING\Day 1\ch04_20250828154508.mp4,ch04_20250828154508.mp4,27764.87767,30541.525337,1778.84933,1805.50233,Pen 3 - Group 1/PREWEANING/Day 1/0437.zip
371,456,CS_0438_PREWEAN_d1_p3_cow3_28082025_ch04-20250828154508_29620_29630.mp4,Pen 3 - Group 1\PREWEANING\Day 1\CS_0438_PREWEAN_d1_p3_cow3_28082025_ch04-20250828154508_29620_29630.mp4,E:\cross_sucking\Pen 3 - Group 1\PREWEANING\Day 1\CS_0438_PREWEAN_d1_p3_cow3_28082025_ch04-20250828154508_29620_29630.mp4,skipped_existing,1,1,Pen_3_PREWEAN_Day_1_28082025,Pen 3 - Group 1,PREWEAN,1,3,28082025,3,other|2|None|side,29620.971,29630.1,29620.971,29630.1,G:\MONITORING CROSS SUCKING IN CALVES - KAPPEL - 2025\Pen 3 - Group 1\PREWEANING\Day 1\ch04_20250828154508.mp4,ch04_20250828154508.mp4,27764.87767,30541.525337,1856.09333,1865.22233,Pen 3 - Group 1/PREWEANING/Day 1/0438.zip
372,457,CS_0439_PREWEAN_d1_p3_cow1_28082025_ch04-20250828171859_33917_33922.mp4,Pen 3 - Group 1\PREWEANING\Day 1\CS_0439_PREWEAN_d1_p3_cow1_28082025_ch04-20250828171859_33917_33922.mp4,E:\cross_sucking\Pen 3 - Group 1\PREWEANING\Day 1\CS_0439_PREWEAN_d1_p3_cow1_28082025_ch04-20250828171859_33917_33922.mp4,skipped_existing,1,1,Pen_3_PREWEAN_Day_1_28082025,Pen 3 - Group 1,PREWEAN,1,3,28082025,1,other|3|None|side,33917.545,33922.708,33917.545,33922.708,G:\MONITORING CROSS SUCKING IN CALVES - KAPPEL - 2025\Pen 3 - Group 1\PREWEANING\Day 1\ch04_20250828171859.mp4,ch04_20250828171859.mp4,33317.352004,36092.119671,600.192996,605.355996,Pen 3 - Group 1/PREWEANING/Day 1/0439.zip
373,458,CS_0440_PREWEAN_d1_p3_cow3_28082025_ch04-20250828180553_37786_37792.mp4,Pen 3 - Group 1\PREWEANING\Day 1\CS_0440_PREWEAN_d1_p3_cow3_28082025_ch04-20250828180553_37786_37792.mp4,E:\cross_sucking\Pen 3 - Group 1\PREWEANING\Day 1\CS_0440_PREWEAN_d1_p3_cow3_28082025_ch04-20250828180553_37786_37792.mp4,skipped_existing,1,1,Pen_3_PREWEAN_Day_1_28082025,Pen 3 - Group 1,PREWEAN,1,3,28082025,3,other|2|None|side,37786.252,37792.932,37786.252,37792.932,G:\MONITORING CROSS SUCKING IN CALVES - KAPPEL - 2025\Pen 3 - Group 1\PREWEANING\Day 1\ch04_20250828180553.mp4,ch04_20250828180553.mp4,36092.119671,38868.791338,1694.132329,1700.812329,Pen 3 - Group 1/PREWEANING/Day 1/0440.zip
374,459,CS_0441_PREWEAN_d1_p3_cow3_28082025_ch04-20250828180553_37860_37926.mp4,Pen 3 - Group 1\PREWEANING\Day 1\CS_0441_PREWEAN_d1_p3_cow3_28082025_ch04-20250828180553_37860_37926.mp4,E:\cross_sucking\Pen 3 - Group 1\PREWEANING\Day 1\CS_0441_PREWEAN_d1_p3_cow3_28082025_ch04-20250828180553_37860_37926.mp4,skipped_existing,1,1,Pen_3_PREWEAN_Day_1_28082025,Pen 3 - Group 1,PREWEAN,1,3,28082025,3,other|2|None|side,37860.339,37926.123,37860.339,37926.123,G:\MONITORING CROSS SUCKING IN CALVES - KAPPEL - 2025\Pen 3 - Group 1\PREWEANING\Day 1\ch04_20250828180553.mp4,ch04_20250828180553.mp4,36092.119671,38868.791338,1768.219329,1834.003329,Pen 3 - Group 1/PREWEANING/Day 1/0441.zip
375,460,CS_0442_PREWEAN_d1_p3_cow3_28082025_ch04-20250828180553_37929_38028.mp4,Pen 3 - Group 1\PREWEANING\Day 1\CS_0442_PREWEAN_d1_p3_cow3_28082025_ch04-20250828180553_37929_38028.mp4,E:\cross_sucking\Pen 3 - Group 1\PREWEANING\Day 1\CS_0442_PREWEAN_d1_p3_cow3_28082025_ch04-20250828180553_37929_38028.mp4,skipped_existing,1,1,Pen_3_PREWEAN_Day_1_28082025,Pen 3 - Group 1,PREWEAN,1,3,28082025,3,other|2|None|side,37929.937,38028.21,37929.937,38028.21,G:\MONITORING CROSS SUCKING IN CALVES - KAPPEL - 2025\Pen 3 - Group 1\PREWEANING\Day 1\ch04_20250828180553.mp4,ch04_20250828180553.mp4,36092.119671,38868.791338,1837.817329,1936.090329,Pen 3 - Group 1/PREWEANING/Day 1/0442.zip
376,461,CS_0443_PREWEAN_d1_p3_cow1_28082025_ch04-20250828220031_50227_50256.mp4,Pen 3 - Group 1\PREWEANING\Day 1\CS_0443_PREWEAN_d1_p3_cow1_28082025_ch04-20250828220031_50227_50256.mp4,E:\cross_sucking\Pen 3 - Group 1\PREWEANING\Day 1\CS_0443_PREWEAN_d1_p3_cow1_28082025_ch04-20250828220031_50227_50256.mp4,skipped_existing,1,1,Pen_3_PREWEAN_Day_1_28082025,Pen 3 - Group 1,PREWEAN,1,3,28082025,1,hay|A|None|side,50227.229,50256.724,50227.229,50256.724,G:\MONITORING CROSS SUCKING IN CALVES - KAPPEL - 2025\Pen 3 - Group 1\PREWEANING\Day 1\ch04_20250828220031.mp4,ch04_20250828220031.mp4,49974.906006,52751.958673,252.322994,281.817994,Pen 3 - Group 1/PREWEANING/Day 1/0443.zip
377,462,CS_0444_PREWEAN_d1_p3_cow1_28082025_ch04-20250828220031_50275_50298.mp4,Pen 3 - Group 1\PREWEANING\Day 1\CS_0444_PREWEAN_d1_p3_cow1_28082025_ch04-20250828220031_50275_50298.mp4,E:\cross_sucking\Pen 3 - Group 1\PREWEANING\Day 1\CS_0444_PREWEAN_d1_p3_cow1_28082025_ch04-20250828220031_50275_50298.mp4,skipped_existing,1,1,Pen_3_PREWEAN_Day_1_28082025,Pen 3 - Group 1,PREWEAN,1,3,28082025,1,hay|A|None|side,50275.523,50298.986,50275.523,50298.986,G:\MONITORING CROSS SUCKING IN CALVES - KAPPEL - 2025\Pen 3 - Group 1\PREWEANING\Day 1\ch04_20250828220031.mp4,ch04_20250828220031.mp4,49974.906006,52751.958673,300.616994,324.079994,Pen 3 - Group 1/PREWEANING/Day 1/0444.zip
378,463,CS_0445_PREWEAN_d1_p3_cow1_28082025_ch04-20250828233422_57778_57788.mp4,Pen 3 - Group 1\PREWEANING\Day 1\CS_0445_PREWEAN_d1_p3_cow1_28082025_ch04-20250828233422_57778_57788.mp4,E:\cross_sucking\Pen 3 - Group 1\PREWEANING\Day 1\CS_0445_PREWEAN_d1_p3_cow1_28082025_ch04-20250828233422_57778_57788.mp4,skipped_existing,1,1,Pen_3_PREWEAN_Day_1_28082025,Pen 3 - Group 1,PREWEAN,1,3,28082025,1,other|2|None|side,57778.326,57788.453,57778.326,57788.453,G:\MONITORING CROSS SUCKING IN CALVES - KAPPEL - 2025\Pen 3 - Group 1\PREWEANING\Day 1\ch04_20250828233422.mp4,ch04_20250828233422.mp4,55528.49334,58304.484007,2249.83266,2259.95966,Pen 3 - Group 1/PREWEANING/Day 1/0445.zip
379,464,CS_0446_PREWEAN_d1_p3_cowO_28082025_ch04-20250829050250_77385_77394.mp4,Pen 3 - Group 1\PREWEANING\Day 1\CS_0446_PREWEAN_d1_p3_cowO_28082025_ch04-20250829050250_77385_77394.mp4,E:\cross_sucking\Pen 3 - Group 1\PREWEANING\Day 1\CS_0446_PREWEAN_d1_p3_cowO_28082025_ch04-20250829050250_77385_77394.mp4,skipped_existing,1,1,Pen_3_PREWEAN_Day_1_28082025,Pen 3 - Group 1,PREWEAN,1,3,28082025,O,other|2|None|side,77385.95,77394.148,77385.95,77394.148,G:\MONITORING CROSS SUCKING IN CALVES - KAPPEL - 2025\Pen 3 - Group 1\PREWEANING\Day 1\ch04_20250829050250.mp4,ch04_20250829050250.mp4,74964.018009,77740.265676,2421.931991,2430.129991,Pen 3 - Group 1/PREWEANING/Day 1/0446.zip
380,465,CS_0447_PREWEAN_d1_p3_cow1_28082025_ch04-20250829054946_78387_78435.mp4,Pen 3 - Group 1\PREWEANING\Day 1\CS_0447_PREWEAN_d1_p3_cow1_28082025_ch04-20250829054946_78387_78435.mp4,E:\cross_sucking\Pen 3 - Group 1\PREWEANING\Day 1\CS_0447_PREWEAN_d1_p3_cow1_28082025_ch04-20250829054946_78387_78435.mp4,skipped_existing,1,1,Pen_3_PREWEAN_Day_1_28082025,Pen 3 - Group 1,PREWEAN,1,3,28082025,1,grain feeder|2|None|side,78387.983,78435.137,78387.983,78435.137,G:\MONITORING CROSS SUCKING IN CALVES - KAPPEL - 2025\Pen 3 - Group 1\PREWEANING\Day 1\ch04_20250829054946.mp4,ch04_20250829054946.mp4,77740.265676,80516.248343,647.717324,694.871324,Pen 3 - Group 1/PREWEANING/Day 1/0447.zip
381,466,CS_0448_PREWEAN_d2_p3_cow3_29082025_ch04-20250829081030_3955_3978.mp4,Pen 3 - Group 1\PREWEANING\Day 2\CS_0448_PREWEAN_d2_p3_cow3_29082025_ch04-20250829081030_3955_3978.mp4,E:\cross_sucking\Pen 3 - Group 1\PREWEANING\Day 2\CS_0448_PREWEAN_d2_p3_cow3_29082025_ch04-20250829081030_3955_3978.mp4,skipped_existing,1,1,Pen_3_PREWEAN_Day_2_29082025,Pen 3 - Group 1,PREWEAN,2,3,29082025,3,hay|O|None|side,3955.845,3978.087,3955.845,3978.087,G:\MONITORING CROSS SUCKING IN CALVES - KAPPEL - 2025\Pen 3 - Group 1\PREWEANING\Day 2\ch04_20250829081030.mp4,ch04_20250829081030.mp4,2775.756667,5552.763334,1180.088333,1202.330333,Pen 3 - Group 1/PREWEANING/Day 2/0448.zip
382,467,CS_0449_PREWEAN_d2_p3_cow3_29082025_ch04-20250829120509_18742_18743.mp4,Pen 3 - Group 1\PREWEANING\Day 2\CS_0449_PREWEAN_d2_p3_cow3_29082025_ch04-20250829120509_18742_18743.mp4,E:\cross_sucking\Pen 3 - Group 1\PREWEANING\Day 2\CS_0449_PREWEAN_d2_p3_cow3_29082025_ch04-20250829120509_18742_18743.mp4,skipped_existing,1,1,Pen_3_PREWEAN_Day_2_29082025,Pen 3 - Group 1,PREWEAN,2,3,29082025,3,other|O|None|behind,18742.076,18743.527,18742.076,18743.527,G:\MONITORING CROSS SUCKING IN CALVES - KAPPEL - 2025\Pen 3 - Group 1\PREWEANING\Day 2\ch04_20250829120509.mp4,ch04_20250829120509.mp4,16659.248002,19434.832669,2082.827998,2084.278998,Pen 3 - Group 1/PREWEANING/Day 2/0449.zip
383,468,CS_0450_PREWEAN_d2_p3_cow3_29082025_ch04-20250829120509_18760_18802.mp4,Pen 3 - Group 1\PREWEANING\Day 2\CS_0450_PREWEAN_d2_p3_cow3_29082025_ch04-20250829120509_18760_18802.mp4,E:\cross_sucking\Pen 3 - Group 1\PREWEANING\Day 2\CS_0450_PREWEAN_d2_p3_cow3_29082025_ch04-20250829120509_18760_18802.mp4,skipped_existing,1,1,Pen_3_PREWEAN_Day_2_29082025,Pen 3 - Group 1,PREWEAN,2,3,29082025,3,other|7|None|side,18760.259,18802.412,18760.259,18802.412,G:\MONITORING CROSS SUCKING IN CALVES - KAPPEL - 2025\Pen 3 - Group 1\PREWEANING\Day 2\ch04_20250829120509.mp4,ch04_20250829120509.mp4,16659.248002,19434.832669,2101.010998,2143.163998,Pen 3 - Group 1/PREWEANING/Day 2/0450.zip
384,469,CS_0451_PREWEAN_d2_p3_cow3_29082025_ch04-20250829120509_18809_18822.mp4,Pen 3 - Group 1\PREWEANING\Day 2\CS_0451_PREWEAN_d2_p3_cow3_29082025_ch04-20250829120509_18809_18822.mp4,E:\cross_sucking\Pen 3 - Group 1\PREWEANING\Day 2\CS_0451_PREWEAN_d2_p3_cow3_29082025_ch04-20250829120509_18809_18822.mp4,skipped_existing,1,1,Pen_3_PREWEAN_Day_2_29082025,Pen 3 - Group 1,PREWEAN,2,3,29082025,3,other|7|None|behind,18809.436,18822.838,18809.436,18822.838,G:\MONITORING CROSS SUCKING IN CALVES - KAPPEL - 2025\Pen 3 - Group 1\PREWEANING\Day 2\ch04_20250829120509.mp4,ch04_20250829120509.mp4,16659.248002,19434.832669,2150.187998,2163.589998,Pen 3 - Group 1/PREWEANING/Day 2/0451.zip
385,470,CS_0452_PREWEAN_d2_p3_cow2_29082025_ch04-20250829125204_22120_22249_part01.mp4,Pen 3 - Group 1\PREWEANING\Day 2\CS_0452_PREWEAN_d2_p3_cow2_29082025_ch04-20250829125204_22120_22249_part01.mp4,E:\cross_sucking\Pen 3 - Group 1\PREWEANING\Day 2\CS_0452_PREWEAN_d2_p3_cow2_29082025_ch04-20250829125204_22120_22249_part01.mp4,skipped_existing,1,2,Pen_3_PREWEAN_Day_2_29082025,Pen 3 - Group 1,PREWEAN,2,3,29082025,2,other|T|None|lying down,22120.897,22249.92,22120.897,22211.206336,G:\MONITORING CROSS SUCKING IN CALVES - KAPPEL - 2025\Pen 3 - Group 1\PREWEANING\Day 2\ch04_20250829125204.mp4,ch04_20250829125204.mp4,19434.832669,22211.206336,2686.064331,2776.373667,Pen 3 - Group 1/PREWEANING/Day 2/0452_part01.zip
386,471,CS_0452_PREWEAN_d2_p3_cow2_29082025_ch04-20250829125204_22120_22249_part02.mp4,Pen 3 - Group 1\PREWEANING\Day 2\CS_0452_PREWEAN_d2_p3_cow2_29082025_ch04-20250829125204_22120_22249_part02.mp4,E:\cross_sucking\Pen 3 - Group 1\PREWEANING\Day 2\CS_0452_PREWEAN_d2_p3_cow2_29082025_ch04-20250829125204_22120_22249_part02.mp4,skipped_existing,2,2,Pen_3_PREWEAN_Day_2_29082025,Pen 3 - Group 1,PREWEAN,2,3,29082025,2,other|T|None|lying down,22120.897,22249.92,22211.206336,22249.92,G:\MONITORING CROSS SUCKING IN CALVES - KAPPEL - 2025\Pen 3 - Group 1\PREWEANING\Day 2\ch04_20250829133859.mp4,ch04_20250829133859.mp4,22211.206336,24988.581003,0.0,38.713664,Pen 3 - Group 1/PREWEANING/Day 2/0452_part02.zip
387,472,CS_0453_PREWEAN_d2_p3_cow2_29082025_ch04-20250829133859_22258_22277.mp4,Pen 3 - Group 1\PREWEANING\Day 2\CS_0453_PREWEAN_d2_p3_cow2_29082025_ch04-20250829133859_22258_22277.mp4,E:\cross_sucking\Pen 3 - Group 1\PREWEANING\Day 2\CS_0453_PREWEAN_d2_p3_cow2_29082025_ch04-20250829133859_22258_22277.mp4,skipped_existing,1,1,Pen_3_PREWEAN_Day_2_29082025,Pen 3 - Group 1,PREWEAN,2,3,29082025,2,other|T|None|lying down,22258.961,22277.399,22258.961,22277.399,G:\MONITORING CROSS SUCKING IN CALVES - KAPPEL - 2025\Pen 3 - Group 1\PREWEANING\Day 2\ch04_20250829133859.mp4,ch04_20250829133859.mp4,22211.206336,24988.581003,47.754664,66.192664,Pen 3 - Group 1/PREWEANING/Day 2/0453.zip
388,473,CS_0454_PREWEAN_d2_p3_cow2_29082025_ch04-20250829133859_22287_22344.mp4,Pen 3 - Group 1\PREWEANING\Day 2\CS_0454_PREWEAN_d2_p3_cow2_29082025_ch04-20250829133859_22287_22344.mp4,E:\cross_sucking\Pen 3 - Group 1\PREWEANING\Day 2\CS_0454_PREWEAN_d2_p3_cow2_29082025_ch04-20250829133859_22287_22344.mp4,skipped_existing,1,1,Pen_3_PREWEAN_Day_2_29082025,Pen 3 - Group 1,PREWEAN,2,3,29082025,2,other|T|None|lying down,22287.128,22344.08,22287.128,22344.08,G:\MONITORING CROSS SUCKING IN CALVES - KAPPEL - 2025\Pen 3 - Group 1\PREWEANING\Day 2\ch04_20250829133859.mp4,ch04_20250829133859.mp4,22211.206336,24988.581003,75.921664,132.873664,Pen 3 - Group 1/PREWEANING/Day 2/0454.zip
389,474,CS_0455_PREWEAN_d2_p3_cowT_29082025_ch04-20250829142555_25454_25457.mp4,Pen 3 - Group 1\PREWEANING\Day 2\CS_0455_PREWEAN_d2_p3_cowT_29082025_ch04-20250829142555_25454_25457.mp4,E:\cross_sucking\Pen 3 - Group 1\PREWEANING\Day 2\CS_0455_PREWEAN_d2_p3_cowT_29082025_ch04-20250829142555_25454_25457.mp4,skipped_existing,1,1,Pen_3_PREWEAN_Day_2_29082025,Pen 3 - Group 1,PREWEAN,2,3,29082025,T,hay|2|None|side,25454.387,25457.508,25454.387,25457.508,G:\MONITORING CROSS SUCKING IN CALVES - KAPPEL - 2025\Pen 3 - Group 1\PREWEANING\Day 2\ch04_20250829142555.mp4,ch04_20250829142555.mp4,24988.581003,27765.30867,465.805997,468.926997,Pen 3 - Group 1/PREWEANING/Day 2/0455.zip
390,475,CS_0456_PREWEAN_d2_p3_cowO_29082025_ch04-20250829142555_25692_25699.mp4,Pen 3 - Group 1\PREWEANING\Day 2\CS_0456_PREWEAN_d2_p3_cowO_29082025_ch04-20250829142555_25692_25699.mp4,E:\cross_sucking\Pen 3 - Group 1\PREWEANING\Day 2\CS_0456_PREWEAN_d2_p3_cowO_29082025_ch04-20250829142555_25692_25699.mp4,skipped_existing,1,1,Pen_3_PREWEAN_Day_2_29082025,Pen 3 - Group 1,PREWEAN,2,3,29082025,O,other|2|None|side,25692.823,25699.494,25692.823,25699.494,G:\MONITORING CROSS SUCKING IN CALVES - KAPPEL - 2025\Pen 3 - Group 1\PREWEANING\Day 2\ch04_20250829142555.mp4,ch04_20250829142555.mp4,24988.581003,27765.30867,704.241997,710.912997,Pen 3 - Group 1/PREWEANING/Day 2/0456.zip
391,476,CS_0457_PREWEAN_d2_p3_cowA_29082025_ch04-20250829142555_26012_26019.mp4,Pen 3 - Group 1\PREWEANING\Day 2\CS_0457_PREWEAN_d2_p3_cowA_29082025_ch04-20250829142555_26012_26019.mp4,E:\cross_sucking\Pen 3 - Group 1\PREWEANING\Day 2\CS_0457_PREWEAN_d2_p3_cowA_29082025_ch04-20250829142555_26012_26019.mp4,skipped_existing,1,1,Pen_3_PREWEAN_Day_2_29082025,Pen 3 - Group 1,PREWEAN,2,3,29082025,A,milk feeder|2|None|behind,26012.161,26019.229,26012.161,26019.229,G:\MONITORING CROSS SUCKING IN CALVES - KAPPEL - 2025\Pen 3 - Group 1\PREWEANING\Day 2\ch04_20250829142555.mp4,ch04_20250829142555.mp4,24988.581003,27765.30867,1023.579997,1030.647997,Pen 3 - Group 1/PREWEANING/Day 2/0457.zip
392,477,CS_0458_PREWEAN_d2_p3_cowA_29082025_ch04-20250829142555_26027_26031.mp4,Pen 3 - Group 1\PREWEANING\Day 2\CS_0458_PREWEAN_d2_p3_cowA_29082025_ch04-20250829142555_26027_26031.mp4,E:\cross_sucking\Pen 3 - Group 1\PREWEANING\Day 2\CS_0458_PREWEAN_d2_p3_cowA_29082025_ch04-20250829142555_26027_26031.mp4,skipped_existing,1,1,Pen_3_PREWEAN_Day_2_29082025,Pen 3 - Group 1,PREWEAN,2,3,29082025,A,milk feeder|2|None|behind,26027.639,26031.093,26027.639,26031.093,G:\MONITORING CROSS SUCKING IN CALVES - KAPPEL - 2025\Pen 3 - Group 1\PREWEANING\Day 2\ch04_20250829142555.mp4,ch04_20250829142555.mp4,24988.581003,27765.30867,1039.057997,1042.511997,Pen 3 - Group 1/PREWEANING/Day 2/0458.zip
393,478,CS_0459_PREWEAN_d2_p3_cow2_29082025_ch04-20250829142555_26079_26098.mp4,Pen 3 - Group 1\PREWEANING\Day 2\CS_0459_PREWEAN_d2_p3_cow2_29082025_ch04-20250829142555_26079_26098.mp4,E:\cross_sucking\Pen 3 - Group 1\PREWEANING\Day 2\CS_0459_PREWEAN_d2_p3_cow2_29082025_ch04-20250829142555_26079_26098.mp4,skipped_existing,1,1,Pen_3_PREWEAN_Day_2_29082025,Pen 3 - Group 1,PREWEAN,2,3,29082025,2,hay|6|None|behind,26079.829,26098.729,26079.829,26098.729,G:\MONITORING CROSS SUCKING IN CALVES - KAPPEL - 2025\Pen 3 - Group 1\PREWEANING\Day 2\ch04_20250829142555.mp4,ch04_20250829142555.mp4,24988.581003,27765.30867,1091.247997,1110.147997,Pen 3 - Group 1/PREWEANING/Day 2/0459.zip
394,479,CS_0460_PREWEAN_d2_p3_cow2_29082025_ch04-20250829142555_26620_26622.mp4,Pen 3 - Group 1\PREWEANING\Day 2\CS_0460_PREWEAN_d2_p3_cow2_29082025_ch04-20250829142555_26620_26622.mp4,E:\cross_sucking\Pen 3 - Group 1\PREWEANING\Day 2\CS_0460_PREWEAN_d2_p3_cow2_29082025_ch04-20250829142555_26620_26622.mp4,skipped_existing,1,1,Pen_3_PREWEAN_Day_2_29082025,Pen 3 - Group 1,PREWEAN,2,3,29082025,2,hay|6|None|side,26620.203,26622.008,26620.203,26622.008,G:\MONITORING CROSS SUCKING IN CALVES - KAPPEL - 2025\Pen 3 - Group 1\PREWEANING\Day 2\ch04_20250829142555.mp4,ch04_20250829142555.mp4,24988.581003,27765.30867,1631.621997,1633.426997,Pen 3 - Group 1/PREWEANING/Day 2/0460.zip
395,480,CS_0461_PREWEAN_d2_p3_cowO_29082025_ch04-20250829151251_28297_28313.mp4,Pen 3 - Group 1\PREWEANING\Day 2\CS_0461_PREWEAN_d2_p3_cowO_29082025_ch04-20250829151251_28297_28313.mp4,E:\cross_sucking\Pen 3 - Group 1\PREWEANING\Day 2\CS_0461_PREWEAN_d2_p3_cowO_29082025_ch04-20250829151251_28297_28313.mp4,skipped_existing,1,1,Pen_3_PREWEAN_Day_2_29082025,Pen 3 - Group 1,PREWEAN,2,3,29082025,O,other|T|None|side,28297.974,28313.195,28297.974,28313.195,G:\MONITORING CROSS SUCKING IN CALVES - KAPPEL - 2025\Pen 3 - Group 1\PREWEANING\Day 2\ch04_20250829151251.mp4,ch04_20250829151251.mp4,27765.30867,30542.124337,532.66533,547.88633,Pen 3 - Group 1/PREWEANING/Day 2/0461.zip
396,481,CS_0462_PREWEAN_d2_p3_cowA_29082025_ch04-20250829164643_33780_33816.mp4,Pen 3 - Group 1\PREWEANING\Day 2\CS_0462_PREWEAN_d2_p3_cowA_29082025_ch04-20250829164643_33780_33816.mp4,E:\cross_sucking\Pen 3 - Group 1\PREWEANING\Day 2\CS_0462_PREWEAN_d2_p3_cowA_29082025_ch04-20250829164643_33780_33816.mp4,skipped_existing,1,1,Pen_3_PREWEAN_Day_2_29082025,Pen 3 - Group 1,PREWEAN,2,3,29082025,A,other|7|None|lying down,33780.129,33816.908,33780.129,33816.908,G:\MONITORING CROSS SUCKING IN CALVES - KAPPEL - 2025\Pen 3 - Group 1\PREWEANING\Day 2\ch04_20250829164643.mp4,ch04_20250829164643.mp4,33318.811004,36095.446671,461.317996,498.096996,Pen 3 - Group 1/PREWEANING/Day 2/0462.zip
397,482,CS_0463_PREWEAN_d2_p3_cowA_29082025_ch04-20250829164643_33821_33868.mp4,Pen 3 - Group 1\PREWEANING\Day 2\CS_0463_PREWEAN_d2_p3_cowA_29082025_ch04-20250829164643_33821_33868.mp4,E:\cross_sucking\Pen 3 - Group 1\PREWEANING\Day 2\CS_0463_PREWEAN_d2_p3_cowA_29082025_ch04-20250829164643_33821_33868.mp4,skipped_existing,1,1,Pen_3_PREWEAN_Day_2_29082025,Pen 3 - Group 1,PREWEAN,2,3,29082025,A,other|T|None|lying down,33821.379,33868.243,33821.379,33868.243,G:\MONITORING CROSS SUCKING IN CALVES - KAPPEL - 2025\Pen 3 - Group 1\PREWEANING\Day 2\ch04_20250829164643.mp4,ch04_20250829164643.mp4,33318.811004,36095.446671,502.567996,549.431996,Pen 3 - Group 1/PREWEANING/Day 2/0463.zip
398,483,CS_0464_PREWEAN_d2_p3_cowA_29082025_ch04-20250829164643_33868_33880.mp4,Pen 3 - Group 1\PREWEANING\Day 2\CS_0464_PREWEAN_d2_p3_cowA_29082025_ch04-20250829164643_33868_33880.mp4,E:\cross_sucking\Pen 3 - Group 1\PREWEANING\Day 2\CS_0464_PREWEAN_d2_p3_cowA_29082025_ch04-20250829164643_33868_33880.mp4,skipped_existing,1,1,Pen_3_PREWEAN_Day_2_29082025,Pen 3 - Group 1,PREWEAN,2,3,29082025,A,other|7|None|lying down,33868.244,33880.045,33868.244,33880.045,G:\MONITORING CROSS SUCKING IN CALVES - KAPPEL - 2025\Pen 3 - Group 1\PREWEANING\Day 2\ch04_20250829164643.mp4,ch04_20250829164643.mp4,33318.811004,36095.446671,549.432996,561.233996,Pen 3 - Group 1/PREWEANING/Day 2/0464.zip
399,484,CS_0465_PREWEAN_d2_p3_cowA_29082025_ch04-20250829164643_33899_33917.mp4,Pen 3 - Group 1\PREWEANING\Day 2\CS_0465_PREWEAN_d2_p3_cowA_29082025_ch04-20250829164643_33899_33917.mp4,E:\cross_sucking\Pen 3 - Group 1\PREWEANING\Day 2\CS_0465_PREWEAN_d2_p3_cowA_29082025_ch04-20250829164643_33899_33917.mp4,skipped_existing,1,1,Pen_3_PREWEAN_Day_2_29082025,Pen 3 - Group 1,PREWEAN,2,3,29082025,A,other|7|None|lying down,33899.142,33917.889,33899.142,33917.889,G:\MONITORING CROSS SUCKING IN CALVES - KAPPEL - 2025\Pen 3 - Group 1\PREWEANING\Day 2\ch04_20250829164643.mp4,ch04_20250829164643.mp4,33318.811004,36095.446671,580.330996,599.077996,Pen 3 - Group 1/PREWEANING/Day 2/0465.zip
400,485,CS_0466_PREWEAN_d2_p3_cowO_29082025_ch04-20250829164643_34607_34611.mp4,Pen 3 - Group 1\PREWEANING\Day 2\CS_0466_PREWEAN_d2_p3_cowO_29082025_ch04-20250829164643_34607_34611.mp4,E:\cross_sucking\Pen 3 - Group 1\PREWEANING\Day 2\CS_0466_PREWEAN_d2_p3_cowO_29082025_ch04-20250829164643_34607_34611.mp4,skipped_existing,1,1,Pen_3_PREWEAN_Day_2_29082025,Pen 3 - Group 1,PREWEAN,2,3,29082025,O,other|2|None|side,34607.566,34611.744,34607.566,34611.744,G:\MONITORING CROSS SUCKING IN CALVES - KAPPEL - 2025\Pen 3 - Group 1\PREWEANING\Day 2\ch04_20250829164643.mp4,ch04_20250829164643.mp4,33318.811004,36095.446671,1288.754996,1292.932996,Pen 3 - Group 1/PREWEANING/Day 2/0466.zip
401,486,CS_0467_PREWEAN_d2_p3_cowO_29082025_ch04-20250829164643_34613_34621.mp4,Pen 3 - Group 1\PREWEANING\Day 2\CS_0467_PREWEAN_d2_p3_cowO_29082025_ch04-20250829164643_34613_34621.mp4,E:\cross_sucking\Pen 3 - Group 1\PREWEANING\Day 2\CS_0467_PREWEAN_d2_p3_cowO_29082025_ch04-20250829164643_34613_34621.mp4,skipped_existing,1,1,Pen_3_PREWEAN_Day_2_29082025,Pen 3 - Group 1,PREWEAN,2,3,29082025,O,other|2|None|side,34613.585,34621.94,34613.585,34621.94,G:\MONITORING CROSS SUCKING IN CALVES - KAPPEL - 2025\Pen 3 - Group 1\PREWEANING\Day 2\ch04_20250829164643.mp4,ch04_20250829164643.mp4,33318.811004,36095.446671,1294.773996,1303.128996,Pen 3 - Group 1/PREWEANING/Day 2/0467.zip
402,487,CS_0468_PREWEAN_d2_p3_cowO_29082025_ch04-20250829164643_34627_34638.mp4,Pen 3 - Group 1\PREWEANING\Day 2\CS_0468_PREWEAN_d2_p3_cowO_29082025_ch04-20250829164643_34627_34638.mp4,E:\cross_sucking\Pen 3 - Group 1\PREWEANING\Day 2\CS_0468_PREWEAN_d2_p3_cowO_29082025_ch04-20250829164643_34627_34638.mp4,skipped_existing,1,1,Pen_3_PREWEAN_Day_2_29082025,Pen 3 - Group 1,PREWEAN,2,3,29082025,O,other|2|None|side,34627.928,34638.441,34627.928,34638.441,G:\MONITORING CROSS SUCKING IN CALVES - KAPPEL - 2025\Pen 3 - Group 1\PREWEANING\Day 2\ch04_20250829164643.mp4,ch04_20250829164643.mp4,33318.811004,36095.446671,1309.116996,1319.629996,Pen 3 - Group 1/PREWEANING/Day 2/0468.zip
403,488,CS_0469_PREWEAN_d2_p3_cow7_29082025_ch04-20250829164643_35815_35827.mp4,Pen 3 - Group 1\PREWEANING\Day 2\CS_0469_PREWEAN_d2_p3_cow7_29082025_ch04-20250829164643_35815_35827.mp4,E:\cross_sucking\Pen 3 - Group 1\PREWEANING\Day 2\CS_0469_PREWEAN_d2_p3_cow7_29082025_ch04-20250829164643_35815_35827.mp4,skipped_existing,1,1,Pen_3_PREWEAN_Day_2_29082025,Pen 3 - Group 1,PREWEAN,2,3,29082025,7,other|A|None|lying down,35815.554,35827.528,35815.554,35827.528,G:\MONITORING CROSS SUCKING IN CALVES - KAPPEL - 2025\Pen 3 - Group 1\PREWEANING\Day 2\ch04_20250829164643.mp4,ch04_20250829164643.mp4,33318.811004,36095.446671,2496.742996,2508.716996,Pen 3 - Group 1/PREWEANING/Day 2/0469.zip
404,489,CS_0470_PREWEAN_d2_p3_cow2_29082025_ch04-20250829173339_36274_36281.mp4,Pen 3 - Group 1\PREWEANING\Day 2\CS_0470_PREWEAN_d2_p3_cow2_29082025_ch04-20250829173339_36274_36281.mp4,E:\cross_sucking\Pen 3 - Group 1\PREWEANING\Day 2\CS_0470_PREWEAN_d2_p3_cow2_29082025_ch04-20250829173339_36274_36281.mp4,skipped_existing,1,1,Pen_3_PREWEAN_Day_2_29082025,Pen 3 - Group 1,PREWEAN,2,3,29082025,2,milk feeder|6|None|side,36274.831,36281.928,36274.831,36281.928,G:\MONITORING CROSS SUCKING IN CALVES - KAPPEL - 2025\Pen 3 - Group 1\PREWEANING\Day 2\ch04_20250829173339.mp4,ch04_20250829173339.mp4,36095.446671,38871.940338,179.384329,186.481329,Pen 3 - Group 1/PREWEANING/Day 2/0470.zip
405,490,CS_0471_PREWEAN_d2_p3_cow3_29082025_ch04-20250829173339_36523_36534.mp4,Pen 3 - Group 1\PREWEANING\Day 2\CS_0471_PREWEAN_d2_p3_cow3_29082025_ch04-20250829173339_36523_36534.mp4,E:\cross_sucking\Pen 3 - Group 1\PREWEANING\Day 2\CS_0471_PREWEAN_d2_p3_cow3_29082025_ch04-20250829173339_36523_36534.mp4,skipped_existing,1,1,Pen_3_PREWEAN_Day_2_29082025,Pen 3 - Group 1,PREWEAN,2,3,29082025,3,other|O|None|side,36523.049,36534.637,36523.049,36534.637,G:\MONITORING CROSS SUCKING IN CALVES - KAPPEL - 2025\Pen 3 - Group 1\PREWEANING\Day 2\ch04_20250829173339.mp4,ch04_20250829173339.mp4,36095.446671,38871.940338,427.602329,439.190329,Pen 3 - Group 1/PREWEANING/Day 2/0471.zip
406,491,CS_0472_PREWEAN_d2_p3_cow2_29082025_ch04-20250829182035_39172_39181.mp4,Pen 3 - Group 1\PREWEANING\Day 2\CS_0472_PREWEAN_d2_p3_cow2_29082025_ch04-20250829182035_39172_39181.mp4,E:\cross_sucking\Pen 3 - Group 1\PREWEANING\Day 2\CS_0472_PREWEAN_d2_p3_cow2_29082025_ch04-20250829182035_39172_39181.mp4,skipped_existing,1,1,Pen_3_PREWEAN_Day_2_29082025,Pen 3 - Group 1,PREWEAN,2,3,29082025,2,other|1|None|lying down,39172.892,39181.514,39172.892,39181.514,G:\MONITORING CROSS SUCKING IN CALVES - KAPPEL - 2025\Pen 3 - Group 1\PREWEANING\Day 2\ch04_20250829182035.mp4,ch04_20250829182035.mp4,38871.940338,41647.893005,300.951662,309.573662,Pen 3 - Group 1/PREWEANING/Day 2/0472.zip
407,492,CS_0473_PREWEAN_d2_p3_cowO_29082025_ch04-20250829182035_39750_39768.mp4,Pen 3 - Group 1\PREWEANING\Day 2\CS_0473_PREWEAN_d2_p3_cowO_29082025_ch04-20250829182035_39750_39768.mp4,E:\cross_sucking\Pen 3 - Group 1\PREWEANING\Day 2\CS_0473_PREWEAN_d2_p3_cowO_29082025_ch04-20250829182035_39750_39768.mp4,skipped_existing,1,1,Pen_3_PREWEAN_Day_2_29082025,Pen 3 - Group 1,PREWEAN,2,3,29082025,O,other|2|None|lying down,39750.73,39768.317,39750.73,39768.317,G:\MONITORING CROSS SUCKING IN CALVES - KAPPEL - 2025\Pen 3 - Group 1\PREWEANING\Day 2\ch04_20250829182035.mp4,ch04_20250829182035.mp4,38871.940338,41647.893005,878.789662,896.376662,Pen 3 - Group 1/PREWEANING/Day 2/0473.zip
408,493,CS_0474_PREWEAN_d2_p3_cowT_29082025_ch04-20250829221511_55506_55512.mp4,Pen 3 - Group 1\PREWEANING\Day 2\CS_0474_PREWEAN_d2_p3_cowT_29082025_ch04-20250829221511_55506_55512.mp4,E:\cross_sucking\Pen 3 - Group 1\PREWEANING\Day 2\CS_0474_PREWEAN_d2_p3_cowT_29082025_ch04-20250829221511_55506_55512.mp4,skipped_existing,1,1,Pen_3_PREWEAN_Day_2_29082025,Pen 3 - Group 1,PREWEAN,2,3,29082025,T,None|2|None|behind,55506.606,55512.032,55506.606,55512.032,G:\MONITORING CROSS SUCKING IN CALVES - KAPPEL - 2025\Pen 3 - Group 1\PREWEANING\Day 2\ch04_20250829221511.mp4,ch04_20250829221511.mp4,52751.990673,55528.81534,2754.615327,2760.041327,Pen 3 - Group 1/PREWEANING/Day 2/0474.zip
409,494,CS_0475_PREWEAN_d2_p3_cow1_29082025_ch04-20250829230207_56226_56236.mp4,Pen 3 - Group 1\PREWEANING\Day 2\CS_0475_PREWEAN_d2_p3_cow1_29082025_ch04-20250829230207_56226_56236.mp4,E:\cross_sucking\Pen 3 - Group 1\PREWEANING\Day 2\CS_0475_PREWEAN_d2_p3_cow1_29082025_ch04-20250829230207_56226_56236.mp4,skipped_existing,1,1,Pen_3_PREWEAN_Day_2_29082025,Pen 3 - Group 1,PREWEAN,2,3,29082025,1,other|2|None|side,56226.227,56236.424,56226.227,56236.424,G:\MONITORING CROSS SUCKING IN CALVES - KAPPEL - 2025\Pen 3 - Group 1\PREWEANING\Day 2\ch04_20250829230207.mp4,ch04_20250829230207.mp4,55528.81534,58305.007007,697.41166,707.60866,Pen 3 - Group 1/PREWEANING/Day 2/0475.zip
410,495,CS_0476_PREWEAN_d2_p3_cow1_29082025_ch04-20250829230207_56241_56308.mp4,Pen 3 - Group 1\PREWEANING\Day 2\CS_0476_PREWEAN_d2_p3_cow1_29082025_ch04-20250829230207_56241_56308.mp4,E:\cross_sucking\Pen 3 - Group 1\PREWEANING\Day 2\CS_0476_PREWEAN_d2_p3_cow1_29082025_ch04-20250829230207_56241_56308.mp4,skipped_existing,1,1,Pen_3_PREWEAN_Day_2_29082025,Pen 3 - Group 1,PREWEAN,2,3,29082025,1,other|2|None|side,56241.46,56308.862,56241.46,56308.862,G:\MONITORING CROSS SUCKING IN CALVES - KAPPEL - 2025\Pen 3 - Group 1\PREWEANING\Day 2\ch04_20250829230207.mp4,ch04_20250829230207.mp4,55528.81534,58305.007007,712.64466,780.04666,Pen 3 - Group 1/PREWEANING/Day 2/0476.zip
411,496,CS_0477_PREWEAN_d2_p3_cow1_29082025_ch04-20250829230207_56487_56489.mp4,Pen 3 - Group 1\PREWEANING\Day 2\CS_0477_PREWEAN_d2_p3_cow1_29082025_ch04-20250829230207_56487_56489.mp4,E:\cross_sucking\Pen 3 - Group 1\PREWEANING\Day 2\CS_0477_PREWEAN_d2_p3_cow1_29082025_ch04-20250829230207_56487_56489.mp4,skipped_existing,1,1,Pen_3_PREWEAN_Day_2_29082025,Pen 3 - Group 1,PREWEAN,2,3,29082025,1,other|O|None|side,56487.544,56489.911,56487.544,56489.911,G:\MONITORING CROSS SUCKING IN CALVES - KAPPEL - 2025\Pen 3 - Group 1\PREWEANING\Day 2\ch04_20250829230207.mp4,ch04_20250829230207.mp4,55528.81534,58305.007007,958.72866,961.09566,Pen 3 - Group 1/PREWEANING/Day 2/0477.zip
412,497,CS_0478_PREWEAN_d2_p3_cow6_29082025_ch04-20250829230207_57347_57355.mp4,Pen 3 - Group 1\PREWEANING\Day 2\CS_0478_PREWEAN_d2_p3_cow6_29082025_ch04-20250829230207_57347_57355.mp4,E:\cross_sucking\Pen 3 - Group 1\PREWEANING\Day 2\CS_0478_PREWEAN_d2_p3_cow6_29082025_ch04-20250829230207_57347_57355.mp4,skipped_existing,1,1,Pen_3_PREWEAN_Day_2_29082025,Pen 3 - Group 1,PREWEAN,2,3,29082025,6,other|1|None|lying down,57347.573,57355.002,57347.573,57355.002,G:\MONITORING CROSS SUCKING IN CALVES - KAPPEL - 2025\Pen 3 - Group 1\PREWEANING\Day 2\ch04_20250829230207.mp4,ch04_20250829230207.mp4,55528.81534,58305.007007,1818.75766,1826.18666,Pen 3 - Group 1/PREWEANING/Day 2/0478.zip
413,498,CS_0479_PREWEAN_d2_p3_cowO_29082025_ch04-20250829230207_57853_57857.mp4,Pen 3 - Group 1\PREWEANING\Day 2\CS_0479_PREWEAN_d2_p3_cowO_29082025_ch04-20250829230207_57853_57857.mp4,E:\cross_sucking\Pen 3 - Group 1\PREWEANING\Day 2\CS_0479_PREWEAN_d2_p3_cowO_29082025_ch04-20250829230207_57853_57857.mp4,skipped_existing,1,1,Pen_3_PREWEAN_Day_2_29082025,Pen 3 - Group 1,PREWEAN,2,3,29082025,O,grain feeder|2|None|side,57853.501,57857.674,57853.501,57857.674,G:\MONITORING CROSS SUCKING IN CALVES - KAPPEL - 2025\Pen 3 - Group 1\PREWEANING\Day 2\ch04_20250829230207.mp4,ch04_20250829230207.mp4,55528.81534,58305.007007,2324.68566,2328.85866,Pen 3 - Group 1/PREWEANING/Day 2/0479.zip
414,499,CS_0480_PREWEAN_d2_p3_cow7_29082025_ch04-20250830003559_62113_62117.mp4,Pen 3 - Group 1\PREWEANING\Day 2\CS_0480_PREWEAN_d2_p3_cow7_29082025_ch04-20250830003559_62113_62117.mp4,E:\cross_sucking\Pen 3 - Group 1\PREWEANING\Day 2\CS_0480_PREWEAN_d2_p3_cow7_29082025_ch04-20250830003559_62113_62117.mp4,skipped_existing,1,1,Pen_3_PREWEAN_Day_2_29082025,Pen 3 - Group 1,PREWEAN,2,3,29082025,7,other|3|None|behind,62113.042,62117.926,62113.042,62117.926,G:\MONITORING CROSS SUCKING IN CALVES - KAPPEL - 2025\Pen 3 - Group 1\PREWEANING\Day 2\ch04_20250830003559.mp4,ch04_20250830003559.mp4,61082.305674,63858.101341,1030.736326,1035.620326,Pen 3 - Group 1/PREWEANING/Day 2/0480.zip
415,500,CS_0481_PREWEAN_d2_p3_cow7_29082025_ch04-20250830051731_79256_79272.mp4,Pen 3 - Group 1\PREWEANING\Day 2\CS_0481_PREWEAN_d2_p3_cow7_29082025_ch04-20250830051731_79256_79272.mp4,E:\cross_sucking\Pen 3 - Group 1\PREWEANING\Day 2\CS_0481_PREWEAN_d2_p3_cow7_29082025_ch04-20250830051731_79256_79272.mp4,skipped_existing,1,1,Pen_3_PREWEAN_Day_2_29082025,Pen 3 - Group 1,PREWEAN,2,3,29082025,7,other|1|None|behind,79256.343,79272.973,79256.343,79272.973,G:\MONITORING CROSS SUCKING IN CALVES - KAPPEL - 2025\Pen 3 - Group 1\PREWEANING\Day 2\ch04_20250830051731.mp4,ch04_20250830051731.mp4,77739.539676,80515.464343,1516.803324,1533.433324,Pen 3 - Group 1/PREWEANING/Day 2/0481.zip
416,501,CS_0482_PREWEAN_d2_p3_cow7_29082025_ch04-20250830051731_79554_79617.mp4,Pen 3 - Group 1\PREWEANING\Day 2\CS_0482_PREWEAN_d2_p3_cow7_29082025_ch04-20250830051731_79554_79617.mp4,E:\cross_sucking\Pen 3 - Group 1\PREWEANING\Day 2\CS_0482_PREWEAN_d2_p3_cow7_29082025_ch04-20250830051731_79554_79617.mp4,skipped_existing,1,1,Pen_3_PREWEAN_Day_2_29082025,Pen 3 - Group 1,PREWEAN,2,3,29082025,7,other|1|None|behind,79554.593,79617.258,79554.593,79617.258,G:\MONITORING CROSS SUCKING IN CALVES - KAPPEL - 2025\Pen 3 - Group 1\PREWEANING\Day 2\ch04_20250830051731.mp4,ch04_20250830051731.mp4,77739.539676,80515.464343,1815.053324,1877.718324,Pen 3 - Group 1/PREWEANING/Day 2/0482.zip
417,502,CS_0483_PREWEAN_d2_p3_cow1_29082025_ch04-20250830060427_81243_81268.mp4,Pen 3 - Group 1\PREWEANING\Day 2\CS_0483_PREWEAN_d2_p3_cow1_29082025_ch04-20250830060427_81243_81268.mp4,E:\cross_sucking\Pen 3 - Group 1\PREWEANING\Day 2\CS_0483_PREWEAN_d2_p3_cow1_29082025_ch04-20250830060427_81243_81268.mp4,skipped_existing,1,1,Pen_3_PREWEAN_Day_2_29082025,Pen 3 - Group 1,PREWEAN,2,3,29082025,1,other|2|None|side,81243.606,81268.973,81243.606,81268.973,G:\MONITORING CROSS SUCKING IN CALVES - KAPPEL - 2025\Pen 3 - Group 1\PREWEANING\Day 2\ch04_20250830060427.mp4,ch04_20250830060427.mp4,80515.464343,83291.92001,728.141657,753.508657,Pen 3 - Group 1/PREWEANING/Day 2/0483.zip
418,503,CS_0484_PREWEAN_d2_p3_cow6_29082025_ch04-20250830060427_82060_82067.mp4,Pen 3 - Group 1\PREWEANING\Day 2\CS_0484_PREWEAN_d2_p3_cow6_29082025_ch04-20250830060427_82060_82067.mp4,E:\cross_sucking\Pen 3 - Group 1\PREWEANING\Day 2\CS_0484_PREWEAN_d2_p3_cow6_29082025_ch04-20250830060427_82060_82067.mp4,skipped_existing,1,1,Pen_3_PREWEAN_Day_2_29082025,Pen 3 - Group 1,PREWEAN,2,3,29082025,6,other|O|None|behind,82060.362,82067.063,82060.362,82067.063,G:\MONITORING CROSS SUCKING IN CALVES - KAPPEL - 2025\Pen 3 - Group 1\PREWEANING\Day 2\ch04_20250830060427.mp4,ch04_20250830060427.mp4,80515.464343,83291.92001,1544.897657,1551.598657,Pen 3 - Group 1/PREWEANING/Day 2/0484.zip
419,504,CS_0485_PREWEAN_d2_p3_cow3_29082025_ch04-20250830065123_84039_84083.mp4,Pen 3 - Group 1\PREWEANING\Day 2\CS_0485_PREWEAN_d2_p3_cow3_29082025_ch04-20250830065123_84039_84083.mp4,E:\cross_sucking\Pen 3 - Group 1\PREWEANING\Day 2\CS_0485_PREWEAN_d2_p3_cow3_29082025_ch04-20250830065123_84039_84083.mp4,skipped_existing,1,1,Pen_3_PREWEAN_Day_2_29082025,Pen 3 - Group 1,PREWEAN,2,3,29082025,3,other|A|None|behind,84039.172,84083.132,84039.172,84083.132,G:\MONITORING CROSS SUCKING IN CALVES - KAPPEL - 2025\Pen 3 - Group 1\PREWEANING\Day 2\ch04_20250830065123.mp4,ch04_20250830065123.mp4,83291.92001,86066.929677,747.25199,791.21199,Pen 3 - Group 1/PREWEANING/Day 2/0485.zip
420,505,CS_0486_PREWEAN_d2_p3_cow3_29082025_ch04-20250830065123_84088_84094.mp4,Pen 3 - Group 1\PREWEANING\Day 2\CS_0486_PREWEAN_d2_p3_cow3_29082025_ch04-20250830065123_84088_84094.mp4,E:\cross_sucking\Pen 3 - Group 1\PREWEANING\Day 2\CS_0486_PREWEAN_d2_p3_cow3_29082025_ch04-20250830065123_84088_84094.mp4,skipped_existing,1,1,Pen_3_PREWEAN_Day_2_29082025,Pen 3 - Group 1,PREWEAN,2,3,29082025,3,other|A|None|behind,84088.459,84094.641,84088.459,84094.641,G:\MONITORING CROSS SUCKING IN CALVES - KAPPEL - 2025\Pen 3 - Group 1\PREWEANING\Day 2\ch04_20250830065123.mp4,ch04_20250830065123.mp4,83291.92001,86066.929677,796.53899,802.72099,Pen 3 - Group 1/PREWEANING/Day 2/0486.zip
421,506,CS_0487_PREWEAN_d2_p3_cow6_29082025_ch04-20250830065123_85979_85988.mp4,Pen 3 - Group 1\PREWEANING\Day 2\CS_0487_PREWEAN_d2_p3_cow6_29082025_ch04-20250830065123_85979_85988.mp4,E:\cross_sucking\Pen 3 - Group 1\PREWEANING\Day 2\CS_0487_PREWEAN_d2_p3_cow6_29082025_ch04-20250830065123_85979_85988.mp4,skipped_existing,1,1,Pen_3_PREWEAN_Day_2_29082025,Pen 3 - Group 1,PREWEAN,2,3,29082025,6,other|1|None|behind,85979.809,85988.12,85979.809,85988.12,G:\MONITORING CROSS SUCKING IN CALVES - KAPPEL - 2025\Pen 3 - Group 1\PREWEANING\Day 2\ch04_20250830065123.mp4,ch04_20250830065123.mp4,83291.92001,86066.929677,2687.88899,2696.19999,Pen 3 - Group 1/PREWEANING/Day 2/0487.zip
422,507,CS_0488_PREWEAN_d3_p3_cow3_3082025_ch04-20250830082514_2889_2908.mp4,Pen 3 - Group 1\PREWEANING\Day 3\CS_0488_PREWEAN_d3_p3_cow3_3082025_ch04-20250830082514_2889_2908.mp4,E:\cross_sucking\Pen 3 - Group 1\PREWEANING\Day 3\CS_0488_PREWEAN_d3_p3_cow3_3082025_ch04-20250830082514_2889_2908.mp4,skipped_existing,1,1,Pen_3_PREWEAN_Day_3_3082025,Pen 3 - Group 1,PREWEAN,3,3,3082025,3,other|T|None|side,2889.436,2908.045,2889.436,2908.045,G:\MONITORING CROSS SUCKING IN CALVES - KAPPEL - 2025\Pen 3 - Group 1\PREWEANING\Day 3\ch04_20250830082514.mp4,ch04_20250830082514.mp4,2777.092667,5553.981334,112.343333,130.952333,Pen 3 - Group 1/PREWEANING/Day 3/0488.zip
423,508,CS_0489_PREWEAN_d3_p3_cow3_3082025_ch04-20250830104601_11772_11785.mp4,Pen 3 - Group 1\PREWEANING\Day 3\CS_0489_PREWEAN_d3_p3_cow3_3082025_ch04-20250830104601_11772_11785.mp4,E:\cross_sucking\Pen 3 - Group 1\PREWEANING\Day 3\CS_0489_PREWEAN_d3_p3_cow3_3082025_ch04-20250830104601_11772_11785.mp4,skipped_existing,1,1,Pen_3_PREWEAN_Day_3_3082025,Pen 3 - Group 1,PREWEAN,3,3,3082025,3,other|2|None|side,11772.85,11785.96,11772.85,11785.96,G:\MONITORING CROSS SUCKING IN CALVES - KAPPEL - 2025\Pen 3 - Group 1\PREWEANING\Day 3\ch04_20250830104601.mp4,ch04_20250830104601.mp4,11105.957668,13881.396335,666.892332,680.002332,Pen 3 - Group 1/PREWEANING/Day 3/0489.zip
424,509,CS_0490_PREWEAN_d3_p3_cow3_3082025_ch04-20250830104601_11798_11818.mp4,Pen 3 - Group 1\PREWEANING\Day 3\CS_0490_PREWEAN_d3_p3_cow3_3082025_ch04-20250830104601_11798_11818.mp4,E:\cross_sucking\Pen 3 - Group 1\PREWEANING\Day 3\CS_0490_PREWEAN_d3_p3_cow3_3082025_ch04-20250830104601_11798_11818.mp4,skipped_existing,1,1,Pen_3_PREWEAN_Day_3_3082025,Pen 3 - Group 1,PREWEAN,3,3,3082025,3,other|2|None|side,11798.255,11818.865,11798.255,11818.865,G:\MONITORING CROSS SUCKING IN CALVES - KAPPEL - 2025\Pen 3 - Group 1\PREWEANING\Day 3\ch04_20250830104601.mp4,ch04_20250830104601.mp4,11105.957668,13881.396335,692.297332,712.907332,Pen 3 - Group 1/PREWEANING/Day 3/0490.zip
425,510,CS_0491_PREWEAN_d3_p3_cow3_3082025_ch04-20250830104601_12032_12065.mp4,Pen 3 - Group 1\PREWEANING\Day 3\CS_0491_PREWEAN_d3_p3_cow3_3082025_ch04-20250830104601_12032_12065.mp4,E:\cross_sucking\Pen 3 - Group 1\PREWEANING\Day 3\CS_0491_PREWEAN_d3_p3_cow3_3082025_ch04-20250830104601_12032_12065.mp4,skipped_existing,1,1,Pen_3_PREWEAN_Day_3_3082025,Pen 3 - Group 1,PREWEAN,3,3,3082025,3,other|2|None|side,12032.878,12065.875,12032.878,12065.875,G:\MONITORING CROSS SUCKING IN CALVES - KAPPEL - 2025\Pen 3 - Group 1\PREWEANING\Day 3\ch04_20250830104601.mp4,ch04_20250830104601.mp4,11105.957668,13881.396335,926.920332,959.917332,Pen 3 - Group 1/PREWEANING/Day 3/0491.zip
426,511,CS_0492_PREWEAN_d3_p3_cow3_3082025_ch04-20250830104601_12079_12082.mp4,Pen 3 - Group 1\PREWEANING\Day 3\CS_0492_PREWEAN_d3_p3_cow3_3082025_ch04-20250830104601_12079_12082.mp4,E:\cross_sucking\Pen 3 - Group 1\PREWEANING\Day 3\CS_0492_PREWEAN_d3_p3_cow3_3082025_ch04-20250830104601_12079_12082.mp4,skipped_existing,1,1,Pen_3_PREWEAN_Day_3_3082025,Pen 3 - Group 1,PREWEAN,3,3,3082025,3,other|2|None|side,12079.317,12082.935,12079.317,12082.935,G:\MONITORING CROSS SUCKING IN CALVES - KAPPEL - 2025\Pen 3 - Group 1\PREWEANING\Day 3\ch04_20250830104601.mp4,ch04_20250830104601.mp4,11105.957668,13881.396335,973.359332,976.977332,Pen 3 - Group 1/PREWEANING/Day 3/0492.zip
427,512,CS_0493_PREWEAN_d3_p3_cow3_3082025_ch04-20250830104601_12170_12282.mp4,Pen 3 - Group 1\PREWEANING\Day 3\CS_0493_PREWEAN_d3_p3_cow3_3082025_ch04-20250830104601_12170_12282.mp4,E:\cross_sucking\Pen 3 - Group 1\PREWEANING\Day 3\CS_0493_PREWEAN_d3_p3_cow3_3082025_ch04-20250830104601_12170_12282.mp4,skipped_existing,1,1,Pen_3_PREWEAN_Day_3_3082025,Pen 3 - Group 1,PREWEAN,3,3,3082025,3,hay|2|None|behind,12170.937,12282.348,12170.937,12282.348,G:\MONITORING CROSS SUCKING IN CALVES - KAPPEL - 2025\Pen 3 - Group 1\PREWEANING\Day 3\ch04_20250830104601.mp4,ch04_20250830104601.mp4,11105.957668,13881.396335,1064.979332,1176.390332,Pen 3 - Group 1/PREWEANING/Day 3/0493.zip
428,513,CS_0494_PREWEAN_d3_p3_cow3_3082025_ch04-20250830104601_12308_12323.mp4,Pen 3 - Group 1\PREWEANING\Day 3\CS_0494_PREWEAN_d3_p3_cow3_3082025_ch04-20250830104601_12308_12323.mp4,E:\cross_sucking\Pen 3 - Group 1\PREWEANING\Day 3\CS_0494_PREWEAN_d3_p3_cow3_3082025_ch04-20250830104601_12308_12323.mp4,skipped_existing,1,1,Pen_3_PREWEAN_Day_3_3082025,Pen 3 - Group 1,PREWEAN,3,3,3082025,3,hay|2|None|side,12308.277,12323.249,12308.277,12323.249,G:\MONITORING CROSS SUCKING IN CALVES - KAPPEL - 2025\Pen 3 - Group 1\PREWEANING\Day 3\ch04_20250830104601.mp4,ch04_20250830104601.mp4,11105.957668,13881.396335,1202.319332,1217.291332,Pen 3 - Group 1/PREWEANING/Day 3/0494.zip
429,514,CS_0495_PREWEAN_d3_p3_cow3_3082025_ch04-20250830104601_12328_12335.mp4,Pen 3 - Group 1\PREWEANING\Day 3\CS_0495_PREWEAN_d3_p3_cow3_3082025_ch04-20250830104601_12328_12335.mp4,E:\cross_sucking\Pen 3 - Group 1\PREWEANING\Day 3\CS_0495_PREWEAN_d3_p3_cow3_3082025_ch04-20250830104601_12328_12335.mp4,skipped_existing,1,1,Pen_3_PREWEAN_Day_3_3082025,Pen 3 - Group 1,PREWEAN,3,3,3082025,3,hay|2|None|side,12328.112,12335.241,12328.112,12335.241,G:\MONITORING CROSS SUCKING IN CALVES - KAPPEL - 2025\Pen 3 - Group 1\PREWEANING\Day 3\ch04_20250830104601.mp4,ch04_20250830104601.mp4,11105.957668,13881.396335,1222.154332,1229.283332,Pen 3 - Group 1/PREWEANING/Day 3/0495.zip
430,515,CS_0496_PREWEAN_d3_p3_cow6_3082025_ch04-20250830121952_17514_17532.mp4,Pen 3 - Group 1\PREWEANING\Day 3\CS_0496_PREWEAN_d3_p3_cow6_3082025_ch04-20250830121952_17514_17532.mp4,E:\cross_sucking\Pen 3 - Group 1\PREWEANING\Day 3\CS_0496_PREWEAN_d3_p3_cow6_3082025_ch04-20250830121952_17514_17532.mp4,skipped_existing,1,1,Pen_3_PREWEAN_Day_3_3082025,Pen 3 - Group 1,PREWEAN,3,3,3082025,6,other|7|None|behind,17514.105,17532.908,17514.105,17532.908,G:\MONITORING CROSS SUCKING IN CALVES - KAPPEL - 2025\Pen 3 - Group 1\PREWEANING\Day 3\ch04_20250830121952.mp4,ch04_20250830121952.mp4,16656.941002,19433.940669,857.163998,875.966998,Pen 3 - Group 1/PREWEANING/Day 3/0496.zip
431,516,CS_0497_PREWEAN_d3_p3_cow6_3082025_ch04-20250830121952_17566_17572.mp4,Pen 3 - Group 1\PREWEANING\Day 3\CS_0497_PREWEAN_d3_p3_cow6_3082025_ch04-20250830121952_17566_17572.mp4,E:\cross_sucking\Pen 3 - Group 1\PREWEANING\Day 3\CS_0497_PREWEAN_d3_p3_cow6_3082025_ch04-20250830121952_17566_17572.mp4,skipped_existing,1,1,Pen_3_PREWEAN_Day_3_3082025,Pen 3 - Group 1,PREWEAN,3,3,3082025,6,other|7|None|behind,17566.553,17572.036,17566.553,17572.036,G:\MONITORING CROSS SUCKING IN CALVES - KAPPEL - 2025\Pen 3 - Group 1\PREWEANING\Day 3\ch04_20250830121952.mp4,ch04_20250830121952.mp4,16656.941002,19433.940669,909.611998,915.094998,Pen 3 - Group 1/PREWEANING/Day 3/0497.zip
432,517,CS_0498_PREWEAN_d3_p3_cowT_3082025_ch04-20250830130648_22191_22193.mp4,Pen 3 - Group 1\PREWEANING\Day 3\CS_0498_PREWEAN_d3_p3_cowT_3082025_ch04-20250830130648_22191_22193.mp4,E:\cross_sucking\Pen 3 - Group 1\PREWEANING\Day 3\CS_0498_PREWEAN_d3_p3_cowT_3082025_ch04-20250830130648_22191_22193.mp4,skipped_existing,1,1,Pen_3_PREWEAN_Day_3_3082025,Pen 3 - Group 1,PREWEAN,3,3,3082025,T,other|2|None|side,22191.898,22193.509,22191.898,22193.509,G:\MONITORING CROSS SUCKING IN CALVES - KAPPEL - 2025\Pen 3 - Group 1\PREWEANING\Day 3\ch04_20250830130648.mp4,ch04_20250830130648.mp4,19433.940669,22209.899336,2757.957331,2759.568331,Pen 3 - Group 1/PREWEANING/Day 3/0498.zip
433,518,CS_0499_PREWEAN_d3_p3_cowT_3082025_ch04-20250830135343_22392_22399.mp4,Pen 3 - Group 1\PREWEANING\Day 3\CS_0499_PREWEAN_d3_p3_cowT_3082025_ch04-20250830135343_22392_22399.mp4,E:\cross_sucking\Pen 3 - Group 1\PREWEANING\Day 3\CS_0499_PREWEAN_d3_p3_cowT_3082025_ch04-20250830135343_22392_22399.mp4,skipped_existing,1,1,Pen_3_PREWEAN_Day_3_3082025,Pen 3 - Group 1,PREWEAN,3,3,3082025,T,other|2|None|side,22392.625,22399.141,22392.625,22399.141,G:\MONITORING CROSS SUCKING IN CALVES - KAPPEL - 2025\Pen 3 - Group 1\PREWEANING\Day 3\ch04_20250830135343.mp4,ch04_20250830135343.mp4,22209.899336,24985.717003,182.725664,189.241664,Pen 3 - Group 1/PREWEANING/Day 3/0499.zip
434,519,CS_0500_PREWEAN_d3_p3_cowT_3082025_ch04-20250830170126_33679_33683.mp4,Pen 3 - Group 1\PREWEANING\Day 3\CS_0500_PREWEAN_d3_p3_cowT_3082025_ch04-20250830170126_33679_33683.mp4,E:\cross_sucking\Pen 3 - Group 1\PREWEANING\Day 3\CS_0500_PREWEAN_d3_p3_cowT_3082025_ch04-20250830170126_33679_33683.mp4,skipped_existing,1,1,Pen_3_PREWEAN_Day_3_3082025,Pen 3 - Group 1,PREWEAN,3,3,3082025,T,other|7|None|side,33679.869,33683.976,33679.869,33683.976,G:\MONITORING CROSS SUCKING IN CALVES - KAPPEL - 2025\Pen 3 - Group 1\PREWEANING\Day 3\ch04_20250830170126.mp4,ch04_20250830170126.mp4,33315.408004,36090.127671,364.460996,368.567996,Pen 3 - Group 1/PREWEANING/Day 3/0500.zip
435,520,CS_0501_PREWEAN_d3_p3_cowT_3082025_ch04-20250830170126_34109_34115.mp4,Pen 3 - Group 1\PREWEANING\Day 3\CS_0501_PREWEAN_d3_p3_cowT_3082025_ch04-20250830170126_34109_34115.mp4,E:\cross_sucking\Pen 3 - Group 1\PREWEANING\Day 3\CS_0501_PREWEAN_d3_p3_cowT_3082025_ch04-20250830170126_34109_34115.mp4,skipped_existing,1,1,Pen_3_PREWEAN_Day_3_3082025,Pen 3 - Group 1,PREWEAN,3,3,3082025,T,other|2|None|side,34109.096,34115.257,34109.096,34115.257,G:\MONITORING CROSS SUCKING IN CALVES - KAPPEL - 2025\Pen 3 - Group 1\PREWEANING\Day 3\ch04_20250830170126.mp4,ch04_20250830170126.mp4,33315.408004,36090.127671,793.687996,799.848996,Pen 3 - Group 1/PREWEANING/Day 3/0501.zip
436,521,CS_0502_PREWEAN_d3_p3_cow7_3082025_ch04-20250830174820_36401_36411.mp4,Pen 3 - Group 1\PREWEANING\Day 3\CS_0502_PREWEAN_d3_p3_cow7_3082025_ch04-20250830174820_36401_36411.mp4,E:\cross_sucking\Pen 3 - Group 1\PREWEANING\Day 3\CS_0502_PREWEAN_d3_p3_cow7_3082025_ch04-20250830174820_36401_36411.mp4,skipped_existing,1,1,Pen_3_PREWEAN_Day_3_3082025,Pen 3 - Group 1,PREWEAN,3,3,3082025,7,other|A|None|behind,36401.446,36411.701,36401.446,36411.701,G:\MONITORING CROSS SUCKING IN CALVES - KAPPEL - 2025\Pen 3 - Group 1\PREWEANING\Day 3\ch04_20250830174820.mp4,ch04_20250830174820.mp4,36090.127671,38866.910338,311.318329,321.573329,Pen 3 - Group 1/PREWEANING/Day 3/0502.zip
437,522,CS_0503_PREWEAN_d3_p3_cowO_3082025_ch04-20250830174820_36636_36643.mp4,Pen 3 - Group 1\PREWEANING\Day 3\CS_0503_PREWEAN_d3_p3_cowO_3082025_ch04-20250830174820_36636_36643.mp4,E:\cross_sucking\Pen 3 - Group 1\PREWEANING\Day 3\CS_0503_PREWEAN_d3_p3_cowO_3082025_ch04-20250830174820_36636_36643.mp4,skipped_existing,1,1,Pen_3_PREWEAN_Day_3_3082025,Pen 3 - Group 1,PREWEAN,3,3,3082025,O,other|7|None|side,36636.276,36643.775,36636.276,36643.775,G:\MONITORING CROSS SUCKING IN CALVES - KAPPEL - 2025\Pen 3 - Group 1\PREWEANING\Day 3\ch04_20250830174820.mp4,ch04_20250830174820.mp4,36090.127671,38866.910338,546.148329,553.647329,Pen 3 - Group 1/PREWEANING/Day 3/0503.zip
438,523,CS_0504_PREWEAN_d3_p3_cowO_3082025_ch04-20250830174820_36649_36659.mp4,Pen 3 - Group 1\PREWEANING\Day 3\CS_0504_PREWEAN_d3_p3_cowO_3082025_ch04-20250830174820_36649_36659.mp4,E:\cross_sucking\Pen 3 - Group 1\PREWEANING\Day 3\CS_0504_PREWEAN_d3_p3_cowO_3082025_ch04-20250830174820_36649_36659.mp4,skipped_existing,1,1,Pen_3_PREWEAN_Day_3_3082025,Pen 3 - Group 1,PREWEAN,3,3,3082025,O,other|7|None|side,36649.792,36659.064,36649.792,36659.064,G:\MONITORING CROSS SUCKING IN CALVES - KAPPEL - 2025\Pen 3 - Group 1\PREWEANING\Day 3\ch04_20250830174820.mp4,ch04_20250830174820.mp4,36090.127671,38866.910338,559.664329,568.936329,Pen 3 - Group 1/PREWEANING/Day 3/0504.zip
439,524,CS_0505_PREWEAN_d3_p3_cow6_3082025_ch04-20250830183516_39203_39224.mp4,Pen 3 - Group 1\PREWEANING\Day 3\CS_0505_PREWEAN_d3_p3_cow6_3082025_ch04-20250830183516_39203_39224.mp4,E:\cross_sucking\Pen 3 - Group 1\PREWEANING\Day 3\CS_0505_PREWEAN_d3_p3_cow6_3082025_ch04-20250830183516_39203_39224.mp4,skipped_existing,1,1,Pen_3_PREWEAN_Day_3_3082025,Pen 3 - Group 1,PREWEAN,3,3,3082025,6,other|7|None|behind,39203.661,39224.619,39203.661,39224.619,G:\MONITORING CROSS SUCKING IN CALVES - KAPPEL - 2025\Pen 3 - Group 1\PREWEANING\Day 3\ch04_20250830183516.mp4,ch04_20250830183516.mp4,38866.910338,41643.090005,336.750662,357.708662,Pen 3 - Group 1/PREWEANING/Day 3/0505.zip
440,525,CS_0506_PREWEAN_d3_p3_cow6_3082025_ch04-20250830183516_39225_39236.mp4,Pen 3 - Group 1\PREWEANING\Day 3\CS_0506_PREWEAN_d3_p3_cow6_3082025_ch04-20250830183516_39225_39236.mp4,E:\cross_sucking\Pen 3 - Group 1\PREWEANING\Day 3\CS_0506_PREWEAN_d3_p3_cow6_3082025_ch04-20250830183516_39225_39236.mp4,skipped_existing,1,1,Pen_3_PREWEAN_Day_3_3082025,Pen 3 - Group 1,PREWEAN,3,3,3082025,6,other|7|None|behind,39225.572,39236.287,39225.572,39236.287,G:\MONITORING CROSS SUCKING IN CALVES - KAPPEL - 2025\Pen 3 - Group 1\PREWEANING\Day 3\ch04_20250830183516.mp4,ch04_20250830183516.mp4,38866.910338,41643.090005,358.661662,369.376662,Pen 3 - Group 1/PREWEANING/Day 3/0506.zip
441,526,CS_0507_PREWEAN_d3_p3_cowT_3082025_ch04-20250830183516_40399_40407.mp4,Pen 3 - Group 1\PREWEANING\Day 3\CS_0507_PREWEAN_d3_p3_cowT_3082025_ch04-20250830183516_40399_40407.mp4,E:\cross_sucking\Pen 3 - Group 1\PREWEANING\Day 3\CS_0507_PREWEAN_d3_p3_cowT_3082025_ch04-20250830183516_40399_40407.mp4,skipped_existing,1,1,Pen_3_PREWEAN_Day_3_3082025,Pen 3 - Group 1,PREWEAN,3,3,3082025,T,hay|7|None|behind,40399.589,40407.508,40399.589,40407.508,G:\MONITORING CROSS SUCKING IN CALVES - KAPPEL - 2025\Pen 3 - Group 1\PREWEANING\Day 3\ch04_20250830183516.mp4,ch04_20250830183516.mp4,38866.910338,41643.090005,1532.678662,1540.597662,Pen 3 - Group 1/PREWEANING/Day 3/0507.zip
442,527,CS_0508_PREWEAN_d3_p3_cow3_3082025_ch04-20250830183516_40476_40526.mp4,Pen 3 - Group 1\PREWEANING\Day 3\CS_0508_PREWEAN_d3_p3_cow3_3082025_ch04-20250830183516_40476_40526.mp4,E:\cross_sucking\Pen 3 - Group 1\PREWEANING\Day 3\CS_0508_PREWEAN_d3_p3_cow3_3082025_ch04-20250830183516_40476_40526.mp4,skipped_existing,1,1,Pen_3_PREWEAN_Day_3_3082025,Pen 3 - Group 1,PREWEAN,3,3,3082025,3,hay|2|None|lying down,40476.523,40526.799,40476.523,40526.799,G:\MONITORING CROSS SUCKING IN CALVES - KAPPEL - 2025\Pen 3 - Group 1\PREWEANING\Day 3\ch04_20250830183516.mp4,ch04_20250830183516.mp4,38866.910338,41643.090005,1609.612662,1659.888662,Pen 3 - Group 1/PREWEANING/Day 3/0508.zip
443,528,CS_0509_PREWEAN_d3_p3_cowT_3082025_ch04-20250830183516_40521_40533.mp4,Pen 3 - Group 1\PREWEANING\Day 3\CS_0509_PREWEAN_d3_p3_cowT_3082025_ch04-20250830183516_40521_40533.mp4,E:\cross_sucking\Pen 3 - Group 1\PREWEANING\Day 3\CS_0509_PREWEAN_d3_p3_cowT_3082025_ch04-20250830183516_40521_40533.mp4,skipped_existing,1,1,Pen_3_PREWEAN_Day_3_3082025,Pen 3 - Group 1,PREWEAN,3,3,3082025,T,hay|7|None|behind,40521.618,40533.541,40521.618,40533.541,G:\MONITORING CROSS SUCKING IN CALVES - KAPPEL - 2025\Pen 3 - Group 1\PREWEANING\Day 3\ch04_20250830183516.mp4,ch04_20250830183516.mp4,38866.910338,41643.090005,1654.707662,1666.630662,Pen 3 - Group 1/PREWEANING/Day 3/0509.zip
444,529,CS_0510_PREWEAN_d3_p3_cow3_3082025_ch04-20250830183516_40526_40568.mp4,Pen 3 - Group 1\PREWEANING\Day 3\CS_0510_PREWEAN_d3_p3_cow3_3082025_ch04-20250830183516_40526_40568.mp4,E:\cross_sucking\Pen 3 - Group 1\PREWEANING\Day 3\CS_0510_PREWEAN_d3_p3_cow3_3082025_ch04-20250830183516_40526_40568.mp4,skipped_existing,1,1,Pen_3_PREWEAN_Day_3_3082025,Pen 3 - Group 1,PREWEAN,3,3,3082025,3,hay|3|None|lying down,40526.8,40568.876,40526.8,40568.876,G:\MONITORING CROSS SUCKING IN CALVES - KAPPEL - 2025\Pen 3 - Group 1\PREWEANING\Day 3\ch04_20250830183516.mp4,ch04_20250830183516.mp4,38866.910338,41643.090005,1659.889662,1701.965662,Pen 3 - Group 1/PREWEANING/Day 3/0510.zip
445,530,CS_0511_PREWEAN_d3_p3_cow3_3082025_ch04-20250830183516_40568_40687.mp4,Pen 3 - Group 1\PREWEANING\Day 3\CS_0511_PREWEAN_d3_p3_cow3_3082025_ch04-20250830183516_40568_40687.mp4,E:\cross_sucking\Pen 3 - Group 1\PREWEANING\Day 3\CS_0511_PREWEAN_d3_p3_cow3_3082025_ch04-20250830183516_40568_40687.mp4,skipped_existing,1,1,Pen_3_PREWEAN_Day_3_3082025,Pen 3 - Group 1,PREWEAN,3,3,3082025,3,hay|2|None|lying down,40568.877,40687.763,40568.877,40687.763,G:\MONITORING CROSS SUCKING IN CALVES - KAPPEL - 2025\Pen 3 - Group 1\PREWEANING\Day 3\ch04_20250830183516.mp4,ch04_20250830183516.mp4,38866.910338,41643.090005,1701.966662,1820.852662,Pen 3 - Group 1/PREWEANING/Day 3/0511.zip
446,531,CS_0512_PREWEAN_d3_p3_cow3_3082025_ch04-20250830183516_40694_40724.mp4,Pen 3 - Group 1\PREWEANING\Day 3\CS_0512_PREWEAN_d3_p3_cow3_3082025_ch04-20250830183516_40694_40724.mp4,E:\cross_sucking\Pen 3 - Group 1\PREWEANING\Day 3\CS_0512_PREWEAN_d3_p3_cow3_3082025_ch04-20250830183516_40694_40724.mp4,skipped_existing,1,1,Pen_3_PREWEAN_Day_3_3082025,Pen 3 - Group 1,PREWEAN,3,3,3082025,3,hay|2|None|lying down,40694.672,40724.126,40694.672,40724.126,G:\MONITORING CROSS SUCKING IN CALVES - KAPPEL - 2025\Pen 3 - Group 1\PREWEANING\Day 3\ch04_20250830183516.mp4,ch04_20250830183516.mp4,38866.910338,41643.090005,1827.761662,1857.215662,Pen 3 - Group 1/PREWEANING/Day 3/0512.zip
447,532,CS_0513_PREWEAN_d3_p3_cow3_3082025_ch04-20250830183516_40733_40939.mp4,Pen 3 - Group 1\PREWEANING\Day 3\CS_0513_PREWEAN_d3_p3_cow3_3082025_ch04-20250830183516_40733_40939.mp4,E:\cross_sucking\Pen 3 - Group 1\PREWEANING\Day 3\CS_0513_PREWEAN_d3_p3_cow3_3082025_ch04-20250830183516_40733_40939.mp4,skipped_existing,1,1,Pen_3_PREWEAN_Day_3_3082025,Pen 3 - Group 1,PREWEAN,3,3,3082025,3,hay|2|None|lying down,40733.736,40939.356,40733.736,40939.356,G:\MONITORING CROSS SUCKING IN CALVES - KAPPEL - 2025\Pen 3 - Group 1\PREWEANING\Day 3\ch04_20250830183516.mp4,ch04_20250830183516.mp4,38866.910338,41643.090005,1866.825662,2072.445662,Pen 3 - Group 1/PREWEANING/Day 3/0513.zip
448,533,CS_0514_PREWEAN_d3_p3_cowO_3082025_ch04-20250830214257_51803_51810.mp4,Pen 3 - Group 1\PREWEANING\Day 3\CS_0514_PREWEAN_d3_p3_cowO_3082025_ch04-20250830214257_51803_51810.mp4,E:\cross_sucking\Pen 3 - Group 1\PREWEANING\Day 3\CS_0514_PREWEAN_d3_p3_cowO_3082025_ch04-20250830214257_51803_51810.mp4,skipped_existing,1,1,Pen_3_PREWEAN_Day_3_3082025,Pen 3 - Group 1,PREWEAN,3,3,3082025,O,hay|2|None|behind,51803.166,51810.659,51803.166,51810.659,G:\MONITORING CROSS SUCKING IN CALVES - KAPPEL - 2025\Pen 3 - Group 1\PREWEANING\Day 3\ch04_20250830214257.mp4,ch04_20250830214257.mp4,49970.777006,52747.945673,1832.388994,1839.881994,Pen 3 - Group 1/PREWEANING/Day 3/0514.zip
449,534,CS_0515_PREWEAN_d3_p3_cow1_3082025_ch04-20250830214257_52111_52156.mp4,Pen 3 - Group 1\PREWEANING\Day 3\CS_0515_PREWEAN_d3_p3_cow1_3082025_ch04-20250830214257_52111_52156.mp4,E:\cross_sucking\Pen 3 - Group 1\PREWEANING\Day 3\CS_0515_PREWEAN_d3_p3_cow1_3082025_ch04-20250830214257_52111_52156.mp4,skipped_existing,1,1,Pen_3_PREWEAN_Day_3_3082025,Pen 3 - Group 1,PREWEAN,3,3,3082025,1,other|2|None|side,52111.349,52156.026,52111.349,52156.026,G:\MONITORING CROSS SUCKING IN CALVES - KAPPEL - 2025\Pen 3 - Group 1\PREWEANING\Day 3\ch04_20250830214257.mp4,ch04_20250830214257.mp4,49970.777006,52747.945673,2140.571994,2185.248994,Pen 3 - Group 1/PREWEANING/Day 3/0515.zip
450,535,CS_0516_PREWEAN_d3_p3_cow1_3082025_ch04-20250830214257_52176_52184.mp4,Pen 3 - Group 1\PREWEANING\Day 3\CS_0516_PREWEAN_d3_p3_cow1_3082025_ch04-20250830214257_52176_52184.mp4,E:\cross_sucking\Pen 3 - Group 1\PREWEANING\Day 3\CS_0516_PREWEAN_d3_p3_cow1_3082025_ch04-20250830214257_52176_52184.mp4,skipped_existing,1,1,Pen_3_PREWEAN_Day_3_3082025,Pen 3 - Group 1,PREWEAN,3,3,3082025,1,other|T|None|behind,52176.173,52184.124,52176.173,52184.124,G:\MONITORING CROSS SUCKING IN CALVES - KAPPEL - 2025\Pen 3 - Group 1\PREWEANING\Day 3\ch04_20250830214257.mp4,ch04_20250830214257.mp4,49970.777006,52747.945673,2205.395994,2213.346994,Pen 3 - Group 1/PREWEANING/Day 3/0516.zip
451,536,CS_0517_PREWEAN_d3_p3_cowO_3082025_ch04-20250830214257_52443_52447.mp4,Pen 3 - Group 1\PREWEANING\Day 3\CS_0517_PREWEAN_d3_p3_cowO_3082025_ch04-20250830214257_52443_52447.mp4,E:\cross_sucking\Pen 3 - Group 1\PREWEANING\Day 3\CS_0517_PREWEAN_d3_p3_cowO_3082025_ch04-20250830214257_52443_52447.mp4,skipped_existing,1,1,Pen_3_PREWEAN_Day_3_3082025,Pen 3 - Group 1,PREWEAN,3,3,3082025,O,hay|T|None|side,52443.227,52447.133,52443.227,52447.133,G:\MONITORING CROSS SUCKING IN CALVES - KAPPEL - 2025\Pen 3 - Group 1\PREWEANING\Day 3\ch04_20250830214257.mp4,ch04_20250830214257.mp4,49970.777006,52747.945673,2472.449994,2476.355994,Pen 3 - Group 1/PREWEANING/Day 3/0517.zip
452,537,CS_0518_PREWEAN_d3_p3_cowT_3082025_ch04-20250830214257_52459_52472.mp4,Pen 3 - Group 1\PREWEANING\Day 3\CS_0518_PREWEAN_d3_p3_cowT_3082025_ch04-20250830214257_52459_52472.mp4,E:\cross_sucking\Pen 3 - Group 1\PREWEANING\Day 3\CS_0518_PREWEAN_d3_p3_cowT_3082025_ch04-20250830214257_52459_52472.mp4,skipped_existing,1,1,Pen_3_PREWEAN_Day_3_3082025,Pen 3 - Group 1,PREWEAN,3,3,3082025,T,other|2|None|behind,52459.719,52472.439,52459.719,52472.439,G:\MONITORING CROSS SUCKING IN CALVES - KAPPEL - 2025\Pen 3 - Group 1\PREWEANING\Day 3\ch04_20250830214257.mp4,ch04_20250830214257.mp4,49970.777006,52747.945673,2488.941994,2501.661994,Pen 3 - Group 1/PREWEANING/Day 3/0518.zip
453,538,CS_0519_PREWEAN_d3_p3_cowT_3082025_ch04-20250830214257_52476_52485.mp4,Pen 3 - Group 1\PREWEANING\Day 3\CS_0519_PREWEAN_d3_p3_cowT_3082025_ch04-20250830214257_52476_52485.mp4,E:\cross_sucking\Pen 3 - Group 1\PREWEANING\Day 3\CS_0519_PREWEAN_d3_p3_cowT_3082025_ch04-20250830214257_52476_52485.mp4,skipped_existing,1,1,Pen_3_PREWEAN_Day_3_3082025,Pen 3 - Group 1,PREWEAN,3,3,3082025,T,other|2|None|behind,52476.181,52485.252,52476.181,52485.252,G:\MONITORING CROSS SUCKING IN CALVES - KAPPEL - 2025\Pen 3 - Group 1\PREWEANING\Day 3\ch04_20250830214257.mp4,ch04_20250830214257.mp4,49970.777006,52747.945673,2505.403994,2514.474994,Pen 3 - Group 1/PREWEANING/Day 3/0519.zip
454,539,CS_0520_PREWEAN_d3_p3_cow3_3082025_ch04-20250830222953_55512_55515.mp4,Pen 3 - Group 1\PREWEANING\Day 3\CS_0520_PREWEAN_d3_p3_cow3_3082025_ch04-20250830222953_55512_55515.mp4,E:\cross_sucking\Pen 3 - Group 1\PREWEANING\Day 3\CS_0520_PREWEAN_d3_p3_cow3_3082025_ch04-20250830222953_55512_55515.mp4,skipped_existing,1,1,Pen_3_PREWEAN_Day_3_3082025,Pen 3 - Group 1,PREWEAN,3,3,3082025,3,other|2|None|side,55512.373,55515.786,55512.373,55515.786,G:\MONITORING CROSS SUCKING IN CALVES - KAPPEL - 2025\Pen 3 - Group 1\PREWEANING\Day 3\ch04_20250830222953.mp4,ch04_20250830222953.mp4,52747.945673,55523.21034,2764.427327,2767.840327,Pen 3 - Group 1/PREWEANING/Day 3/0520.zip
455,540,CS_0521_PREWEAN_d3_p3_cow1_3082025_ch04-20250830231648_56767_56804.mp4,Pen 3 - Group 1\PREWEANING\Day 3\CS_0521_PREWEAN_d3_p3_cow1_3082025_ch04-20250830231648_56767_56804.mp4,E:\cross_sucking\Pen 3 - Group 1\PREWEANING\Day 3\CS_0521_PREWEAN_d3_p3_cow1_3082025_ch04-20250830231648_56767_56804.mp4,skipped_existing,1,1,Pen_3_PREWEAN_Day_3_3082025,Pen 3 - Group 1,PREWEAN,3,3,3082025,1,other|2|None|side,56767.386,56804.766,56767.386,56804.766,G:\MONITORING CROSS SUCKING IN CALVES - KAPPEL - 2025\Pen 3 - Group 1\PREWEANING\Day 3\ch04_20250830231648.mp4,ch04_20250830231648.mp4,55523.21034,58299.384007,1244.17566,1281.55566,Pen 3 - Group 1/PREWEANING/Day 3/0521.zip
456,541,CS_0522_PREWEAN_d3_p3_cow2_3082025_ch04-20250830231648_56808_56815.mp4,Pen 3 - Group 1\PREWEANING\Day 3\CS_0522_PREWEAN_d3_p3_cow2_3082025_ch04-20250830231648_56808_56815.mp4,E:\cross_sucking\Pen 3 - Group 1\PREWEANING\Day 3\CS_0522_PREWEAN_d3_p3_cow2_3082025_ch04-20250830231648_56808_56815.mp4,skipped_existing,1,1,Pen_3_PREWEAN_Day_3_3082025,Pen 3 - Group 1,PREWEAN,3,3,3082025,2,other|1|reciprocal|side,56808.053,56815.223,56808.053,56815.223,G:\MONITORING CROSS SUCKING IN CALVES - KAPPEL - 2025\Pen 3 - Group 1\PREWEANING\Day 3\ch04_20250830231648.mp4,ch04_20250830231648.mp4,55523.21034,58299.384007,1284.84266,1292.01266,Pen 3 - Group 1/PREWEANING/Day 3/0522.zip
457,542,CS_0523_PREWEAN_d3_p3_cow1_3082025_ch04-20250830231648_56808_56828.mp4,Pen 3 - Group 1\PREWEANING\Day 3\CS_0523_PREWEAN_d3_p3_cow1_3082025_ch04-20250830231648_56808_56828.mp4,E:\cross_sucking\Pen 3 - Group 1\PREWEANING\Day 3\CS_0523_PREWEAN_d3_p3_cow1_3082025_ch04-20250830231648_56808_56828.mp4,skipped_existing,1,1,Pen_3_PREWEAN_Day_3_3082025,Pen 3 - Group 1,PREWEAN,3,3,3082025,1,other|2|None|side,56808.84,56828.031,56808.84,56828.031,G:\MONITORING CROSS SUCKING IN CALVES - KAPPEL - 2025\Pen 3 - Group 1\PREWEANING\Day 3\ch04_20250830231648.mp4,ch04_20250830231648.mp4,55523.21034,58299.384007,1285.62966,1304.82066,Pen 3 - Group 1/PREWEANING/Day 3/0523.zip
458,543,CS_0524_PREWEAN_d3_p3_cow1_3082025_ch04-20250830231648_56843_56845.mp4,Pen 3 - Group 1\PREWEANING\Day 3\CS_0524_PREWEAN_d3_p3_cow1_3082025_ch04-20250830231648_56843_56845.mp4,E:\cross_sucking\Pen 3 - Group 1\PREWEANING\Day 3\CS_0524_PREWEAN_d3_p3_cow1_3082025_ch04-20250830231648_56843_56845.mp4,skipped_existing,1,1,Pen_3_PREWEAN_Day_3_3082025,Pen 3 - Group 1,PREWEAN,3,3,3082025,1,other|2|None|behind,56843.906,56845.751,56843.906,56845.751,G:\MONITORING CROSS SUCKING IN CALVES - KAPPEL - 2025\Pen 3 - Group 1\PREWEANING\Day 3\ch04_20250830231648.mp4,ch04_20250830231648.mp4,55523.21034,58299.384007,1320.69566,1322.54066,Pen 3 - Group 1/PREWEANING/Day 3/0524.zip
459,544,CS_0525_PREWEAN_d3_p3_cow1_3082025_ch04-20250830231648_56850_56851.mp4,Pen 3 - Group 1\PREWEANING\Day 3\CS_0525_PREWEAN_d3_p3_cow1_3082025_ch04-20250830231648_56850_56851.mp4,E:\cross_sucking\Pen 3 - Group 1\PREWEANING\Day 3\CS_0525_PREWEAN_d3_p3_cow1_3082025_ch04-20250830231648_56850_56851.mp4,skipped_existing,1,1,Pen_3_PREWEAN_Day_3_3082025,Pen 3 - Group 1,PREWEAN,3,3,3082025,1,other|2|None|side,56850.059,56851.997,56850.059,56851.997,G:\MONITORING CROSS SUCKING IN CALVES - KAPPEL - 2025\Pen 3 - Group 1\PREWEANING\Day 3\ch04_20250830231648.mp4,ch04_20250830231648.mp4,55523.21034,58299.384007,1326.84866,1328.78666,Pen 3 - Group 1/PREWEANING/Day 3/0525.zip
460,545,CS_0526_PREWEAN_d3_p3_cow1_3082025_ch04-20250830231648_56861_56875.mp4,Pen 3 - Group 1\PREWEANING\Day 3\CS_0526_PREWEAN_d3_p3_cow1_3082025_ch04-20250830231648_56861_56875.mp4,E:\cross_sucking\Pen 3 - Group 1\PREWEANING\Day 3\CS_0526_PREWEAN_d3_p3_cow1_3082025_ch04-20250830231648_56861_56875.mp4,skipped_existing,1,1,Pen_3_PREWEAN_Day_3_3082025,Pen 3 - Group 1,PREWEAN,3,3,3082025,1,other|2|None|side,56861.833,56875.341,56861.833,56875.341,G:\MONITORING CROSS SUCKING IN CALVES - KAPPEL - 2025\Pen 3 - Group 1\PREWEANING\Day 3\ch04_20250830231648.mp4,ch04_20250830231648.mp4,55523.21034,58299.384007,1338.62266,1352.13066,Pen 3 - Group 1/PREWEANING/Day 3/0526.zip
461,546,CS_0527_PREWEAN_d3_p3_cow3_3082025_ch04-20250831061906_80863_80912.mp4,Pen 3 - Group 1\PREWEANING\Day 3\CS_0527_PREWEAN_d3_p3_cow3_3082025_ch04-20250831061906_80863_80912.mp4,E:\cross_sucking\Pen 3 - Group 1\PREWEANING\Day 3\CS_0527_PREWEAN_d3_p3_cow3_3082025_ch04-20250831061906_80863_80912.mp4,skipped_existing,1,1,Pen_3_PREWEAN_Day_3_3082025,Pen 3 - Group 1,PREWEAN,3,3,3082025,3,other|1|None|side,80863.901,80912.323,80863.901,80912.323,G:\MONITORING CROSS SUCKING IN CALVES - KAPPEL - 2025\Pen 3 - Group 1\PREWEANING\Day 3\ch04_20250831061906.mp4,ch04_20250831061906.mp4,80508.743343,83285.89901,355.157657,403.579657,Pen 3 - Group 1/PREWEANING/Day 3/0527.zip
462,547,CS_0528_WEAN_d1_p3_cowO_27092025_ch04-20250927090249_7039_7062.mp4,Pen 3 - Group 1\WEANING\Day 1\CS_0528_WEAN_d1_p3_cowO_27092025_ch04-20250927090249_7039_7062.mp4,E:\cross_sucking\Pen 3 - Group 1\WEANING\Day 1\CS_0528_WEAN_d1_p3_cowO_27092025_ch04-20250927090249_7039_7062.mp4,skipped_existing,1,1,Pen_3_WEAN_Day_1_27092025,Pen 3 - Group 1,WEAN,1,3,27092025,O,grain feeder|A|None|behind,7039.939,7062.388,7039.939,7062.388,G:\MONITORING CROSS SUCKING IN CALVES - KAPPEL - 2025\Pen 3 - Group 1\WEANING\Day 1\ch04_20250927090249.mp4,ch04_20250927090249.mp4,5550.620334,8327.675001,1489.318666,1511.767666,Pen 3 - Group 1/WEANING/Day 1/0528.zip
463,548,CS_0529_WEAN_d1_p3_cowO_27092025_ch04-20250927090249_7074_7097.mp4,Pen 3 - Group 1\WEANING\Day 1\CS_0529_WEAN_d1_p3_cowO_27092025_ch04-20250927090249_7074_7097.mp4,E:\cross_sucking\Pen 3 - Group 1\WEANING\Day 1\CS_0529_WEAN_d1_p3_cowO_27092025_ch04-20250927090249_7074_7097.mp4,skipped_existing,1,1,Pen_3_WEAN_Day_1_27092025,Pen 3 - Group 1,WEAN,1,3,27092025,O,grain feeder|A|None|behind,7074.151,7097.545,7074.151,7097.545,G:\MONITORING CROSS SUCKING IN CALVES - KAPPEL - 2025\Pen 3 - Group 1\WEANING\Day 1\ch04_20250927090249.mp4,ch04_20250927090249.mp4,5550.620334,8327.675001,1523.530666,1546.924666,Pen 3 - Group 1/WEANING/Day 1/0529.zip
464,549,CS_0530_WEAN_d1_p3_cowO_27092025_ch04-20250927090249_7109_7173.mp4,Pen 3 - Group 1\WEANING\Day 1\CS_0530_WEAN_d1_p3_cowO_27092025_ch04-20250927090249_7109_7173.mp4,E:\cross_sucking\Pen 3 - Group 1\WEANING\Day 1\CS_0530_WEAN_d1_p3_cowO_27092025_ch04-20250927090249_7109_7173.mp4,skipped_existing,1,1,Pen_3_WEAN_Day_1_27092025,Pen 3 - Group 1,WEAN,1,3,27092025,O,grain feeder|A|None|behind,7109.875,7173.89,7109.875,7173.89,G:\MONITORING CROSS SUCKING IN CALVES - KAPPEL - 2025\Pen 3 - Group 1\WEANING\Day 1\ch04_20250927090249.mp4,ch04_20250927090249.mp4,5550.620334,8327.675001,1559.254666,1623.269666,Pen 3 - Group 1/WEANING/Day 1/0530.zip
465,550,CS_0531_WEAN_d1_p3_cowO_27092025_ch04-20250927090249_7187_7227.mp4,Pen 3 - Group 1\WEANING\Day 1\CS_0531_WEAN_d1_p3_cowO_27092025_ch04-20250927090249_7187_7227.mp4,E:\cross_sucking\Pen 3 - Group 1\WEANING\Day 1\CS_0531_WEAN_d1_p3_cowO_27092025_ch04-20250927090249_7187_7227.mp4,skipped_existing,1,1,Pen_3_WEAN_Day_1_27092025,Pen 3 - Group 1,WEAN,1,3,27092025,O,grain feeder|A|None|behind,7187.367,7227.84,7187.367,7227.84,G:\MONITORING CROSS SUCKING IN CALVES - KAPPEL - 2025\Pen 3 - Group 1\WEANING\Day 1\ch04_20250927090249.mp4,ch04_20250927090249.mp4,5550.620334,8327.675001,1636.746666,1677.219666,Pen 3 - Group 1/WEANING/Day 1/0531.zip
466,551,CS_0532_WEAN_d1_p3_cow7_27092025_ch04-20250927094946_8838_8980.mp4,Pen 3 - Group 1\WEANING\Day 1\CS_0532_WEAN_d1_p3_cow7_27092025_ch04-20250927094946_8838_8980.mp4,E:\cross_sucking\Pen 3 - Group 1\WEANING\Day 1\CS_0532_WEAN_d1_p3_cow7_27092025_ch04-20250927094946_8838_8980.mp4,skipped_existing,1,1,Pen_3_WEAN_Day_1_27092025,Pen 3 - Group 1,WEAN,1,3,27092025,7,other|A|None|side,8838.843,8980.181,8838.843,8980.181,G:\MONITORING CROSS SUCKING IN CALVES - KAPPEL - 2025\Pen 3 - Group 1\WEANING\Day 1\ch04_20250927094946.mp4,ch04_20250927094946.mp4,8327.675001,11102.231668,511.167999,652.505999,Pen 3 - Group 1/WEANING/Day 1/0532.zip
467,552,CS_0533_WEAN_d1_p3_cow3_27092025_ch04-20250927094946_9042_9066.mp4,Pen 3 - Group 1\WEANING\Day 1\CS_0533_WEAN_d1_p3_cow3_27092025_ch04-20250927094946_9042_9066.mp4,E:\cross_sucking\Pen 3 - Group 1\WEANING\Day 1\CS_0533_WEAN_d1_p3_cow3_27092025_ch04-20250927094946_9042_9066.mp4,skipped_existing,1,1,Pen_3_WEAN_Day_1_27092025,Pen 3 - Group 1,WEAN,1,3,27092025,3,other|2|None|side,9042.018,9066.234,9042.018,9066.234,G:\MONITORING CROSS SUCKING IN CALVES - KAPPEL - 2025\Pen 3 - Group 1\WEANING\Day 1\ch04_20250927094946.mp4,ch04_20250927094946.mp4,8327.675001,11102.231668,714.342999,738.558999,Pen 3 - Group 1/WEANING/Day 1/0533.zip
468,554,CS_0535_WEAN_d1_p3_cow3_27092025_ch04-20250927094946_9069_9162.mp4,Pen 3 - Group 1\WEANING\Day 1\CS_0535_WEAN_d1_p3_cow3_27092025_ch04-20250927094946_9069_9162.mp4,E:\cross_sucking\Pen 3 - Group 1\WEANING\Day 1\CS_0535_WEAN_d1_p3_cow3_27092025_ch04-20250927094946_9069_9162.mp4,skipped_existing,1,1,Pen_3_WEAN_Day_1_27092025,Pen 3 - Group 1,WEAN,1,3,27092025,3,other|2|reciprocal|side,9069.699,9162.001,9069.699,9162.001,G:\MONITORING CROSS SUCKING IN CALVES - KAPPEL - 2025\Pen 3 - Group 1\WEANING\Day 1\ch04_20250927094946.mp4,ch04_20250927094946.mp4,8327.675001,11102.231668,742.023999,834.325999,Pen 3 - Group 1/WEANING/Day 1/0535.zip
469,557,CS_0538_WEAN_d1_p3_cow1_27092025_ch04-20250927094946_9196_9575.mp4,Pen 3 - Group 1\WEANING\Day 1\CS_0538_WEAN_d1_p3_cow1_27092025_ch04-20250927094946_9196_9575.mp4,E:\cross_sucking\Pen 3 - Group 1\WEANING\Day 1\CS_0538_WEAN_d1_p3_cow1_27092025_ch04-20250927094946_9196_9575.mp4,skipped_existing,1,1,Pen_3_WEAN_Day_1_27092025,Pen 3 - Group 1,WEAN,1,3,27092025,1,other|2|reciprocal|side,9196.512,9575.436,9196.512,9575.436,G:\MONITORING CROSS SUCKING IN CALVES - KAPPEL - 2025\Pen 3 - Group 1\WEANING\Day 1\ch04_20250927094946.mp4,ch04_20250927094946.mp4,8327.675001,11102.231668,868.836999,1247.760999,Pen 3 - Group 1/WEANING/Day 1/0538.zip
470,562,CS_0543_WEAN_d1_p3_cow3_27092025_ch04-20250927094946_10416_10465.mp4,Pen 3 - Group 1\WEANING\Day 1\CS_0543_WEAN_d1_p3_cow3_27092025_ch04-20250927094946_10416_10465.mp4,E:\cross_sucking\Pen 3 - Group 1\WEANING\Day 1\CS_0543_WEAN_d1_p3_cow3_27092025_ch04-20250927094946_10416_10465.mp4,skipped_existing,1,1,Pen_3_WEAN_Day_1_27092025,Pen 3 - Group 1,WEAN,1,3,27092025,3,other|1|reciprocal|side,10416.977,10465.487,10416.977,10465.487,G:\MONITORING CROSS SUCKING IN CALVES - KAPPEL - 2025\Pen 3 - Group 1\WEANING\Day 1\ch04_20250927094946.mp4,ch04_20250927094946.mp4,8327.675001,11102.231668,2089.301999,2137.811999,Pen 3 - Group 1/WEANING/Day 1/0543.zip
471,563,CS_0544_WEAN_d1_p3_cowT_27092025_ch04-20250927125728_21623_21640.mp4,Pen 3 - Group 1\WEANING\Day 1\CS_0544_WEAN_d1_p3_cowT_27092025_ch04-20250927125728_21623_21640.mp4,E:\cross_sucking\Pen 3 - Group 1\WEANING\Day 1\CS_0544_WEAN_d1_p3_cowT_27092025_ch04-20250927125728_21623_21640.mp4,skipped_existing,1,1,Pen_3_WEAN_Day_1_27092025,Pen 3 - Group 1,WEAN,1,3,27092025,T,milk feeder|3|None|behind,21623.785,21640.085,21623.785,21640.085,G:\MONITORING CROSS SUCKING IN CALVES - KAPPEL - 2025\Pen 3 - Group 1\WEANING\Day 1\ch04_20250927125728.mp4,ch04_20250927125728.mp4,19430.309669,22206.463336,2193.475331,2209.775331,Pen 3 - Group 1/WEANING/Day 1/0544.zip
472,565,CS_0546_WEAN_d1_p3_cow3_27092025_ch04-20250927134424_23059_23066.mp4,Pen 3 - Group 1\WEANING\Day 1\CS_0546_WEAN_d1_p3_cow3_27092025_ch04-20250927134424_23059_23066.mp4,E:\cross_sucking\Pen 3 - Group 1\WEANING\Day 1\CS_0546_WEAN_d1_p3_cow3_27092025_ch04-20250927134424_23059_23066.mp4,skipped_existing,1,1,Pen_3_WEAN_Day_1_27092025,Pen 3 - Group 1,WEAN,1,3,27092025,3,other|1|reciprocal|side,23059.048,23066.114,23059.048,23066.114,G:\MONITORING CROSS SUCKING IN CALVES - KAPPEL - 2025\Pen 3 - Group 1\WEANING\Day 1\ch04_20250927134424.mp4,ch04_20250927134424.mp4,22206.463336,24981.153003,852.584664,859.650664,Pen 3 - Group 1/WEANING/Day 1/0546.zip
473,566,CS_0547_WEAN_d1_p3_cow7_27092025_ch04-20250927165204_34008_34028.mp4,Pen 3 - Group 1\WEANING\Day 1\CS_0547_WEAN_d1_p3_cow7_27092025_ch04-20250927165204_34008_34028.mp4,E:\cross_sucking\Pen 3 - Group 1\WEANING\Day 1\CS_0547_WEAN_d1_p3_cow7_27092025_ch04-20250927165204_34008_34028.mp4,skipped_existing,1,1,Pen_3_WEAN_Day_1_27092025,Pen 3 - Group 1,WEAN,1,3,27092025,7,hay|1|None|behind,34008.379,34028.245,34008.379,34028.245,G:\MONITORING CROSS SUCKING IN CALVES - KAPPEL - 2025\Pen 3 - Group 1\WEANING\Day 1\ch04_20250927165204.mp4,ch04_20250927165204.mp4,33308.683004,36085.024671,699.695996,719.561996,Pen 3 - Group 1/WEANING/Day 1/0547.zip
474,567,CS_0548_WEAN_d1_p3_cow7_27092025_ch04-20250927165204_34076_34089.mp4,Pen 3 - Group 1\WEANING\Day 1\CS_0548_WEAN_d1_p3_cow7_27092025_ch04-20250927165204_34076_34089.mp4,E:\cross_sucking\Pen 3 - Group 1\WEANING\Day 1\CS_0548_WEAN_d1_p3_cow7_27092025_ch04-20250927165204_34076_34089.mp4,skipped_existing,1,1,Pen_3_WEAN_Day_1_27092025,Pen 3 - Group 1,WEAN,1,3,27092025,7,hay|2|None|behind,34076.593,34089.611,34076.593,34089.611,G:\MONITORING CROSS SUCKING IN CALVES - KAPPEL - 2025\Pen 3 - Group 1\WEANING\Day 1\ch04_20250927165204.mp4,ch04_20250927165204.mp4,33308.683004,36085.024671,767.909996,780.927996,Pen 3 - Group 1/WEANING/Day 1/0548.zip
475,568,CS_0549_WEAN_d1_p3_cowA_27092025_ch04-20250927191252_44337_44370.mp4,Pen 3 - Group 1\WEANING\Day 1\CS_0549_WEAN_d1_p3_cowA_27092025_ch04-20250927191252_44337_44370.mp4,E:\cross_sucking\Pen 3 - Group 1\WEANING\Day 1\CS_0549_WEAN_d1_p3_cowA_27092025_ch04-20250927191252_44337_44370.mp4,skipped_existing,1,1,Pen_3_WEAN_Day_1_27092025,Pen 3 - Group 1,WEAN,1,3,27092025,A,grain feeder|6|None|behind,44337.629,44370.932,44337.629,44370.932,G:\MONITORING CROSS SUCKING IN CALVES - KAPPEL - 2025\Pen 3 - Group 1\WEANING\Day 1\ch04_20250927191252.mp4,ch04_20250927191252.mp4,41637.175005,44412.295672,2700.453995,2733.756995,Pen 3 - Group 1/WEANING/Day 1/0549.zip
476,569,CS_0550_WEAN_d1_p3_cowA_27092025_ch04-20250927195946_44436_44467.mp4,Pen 3 - Group 1\WEANING\Day 1\CS_0550_WEAN_d1_p3_cowA_27092025_ch04-20250927195946_44436_44467.mp4,E:\cross_sucking\Pen 3 - Group 1\WEANING\Day 1\CS_0550_WEAN_d1_p3_cowA_27092025_ch04-20250927195946_44436_44467.mp4,skipped_existing,1,1,Pen_3_WEAN_Day_1_27092025,Pen 3 - Group 1,WEAN,1,3,27092025,A,other|6|None|behind,44436.227,44467.063,44436.227,44467.063,G:\MONITORING CROSS SUCKING IN CALVES - KAPPEL - 2025\Pen 3 - Group 1\WEANING\Day 1\ch04_20250927195946.mp4,ch04_20250927195946.mp4,44412.295672,47188.806339,23.931328,54.767328,Pen 3 - Group 1/WEANING/Day 1/0550.zip
477,570,CS_0551_WEAN_d1_p3_cowO_27092025_ch04-20250927195946_44819_44830.mp4,Pen 3 - Group 1\WEANING\Day 1\CS_0551_WEAN_d1_p3_cowO_27092025_ch04-20250927195946_44819_44830.mp4,E:\cross_sucking\Pen 3 - Group 1\WEANING\Day 1\CS_0551_WEAN_d1_p3_cowO_27092025_ch04-20250927195946_44819_44830.mp4,skipped_existing,1,1,Pen_3_WEAN_Day_1_27092025,Pen 3 - Group 1,WEAN,1,3,27092025,O,grain feeder|6|None|side,44819.58,44830.432,44819.58,44830.432,G:\MONITORING CROSS SUCKING IN CALVES - KAPPEL - 2025\Pen 3 - Group 1\WEANING\Day 1\ch04_20250927195946.mp4,ch04_20250927195946.mp4,44412.295672,47188.806339,407.284328,418.136328,Pen 3 - Group 1/WEANING/Day 1/0551.zip
478,571,CS_0552_WEAN_d1_p3_cow7_27092025_ch04-20250927213339_51609_51626.mp4,Pen 3 - Group 1\WEANING\Day 1\CS_0552_WEAN_d1_p3_cow7_27092025_ch04-20250927213339_51609_51626.mp4,E:\cross_sucking\Pen 3 - Group 1\WEANING\Day 1\CS_0552_WEAN_d1_p3_cow7_27092025_ch04-20250927213339_51609_51626.mp4,skipped_existing,1,1,Pen_3_WEAN_Day_1_27092025,Pen 3 - Group 1,WEAN,1,3,27092025,7,hay|T|None|side,51609.168,51626.886,51609.168,51626.886,G:\MONITORING CROSS SUCKING IN CALVES - KAPPEL - 2025\Pen 3 - Group 1\WEANING\Day 1\ch04_20250927213339.mp4,ch04_20250927213339.mp4,49965.749006,52742.404673,1643.418994,1661.136994,Pen 3 - Group 1/WEANING/Day 1/0552.zip
479,572,CS_0553_WEAN_d1_p3_cow3_27092025_ch04-20250927213339_51897_51903.mp4,Pen 3 - Group 1\WEANING\Day 1\CS_0553_WEAN_d1_p3_cow3_27092025_ch04-20250927213339_51897_51903.mp4,E:\cross_sucking\Pen 3 - Group 1\WEANING\Day 1\CS_0553_WEAN_d1_p3_cow3_27092025_ch04-20250927213339_51897_51903.mp4,skipped_existing,1,1,Pen_3_WEAN_Day_1_27092025,Pen 3 - Group 1,WEAN,1,3,27092025,3,milk feeder|A|None|behind,51897.146,51903.748,51897.146,51903.748,G:\MONITORING CROSS SUCKING IN CALVES - KAPPEL - 2025\Pen 3 - Group 1\WEANING\Day 1\ch04_20250927213339.mp4,ch04_20250927213339.mp4,49965.749006,52742.404673,1931.396994,1937.998994,Pen 3 - Group 1/WEANING/Day 1/0553.zip
480,573,CS_0554_WEAN_d1_p3_cow3_27092025_ch04-20250927213339_52036_52036.mp4,Pen 3 - Group 1\WEANING\Day 1\CS_0554_WEAN_d1_p3_cow3_27092025_ch04-20250927213339_52036_52036.mp4,E:\cross_sucking\Pen 3 - Group 1\WEANING\Day 1\CS_0554_WEAN_d1_p3_cow3_27092025_ch04-20250927213339_52036_52036.mp4,skipped_existing,1,1,Pen_3_WEAN_Day_1_27092025,Pen 3 - Group 1,WEAN,1,3,27092025,3,milk feeder|6|None|behind,52036.226,52036.661,52036.226,52036.661,G:\MONITORING CROSS SUCKING IN CALVES - KAPPEL - 2025\Pen 3 - Group 1\WEANING\Day 1\ch04_20250927213339.mp4,ch04_20250927213339.mp4,49965.749006,52742.404673,2070.476994,2070.911994,Pen 3 - Group 1/WEANING/Day 1/0554.zip
481,574,CS_0555_WEAN_d1_p3_cow3_27092025_ch04-20250927213339_52040_52041.mp4,Pen 3 - Group 1\WEANING\Day 1\CS_0555_WEAN_d1_p3_cow3_27092025_ch04-20250927213339_52040_52041.mp4,E:\cross_sucking\Pen 3 - Group 1\WEANING\Day 1\CS_0555_WEAN_d1_p3_cow3_27092025_ch04-20250927213339_52040_52041.mp4,skipped_existing,1,1,Pen_3_WEAN_Day_1_27092025,Pen 3 - Group 1,WEAN,1,3,27092025,3,milk feeder|6|None|behind,52040.998,52041.632,52040.998,52041.632,G:\MONITORING CROSS SUCKING IN CALVES - KAPPEL - 2025\Pen 3 - Group 1\WEANING\Day 1\ch04_20250927213339.mp4,ch04_20250927213339.mp4,49965.749006,52742.404673,2075.248994,2075.882994,Pen 3 - Group 1/WEANING/Day 1/0555.zip
482,575,CS_0556_WEAN_d1_p3_cow3_27092025_ch04-20250927213339_52050_52100.mp4,Pen 3 - Group 1\WEANING\Day 1\CS_0556_WEAN_d1_p3_cow3_27092025_ch04-20250927213339_52050_52100.mp4,E:\cross_sucking\Pen 3 - Group 1\WEANING\Day 1\CS_0556_WEAN_d1_p3_cow3_27092025_ch04-20250927213339_52050_52100.mp4,skipped_existing,1,1,Pen_3_WEAN_Day_1_27092025,Pen 3 - Group 1,WEAN,1,3,27092025,3,milk feeder|6|None|behind,52050.003,52100.521,52050.003,52100.521,G:\MONITORING CROSS SUCKING IN CALVES - KAPPEL - 2025\Pen 3 - Group 1\WEANING\Day 1\ch04_20250927213339.mp4,ch04_20250927213339.mp4,49965.749006,52742.404673,2084.253994,2134.771994,Pen 3 - Group 1/WEANING/Day 1/0556.zip
483,576,CS_0557_WEAN_d1_p3_cow3_27092025_ch04-20250927213339_52100_52100.mp4,Pen 3 - Group 1\WEANING\Day 1\CS_0557_WEAN_d1_p3_cow3_27092025_ch04-20250927213339_52100_52100.mp4,E:\cross_sucking\Pen 3 - Group 1\WEANING\Day 1\CS_0557_WEAN_d1_p3_cow3_27092025_ch04-20250927213339_52100_52100.mp4,skipped_existing,1,1,Pen_3_WEAN_Day_1_27092025,Pen 3 - Group 1,WEAN,1,3,27092025,3,milk feeder|6|None|behind,52100.522,52100.853,52100.522,52100.853,G:\MONITORING CROSS SUCKING IN CALVES - KAPPEL - 2025\Pen 3 - Group 1\WEANING\Day 1\ch04_20250927213339.mp4,ch04_20250927213339.mp4,49965.749006,52742.404673,2134.772994,2135.103994,Pen 3 - Group 1/WEANING/Day 1/0557.zip
484,577,CS_0558_WEAN_d1_p3_cow3_27092025_ch04-20250927213339_52617_52675.mp4,Pen 3 - Group 1\WEANING\Day 1\CS_0558_WEAN_d1_p3_cow3_27092025_ch04-20250927213339_52617_52675.mp4,E:\cross_sucking\Pen 3 - Group 1\WEANING\Day 1\CS_0558_WEAN_d1_p3_cow3_27092025_ch04-20250927213339_52617_52675.mp4,skipped_existing,1,1,Pen_3_WEAN_Day_1_27092025,Pen 3 - Group 1,WEAN,1,3,27092025,3,hay|A|None|behind,52617.447,52675.309,52617.447,52675.309,G:\MONITORING CROSS SUCKING IN CALVES - KAPPEL - 2025\Pen 3 - Group 1\WEANING\Day 1\ch04_20250927213339.mp4,ch04_20250927213339.mp4,49965.749006,52742.404673,2651.697994,2709.559994,Pen 3 - Group 1/WEANING/Day 1/0558.zip
485,578,CS_0559_WEAN_d1_p3_cow2_27092025_ch04-20250927230729_57434_57449.mp4,Pen 3 - Group 1\WEANING\Day 1\CS_0559_WEAN_d1_p3_cow2_27092025_ch04-20250927230729_57434_57449.mp4,E:\cross_sucking\Pen 3 - Group 1\WEANING\Day 1\CS_0559_WEAN_d1_p3_cow2_27092025_ch04-20250927230729_57434_57449.mp4,skipped_existing,1,1,Pen_3_WEAN_Day_1_27092025,Pen 3 - Group 1,WEAN,1,3,27092025,2,grain feeder|T|None|behind,57434.153,57449.075,57434.153,57449.075,G:\MONITORING CROSS SUCKING IN CALVES - KAPPEL - 2025\Pen 3 - Group 1\WEANING\Day 1\ch04_20250927230729.mp4,ch04_20250927230729.mp4,55517.85634,58293.424007,1916.29666,1931.21866,Pen 3 - Group 1/WEANING/Day 1/0559.zip
486,579,CS_0560_WEAN_d1_p3_cow2_27092025_ch04-20250927230729_57459_57461.mp4,Pen 3 - Group 1\WEANING\Day 1\CS_0560_WEAN_d1_p3_cow2_27092025_ch04-20250927230729_57459_57461.mp4,E:\cross_sucking\Pen 3 - Group 1\WEANING\Day 1\CS_0560_WEAN_d1_p3_cow2_27092025_ch04-20250927230729_57459_57461.mp4,skipped_existing,1,1,Pen_3_WEAN_Day_1_27092025,Pen 3 - Group 1,WEAN,1,3,27092025,2,grain feeder|T|None|behind,57459.36,57461.726,57459.36,57461.726,G:\MONITORING CROSS SUCKING IN CALVES - KAPPEL - 2025\Pen 3 - Group 1\WEANING\Day 1\ch04_20250927230729.mp4,ch04_20250927230729.mp4,55517.85634,58293.424007,1941.50366,1943.86966,Pen 3 - Group 1/WEANING/Day 1/0560.zip
487,580,CS_0561_WEAN_d1_p3_cow6_27092025_ch04-20250927230729_57788_57844.mp4,Pen 3 - Group 1\WEANING\Day 1\CS_0561_WEAN_d1_p3_cow6_27092025_ch04-20250927230729_57788_57844.mp4,E:\cross_sucking\Pen 3 - Group 1\WEANING\Day 1\CS_0561_WEAN_d1_p3_cow6_27092025_ch04-20250927230729_57788_57844.mp4,skipped_existing,1,1,Pen_3_WEAN_Day_1_27092025,Pen 3 - Group 1,WEAN,1,3,27092025,6,other|A|None|behind,57788.529,57844.294,57788.529,57844.294,G:\MONITORING CROSS SUCKING IN CALVES - KAPPEL - 2025\Pen 3 - Group 1\WEANING\Day 1\ch04_20250927230729.mp4,ch04_20250927230729.mp4,55517.85634,58293.424007,2270.67266,2326.43766,Pen 3 - Group 1/WEANING/Day 1/0561.zip
488,581,CS_0562_WEAN_d1_p3_cow3_27092025_ch04-20250927235425_59859_59862.mp4,Pen 3 - Group 1\WEANING\Day 1\CS_0562_WEAN_d1_p3_cow3_27092025_ch04-20250927235425_59859_59862.mp4,E:\cross_sucking\Pen 3 - Group 1\WEANING\Day 1\CS_0562_WEAN_d1_p3_cow3_27092025_ch04-20250927235425_59859_59862.mp4,skipped_existing,1,1,Pen_3_WEAN_Day_1_27092025,Pen 3 - Group 1,WEAN,1,3,27092025,3,hay|6|None|behind,59859.767,59862.919,59859.767,59862.919,G:\MONITORING CROSS SUCKING IN CALVES - KAPPEL - 2025\Pen 3 - Group 1\WEANING\Day 1\ch04_20250927235425.mp4,ch04_20250927235425.mp4,58293.424007,61068.785674,1566.342993,1569.494993,Pen 3 - Group 1/WEANING/Day 1/0562.zip
489,583,CS_0564_WEAN_d1_p3_cow2_27092025_ch04-20250928065643_84588_84685.mp4,Pen 3 - Group 1\WEANING\Day 1\CS_0564_WEAN_d1_p3_cow2_27092025_ch04-20250928065643_84588_84685.mp4,E:\cross_sucking\Pen 3 - Group 1\WEANING\Day 1\CS_0564_WEAN_d1_p3_cow2_27092025_ch04-20250928065643_84588_84685.mp4,skipped_existing,1,1,Pen_3_WEAN_Day_1_27092025,Pen 3 - Group 1,WEAN,1,3,27092025,2,other|1|reciprocal|side,84588.96,84685.76,84588.96,84685.76,G:\MONITORING CROSS SUCKING IN CALVES - KAPPEL - 2025\Pen 3 - Group 1\WEANING\Day 1\ch04_20250928065643.mp4,ch04_20250928065643.mp4,83275.96301,86052.280677,1312.99699,1409.79699,Pen 3 - Group 1/WEANING/Day 1/0564.zip
490,585,CS_0566_WEAN_d1_p3_cow2_27092025_ch04-20250928065643_84690_84747.mp4,Pen 3 - Group 1\WEANING\Day 1\CS_0566_WEAN_d1_p3_cow2_27092025_ch04-20250928065643_84690_84747.mp4,E:\cross_sucking\Pen 3 - Group 1\WEANING\Day 1\CS_0566_WEAN_d1_p3_cow2_27092025_ch04-20250928065643_84690_84747.mp4,skipped_existing,1,1,Pen_3_WEAN_Day_1_27092025,Pen 3 - Group 1,WEAN,1,3,27092025,2,other|1|None|side,84690.1,84747.852,84690.1,84747.852,G:\MONITORING CROSS SUCKING IN CALVES - KAPPEL - 2025\Pen 3 - Group 1\WEANING\Day 1\ch04_20250928065643.mp4,ch04_20250928065643.mp4,83275.96301,86052.280677,1414.13699,1471.88899,Pen 3 - Group 1/WEANING/Day 1/0566.zip
593,875,CS_0845_PREWEAN_d1_p5_cowT_10102025_ch05-20251010082808_3190_3195.mp4,Pen 5 - Group 3\PREWEANING\Day 1\CS_0845_PREWEAN_d1_p5_cowT_10102025_ch05-20251010082808_3190_3195.mp4,E:\cross_sucking\Pen 5 - Group 3\PREWEANING\Day 1\CS_0845_PREWEAN_d1_p5_cowT_10102025_ch05-20251010082808_3190_3195.mp4,skipped_existing,1,1,Pen_5_PREWEAN_Day_1_10102025,Pen 5 - Group 3,PREWEAN,1,5,10102025,T,other|A|None|side,3190.645,3195.016,3190.645,3195.016,G:\MONITORING CROSS SUCKING IN CALVES - KAPPEL - 2025\Pen 5 - Group 3\PREWEANING\Day 1\ch05_20251010082808.mp4,ch05_20251010082808.mp4,2803.072578,4204.469867,387.572422,391.943422,Pen 5 - Group 3/PREWEANING 2/Day 1/0845.zip
594,876,CS_0846_PREWEAN_d1_p5_cowA_10102025_ch05-20251010082808_3456_3464.mp4,Pen 5 - Group 3\PREWEANING\Day 1\CS_0846_PREWEAN_d1_p5_cowA_10102025_ch05-20251010082808_3456_3464.mp4,E:\cross_sucking\Pen 5 - Group 3\PREWEANING\Day 1\CS_0846_PREWEAN_d1_p5_cowA_10102025_ch05-20251010082808_3456_3464.mp4,skipped_existing,1,1,Pen_5_PREWEAN_Day_1_10102025,Pen 5 - Group 3,PREWEAN,1,5,10102025,A,other|O|None|side,3456.192,3464.059,3456.192,3464.059,G:\MONITORING CROSS SUCKING IN CALVES - KAPPEL - 2025\Pen 5 - Group 3\PREWEANING\Day 1\ch05_20251010082808.mp4,ch05_20251010082808.mp4,2803.072578,4204.469867,653.119422,660.986422,Pen 5 - Group 3/PREWEANING 2/Day 1/0846.zip
595,877,CS_0847_PREWEAN_d1_p5_cowA_10102025_ch05-20251010082808_3464_3468.mp4,Pen 5 - Group 3\PREWEANING\Day 1\CS_0847_PREWEAN_d1_p5_cowA_10102025_ch05-20251010082808_3464_3468.mp4,E:\cross_sucking\Pen 5 - Group 3\PREWEANING\Day 1\CS_0847_PREWEAN_d1_p5_cowA_10102025_ch05-20251010082808_3464_3468.mp4,skipped_existing,1,1,Pen_5_PREWEAN_Day_1_10102025,Pen 5 - Group 3,PREWEAN,1,5,10102025,A,other|O|None|side,3464.06,3468.16,3464.06,3468.16,G:\MONITORING CROSS SUCKING IN CALVES - KAPPEL - 2025\Pen 5 - Group 3\PREWEANING\Day 1\ch05_20251010082808.mp4,ch05_20251010082808.mp4,2803.072578,4204.469867,660.987422,665.087422,Pen 5 - Group 3/PREWEANING 2/Day 1/0847.zip
596,878,CS_0848_PREWEAN_d1_p5_cowA_10102025_ch05-20251010082808_3468_3472.mp4,Pen 5 - Group 3\PREWEANING\Day 1\CS_0848_PREWEAN_d1_p5_cowA_10102025_ch05-20251010082808_3468_3472.mp4,E:\cross_sucking\Pen 5 - Group 3\PREWEANING\Day 1\CS_0848_PREWEAN_d1_p5_cowA_10102025_ch05-20251010082808_3468_3472.mp4,skipped_existing,1,1,Pen_5_PREWEAN_Day_1_10102025,Pen 5 - Group 3,PREWEAN,1,5,10102025,A,other|O|None|side,3468.161,3472.527,3468.161,3472.527,G:\MONITORING CROSS SUCKING IN CALVES - KAPPEL - 2025\Pen 5 - Group 3\PREWEANING\Day 1\ch05_20251010082808.mp4,ch05_20251010082808.mp4,2803.072578,4204.469867,665.088422,669.454422,Pen 5 - Group 3/PREWEANING 2/Day 1/0848.zip
597,879,CS_0849_PREWEAN_d1_p5_cow1_10102025_ch05-20251010082808_3661_3665.mp4,Pen 5 - Group 3\PREWEANING\Day 1\CS_0849_PREWEAN_d1_p5_cow1_10102025_ch05-20251010082808_3661_3665.mp4,E:\cross_sucking\Pen 5 - Group 3\PREWEANING\Day 1\CS_0849_PREWEAN_d1_p5_cow1_10102025_ch05-20251010082808_3661_3665.mp4,skipped_existing,1,1,Pen_5_PREWEAN_Day_1_10102025,Pen 5 - Group 3,PREWEAN,1,5,10102025,1,other|O|None|side,3661.098,3665.2,3661.098,3665.2,G:\MONITORING CROSS SUCKING IN CALVES - KAPPEL - 2025\Pen 5 - Group 3\PREWEANING\Day 1\ch05_20251010082808.mp4,ch05_20251010082808.mp4,2803.072578,4204.469867,858.025422,862.127422,Pen 5 - Group 3/PREWEANING 2/Day 1/0849.zip
598,882,CS_0852_PREWEAN_d1_p5_cow1_10102025_ch05-20251010091512_6495_6765.mp4,Pen 5 - Group 3\PREWEANING\Day 1\CS_0852_PREWEAN_d1_p5_cow1_10102025_ch05-20251010091512_6495_6765.mp4,E:\cross_sucking\Pen 5 - Group 3\PREWEANING\Day 1\CS_0852_PREWEAN_d1_p5_cow1_10102025_ch05-20251010091512_6495_6765.mp4,skipped_existing,1,1,Pen_5_PREWEAN_Day_1_10102025,Pen 5 - Group 3,PREWEAN,1,5,10102025,1,other|8|reciprocal|side,6495.129,6765.544,6495.129,6765.544,G:\MONITORING CROSS SUCKING IN CALVES - KAPPEL - 2025\Pen 5 - Group 3\PREWEANING\Day 1\ch05_20251010091512.mp4,ch05_20251010091512.mp4,5605.918156,7007.241445,889.210844,1159.625844,Pen 5 - Group 3/PREWEANING 2/Day 1/0852.zip
599,883,CS_0853_PREWEAN_d1_p5_cow2_10102025_ch05-20251010100216_9254_9263.mp4,Pen 5 - Group 3\PREWEANING\Day 1\CS_0853_PREWEAN_d1_p5_cow2_10102025_ch05-20251010100216_9254_9263.mp4,E:\cross_sucking\Pen 5 - Group 3\PREWEANING\Day 1\CS_0853_PREWEAN_d1_p5_cow2_10102025_ch05-20251010100216_9254_9263.mp4,skipped_existing,1,1,Pen_5_PREWEAN_Day_1_10102025,Pen 5 - Group 3,PREWEAN,1,5,10102025,2,other|/|None|behind,9254.403,9263.467,9254.403,9263.467,G:\MONITORING CROSS SUCKING IN CALVES - KAPPEL - 2025\Pen 5 - Group 3\PREWEANING\Day 1\ch05_20251010100216.mp4,ch05_20251010100216.mp4,8408.665734,9809.138023,845.737266,854.801266,Pen 5 - Group 3/PREWEANING 2/Day 1/0853.zip
600,884,CS_0854_PREWEAN_d1_p5_cowO_10102025_ch05-20251010142106_24382_24386.mp4,Pen 5 - Group 3\PREWEANING\Day 1\CS_0854_PREWEAN_d1_p5_cowO_10102025_ch05-20251010142106_24382_24386.mp4,E:\cross_sucking\Pen 5 - Group 3\PREWEANING\Day 1\CS_0854_PREWEAN_d1_p5_cowO_10102025_ch05-20251010142106_24382_24386.mp4,skipped_existing,1,1,Pen_5_PREWEAN_Day_1_10102025,Pen 5 - Group 3,PREWEAN,1,5,10102025,O,milk feeder|2|None|behind,24382.192,24386.953,24382.192,24386.953,G:\MONITORING CROSS SUCKING IN CALVES - KAPPEL - 2025\Pen 5 - Group 3\PREWEANING\Day 1\ch05_20251010142106.mp4,ch05_20251010142106.mp4,23821.494557,25222.953846,560.697443,565.458443,Pen 5 - Group 3/PREWEANING 2/Day 1/0854.zip
601,885,CS_0855_PREWEAN_d1_p5_cow8_10102025_ch05-20251010142106_24685_24739.mp4,Pen 5 - Group 3\PREWEANING\Day 1\CS_0855_PREWEAN_d1_p5_cow8_10102025_ch05-20251010142106_24685_24739.mp4,E:\cross_sucking\Pen 5 - Group 3\PREWEANING\Day 1\CS_0855_PREWEAN_d1_p5_cow8_10102025_ch05-20251010142106_24685_24739.mp4,skipped_existing,1,1,Pen_5_PREWEAN_Day_1_10102025,Pen 5 - Group 3,PREWEAN,1,5,10102025,8,other|1|reciprocal|side,24685.593,24739.46,24685.593,24739.46,G:\MONITORING CROSS SUCKING IN CALVES - KAPPEL - 2025\Pen 5 - Group 3\PREWEANING\Day 1\ch05_20251010142106.mp4,ch05_20251010142106.mp4,23821.494557,25222.953846,864.098443,917.965443,Pen 5 - Group 3/PREWEANING 2/Day 1/0855.zip
602,887,CS_0857_PREWEAN_d1_p5_cow1_10102025_ch05-20251010142106_24694_24746.mp4,Pen 5 - Group 3\PREWEANING\Day 1\CS_0857_PREWEAN_d1_p5_cow1_10102025_ch05-20251010142106_24694_24746.mp4,E:\cross_sucking\Pen 5 - Group 3\PREWEANING\Day 1\CS_0857_PREWEAN_d1_p5_cow1_10102025_ch05-20251010142106_24694_24746.mp4,skipped_existing,1,1,Pen_5_PREWEAN_Day_1_10102025,Pen 5 - Group 3,PREWEAN,1,5,10102025,1,other|8|reciprocal|side,24694.869,24746.277,24694.869,24746.277,G:\MONITORING CROSS SUCKING IN CALVES - KAPPEL - 2025\Pen 5 - Group 3\PREWEANING\Day 1\ch05_20251010142106.mp4,ch05_20251010142106.mp4,23821.494557,25222.953846,873.374443,924.782443,Pen 5 - Group 3/PREWEANING 2/Day 1/0857.zip
603,889,CS_0859_PREWEAN_d1_p5_cow1_10102025_ch05-20251010142106_24750_24752.mp4,Pen 5 - Group 3\PREWEANING\Day 1\CS_0859_PREWEAN_d1_p5_cow1_10102025_ch05-20251010142106_24750_24752.mp4,E:\cross_sucking\Pen 5 - Group 3\PREWEANING\Day 1\CS_0859_PREWEAN_d1_p5_cow1_10102025_ch05-20251010142106_24750_24752.mp4,skipped_existing,1,1,Pen_5_PREWEAN_Day_1_10102025,Pen 5 - Group 3,PREWEAN,1,5,10102025,1,other|8|None|side,24750.902,24752.69,24750.902,24752.69,G:\MONITORING CROSS SUCKING IN CALVES - KAPPEL - 2025\Pen 5 - Group 3\PREWEANING\Day 1\ch05_20251010142106.mp4,ch05_20251010142106.mp4,23821.494557,25222.953846,929.407443,931.195443,Pen 5 - Group 3/PREWEANING 2/Day 1/0859.zip
604,891,CS_0861_PREWEAN_d1_p5_cowT_10102025_ch05-20251010142106_24903_24914.mp4,Pen 5 - Group 3\PREWEANING\Day 1\CS_0861_PREWEAN_d1_p5_cowT_10102025_ch05-20251010142106_24903_24914.mp4,E:\cross_sucking\Pen 5 - Group 3\PREWEANING\Day 1\CS_0861_PREWEAN_d1_p5_cowT_10102025_ch05-20251010142106_24903_24914.mp4,skipped_existing,1,1,Pen_5_PREWEAN_Day_1_10102025,Pen 5 - Group 3,PREWEAN,1,5,10102025,T,other|8|None|side,24903.714,24914.035,24903.714,24914.035,G:\MONITORING CROSS SUCKING IN CALVES - KAPPEL - 2025\Pen 5 - Group 3\PREWEANING\Day 1\ch05_20251010142106.mp4,ch05_20251010142106.mp4,23821.494557,25222.953846,1082.219443,1092.540443,Pen 5 - Group 3/PREWEANING 2/Day 1/0861.zip
605,892,CS_0862_PREWEAN_d1_p5_cowT_10102025_ch05-20251010142106_24915_24958.mp4,Pen 5 - Group 3\PREWEANING\Day 1\CS_0862_PREWEAN_d1_p5_cowT_10102025_ch05-20251010142106_24915_24958.mp4,E:\cross_sucking\Pen 5 - Group 3\PREWEANING\Day 1\CS_0862_PREWEAN_d1_p5_cowT_10102025_ch05-20251010142106_24915_24958.mp4,skipped_existing,1,1,Pen_5_PREWEAN_Day_1_10102025,Pen 5 - Group 3,PREWEAN,1,5,10102025,T,other|8|None|side,24915.557,24958.156,24915.557,24958.156,G:\MONITORING CROSS SUCKING IN CALVES - KAPPEL - 2025\Pen 5 - Group 3\PREWEANING\Day 1\ch05_20251010142106.mp4,ch05_20251010142106.mp4,23821.494557,25222.953846,1094.062443,1136.661443,Pen 5 - Group 3/PREWEANING 2/Day 1/0862.zip
606,893,CS_0863_PREWEAN_d1_p5_cowT_10102025_ch05-20251010142106_24959_24961.mp4,Pen 5 - Group 3\PREWEANING\Day 1\CS_0863_PREWEAN_d1_p5_cowT_10102025_ch05-20251010142106_24959_24961.mp4,E:\cross_sucking\Pen 5 - Group 3\PREWEANING\Day 1\CS_0863_PREWEAN_d1_p5_cowT_10102025_ch05-20251010142106_24959_24961.mp4,skipped_existing,1,1,Pen_5_PREWEAN_Day_1_10102025,Pen 5 - Group 3,PREWEAN,1,5,10102025,T,other|2|None|side,24959.944,24961.528,24959.944,24961.528,G:\MONITORING CROSS SUCKING IN CALVES - KAPPEL - 2025\Pen 5 - Group 3\PREWEANING\Day 1\ch05_20251010142106.mp4,ch05_20251010142106.mp4,23821.494557,25222.953846,1138.449443,1140.033443,Pen 5 - Group 3/PREWEANING 2/Day 1/0863.zip
607,894,CS_0864_PREWEAN_d1_p5_cowT_10102025_ch05-20251010142106_24964_24976.mp4,Pen 5 - Group 3\PREWEANING\Day 1\CS_0864_PREWEAN_d1_p5_cowT_10102025_ch05-20251010142106_24964_24976.mp4,E:\cross_sucking\Pen 5 - Group 3\PREWEANING\Day 1\CS_0864_PREWEAN_d1_p5_cowT_10102025_ch05-20251010142106_24964_24976.mp4,skipped_existing,1,1,Pen_5_PREWEAN_Day_1_10102025,Pen 5 - Group 3,PREWEAN,1,5,10102025,T,other|O|None|side,24964.504,24976.874,24964.504,24976.874,G:\MONITORING CROSS SUCKING IN CALVES - KAPPEL - 2025\Pen 5 - Group 3\PREWEANING\Day 1\ch05_20251010142106.mp4,ch05_20251010142106.mp4,23821.494557,25222.953846,1143.009443,1155.379443,Pen 5 - Group 3/PREWEANING 2/Day 1/0864.zip
608,895,CS_0865_PREWEAN_d1_p5_cowT_10102025_ch05-20251010142106_24992_25001.mp4,Pen 5 - Group 3\PREWEANING\Day 1\CS_0865_PREWEAN_d1_p5_cowT_10102025_ch05-20251010142106_24992_25001.mp4,E:\cross_sucking\Pen 5 - Group 3\PREWEANING\Day 1\CS_0865_PREWEAN_d1_p5_cowT_10102025_ch05-20251010142106_24992_25001.mp4,skipped_existing,1,1,Pen_5_PREWEAN_Day_1_10102025,Pen 5 - Group 3,PREWEAN,1,5,10102025,T,milk feeder|6|None|behind,24992.548,25001.084,24992.548,25001.084,G:\MONITORING CROSS SUCKING IN CALVES - KAPPEL - 2025\Pen 5 - Group 3\PREWEANING\Day 1\ch05_20251010142106.mp4,ch05_20251010142106.mp4,23821.494557,25222.953846,1171.053443,1179.589443,Pen 5 - Group 3/PREWEANING 2/Day 1/0865.zip
609,896,CS_0866_PREWEAN_d1_p5_cowT_10102025_ch05-20251010142106_25015_25018.mp4,Pen 5 - Group 3\PREWEANING\Day 1\CS_0866_PREWEAN_d1_p5_cowT_10102025_ch05-20251010142106_25015_25018.mp4,E:\cross_sucking\Pen 5 - Group 3\PREWEANING\Day 1\CS_0866_PREWEAN_d1_p5_cowT_10102025_ch05-20251010142106_25015_25018.mp4,skipped_existing,1,1,Pen_5_PREWEAN_Day_1_10102025,Pen 5 - Group 3,PREWEAN,1,5,10102025,T,other|8|None|side,25015.041,25018.015,25015.041,25018.015,G:\MONITORING CROSS SUCKING IN CALVES - KAPPEL - 2025\Pen 5 - Group 3\PREWEANING\Day 1\ch05_20251010142106.mp4,ch05_20251010142106.mp4,23821.494557,25222.953846,1193.546443,1196.520443,Pen 5 - Group 3/PREWEANING 2/Day 1/0866.zip
610,897,CS_0867_PREWEAN_d1_p5_cow6_10102025_ch05-20251010142106_25093_25103.mp4,Pen 5 - Group 3\PREWEANING\Day 1\CS_0867_PREWEAN_d1_p5_cow6_10102025_ch05-20251010142106_25093_25103.mp4,E:\cross_sucking\Pen 5 - Group 3\PREWEANING\Day 1\CS_0867_PREWEAN_d1_p5_cow6_10102025_ch05-20251010142106_25093_25103.mp4,skipped_existing,1,1,Pen_5_PREWEAN_Day_1_10102025,Pen 5 - Group 3,PREWEAN,1,5,10102025,6,other|8|None|side,25093.0,25103.247,25093.0,25103.247,G:\MONITORING CROSS SUCKING IN CALVES - KAPPEL - 2025\Pen 5 - Group 3\PREWEANING\Day 1\ch05_20251010142106.mp4,ch05_20251010142106.mp4,23821.494557,25222.953846,1271.505443,1281.752443,Pen 5 - Group 3/PREWEANING 2/Day 1/0867.zip
611,899,CS_0869_PREWEAN_d1_p5_cow6_10102025_ch05-20251010142106_25109_25112.mp4,Pen 5 - Group 3\PREWEANING\Day 1\CS_0869_PREWEAN_d1_p5_cow6_10102025_ch05-20251010142106_25109_25112.mp4,E:\cross_sucking\Pen 5 - Group 3\PREWEANING\Day 1\CS_0869_PREWEAN_d1_p5_cow6_10102025_ch05-20251010142106_25109_25112.mp4,skipped_existing,1,1,Pen_5_PREWEAN_Day_1_10102025,Pen 5 - Group 3,PREWEAN,1,5,10102025,6,other|8|None|side,25109.802,25112.648,25109.802,25112.648,G:\MONITORING CROSS SUCKING IN CALVES - KAPPEL - 2025\Pen 5 - Group 3\PREWEANING\Day 1\ch05_20251010142106.mp4,ch05_20251010142106.mp4,23821.494557,25222.953846,1288.307443,1291.153443,Pen 5 - Group 3/PREWEANING 2/Day 1/0869.zip
612,900,CS_0870_PREWEAN_d1_p5_cow6_10102025_ch05-20251010142106_25116_25120.mp4,Pen 5 - Group 3\PREWEANING\Day 1\CS_0870_PREWEAN_d1_p5_cow6_10102025_ch05-20251010142106_25116_25120.mp4,E:\cross_sucking\Pen 5 - Group 3\PREWEANING\Day 1\CS_0870_PREWEAN_d1_p5_cow6_10102025_ch05-20251010142106_25116_25120.mp4,skipped_existing,1,1,Pen_5_PREWEAN_Day_1_10102025,Pen 5 - Group 3,PREWEAN,1,5,10102025,6,other|8|None|behind,25116.75,25120.787,25116.75,25120.787,G:\MONITORING CROSS SUCKING IN CALVES - KAPPEL - 2025\Pen 5 - Group 3\PREWEANING\Day 1\ch05_20251010142106.mp4,ch05_20251010142106.mp4,23821.494557,25222.953846,1295.255443,1299.292443,Pen 5 - Group 3/PREWEANING 2/Day 1/0870.zip
613,901,CS_0871_PREWEAN_d1_p5_cow6_10102025_ch05-20251010142106_25132_25134.mp4,Pen 5 - Group 3\PREWEANING\Day 1\CS_0871_PREWEAN_d1_p5_cow6_10102025_ch05-20251010142106_25132_25134.mp4,E:\cross_sucking\Pen 5 - Group 3\PREWEANING\Day 1\CS_0871_PREWEAN_d1_p5_cow6_10102025_ch05-20251010142106_25132_25134.mp4,skipped_existing,1,1,Pen_5_PREWEAN_Day_1_10102025,Pen 5 - Group 3,PREWEAN,1,5,10102025,6,other|8|None|side,25132.233,25134.944,25132.233,25134.944,G:\MONITORING CROSS SUCKING IN CALVES - KAPPEL - 2025\Pen 5 - Group 3\PREWEANING\Day 1\ch05_20251010142106.mp4,ch05_20251010142106.mp4,23821.494557,25222.953846,1310.738443,1313.449443,Pen 5 - Group 3/PREWEANING 2/Day 1/0871.zip
614,902,CS_0872_PREWEAN_d1_p5_cow6_10102025_ch05-20251010142106_25208_25215.mp4,Pen 5 - Group 3\PREWEANING\Day 1\CS_0872_PREWEAN_d1_p5_cow6_10102025_ch05-20251010142106_25208_25215.mp4,E:\cross_sucking\Pen 5 - Group 3\PREWEANING\Day 1\CS_0872_PREWEAN_d1_p5_cow6_10102025_ch05-20251010142106_25208_25215.mp4,skipped_existing,1,1,Pen_5_PREWEAN_Day_1_10102025,Pen 5 - Group 3,PREWEAN,1,5,10102025,6,hay|8|None|behind,25208.85,25215.199,25208.85,25215.199,G:\MONITORING CROSS SUCKING IN CALVES - KAPPEL - 2025\Pen 5 - Group 3\PREWEANING\Day 1\ch05_20251010142106.mp4,ch05_20251010142106.mp4,23821.494557,25222.953846,1387.355443,1393.704443,Pen 5 - Group 3/PREWEANING 2/Day 1/0872.zip
615,903,CS_0873_PREWEAN_d1_p5_cow1_10102025_ch05-20251010142106_25218_25232_part01.mp4,Pen 5 - Group 3\PREWEANING\Day 1\CS_0873_PREWEAN_d1_p5_cow1_10102025_ch05-20251010142106_25218_25232_part01.mp4,E:\cross_sucking\Pen 5 - Group 3\PREWEANING\Day 1\CS_0873_PREWEAN_d1_p5_cow1_10102025_ch05-20251010142106_25218_25232_part01.mp4,skipped_existing,1,2,Pen_5_PREWEAN_Day_1_10102025,Pen 5 - Group 3,PREWEAN,1,5,10102025,1,milk feeder|O|None|behind,25218.508,25232.337,25218.508,25222.953846,G:\MONITORING CROSS SUCKING IN CALVES - KAPPEL - 2025\Pen 5 - Group 3\PREWEANING\Day 1\ch05_20251010142106.mp4,ch05_20251010142106.mp4,23821.494557,25222.953846,1397.013443,1401.459289,Pen 5 - Group 3/PREWEANING 2/Day 1/0873_part1.zip
616,904,CS_0873_PREWEAN_d1_p5_cow1_10102025_ch05-20251010142106_25218_25232_part02.mp4,Pen 5 - Group 3\PREWEANING\Day 1\CS_0873_PREWEAN_d1_p5_cow1_10102025_ch05-20251010142106_25218_25232_part02.mp4,E:\cross_sucking\Pen 5 - Group 3\PREWEANING\Day 1\CS_0873_PREWEAN_d1_p5_cow1_10102025_ch05-20251010142106_25218_25232_part02.mp4,skipped_existing,2,2,Pen_5_PREWEAN_Day_1_10102025,Pen 5 - Group 3,PREWEAN,1,5,10102025,1,milk feeder|O|None|behind,25218.508,25232.337,25222.953846,25232.337,G:\MONITORING CROSS SUCKING IN CALVES - KAPPEL - 2025\Pen 5 - Group 3\PREWEANING\Day 1\ch05_20251010144438.mp4,ch05_20251010144438.mp4,25222.953846,26624.396135,0.0,9.383154,Pen 5 - Group 3/PREWEANING 2/Day 1/0873_part2.zip
617,905,CS_0874_PREWEAN_d1_p5_cow6_10102025_ch05-20251010144438_25235_25275.mp4,Pen 5 - Group 3\PREWEANING\Day 1\CS_0874_PREWEAN_d1_p5_cow6_10102025_ch05-20251010144438_25235_25275.mp4,E:\cross_sucking\Pen 5 - Group 3\PREWEANING\Day 1\CS_0874_PREWEAN_d1_p5_cow6_10102025_ch05-20251010144438_25235_25275.mp4,skipped_existing,1,1,Pen_5_PREWEAN_Day_1_10102025,Pen 5 - Group 3,PREWEAN,1,5,10102025,6,other|2|None|side,25235.648,25275.557,25235.648,25275.557,G:\MONITORING CROSS SUCKING IN CALVES - KAPPEL - 2025\Pen 5 - Group 3\PREWEANING\Day 1\ch05_20251010144438.mp4,ch05_20251010144438.mp4,25222.953846,26624.396135,12.694154,52.603154,Pen 5 - Group 3/PREWEANING 2/Day 1/0874.zip
618,907,CS_0876_PREWEAN_d1_p5_cow1_10102025_ch05-20251010144438_25269_25305.mp4,Pen 5 - Group 3\PREWEANING\Day 1\CS_0876_PREWEAN_d1_p5_cow1_10102025_ch05-20251010144438_25269_25305.mp4,E:\cross_sucking\Pen 5 - Group 3\PREWEANING\Day 1\CS_0876_PREWEAN_d1_p5_cow1_10102025_ch05-20251010144438_25269_25305.mp4,skipped_existing,1,1,Pen_5_PREWEAN_Day_1_10102025,Pen 5 - Group 3,PREWEAN,1,5,10102025,1,milk feeder|O|None|behind,25269.399,25305.849,25269.399,25305.849,G:\MONITORING CROSS SUCKING IN CALVES - KAPPEL - 2025\Pen 5 - Group 3\PREWEANING\Day 1\ch05_20251010144438.mp4,ch05_20251010144438.mp4,25222.953846,26624.396135,46.445154,82.895154,Pen 5 - Group 3/PREWEANING 2/Day 1/0876.zip
619,908,CS_0877_PREWEAN_d1_p5_cowT_10102025_ch05-20251010144438_25311_25431.mp4,Pen 5 - Group 3\PREWEANING\Day 1\CS_0877_PREWEAN_d1_p5_cowT_10102025_ch05-20251010144438_25311_25431.mp4,E:\cross_sucking\Pen 5 - Group 3\PREWEANING\Day 1\CS_0877_PREWEAN_d1_p5_cowT_10102025_ch05-20251010144438_25311_25431.mp4,skipped_existing,1,1,Pen_5_PREWEAN_Day_1_10102025,Pen 5 - Group 3,PREWEAN,1,5,10102025,T,milk feeder|O|None|behind,25311.741,25431.818,25311.741,25431.818,G:\MONITORING CROSS SUCKING IN CALVES - KAPPEL - 2025\Pen 5 - Group 3\PREWEANING\Day 1\ch05_20251010144438.mp4,ch05_20251010144438.mp4,25222.953846,26624.396135,88.787154,208.864154,Pen 5 - Group 3/PREWEANING 2/Day 1/0877.zip
620,909,CS_0878_PREWEAN_d1_p5_cow2_10102025_ch05-20251010144438_25400_25445.mp4,Pen 5 - Group 3\PREWEANING\Day 1\CS_0878_PREWEAN_d1_p5_cow2_10102025_ch05-20251010144438_25400_25445.mp4,E:\cross_sucking\Pen 5 - Group 3\PREWEANING\Day 1\CS_0878_PREWEAN_d1_p5_cow2_10102025_ch05-20251010144438_25400_25445.mp4,skipped_existing,1,1,Pen_5_PREWEAN_Day_1_10102025,Pen 5 - Group 3,PREWEAN,1,5,10102025,2,hay|6|None|side,25400.791,25445.183,25400.791,25445.183,G:\MONITORING CROSS SUCKING IN CALVES - KAPPEL - 2025\Pen 5 - Group 3\PREWEANING\Day 1\ch05_20251010144438.mp4,ch05_20251010144438.mp4,25222.953846,26624.396135,177.837154,222.229154,Pen 5 - Group 3/PREWEANING 2/Day 1/0878.zip
621,910,CS_0879_PREWEAN_d1_p5_cow6_10102025_ch05-20251010144438_25418_25448.mp4,Pen 5 - Group 3\PREWEANING\Day 1\CS_0879_PREWEAN_d1_p5_cow6_10102025_ch05-20251010144438_25418_25448.mp4,E:\cross_sucking\Pen 5 - Group 3\PREWEANING\Day 1\CS_0879_PREWEAN_d1_p5_cow6_10102025_ch05-20251010144438_25418_25448.mp4,skipped_existing,1,1,Pen_5_PREWEAN_Day_1_10102025,Pen 5 - Group 3,PREWEAN,1,5,10102025,6,hay|2|reciprocal|side,25418.468,25448.956,25418.468,25448.956,G:\MONITORING CROSS SUCKING IN CALVES - KAPPEL - 2025\Pen 5 - Group 3\PREWEANING\Day 1\ch05_20251010144438.mp4,ch05_20251010144438.mp4,25222.953846,26624.396135,195.514154,226.002154,Pen 5 - Group 3/PREWEANING 2/Day 1/0879.zip
622,911,CS_0880_PREWEAN_d1_p5_cow2_10102025_ch05-20251010144438_25457_25556.mp4,Pen 5 - Group 3\PREWEANING\Day 1\CS_0880_PREWEAN_d1_p5_cow2_10102025_ch05-20251010144438_25457_25556.mp4,E:\cross_sucking\Pen 5 - Group 3\PREWEANING\Day 1\CS_0880_PREWEAN_d1_p5_cow2_10102025_ch05-20251010144438_25457_25556.mp4,skipped_existing,1,1,Pen_5_PREWEAN_Day_1_10102025,Pen 5 - Group 3,PREWEAN,1,5,10102025,2,hay|6|None|side,25457.297,25556.059,25457.297,25556.059,G:\MONITORING CROSS SUCKING IN CALVES - KAPPEL - 2025\Pen 5 - Group 3\PREWEANING\Day 1\ch05_20251010144438.mp4,ch05_20251010144438.mp4,25222.953846,26624.396135,234.343154,333.105154,Pen 5 - Group 3/PREWEANING 2/Day 1/0880.zip
623,912,CS_0881_PREWEAN_d1_p5_cowT_10102025_ch05-20251010144438_25598_25617.mp4,Pen 5 - Group 3\PREWEANING\Day 1\CS_0881_PREWEAN_d1_p5_cowT_10102025_ch05-20251010144438_25598_25617.mp4,E:\cross_sucking\Pen 5 - Group 3\PREWEANING\Day 1\CS_0881_PREWEAN_d1_p5_cowT_10102025_ch05-20251010144438_25598_25617.mp4,skipped_existing,1,1,Pen_5_PREWEAN_Day_1_10102025,Pen 5 - Group 3,PREWEAN,1,5,10102025,T,milk feeder|/|None|behind,25598.541,25617.477,25598.541,25617.477,G:\MONITORING CROSS SUCKING IN CALVES - KAPPEL - 2025\Pen 5 - Group 3\PREWEANING\Day 1\ch05_20251010144438.mp4,ch05_20251010144438.mp4,25222.953846,26624.396135,375.587154,394.523154,Pen 5 - Group 3/PREWEANING 2/Day 1/0881.zip
624,913,CS_0882_PREWEAN_d1_p5_cowT_10102025_ch05-20251010144438_25643_25663.mp4,Pen 5 - Group 3\PREWEANING\Day 1\CS_0882_PREWEAN_d1_p5_cowT_10102025_ch05-20251010144438_25643_25663.mp4,E:\cross_sucking\Pen 5 - Group 3\PREWEANING\Day 1\CS_0882_PREWEAN_d1_p5_cowT_10102025_ch05-20251010144438_25643_25663.mp4,skipped_existing,1,1,Pen_5_PREWEAN_Day_1_10102025,Pen 5 - Group 3,PREWEAN,1,5,10102025,T,grain feeder|O|None|behind,25643.157,25663.662,25643.157,25663.662,G:\MONITORING CROSS SUCKING IN CALVES - KAPPEL - 2025\Pen 5 - Group 3\PREWEANING\Day 1\ch05_20251010144438.mp4,ch05_20251010144438.mp4,25222.953846,26624.396135,420.203154,440.708154,Pen 5 - Group 3/PREWEANING 2/Day 1/0882.zip
625,914,CS_0883_PREWEAN_d1_p5_cow1_10102025_ch05-20251010144438_26078_26093.mp4,Pen 5 - Group 3\PREWEANING\Day 1\CS_0883_PREWEAN_d1_p5_cow1_10102025_ch05-20251010144438_26078_26093.mp4,E:\cross_sucking\Pen 5 - Group 3\PREWEANING\Day 1\CS_0883_PREWEAN_d1_p5_cow1_10102025_ch05-20251010144438_26078_26093.mp4,skipped_existing,1,1,Pen_5_PREWEAN_Day_1_10102025,Pen 5 - Group 3,PREWEAN,1,5,10102025,1,milk feeder|A|None|behind,26078.204,26093.557,26078.204,26093.557,G:\MONITORING CROSS SUCKING IN CALVES - KAPPEL - 2025\Pen 5 - Group 3\PREWEANING\Day 1\ch05_20251010144438.mp4,ch05_20251010144438.mp4,25222.953846,26624.396135,855.250154,870.603154,Pen 5 - Group 3/PREWEANING 2/Day 1/0883.zip
626,915,CS_0884_PREWEAN_d1_p5_cow1_10102025_ch05-20251010144438_26100_26166.mp4,Pen 5 - Group 3\PREWEANING\Day 1\CS_0884_PREWEAN_d1_p5_cow1_10102025_ch05-20251010144438_26100_26166.mp4,E:\cross_sucking\Pen 5 - Group 3\PREWEANING\Day 1\CS_0884_PREWEAN_d1_p5_cow1_10102025_ch05-20251010144438_26100_26166.mp4,skipped_existing,1,1,Pen_5_PREWEAN_Day_1_10102025,Pen 5 - Group 3,PREWEAN,1,5,10102025,1,milk feeder|A|None|behind,26100.321,26166.003,26100.321,26166.003,G:\MONITORING CROSS SUCKING IN CALVES - KAPPEL - 2025\Pen 5 - Group 3\PREWEANING\Day 1\ch05_20251010144438.mp4,ch05_20251010144438.mp4,25222.953846,26624.396135,877.367154,943.049154,Pen 5 - Group 3/PREWEANING 2/Day 1/0884.zip
627,916,CS_0885_PREWEAN_d1_p5_cow2_10102025_ch05-20251010150810_27664_27673.mp4,Pen 5 - Group 3\PREWEANING\Day 1\CS_0885_PREWEAN_d1_p5_cow2_10102025_ch05-20251010150810_27664_27673.mp4,E:\cross_sucking\Pen 5 - Group 3\PREWEANING\Day 1\CS_0885_PREWEAN_d1_p5_cow2_10102025_ch05-20251010150810_27664_27673.mp4,skipped_existing,1,1,Pen_5_PREWEAN_Day_1_10102025,Pen 5 - Group 3,PREWEAN,1,5,10102025,2,other|O|None|side,27664.054,27673.909,27664.054,27673.909,G:\MONITORING CROSS SUCKING IN CALVES - KAPPEL - 2025\Pen 5 - Group 3\PREWEANING\Day 1\ch05_20251010150810.mp4,ch05_20251010150810.mp4,26624.396135,28025.702424,1039.657865,1049.512865,Pen 5 - Group 3/PREWEANING 2/Day 1/0885.zip
628,917,CS_0886_PREWEAN_d1_p5_cow2_10102025_ch05-20251010150810_27679_27687.mp4,Pen 5 - Group 3\PREWEANING\Day 1\CS_0886_PREWEAN_d1_p5_cow2_10102025_ch05-20251010150810_27679_27687.mp4,E:\cross_sucking\Pen 5 - Group 3\PREWEANING\Day 1\CS_0886_PREWEAN_d1_p5_cow2_10102025_ch05-20251010150810_27679_27687.mp4,skipped_existing,1,1,Pen_5_PREWEAN_Day_1_10102025,Pen 5 - Group 3,PREWEAN,1,5,10102025,2,other|O|None|side,27679.598,27687.339,27679.598,27687.339,G:\MONITORING CROSS SUCKING IN CALVES - KAPPEL - 2025\Pen 5 - Group 3\PREWEANING\Day 1\ch05_20251010150810.mp4,ch05_20251010150810.mp4,26624.396135,28025.702424,1055.201865,1062.942865,Pen 5 - Group 3/PREWEANING 2/Day 1/0886.zip
629,918,CS_0887_PREWEAN_d1_p5_cowT_10102025_ch05-20251010181624_38609_38619.mp4,Pen 5 - Group 3\PREWEANING\Day 1\CS_0887_PREWEAN_d1_p5_cowT_10102025_ch05-20251010181624_38609_38619.mp4,E:\cross_sucking\Pen 5 - Group 3\PREWEANING\Day 1\CS_0887_PREWEAN_d1_p5_cowT_10102025_ch05-20251010181624_38609_38619.mp4,skipped_existing,1,1,Pen_5_PREWEAN_Day_1_10102025,Pen 5 - Group 3,PREWEAN,1,5,10102025,T,hay|8|None|behind,38609.299,38619.681,38609.299,38619.681,G:\MONITORING CROSS SUCKING IN CALVES - KAPPEL - 2025\Pen 5 - Group 3\PREWEANING\Day 1\ch05_20251010181624.mp4,ch05_20251010181624.mp4,37834.192735,39235.671024,775.106265,785.488265,Pen 5 - Group 3/PREWEANING 2/Day 1/0887.zip
630,919,CS_0888_PREWEAN_d1_p5_cow2_10102025_ch05-20251010181624_38639_38641.mp4,Pen 5 - Group 3\PREWEANING\Day 1\CS_0888_PREWEAN_d1_p5_cow2_10102025_ch05-20251010181624_38639_38641.mp4,E:\cross_sucking\Pen 5 - Group 3\PREWEANING\Day 1\CS_0888_PREWEAN_d1_p5_cow2_10102025_ch05-20251010181624_38639_38641.mp4,skipped_existing,1,1,Pen_5_PREWEAN_Day_1_10102025,Pen 5 - Group 3,PREWEAN,1,5,10102025,2,hay|8|None|side,38639.263,38641.644,38639.263,38641.644,G:\MONITORING CROSS SUCKING IN CALVES - KAPPEL - 2025\Pen 5 - Group 3\PREWEANING\Day 1\ch05_20251010181624.mp4,ch05_20251010181624.mp4,37834.192735,39235.671024,805.070265,807.451265,Pen 5 - Group 3/PREWEANING 2/Day 1/0888.zip
631,920,CS_0889_PREWEAN_d1_p5_cow8_10102025_ch05-20251010181624_38877_38940.mp4,Pen 5 - Group 3\PREWEANING\Day 1\CS_0889_PREWEAN_d1_p5_cow8_10102025_ch05-20251010181624_38877_38940.mp4,E:\cross_sucking\Pen 5 - Group 3\PREWEANING\Day 1\CS_0889_PREWEAN_d1_p5_cow8_10102025_ch05-20251010181624_38877_38940.mp4,skipped_existing,1,1,Pen_5_PREWEAN_Day_1_10102025,Pen 5 - Group 3,PREWEAN,1,5,10102025,8,hay|O|None|behind,38877.591,38940.701,38877.591,38940.701,G:\MONITORING CROSS SUCKING IN CALVES - KAPPEL - 2025\Pen 5 - Group 3\PREWEANING\Day 1\ch05_20251010181624.mp4,ch05_20251010181624.mp4,37834.192735,39235.671024,1043.398265,1106.508265,Pen 5 - Group 3/PREWEANING 2/Day 1/0889.zip
632,921,CS_0890_PREWEAN_d1_p5_cow8_10102025_ch05-20251010181624_38946_38948.mp4,Pen 5 - Group 3\PREWEANING\Day 1\CS_0890_PREWEAN_d1_p5_cow8_10102025_ch05-20251010181624_38946_38948.mp4,E:\cross_sucking\Pen 5 - Group 3\PREWEANING\Day 1\CS_0890_PREWEAN_d1_p5_cow8_10102025_ch05-20251010181624_38946_38948.mp4,skipped_existing,1,1,Pen_5_PREWEAN_Day_1_10102025,Pen 5 - Group 3,PREWEAN,1,5,10102025,8,hay|O|None|behind,38946.327,38948.176,38946.327,38948.176,G:\MONITORING CROSS SUCKING IN CALVES - KAPPEL - 2025\Pen 5 - Group 3\PREWEANING\Day 1\ch05_20251010181624.mp4,ch05_20251010181624.mp4,37834.192735,39235.671024,1112.134265,1113.983265,Pen 5 - Group 3/PREWEANING 2/Day 1/0890.zip
633,922,CS_0891_PREWEAN_d1_p5_cow1_10102025_ch05-20251010183956_39565_39612.mp4,Pen 5 - Group 3\PREWEANING\Day 1\CS_0891_PREWEAN_d1_p5_cow1_10102025_ch05-20251010183956_39565_39612.mp4,E:\cross_sucking\Pen 5 - Group 3\PREWEANING\Day 1\CS_0891_PREWEAN_d1_p5_cow1_10102025_ch05-20251010183956_39565_39612.mp4,skipped_existing,1,1,Pen_5_PREWEAN_Day_1_10102025,Pen 5 - Group 3,PREWEAN,1,5,10102025,1,other|2|None|side,39565.517,39612.899,39565.517,39612.899,G:\MONITORING CROSS SUCKING IN CALVES - KAPPEL - 2025\Pen 5 - Group 3\PREWEANING\Day 1\ch05_20251010183956.mp4,ch05_20251010183956.mp4,39235.671024,40637.144313,329.845976,377.227976,Pen 5 - Group 3/PREWEANING 2/Day 1/0891.zip
634,923,CS_0892_PREWEAN_d1_p5_cow1_10102025_ch05-20251010183956_39660_39665.mp4,Pen 5 - Group 3\PREWEANING\Day 1\CS_0892_PREWEAN_d1_p5_cow1_10102025_ch05-20251010183956_39660_39665.mp4,E:\cross_sucking\Pen 5 - Group 3\PREWEANING\Day 1\CS_0892_PREWEAN_d1_p5_cow1_10102025_ch05-20251010183956_39660_39665.mp4,skipped_existing,1,1,Pen_5_PREWEAN_Day_1_10102025,Pen 5 - Group 3,PREWEAN,1,5,10102025,1,other|2|None|side,39660.992,39665.491,39660.992,39665.491,G:\MONITORING CROSS SUCKING IN CALVES - KAPPEL - 2025\Pen 5 - Group 3\PREWEANING\Day 1\ch05_20251010183956.mp4,ch05_20251010183956.mp4,39235.671024,40637.144313,425.320976,429.819976,Pen 5 - Group 3/PREWEANING 2/Day 1/0892.zip
635,924,CS_0893_PREWEAN_d1_p5_cow6_10102025_ch05-20251010183956_39696_39702.mp4,Pen 5 - Group 3\PREWEANING\Day 1\CS_0893_PREWEAN_d1_p5_cow6_10102025_ch05-20251010183956_39696_39702.mp4,E:\cross_sucking\Pen 5 - Group 3\PREWEANING\Day 1\CS_0893_PREWEAN_d1_p5_cow6_10102025_ch05-20251010183956_39696_39702.mp4,skipped_existing,1,1,Pen_5_PREWEAN_Day_1_10102025,Pen 5 - Group 3,PREWEAN,1,5,10102025,6,other|1|None|behind,39696.321,39702.342,39696.321,39702.342,G:\MONITORING CROSS SUCKING IN CALVES - KAPPEL - 2025\Pen 5 - Group 3\PREWEANING\Day 1\ch05_20251010183956.mp4,ch05_20251010183956.mp4,39235.671024,40637.144313,460.649976,466.670976,Pen 5 - Group 3/PREWEANING 2/Day 1/0893.zip
636,926,CS_0895_PREWEAN_d1_p5_cow8_10102025_ch05-20251010190328_40676_40679.mp4,Pen 5 - Group 3\PREWEANING\Day 1\CS_0895_PREWEAN_d1_p5_cow8_10102025_ch05-20251010190328_40676_40679.mp4,E:\cross_sucking\Pen 5 - Group 3\PREWEANING\Day 1\CS_0895_PREWEAN_d1_p5_cow8_10102025_ch05-20251010190328_40676_40679.mp4,skipped_existing,1,1,Pen_5_PREWEAN_Day_1_10102025,Pen 5 - Group 3,PREWEAN,1,5,10102025,8,other|2|reciprocal|side,40676.43,40679.814,40676.43,40679.814,G:\MONITORING CROSS SUCKING IN CALVES - KAPPEL - 2025\Pen 5 - Group 3\PREWEANING\Day 1\ch05_20251010190328.mp4,ch05_20251010190328.mp4,40637.144313,42038.585602,39.285687,42.669687,Pen 5 - Group 3/PREWEANING 2/Day 1/0895.zip
637,927,CS_0896_PREWEAN_d1_p5_cow2_10102025_ch05-20251010190328_40684_40724.mp4,Pen 5 - Group 3\PREWEANING\Day 1\CS_0896_PREWEAN_d1_p5_cow2_10102025_ch05-20251010190328_40684_40724.mp4,E:\cross_sucking\Pen 5 - Group 3\PREWEANING\Day 1\CS_0896_PREWEAN_d1_p5_cow2_10102025_ch05-20251010190328_40684_40724.mp4,skipped_existing,1,1,Pen_5_PREWEAN_Day_1_10102025,Pen 5 - Group 3,PREWEAN,1,5,10102025,2,other|8|None|side,40684.906,40724.793,40684.906,40724.793,G:\MONITORING CROSS SUCKING IN CALVES - KAPPEL - 2025\Pen 5 - Group 3\PREWEANING\Day 1\ch05_20251010190328.mp4,ch05_20251010190328.mp4,40637.144313,42038.585602,47.761687,87.648687,Pen 5 - Group 3/PREWEANING 2/Day 1/0896.zip
638,929,CS_0898_PREWEAN_d1_p5_cow8_10102025_ch05-20251010190328_40734_40749.mp4,Pen 5 - Group 3\PREWEANING\Day 1\CS_0898_PREWEAN_d1_p5_cow8_10102025_ch05-20251010190328_40734_40749.mp4,E:\cross_sucking\Pen 5 - Group 3\PREWEANING\Day 1\CS_0898_PREWEAN_d1_p5_cow8_10102025_ch05-20251010190328_40734_40749.mp4,skipped_existing,1,1,Pen_5_PREWEAN_Day_1_10102025,Pen 5 - Group 3,PREWEAN,1,5,10102025,8,other|2|None|side,40734.394,40749.277,40734.394,40749.277,G:\MONITORING CROSS SUCKING IN CALVES - KAPPEL - 2025\Pen 5 - Group 3\PREWEANING\Day 1\ch05_20251010190328.mp4,ch05_20251010190328.mp4,40637.144313,42038.585602,97.249687,112.132687,Pen 5 - Group 3/PREWEANING 2/Day 1/0898.zip
639,930,CS_0899_PREWEAN_d1_p5_cow2_10102025_ch05-20251010190328_40800_40817.mp4,Pen 5 - Group 3\PREWEANING\Day 1\CS_0899_PREWEAN_d1_p5_cow2_10102025_ch05-20251010190328_40800_40817.mp4,E:\cross_sucking\Pen 5 - Group 3\PREWEANING\Day 1\CS_0899_PREWEAN_d1_p5_cow2_10102025_ch05-20251010190328_40800_40817.mp4,skipped_existing,1,1,Pen_5_PREWEAN_Day_1_10102025,Pen 5 - Group 3,PREWEAN,1,5,10102025,2,other|8|reciprocal|side,40800.475,40817.415,40800.475,40817.415,G:\MONITORING CROSS SUCKING IN CALVES - KAPPEL - 2025\Pen 5 - Group 3\PREWEANING\Day 1\ch05_20251010190328.mp4,ch05_20251010190328.mp4,40637.144313,42038.585602,163.330687,180.270687,Pen 5 - Group 3/PREWEANING 2/Day 1/0899.zip
640,931,CS_0900_PREWEAN_d1_p5_cow2_10102025_ch05-20251010190328_40868_40877.mp4,Pen 5 - Group 3\PREWEANING\Day 1\CS_0900_PREWEAN_d1_p5_cow2_10102025_ch05-20251010190328_40868_40877.mp4,E:\cross_sucking\Pen 5 - Group 3\PREWEANING\Day 1\CS_0900_PREWEAN_d1_p5_cow2_10102025_ch05-20251010190328_40868_40877.mp4,skipped_existing,1,1,Pen_5_PREWEAN_Day_1_10102025,Pen 5 - Group 3,PREWEAN,1,5,10102025,2,other|8|None|side,40868.555,40877.955,40868.555,40877.955,G:\MONITORING CROSS SUCKING IN CALVES - KAPPEL - 2025\Pen 5 - Group 3\PREWEANING\Day 1\ch05_20251010190328.mp4,ch05_20251010190328.mp4,40637.144313,42038.585602,231.410687,240.810687,Pen 5 - Group 3/PREWEANING 2/Day 1/0900.zip
641,934,CS_0903_PREWEAN_d1_p5_cowO_10102025_ch05-20251010201404_45907_45914.mp4,Pen 5 - Group 3\PREWEANING\Day 1\CS_0903_PREWEAN_d1_p5_cowO_10102025_ch05-20251010201404_45907_45914.mp4,E:\cross_sucking\Pen 5 - Group 3\PREWEANING\Day 1\CS_0903_PREWEAN_d1_p5_cowO_10102025_ch05-20251010201404_45907_45914.mp4,created,1,1,Pen_5_PREWEAN_Day_1_10102025,Pen 5 - Group 3,PREWEAN,1,5,10102025,O,other|T|None|side,45907.524,45914.531,45907.524,45914.531,G:\MONITORING CROSS SUCKING IN CALVES - KAPPEL - 2025\Pen 5 - Group 3\PREWEANING\Day 1\ch05_20251010201404.mp4,ch05_20251010201404.mp4,44841.556824,46243.078113,1065.967176,1072.974176,Pen 5 - Group 3/PREWEANING 2/Day 1/0903.zip
642,935,CS_0904_PREWEAN_d1_p5_cowT_10102025_ch05-20251010201404_45915_45943.mp4,Pen 5 - Group 3\PREWEANING\Day 1\CS_0904_PREWEAN_d1_p5_cowT_10102025_ch05-20251010201404_45915_45943.mp4,E:\cross_sucking\Pen 5 - Group 3\PREWEANING\Day 1\CS_0904_PREWEAN_d1_p5_cowT_10102025_ch05-20251010201404_45915_45943.mp4,created,1,1,Pen_5_PREWEAN_Day_1_10102025,Pen 5 - Group 3,PREWEAN,1,5,10102025,T,other|O|None|side,45915.191,45943.909,45915.191,45943.909,G:\MONITORING CROSS SUCKING IN CALVES - KAPPEL - 2025\Pen 5 - Group 3\PREWEANING\Day 1\ch05_20251010201404.mp4,ch05_20251010201404.mp4,44841.556824,46243.078113,1073.634176,1102.352176,Pen 5 - Group 3/PREWEANING 2/Day 1/0904.zip
643,936,CS_0905_PREWEAN_d1_p5_cow6_10102025_ch05-20251010201404_46129_46190.mp4,Pen 5 - Group 3\PREWEANING\Day 1\CS_0905_PREWEAN_d1_p5_cow6_10102025_ch05-20251010201404_46129_46190.mp4,E:\cross_sucking\Pen 5 - Group 3\PREWEANING\Day 1\CS_0905_PREWEAN_d1_p5_cow6_10102025_ch05-20251010201404_46129_46190.mp4,created,1,1,Pen_5_PREWEAN_Day_1_10102025,Pen 5 - Group 3,PREWEAN,1,5,10102025,6,other|O|None|side,46129.693,46190.651,46129.693,46190.651,G:\MONITORING CROSS SUCKING IN CALVES - KAPPEL - 2025\Pen 5 - Group 3\PREWEANING\Day 1\ch05_20251010201404.mp4,ch05_20251010201404.mp4,44841.556824,46243.078113,1288.136176,1349.094176,Pen 5 - Group 3/PREWEANING 2/Day 1/0905.zip
644,937,CS_0906_PREWEAN_d1_p5_cowO_10102025_ch05-20251010201404_46178_46276_part01.mp4,Pen 5 - Group 3\PREWEANING\Day 1\CS_0906_PREWEAN_d1_p5_cowO_10102025_ch05-20251010201404_46178_46276_part01.mp4,E:\cross_sucking\Pen 5 - Group 3\PREWEANING\Day 1\CS_0906_PREWEAN_d1_p5_cowO_10102025_ch05-20251010201404_46178_46276_part01.mp4,created,1,2,Pen_5_PREWEAN_Day_1_10102025,Pen 5 - Group 3,PREWEAN,1,5,10102025,O,other|6|reciprocal|side,46178.141,46276.746,46178.141,46243.078113,G:\MONITORING CROSS SUCKING IN CALVES - KAPPEL - 2025\Pen 5 - Group 3\PREWEANING\Day 1\ch05_20251010201404.mp4,ch05_20251010201404.mp4,44841.556824,46243.078113,1336.584176,1401.521289,Pen 5 - Group 3/PREWEANING 2/Day 1/0906_part1.zip
645,938,CS_0906_PREWEAN_d1_p5_cowO_10102025_ch05-20251010201404_46178_46276_part02.mp4,Pen 5 - Group 3\PREWEANING\Day 1\CS_0906_PREWEAN_d1_p5_cowO_10102025_ch05-20251010201404_46178_46276_part02.mp4,E:\cross_sucking\Pen 5 - Group 3\PREWEANING\Day 1\CS_0906_PREWEAN_d1_p5_cowO_10102025_ch05-20251010201404_46178_46276_part02.mp4,created,2,2,Pen_5_PREWEAN_Day_1_10102025,Pen 5 - Group 3,PREWEAN,1,5,10102025,O,other|6|reciprocal|side,46178.141,46276.746,46243.078113,46276.746,G:\MONITORING CROSS SUCKING IN CALVES - KAPPEL - 2025\Pen 5 - Group 3\PREWEANING\Day 1\ch05_20251010203737.mp4,ch05_20251010203737.mp4,46243.078113,47644.603402,0.0,33.667887,Pen 5 - Group 3/PREWEANING 2/Day 1/0906_part2.zip
646,944,CS_0911_PREWEAN_d1_p5_cow6_10102025_ch05-20251010203737_46291_46338.mp4,Pen 5 - Group 3\PREWEANING\Day 1\CS_0911_PREWEAN_d1_p5_cow6_10102025_ch05-20251010203737_46291_46338.mp4,E:\cross_sucking\Pen 5 - Group 3\PREWEANING\Day 1\CS_0911_PREWEAN_d1_p5_cow6_10102025_ch05-20251010203737_46291_46338.mp4,created,1,1,Pen_5_PREWEAN_Day_1_10102025,Pen 5 - Group 3,PREWEAN,1,5,10102025,6,other|O|None|side,46291.107,46338.482,46291.107,46338.482,G:\MONITORING CROSS SUCKING IN CALVES - KAPPEL - 2025\Pen 5 - Group 3\PREWEANING\Day 1\ch05_20251010203737.mp4,ch05_20251010203737.mp4,46243.078113,47644.603402,48.028887,95.403887,Pen 5 - Group 3/PREWEANING 2/Day 1/0911.zip
647,946,CS_0913_PREWEAN_d1_p5_cow6_10102025_ch05-20251010203737_46350_46378.mp4,Pen 5 - Group 3\PREWEANING\Day 1\CS_0913_PREWEAN_d1_p5_cow6_10102025_ch05-20251010203737_46350_46378.mp4,E:\cross_sucking\Pen 5 - Group 3\PREWEANING\Day 1\CS_0913_PREWEAN_d1_p5_cow6_10102025_ch05-20251010203737_46350_46378.mp4,created,1,1,Pen_5_PREWEAN_Day_1_10102025,Pen 5 - Group 3,PREWEAN,1,5,10102025,6,other|O|None|side,46350.525,46378.117,46350.525,46378.117,G:\MONITORING CROSS SUCKING IN CALVES - KAPPEL - 2025\Pen 5 - Group 3\PREWEANING\Day 1\ch05_20251010203737.mp4,ch05_20251010203737.mp4,46243.078113,47644.603402,107.446887,135.038887,Pen 5 - Group 3/PREWEANING 2/Day 1/0913.zip
648,948,CS_0915_PREWEAN_d1_p5_cow6_10102025_ch05-20251010203737_46380_46453.mp4,Pen 5 - Group 3\PREWEANING\Day 1\CS_0915_PREWEAN_d1_p5_cow6_10102025_ch05-20251010203737_46380_46453.mp4,E:\cross_sucking\Pen 5 - Group 3\PREWEANING\Day 1\CS_0915_PREWEAN_d1_p5_cow6_10102025_ch05-20251010203737_46380_46453.mp4,created,1,1,Pen_5_PREWEAN_Day_1_10102025,Pen 5 - Group 3,PREWEAN,1,5,10102025,6,other|6|None|side,46380.299,46453.748,46380.299,46453.748,G:\MONITORING CROSS SUCKING IN CALVES - KAPPEL - 2025\Pen 5 - Group 3\PREWEANING\Day 1\ch05_20251010203737.mp4,ch05_20251010203737.mp4,46243.078113,47644.603402,137.220887,210.669887,Pen 5 - Group 3/PREWEANING 2/Day 1/0915.zip
649,950,CS_0917_PREWEAN_d1_p5_cowT_10102025_ch05-20251010203737_46494_46501.mp4,Pen 5 - Group 3\PREWEANING\Day 1\CS_0917_PREWEAN_d1_p5_cowT_10102025_ch05-20251010203737_46494_46501.mp4,E:\cross_sucking\Pen 5 - Group 3\PREWEANING\Day 1\CS_0917_PREWEAN_d1_p5_cowT_10102025_ch05-20251010203737_46494_46501.mp4,created,1,1,Pen_5_PREWEAN_Day_1_10102025,Pen 5 - Group 3,PREWEAN,1,5,10102025,T,None|O|None|side,46494.124,46501.275,46494.124,46501.275,G:\MONITORING CROSS SUCKING IN CALVES - KAPPEL - 2025\Pen 5 - Group 3\PREWEANING\Day 1\ch05_20251010203737.mp4,ch05_20251010203737.mp4,46243.078113,47644.603402,251.045887,258.196887,Pen 5 - Group 3/PREWEANING 2/Day 1/0917.zip
650,952,CS_0919_PREWEAN_d1_p5_cowT_10102025_ch05-20251010203737_46509_46511.mp4,Pen 5 - Group 3\PREWEANING\Day 1\CS_0919_PREWEAN_d1_p5_cowT_10102025_ch05-20251010203737_46509_46511.mp4,E:\cross_sucking\Pen 5 - Group 3\PREWEANING\Day 1\CS_0919_PREWEAN_d1_p5_cowT_10102025_ch05-20251010203737_46509_46511.mp4,created,1,1,Pen_5_PREWEAN_Day_1_10102025,Pen 5 - Group 3,PREWEAN,1,5,10102025,T,other|O|None|side,46509.347,46511.594,46509.347,46511.594,G:\MONITORING CROSS SUCKING IN CALVES - KAPPEL - 2025\Pen 5 - Group 3\PREWEANING\Day 1\ch05_20251010203737.mp4,ch05_20251010203737.mp4,46243.078113,47644.603402,266.268887,268.515887,Pen 5 - Group 3/PREWEANING 2/Day 1/0919.zip
651,953,CS_0920_PREWEAN_d1_p5_cow6_10102025_ch05-20251010203737_47640_47688_part01.mp4,Pen 5 - Group 3\PREWEANING\Day 1\CS_0920_PREWEAN_d1_p5_cow6_10102025_ch05-20251010203737_47640_47688_part01.mp4,E:\cross_sucking\Pen 5 - Group 3\PREWEANING\Day 1\CS_0920_PREWEAN_d1_p5_cow6_10102025_ch05-20251010203737_47640_47688_part01.mp4,created,1,2,Pen_5_PREWEAN_Day_1_10102025,Pen 5 - Group 3,PREWEAN,1,5,10102025,6,other|A|None|side,47640.084,47688.519,47640.084,47644.603402,G:\MONITORING CROSS SUCKING IN CALVES - KAPPEL - 2025\Pen 5 - Group 3\PREWEANING\Day 1\ch05_20251010203737.mp4,ch05_20251010203737.mp4,46243.078113,47644.603402,1397.005887,1401.525289,Pen 5 - Group 3/PREWEANING 2/Day 1/0920_part1.zip
652,954,CS_0920_PREWEAN_d1_p5_cow6_10102025_ch05-20251010203737_47640_47688_part02.mp4,Pen 5 - Group 3\PREWEANING\Day 1\CS_0920_PREWEAN_d1_p5_cow6_10102025_ch05-20251010203737_47640_47688_part02.mp4,E:\cross_sucking\Pen 5 - Group 3\PREWEANING\Day 1\CS_0920_PREWEAN_d1_p5_cow6_10102025_ch05-20251010203737_47640_47688_part02.mp4,created,2,2,Pen_5_PREWEAN_Day_1_10102025,Pen 5 - Group 3,PREWEAN,1,5,10102025,6,other|A|None|side,47640.084,47688.519,47644.603402,47688.519,G:\MONITORING CROSS SUCKING IN CALVES - KAPPEL - 2025\Pen 5 - Group 3\PREWEANING\Day 1\ch05_20251010210109.mp4,ch05_20251010210109.mp4,47644.603402,49045.064691,0.0,43.915598,Pen 5 - Group 3/PREWEANING 2/Day 1/0920_part2.zip
653,955,CS_0921_PREWEAN_d1_p5_cow6_10102025_ch05-20251010210109_48489_48519.mp4,Pen 5 - Group 3\PREWEANING\Day 1\CS_0921_PREWEAN_d1_p5_cow6_10102025_ch05-20251010210109_48489_48519.mp4,E:\cross_sucking\Pen 5 - Group 3\PREWEANING\Day 1\CS_0921_PREWEAN_d1_p5_cow6_10102025_ch05-20251010210109_48489_48519.mp4,created,1,1,Pen_5_PREWEAN_Day_1_10102025,Pen 5 - Group 3,PREWEAN,1,5,10102025,6,other|1|None|behind,48489.477,48519.526,48489.477,48519.526,G:\MONITORING CROSS SUCKING IN CALVES - KAPPEL - 2025\Pen 5 - Group 3\PREWEANING\Day 1\ch05_20251010210109.mp4,ch05_20251010210109.mp4,47644.603402,49045.064691,844.873598,874.922598,Pen 5 - Group 3/PREWEANING 2/Day 1/0921.zip
654,956,CS_0922_PREWEAN_d1_p5_cow1_10102025_ch05-20251010210109_48535_48639.mp4,Pen 5 - Group 3\PREWEANING\Day 1\CS_0922_PREWEAN_d1_p5_cow1_10102025_ch05-20251010210109_48535_48639.mp4,E:\cross_sucking\Pen 5 - Group 3\PREWEANING\Day 1\CS_0922_PREWEAN_d1_p5_cow1_10102025_ch05-20251010210109_48535_48639.mp4,created,1,1,Pen_5_PREWEAN_Day_1_10102025,Pen 5 - Group 3,PREWEAN,1,5,10102025,1,other|6|reciprocal|side,48535.525,48639.342,48535.525,48639.342,G:\MONITORING CROSS SUCKING IN CALVES - KAPPEL - 2025\Pen 5 - Group 3\PREWEANING\Day 1\ch05_20251010210109.mp4,ch05_20251010210109.mp4,47644.603402,49045.064691,890.921598,994.738598,Pen 5 - Group 3/PREWEANING 2/Day 1/0922.zip
655,959,CS_0925_PREWEAN_d1_p5_cow6_10102025_ch05-20251010210109_48617_48690.mp4,Pen 5 - Group 3\PREWEANING\Day 1\CS_0925_PREWEAN_d1_p5_cow6_10102025_ch05-20251010210109_48617_48690.mp4,E:\cross_sucking\Pen 5 - Group 3\PREWEANING\Day 1\CS_0925_PREWEAN_d1_p5_cow6_10102025_ch05-20251010210109_48617_48690.mp4,created,1,1,Pen_5_PREWEAN_Day_1_10102025,Pen 5 - Group 3,PREWEAN,1,5,10102025,6,other|1|reciprocal|side,48617.701,48690.025,48617.701,48690.025,G:\MONITORING CROSS SUCKING IN CALVES - KAPPEL - 2025\Pen 5 - Group 3\PREWEANING\Day 1\ch05_20251010210109.mp4,ch05_20251010210109.mp4,47644.603402,49045.064691,973.097598,1045.421598,Pen 5 - Group 3/PREWEANING 2/Day 1/0925.zip
656,960,CS_0926_PREWEAN_d1_p5_cowT_10102025_ch05-20251010225847_55550_55587.mp4,Pen 5 - Group 3\PREWEANING\Day 1\CS_0926_PREWEAN_d1_p5_cowT_10102025_ch05-20251010225847_55550_55587.mp4,E:\cross_sucking\Pen 5 - Group 3\PREWEANING\Day 1\CS_0926_PREWEAN_d1_p5_cowT_10102025_ch05-20251010225847_55550_55587.mp4,created,1,1,Pen_5_PREWEAN_Day_1_10102025,Pen 5 - Group 3,PREWEAN,1,5,10102025,T,other|O|None|side,55550.983,55587.638,55550.983,55587.638,G:\MONITORING CROSS SUCKING IN CALVES - KAPPEL - 2025\Pen 5 - Group 3\PREWEANING\Day 1\ch05_20251010225847.mp4,ch05_20251010225847.mp4,54651.035847,56052.53178,899.947153,936.602153,Pen 5 - Group 3/PREWEANING 2/Day 1/0926.zip
657,961,CS_0927_PREWEAN_d1_p5_cowT_10102025_ch05-20251010225847_55640_55658.mp4,Pen 5 - Group 3\PREWEANING\Day 1\CS_0927_PREWEAN_d1_p5_cowT_10102025_ch05-20251010225847_55640_55658.mp4,E:\cross_sucking\Pen 5 - Group 3\PREWEANING\Day 1\CS_0927_PREWEAN_d1_p5_cowT_10102025_ch05-20251010225847_55640_55658.mp4,created,1,1,Pen_5_PREWEAN_Day_1_10102025,Pen 5 - Group 3,PREWEAN,1,5,10102025,T,other|O|None|side,55640.038,55658.894,55640.038,55658.894,G:\MONITORING CROSS SUCKING IN CALVES - KAPPEL - 2025\Pen 5 - Group 3\PREWEANING\Day 1\ch05_20251010225847.mp4,ch05_20251010225847.mp4,54651.035847,56052.53178,989.002153,1007.858153,Pen 5 - Group 3/PREWEANING 2/Day 1/0927.zip
658,962,CS_0928_PREWEAN_d1_p5_cowT_10102025_ch05-20251010225847_55675_55688.mp4,Pen 5 - Group 3\PREWEANING\Day 1\CS_0928_PREWEAN_d1_p5_cowT_10102025_ch05-20251010225847_55675_55688.mp4,E:\cross_sucking\Pen 5 - Group 3\PREWEANING\Day 1\CS_0928_PREWEAN_d1_p5_cowT_10102025_ch05-20251010225847_55675_55688.mp4,created,1,1,Pen_5_PREWEAN_Day_1_10102025,Pen 5 - Group 3,PREWEAN,1,5,10102025,T,other|O|None|behind,55675.113,55688.41,55675.113,55688.41,G:\MONITORING CROSS SUCKING IN CALVES - KAPPEL - 2025\Pen 5 - Group 3\PREWEANING\Day 1\ch05_20251010225847.mp4,ch05_20251010225847.mp4,54651.035847,56052.53178,1024.077153,1037.374153,Pen 5 - Group 3/PREWEANING 2/Day 1/0928.zip
659,963,CS_0929_PREWEAN_d1_p5_cowT_10102025_ch05-20251011000923_59849_59862.mp4,Pen 5 - Group 3\PREWEANING\Day 1\CS_0929_PREWEAN_d1_p5_cowT_10102025_ch05-20251011000923_59849_59862.mp4,E:\cross_sucking\Pen 5 - Group 3\PREWEANING\Day 1\CS_0929_PREWEAN_d1_p5_cowT_10102025_ch05-20251011000923_59849_59862.mp4,created,1,1,Pen_5_PREWEAN_Day_1_10102025,Pen 5 - Group 3,PREWEAN,1,5,10102025,T,other|1|None|side,59849.268,59862.168,59849.268,59862.168,G:\MONITORING CROSS SUCKING IN CALVES - KAPPEL - 2025\Pen 5 - Group 3\PREWEANING\Day 1\ch05_20251011000923.mp4,ch05_20251011000923.mp4,58855.280358,60256.750647,993.987642,1006.887642,Pen 5 - Group 3/PREWEANING 2/Day 1/0929.zip
660,964,CS_0930_PREWEAN_d1_p5_cow6_10102025_ch05-20251011012000_64342_64365.mp4,Pen 5 - Group 3\PREWEANING\Day 1\CS_0930_PREWEAN_d1_p5_cow6_10102025_ch05-20251011012000_64342_64365.mp4,E:\cross_sucking\Pen 5 - Group 3\PREWEANING\Day 1\CS_0930_PREWEAN_d1_p5_cow6_10102025_ch05-20251011012000_64342_64365.mp4,created,1,1,Pen_5_PREWEAN_Day_1_10102025,Pen 5 - Group 3,PREWEAN,1,5,10102025,6,other|2|None|behind,64342.814,64365.906,64342.814,64365.906,G:\MONITORING CROSS SUCKING IN CALVES - KAPPEL - 2025\Pen 5 - Group 3\PREWEANING\Day 1\ch05_20251011012000.mp4,ch05_20251011012000.mp4,63059.648225,64461.084514,1283.165775,1306.257775,Pen 5 - Group 3/PREWEANING 2/Day 1/0930.zip
661,965,CS_0931_PREWEAN_d1_p5_cow8_10102025_ch05-20251011062555_82124_82158.mp4,Pen 5 - Group 3\PREWEANING\Day 1\CS_0931_PREWEAN_d1_p5_cow8_10102025_ch05-20251011062555_82124_82158.mp4,E:\cross_sucking\Pen 5 - Group 3\PREWEANING\Day 1\CS_0931_PREWEAN_d1_p5_cow8_10102025_ch05-20251011062555_82124_82158.mp4,created,1,1,Pen_5_PREWEAN_Day_1_10102025,Pen 5 - Group 3,PREWEAN,1,5,10102025,8,other|A|None|side,82124.54,82158.276,82124.54,82158.276,G:\MONITORING CROSS SUCKING IN CALVES - KAPPEL - 2025\Pen 5 - Group 3\PREWEANING\Day 1\ch05_20251011062555.mp4,ch05_20251011062555.mp4,81278.334982,82679.725271,846.205018,879.941018,Pen 5 - Group 3/PREWEANING 2/Day 1/0931.zip
662,966,CS_0932_PREWEAN_d1_p5_cow8_10102025_ch05-20251011062555_82160_82163.mp4,Pen 5 - Group 3\PREWEANING\Day 1\CS_0932_PREWEAN_d1_p5_cow8_10102025_ch05-20251011062555_82160_82163.mp4,E:\cross_sucking\Pen 5 - Group 3\PREWEANING\Day 1\CS_0932_PREWEAN_d1_p5_cow8_10102025_ch05-20251011062555_82160_82163.mp4,created,1,1,Pen_5_PREWEAN_Day_1_10102025,Pen 5 - Group 3,PREWEAN,1,5,10102025,8,other|A|None|side,82160.26,82163.103,82160.26,82163.103,G:\MONITORING CROSS SUCKING IN CALVES - KAPPEL - 2025\Pen 5 - Group 3\PREWEANING\Day 1\ch05_20251011062555.mp4,ch05_20251011062555.mp4,81278.334982,82679.725271,881.925018,884.768018,Pen 5 - Group 3/PREWEANING 2/Day 1/0932.zip
663,967,CS_0933_PREWEAN_d1_p5_cow6_10102025_ch05-20251011073631_85841_85862.mp4,Pen 5 - Group 3\PREWEANING\Day 1\CS_0933_PREWEAN_d1_p5_cow6_10102025_ch05-20251011073631_85841_85862.mp4,E:\cross_sucking\Pen 5 - Group 3\PREWEANING\Day 1\CS_0933_PREWEAN_d1_p5_cow6_10102025_ch05-20251011073631_85841_85862.mp4,created,1,1,Pen_5_PREWEAN_Day_1_10102025,Pen 5 - Group 3,PREWEAN,1,5,10102025,6,other|1|None|side,85841.805,85862.378,85841.805,85862.378,G:\MONITORING CROSS SUCKING IN CALVES - KAPPEL - 2025\Pen 5 - Group 3\PREWEANING\Day 1\ch05_20251011073631.mp4,ch05_20251011073631.mp4,85482.555849,86883.806138,359.249151,379.822151,Pen 5 - Group 3/PREWEANING 2/Day 1/0933.zip
664,968,CS_0934_PREWEAN_d1_p5_cow6_10102025_ch05-20251011073631_85879_85929.mp4,Pen 5 - Group 3\PREWEANING\Day 1\CS_0934_PREWEAN_d1_p5_cow6_10102025_ch05-20251011073631_85879_85929.mp4,E:\cross_sucking\Pen 5 - Group 3\PREWEANING\Day 1\CS_0934_PREWEAN_d1_p5_cow6_10102025_ch05-20251011073631_85879_85929.mp4,created,1,1,Pen_5_PREWEAN_Day_1_10102025,Pen 5 - Group 3,PREWEAN,1,5,10102025,6,other|O|None|side,85879.192,85929.136,85879.192,85929.136,G:\MONITORING CROSS SUCKING IN CALVES - KAPPEL - 2025\Pen 5 - Group 3\PREWEANING\Day 1\ch05_20251011073631.mp4,ch05_20251011073631.mp4,85482.555849,86883.806138,396.636151,446.580151,Pen 5 - Group 3/PREWEANING 2/Day 1/0934.zip
665,969,CS_0935_PREWEAN_d1_p5_cow6_10102025_ch05-20251011073631_85932_85936.mp4,Pen 5 - Group 3\PREWEANING\Day 1\CS_0935_PREWEAN_d1_p5_cow6_10102025_ch05-20251011073631_85932_85936.mp4,E:\cross_sucking\Pen 5 - Group 3\PREWEANING\Day 1\CS_0935_PREWEAN_d1_p5_cow6_10102025_ch05-20251011073631_85932_85936.mp4,created,1,1,Pen_5_PREWEAN_Day_1_10102025,Pen 5 - Group 3,PREWEAN,1,5,10102025,6,other|O|None|behind,85932.381,85936.154,85932.381,85936.154,G:\MONITORING CROSS SUCKING IN CALVES - KAPPEL - 2025\Pen 5 - Group 3\PREWEANING\Day 1\ch05_20251011073631.mp4,ch05_20251011073631.mp4,85482.555849,86883.806138,449.825151,453.598151,Pen 5 - Group 3/PREWEANING 2/Day 1/0935.zip
666,970,CS_0936_PREWEAN_d2_p5_cow6_11102025_ch05-20251011080003_1628_1649.mp4,Pen 5 - Group 3\PREWEANING\Day 2\CS_0936_PREWEAN_d2_p5_cow6_11102025_ch05-20251011080003_1628_1649.mp4,E:\cross_sucking\Pen 5 - Group 3\PREWEANING\Day 2\CS_0936_PREWEAN_d2_p5_cow6_11102025_ch05-20251011080003_1628_1649.mp4,created,1,1,Pen_5_PREWEAN_Day_2_11102025,Pen 5 - Group 3,PREWEAN,2,5,11102025,6,other|2|None|behind,1628.53,1649.226,1628.53,1649.226,G:\MONITORING CROSS SUCKING IN CALVES - KAPPEL - 2025\Pen 5 - Group 3\PREWEANING\Day 2\ch05_20251011080003.mp4,ch05_20251011080003.mp4,1401.250289,2802.582578,227.279711,247.975711,Pen 5 - Group 3/PREWEANING 2/Day 2/0936.zip
667,971,CS_0937_PREWEAN_d2_p5_cow8_11102025_ch05-20251011080003_1864_1881.mp4,Pen 5 - Group 3\PREWEANING\Day 2\CS_0937_PREWEAN_d2_p5_cow8_11102025_ch05-20251011080003_1864_1881.mp4,E:\cross_sucking\Pen 5 - Group 3\PREWEANING\Day 2\CS_0937_PREWEAN_d2_p5_cow8_11102025_ch05-20251011080003_1864_1881.mp4,created,1,1,Pen_5_PREWEAN_Day_2_11102025,Pen 5 - Group 3,PREWEAN,2,5,11102025,8,other|2|None|side,1864.643,1881.976,1864.643,1881.976,G:\MONITORING CROSS SUCKING IN CALVES - KAPPEL - 2025\Pen 5 - Group 3\PREWEANING\Day 2\ch05_20251011080003.mp4,ch05_20251011080003.mp4,1401.250289,2802.582578,463.392711,480.725711,Pen 5 - Group 3/PREWEANING 2/Day 2/0937.zip
668,972,CS_0938_PREWEAN_d2_p5_cowslash_11102025_ch05-20251011080003_1911_1913.mp4,Pen 5 - Group 3\PREWEANING\Day 2\CS_0938_PREWEAN_d2_p5_cowslash_11102025_ch05-20251011080003_1911_1913.mp4,E:\cross_sucking\Pen 5 - Group 3\PREWEANING\Day 2\CS_0938_PREWEAN_d2_p5_cowslash_11102025_ch05-20251011080003_1911_1913.mp4,created,1,1,Pen_5_PREWEAN_Day_2_11102025,Pen 5 - Group 3,PREWEAN,2,5,11102025,/,other|8|None|behind,1911.221,1913.346,1911.221,1913.346,G:\MONITORING CROSS SUCKING IN CALVES - KAPPEL - 2025\Pen 5 - Group 3\PREWEANING\Day 2\ch05_20251011080003.mp4,ch05_20251011080003.mp4,1401.250289,2802.582578,509.970711,512.095711,Pen 5 - Group 3/PREWEANING 2/Day 2/0938.zip
669,974,CS_0940_PREWEAN_d2_p5_cowT_11102025_ch05-20251011080003_2207_2231.mp4,Pen 5 - Group 3\PREWEANING\Day 2\CS_0940_PREWEAN_d2_p5_cowT_11102025_ch05-20251011080003_2207_2231.mp4,E:\cross_sucking\Pen 5 - Group 3\PREWEANING\Day 2\CS_0940_PREWEAN_d2_p5_cowT_11102025_ch05-20251011080003_2207_2231.mp4,created,1,1,Pen_5_PREWEAN_Day_2_11102025,Pen 5 - Group 3,PREWEAN,2,5,11102025,T,other|A|None|side,2207.912,2231.999,2207.912,2231.999,G:\MONITORING CROSS SUCKING IN CALVES - KAPPEL - 2025\Pen 5 - Group 3\PREWEANING\Day 2\ch05_20251011080003.mp4,ch05_20251011080003.mp4,1401.250289,2802.582578,806.661711,830.748711,Pen 5 - Group 3/PREWEANING 2/Day 2/0940.zip
670,975,CS_0941_PREWEAN_d2_p5_cow6_11102025_ch05-20251011080003_2706_2715.mp4,Pen 5 - Group 3\PREWEANING\Day 2\CS_0941_PREWEAN_d2_p5_cow6_11102025_ch05-20251011080003_2706_2715.mp4,E:\cross_sucking\Pen 5 - Group 3\PREWEANING\Day 2\CS_0941_PREWEAN_d2_p5_cow6_11102025_ch05-20251011080003_2706_2715.mp4,created,1,1,Pen_5_PREWEAN_Day_2_11102025,Pen 5 - Group 3,PREWEAN,2,5,11102025,6,hay|A|None|side,2706.047,2715.443,2706.047,2715.443,G:\MONITORING CROSS SUCKING IN CALVES - KAPPEL - 2025\Pen 5 - Group 3\PREWEANING\Day 2\ch05_20251011080003.mp4,ch05_20251011080003.mp4,1401.250289,2802.582578,1304.796711,1314.192711,Pen 5 - Group 3/PREWEANING 2/Day 2/0941.zip
671,977,CS_0943_PREWEAN_d2_p5_cow6_11102025_ch05-20251011080003_2718_2748.mp4,Pen 5 - Group 3\PREWEANING\Day 2\CS_0943_PREWEAN_d2_p5_cow6_11102025_ch05-20251011080003_2718_2748.mp4,E:\cross_sucking\Pen 5 - Group 3\PREWEANING\Day 2\CS_0943_PREWEAN_d2_p5_cow6_11102025_ch05-20251011080003_2718_2748.mp4,created,1,1,Pen_5_PREWEAN_Day_2_11102025,Pen 5 - Group 3,PREWEAN,2,5,11102025,6,hay|A|None|side,2718.29,2748.255,2718.29,2748.255,G:\MONITORING CROSS SUCKING IN CALVES - KAPPEL - 2025\Pen 5 - Group 3\PREWEANING\Day 2\ch05_20251011080003.mp4,ch05_20251011080003.mp4,1401.250289,2802.582578,1317.039711,1347.004711,Pen 5 - Group 3/PREWEANING 2/Day 2/0943.zip
672,978,CS_0944_PREWEAN_d2_p5_cow8_11102025_ch05-20251011082334_3018_3028.mp4,Pen 5 - Group 3\PREWEANING\Day 2\CS_0944_PREWEAN_d2_p5_cow8_11102025_ch05-20251011082334_3018_3028.mp4,E:\cross_sucking\Pen 5 - Group 3\PREWEANING\Day 2\CS_0944_PREWEAN_d2_p5_cow8_11102025_ch05-20251011082334_3018_3028.mp4,created,1,1,Pen_5_PREWEAN_Day_2_11102025,Pen 5 - Group 3,PREWEAN,2,5,11102025,8,other|1|None|side,3018.902,3028.354,3018.902,3028.354,G:\MONITORING CROSS SUCKING IN CALVES - KAPPEL - 2025\Pen 5 - Group 3\PREWEANING\Day 2\ch05_20251011082334.mp4,ch05_20251011082334.mp4,2802.582578,4203.948867,216.319422,225.771422,Pen 5 - Group 3/PREWEANING 2/Day 2/0944.zip
673,979,CS_0945_PREWEAN_d2_p5_cow1_11102025_ch05-20251011082334_3022_3248.mp4,Pen 5 - Group 3\PREWEANING\Day 2\CS_0945_PREWEAN_d2_p5_cow1_11102025_ch05-20251011082334_3022_3248.mp4,E:\cross_sucking\Pen 5 - Group 3\PREWEANING\Day 2\CS_0945_PREWEAN_d2_p5_cow1_11102025_ch05-20251011082334_3022_3248.mp4,created,1,1,Pen_5_PREWEAN_Day_2_11102025,Pen 5 - Group 3,PREWEAN,2,5,11102025,1,other|8|reciprocal|side,3022.795,3248.351,3022.795,3248.351,G:\MONITORING CROSS SUCKING IN CALVES - KAPPEL - 2025\Pen 5 - Group 3\PREWEANING\Day 2\ch05_20251011082334.mp4,ch05_20251011082334.mp4,2802.582578,4203.948867,220.212422,445.768422,Pen 5 - Group 3/PREWEANING 2/Day 2/0945.zip
674,985,CS_0951_PREWEAN_d2_p5_cowO_11102025_ch05-20251011082334_3277_3291.mp4,Pen 5 - Group 3\PREWEANING\Day 2\CS_0951_PREWEAN_d2_p5_cowO_11102025_ch05-20251011082334_3277_3291.mp4,E:\cross_sucking\Pen 5 - Group 3\PREWEANING\Day 2\CS_0951_PREWEAN_d2_p5_cowO_11102025_ch05-20251011082334_3277_3291.mp4,created,1,1,Pen_5_PREWEAN_Day_2_11102025,Pen 5 - Group 3,PREWEAN,2,5,11102025,O,other|8|None|side,3277.199,3291.159,3277.199,3291.159,G:\MONITORING CROSS SUCKING IN CALVES - KAPPEL - 2025\Pen 5 - Group 3\PREWEANING\Day 2\ch05_20251011082334.mp4,ch05_20251011082334.mp4,2802.582578,4203.948867,474.616422,488.576422,Pen 5 - Group 3/PREWEANING 2/Day 2/0951.zip
675,987,CS_0953_PREWEAN_d2_p5_cow8_11102025_ch05-20251011082334_3418_3436.mp4,Pen 5 - Group 3\PREWEANING\Day 2\CS_0953_PREWEAN_d2_p5_cow8_11102025_ch05-20251011082334_3418_3436.mp4,E:\cross_sucking\Pen 5 - Group 3\PREWEANING\Day 2\CS_0953_PREWEAN_d2_p5_cow8_11102025_ch05-20251011082334_3418_3436.mp4,created,1,1,Pen_5_PREWEAN_Day_2_11102025,Pen 5 - Group 3,PREWEAN,2,5,11102025,8,other|2|None|side,3418.072,3436.264,3418.072,3436.264,G:\MONITORING CROSS SUCKING IN CALVES - KAPPEL - 2025\Pen 5 - Group 3\PREWEANING\Day 2\ch05_20251011082334.mp4,ch05_20251011082334.mp4,2802.582578,4203.948867,615.489422,633.681422,Pen 5 - Group 3/PREWEANING 2/Day 2/0953.zip
676,988,CS_0954_PREWEAN_d2_p5_cowO_11102025_ch05-20251011082334_3555_3574.mp4,Pen 5 - Group 3\PREWEANING\Day 2\CS_0954_PREWEAN_d2_p5_cowO_11102025_ch05-20251011082334_3555_3574.mp4,E:\cross_sucking\Pen 5 - Group 3\PREWEANING\Day 2\CS_0954_PREWEAN_d2_p5_cowO_11102025_ch05-20251011082334_3555_3574.mp4,created,1,1,Pen_5_PREWEAN_Day_2_11102025,Pen 5 - Group 3,PREWEAN,2,5,11102025,O,other|2|None|side,3555.847,3574.824,3555.847,3574.824,G:\MONITORING CROSS SUCKING IN CALVES - KAPPEL - 2025\Pen 5 - Group 3\PREWEANING\Day 2\ch05_20251011082334.mp4,ch05_20251011082334.mp4,2802.582578,4203.948867,753.264422,772.241422,Pen 5 - Group 3/PREWEANING 2/Day 2/0954.zip
677,989,CS_0955_PREWEAN_d2_p5_cow2_11102025_ch05-20251011082334_3574_3586.mp4,Pen 5 - Group 3\PREWEANING\Day 2\CS_0955_PREWEAN_d2_p5_cow2_11102025_ch05-20251011082334_3574_3586.mp4,E:\cross_sucking\Pen 5 - Group 3\PREWEANING\Day 2\CS_0955_PREWEAN_d2_p5_cow2_11102025_ch05-20251011082334_3574_3586.mp4,created,1,1,Pen_5_PREWEAN_Day_2_11102025,Pen 5 - Group 3,PREWEAN,2,5,11102025,2,other|O|None|side,3574.824,3586.204,3574.824,3586.204,G:\MONITORING CROSS SUCKING IN CALVES - KAPPEL - 2025\Pen 5 - Group 3\PREWEANING\Day 2\ch05_20251011082334.mp4,ch05_20251011082334.mp4,2802.582578,4203.948867,772.241422,783.621422,Pen 5 - Group 3/PREWEANING 2/Day 2/0955.zip
678,990,CS_0956_PREWEAN_d2_p5_cow1_11102025_ch05-20251011082334_4052_4076.mp4,Pen 5 - Group 3\PREWEANING\Day 2\CS_0956_PREWEAN_d2_p5_cow1_11102025_ch05-20251011082334_4052_4076.mp4,E:\cross_sucking\Pen 5 - Group 3\PREWEANING\Day 2\CS_0956_PREWEAN_d2_p5_cow1_11102025_ch05-20251011082334_4052_4076.mp4,created,1,1,Pen_5_PREWEAN_Day_2_11102025,Pen 5 - Group 3,PREWEAN,2,5,11102025,1,grain feeder|A|None|side,4052.537,4076.026,4052.537,4076.026,G:\MONITORING CROSS SUCKING IN CALVES - KAPPEL - 2025\Pen 5 - Group 3\PREWEANING\Day 2\ch05_20251011082334.mp4,ch05_20251011082334.mp4,2802.582578,4203.948867,1249.954422,1273.443422,Pen 5 - Group 3/PREWEANING 2/Day 2/0956.zip
679,991,CS_0957_PREWEAN_d2_p5_cowO_11102025_ch05-20251011084706_4798_4810.mp4,Pen 5 - Group 3\PREWEANING\Day 2\CS_0957_PREWEAN_d2_p5_cowO_11102025_ch05-20251011084706_4798_4810.mp4,E:\cross_sucking\Pen 5 - Group 3\PREWEANING\Day 2\CS_0957_PREWEAN_d2_p5_cowO_11102025_ch05-20251011084706_4798_4810.mp4,created,1,1,Pen_5_PREWEAN_Day_2_11102025,Pen 5 - Group 3,PREWEAN,2,5,11102025,O,other|A|None|behind,4798.339,4810.178,4798.339,4810.178,G:\MONITORING CROSS SUCKING IN CALVES - KAPPEL - 2025\Pen 5 - Group 3\PREWEANING\Day 2\ch05_20251011084706.mp4,ch05_20251011084706.mp4,4203.948867,5605.290156,594.390133,606.229133,Pen 5 - Group 3/PREWEANING 2/Day 2/0957.zip
680,992,CS_0958_PREWEAN_d2_p5_cowT_11102025_ch05-20251011084706_5449_5456.mp4,Pen 5 - Group 3\PREWEANING\Day 2\CS_0958_PREWEAN_d2_p5_cowT_11102025_ch05-20251011084706_5449_5456.mp4,E:\cross_sucking\Pen 5 - Group 3\PREWEANING\Day 2\CS_0958_PREWEAN_d2_p5_cowT_11102025_ch05-20251011084706_5449_5456.mp4,created,1,1,Pen_5_PREWEAN_Day_2_11102025,Pen 5 - Group 3,PREWEAN,2,5,11102025,T,other|O|None|side,5449.672,5456.746,5449.672,5456.746,G:\MONITORING CROSS SUCKING IN CALVES - KAPPEL - 2025\Pen 5 - Group 3\PREWEANING\Day 2\ch05_20251011084706.mp4,ch05_20251011084706.mp4,4203.948867,5605.290156,1245.723133,1252.797133,Pen 5 - Group 3/PREWEANING 2/Day 2/0958.zip
681,993,CS_0959_PREWEAN_d2_p5_cowT_11102025_ch05-20251011084706_5458_5466.mp4,Pen 5 - Group 3\PREWEANING\Day 2\CS_0959_PREWEAN_d2_p5_cowT_11102025_ch05-20251011084706_5458_5466.mp4,E:\cross_sucking\Pen 5 - Group 3\PREWEANING\Day 2\CS_0959_PREWEAN_d2_p5_cowT_11102025_ch05-20251011084706_5458_5466.mp4,created,1,1,Pen_5_PREWEAN_Day_2_11102025,Pen 5 - Group 3,PREWEAN,2,5,11102025,T,other|O|None|side,5458.534,5466.539,5458.534,5466.539,G:\MONITORING CROSS SUCKING IN CALVES - KAPPEL - 2025\Pen 5 - Group 3\PREWEANING\Day 2\ch05_20251011084706.mp4,ch05_20251011084706.mp4,4203.948867,5605.290156,1254.585133,1262.590133,Pen 5 - Group 3/PREWEANING 2/Day 2/0959.zip
682,994,CS_0960_PREWEAN_d2_p5_cowO_11102025_ch05-20251011084706_5468_5473.mp4,Pen 5 - Group 3\PREWEANING\Day 2\CS_0960_PREWEAN_d2_p5_cowO_11102025_ch05-20251011084706_5468_5473.mp4,E:\cross_sucking\Pen 5 - Group 3\PREWEANING\Day 2\CS_0960_PREWEAN_d2_p5_cowO_11102025_ch05-20251011084706_5468_5473.mp4,created,1,1,Pen_5_PREWEAN_Day_2_11102025,Pen 5 - Group 3,PREWEAN,2,5,11102025,O,other|T|reciprocal|side,5468.655,5473.616,5468.655,5473.616,G:\MONITORING CROSS SUCKING IN CALVES - KAPPEL - 2025\Pen 5 - Group 3\PREWEANING\Day 2\ch05_20251011084706.mp4,ch05_20251011084706.mp4,4203.948867,5605.290156,1264.706133,1269.667133,Pen 5 - Group 3/PREWEANING 2/Day 2/0960.zip
683,995,CS_0961_PREWEAN_d2_p5_cowT_11102025_ch05-20251011084706_5477_5486.mp4,Pen 5 - Group 3\PREWEANING\Day 2\CS_0961_PREWEAN_d2_p5_cowT_11102025_ch05-20251011084706_5477_5486.mp4,E:\cross_sucking\Pen 5 - Group 3\PREWEANING\Day 2\CS_0961_PREWEAN_d2_p5_cowT_11102025_ch05-20251011084706_5477_5486.mp4,created,1,1,Pen_5_PREWEAN_Day_2_11102025,Pen 5 - Group 3,PREWEAN,2,5,11102025,T,other|O|None|side,5477.455,5486.585,5477.455,5486.585,G:\MONITORING CROSS SUCKING IN CALVES - KAPPEL - 2025\Pen 5 - Group 3\PREWEANING\Day 2\ch05_20251011084706.mp4,ch05_20251011084706.mp4,4203.948867,5605.290156,1273.506133,1282.636133,Pen 5 - Group 3/PREWEANING 2/Day 2/0961.zip
684,999,CS_0964_PREWEAN_d2_p5_cow6_11102025_ch05-20251011113149_15094_15120.mp4,Pen 5 - Group 3\PREWEANING\Day 2\CS_0964_PREWEAN_d2_p5_cow6_11102025_ch05-20251011113149_15094_15120.mp4,E:\cross_sucking\Pen 5 - Group 3\PREWEANING\Day 2\CS_0964_PREWEAN_d2_p5_cow6_11102025_ch05-20251011113149_15094_15120.mp4,created,1,1,Pen_5_PREWEAN_Day_2_11102025,Pen 5 - Group 3,PREWEAN,2,5,11102025,6,milk feeder|A|None|behind,15094.202,15120.534,15094.202,15120.534,G:\MONITORING CROSS SUCKING IN CALVES - KAPPEL - 2025\Pen 5 - Group 3\PREWEANING\Day 2\ch05_20251011113149.mp4,ch05_20251011113149.mp4,14011.809534,15413.099823,1082.392466,1108.724466,Pen 5 - Group 3/PREWEANING 2/Day 2/0964.zip
685,1000,CS_0965_PREWEAN_d2_p5_cow6_11102025_ch05-20251011113149_15401_15454_part01.mp4,Pen 5 - Group 3\PREWEANING\Day 2\CS_0965_PREWEAN_d2_p5_cow6_11102025_ch05-20251011113149_15401_15454_part01.mp4,E:\cross_sucking\Pen 5 - Group 3\PREWEANING\Day 2\CS_0965_PREWEAN_d2_p5_cow6_11102025_ch05-20251011113149_15401_15454_part01.mp4,created,1,2,Pen_5_PREWEAN_Day_2_11102025,Pen 5 - Group 3,PREWEAN,2,5,11102025,6,milk feeder|O|None|behind,15401.83,15454.373,15401.83,15413.099823,G:\MONITORING CROSS SUCKING IN CALVES - KAPPEL - 2025\Pen 5 - Group 3\PREWEANING\Day 2\ch05_20251011113149.mp4,ch05_20251011113149.mp4,14011.809534,15413.099823,1390.020466,1401.290289,Pen 5 - Group 3/PREWEANING 2/Day 2/0965_part1.zip
686,1001,CS_0965_PREWEAN_d2_p5_cow6_11102025_ch05-20251011113149_15401_15454_part02.mp4,Pen 5 - Group 3\PREWEANING\Day 2\CS_0965_PREWEAN_d2_p5_cow6_11102025_ch05-20251011113149_15401_15454_part02.mp4,E:\cross_sucking\Pen 5 - Group 3\PREWEANING\Day 2\CS_0965_PREWEAN_d2_p5_cow6_11102025_ch05-20251011113149_15401_15454_part02.mp4,created,2,2,Pen_5_PREWEAN_Day_2_11102025,Pen 5 - Group 3,PREWEAN,2,5,11102025,6,milk feeder|O|None|behind,15401.83,15454.373,15413.099823,15454.373,G:\MONITORING CROSS SUCKING IN CALVES - KAPPEL - 2025\Pen 5 - Group 3\PREWEANING\Day 2\ch05_20251011115522.mp4,ch05_20251011115522.mp4,15413.099823,16814.491112,0.0,41.273177,Pen 5 - Group 3/PREWEANING 2/Day 2/0965_part2.zip
687,1002,CS_0966_PREWEAN_d2_p5_cowT_11102025_ch05-20251011115522_15444_15480.mp4,Pen 5 - Group 3\PREWEANING\Day 2\CS_0966_PREWEAN_d2_p5_cowT_11102025_ch05-20251011115522_15444_15480.mp4,E:\cross_sucking\Pen 5 - Group 3\PREWEANING\Day 2\CS_0966_PREWEAN_d2_p5_cowT_11102025_ch05-20251011115522_15444_15480.mp4,created,1,1,Pen_5_PREWEAN_Day_2_11102025,Pen 5 - Group 3,PREWEAN,2,5,11102025,T,milk feeder|O|None|behind,15444.177,15480.05,15444.177,15480.05,G:\MONITORING CROSS SUCKING IN CALVES - KAPPEL - 2025\Pen 5 - Group 3\PREWEANING\Day 2\ch05_20251011115522.mp4,ch05_20251011115522.mp4,15413.099823,16814.491112,31.077177,66.950177,Pen 5 - Group 3/PREWEANING 2/Day 2/0966.zip
688,1003,CS_0967_PREWEAN_d2_p5_cowT_11102025_ch05-20251011115522_15490_15519.mp4,Pen 5 - Group 3\PREWEANING\Day 2\CS_0967_PREWEAN_d2_p5_cowT_11102025_ch05-20251011115522_15490_15519.mp4,E:\cross_sucking\Pen 5 - Group 3\PREWEANING\Day 2\CS_0967_PREWEAN_d2_p5_cowT_11102025_ch05-20251011115522_15490_15519.mp4,created,1,1,Pen_5_PREWEAN_Day_2_11102025,Pen 5 - Group 3,PREWEAN,2,5,11102025,T,milk feeder|O|None|behind,15490.368,15519.944,15490.368,15519.944,G:\MONITORING CROSS SUCKING IN CALVES - KAPPEL - 2025\Pen 5 - Group 3\PREWEANING\Day 2\ch05_20251011115522.mp4,ch05_20251011115522.mp4,15413.099823,16814.491112,77.268177,106.844177,Pen 5 - Group 3/PREWEANING 2/Day 2/0967.zip
689,1004,CS_0968_PREWEAN_d2_p5_cow8_11102025_ch05-20251011115522_15604_15624.mp4,Pen 5 - Group 3\PREWEANING\Day 2\CS_0968_PREWEAN_d2_p5_cow8_11102025_ch05-20251011115522_15604_15624.mp4,E:\cross_sucking\Pen 5 - Group 3\PREWEANING\Day 2\CS_0968_PREWEAN_d2_p5_cow8_11102025_ch05-20251011115522_15604_15624.mp4,created,1,1,Pen_5_PREWEAN_Day_2_11102025,Pen 5 - Group 3,PREWEAN,2,5,11102025,8,milk feeder|O|None|behind,15604.023,15624.273,15604.023,15624.273,G:\MONITORING CROSS SUCKING IN CALVES - KAPPEL - 2025\Pen 5 - Group 3\PREWEANING\Day 2\ch05_20251011115522.mp4,ch05_20251011115522.mp4,15413.099823,16814.491112,190.923177,211.173177,Pen 5 - Group 3/PREWEANING 2/Day 2/0968.zip
690,1005,CS_0969_PREWEAN_d2_p5_cowT_11102025_ch05-20251011135301_23593_23609.mp4,Pen 5 - Group 3\PREWEANING\Day 2\CS_0969_PREWEAN_d2_p5_cowT_11102025_ch05-20251011135301_23593_23609.mp4,E:\cross_sucking\Pen 5 - Group 3\PREWEANING\Day 2\CS_0969_PREWEAN_d2_p5_cowT_11102025_ch05-20251011135301_23593_23609.mp4,created,1,1,Pen_5_PREWEAN_Day_2_11102025,Pen 5 - Group 3,PREWEAN,2,5,11102025,T,other|O|None|side,23593.988,23609.543,23593.988,23609.543,G:\MONITORING CROSS SUCKING IN CALVES - KAPPEL - 2025\Pen 5 - Group 3\PREWEANING\Day 2\ch05_20251011135301.mp4,ch05_20251011135301.mp4,22420.036268,23821.562557,1173.951732,1189.506732,Pen 5 - Group 3/PREWEANING 2/Day 2/0969.zip
691,1007,CS_0971_PREWEAN_d2_p5_cow2_11102025_ch05-20251011135301_23739_23766.mp4,Pen 5 - Group 3\PREWEANING\Day 2\CS_0971_PREWEAN_d2_p5_cow2_11102025_ch05-20251011135301_23739_23766.mp4,E:\cross_sucking\Pen 5 - Group 3\PREWEANING\Day 2\CS_0971_PREWEAN_d2_p5_cow2_11102025_ch05-20251011135301_23739_23766.mp4,created,1,1,Pen_5_PREWEAN_Day_2_11102025,Pen 5 - Group 3,PREWEAN,2,5,11102025,2,other|O|None|side,23739.834,23766.238,23739.834,23766.238,G:\MONITORING CROSS SUCKING IN CALVES - KAPPEL - 2025\Pen 5 - Group 3\PREWEANING\Day 2\ch05_20251011135301.mp4,ch05_20251011135301.mp4,22420.036268,23821.562557,1319.797732,1346.201732,Pen 5 - Group 3/PREWEANING 2/Day 2/0971.zip
692,1008,CS_0972_PREWEAN_d2_p5_cow2_11102025_ch05-20251011141634_24031_24043.mp4,Pen 5 - Group 3\PREWEANING\Day 2\CS_0972_PREWEAN_d2_p5_cow2_11102025_ch05-20251011141634_24031_24043.mp4,E:\cross_sucking\Pen 5 - Group 3\PREWEANING\Day 2\CS_0972_PREWEAN_d2_p5_cow2_11102025_ch05-20251011141634_24031_24043.mp4,created,1,1,Pen_5_PREWEAN_Day_2_11102025,Pen 5 - Group 3,PREWEAN,2,5,11102025,2,other|T|None|behind,24031.487,24043.929,24031.487,24043.929,G:\MONITORING CROSS SUCKING IN CALVES - KAPPEL - 2025\Pen 5 - Group 3\PREWEANING\Day 2\ch05_20251011141634.mp4,ch05_20251011141634.mp4,23821.562557,25223.112846,209.924443,222.366443,Pen 5 - Group 3/PREWEANING 2/Day 2/0972.zip
693,1009,CS_0973_PREWEAN_d2_p5_cow2_11102025_ch05-20251011141634_24732_24777.mp4,Pen 5 - Group 3\PREWEANING\Day 2\CS_0973_PREWEAN_d2_p5_cow2_11102025_ch05-20251011141634_24732_24777.mp4,E:\cross_sucking\Pen 5 - Group 3\PREWEANING\Day 2\CS_0973_PREWEAN_d2_p5_cow2_11102025_ch05-20251011141634_24732_24777.mp4,created,1,1,Pen_5_PREWEAN_Day_2_11102025,Pen 5 - Group 3,PREWEAN,2,5,11102025,2,other|6|None|behind,24732.761,24777.946,24732.761,24777.946,G:\MONITORING CROSS SUCKING IN CALVES - KAPPEL - 2025\Pen 5 - Group 3\PREWEANING\Day 2\ch05_20251011141634.mp4,ch05_20251011141634.mp4,23821.562557,25223.112846,911.198443,956.383443,Pen 5 - Group 3/PREWEANING 2/Day 2/0973.zip
694,1010,CS_0974_PREWEAN_d2_p5_cow1_11102025_ch05-20251011152708_28750_28796.mp4,Pen 5 - Group 3\PREWEANING\Day 2\CS_0974_PREWEAN_d2_p5_cow1_11102025_ch05-20251011152708_28750_28796.mp4,E:\cross_sucking\Pen 5 - Group 3\PREWEANING\Day 2\CS_0974_PREWEAN_d2_p5_cow1_11102025_ch05-20251011152708_28750_28796.mp4,created,1,1,Pen_5_PREWEAN_Day_2_11102025,Pen 5 - Group 3,PREWEAN,2,5,11102025,1,milk feeder|8|None|behind,28750.95,28796.336,28750.95,28796.336,G:\MONITORING CROSS SUCKING IN CALVES - KAPPEL - 2025\Pen 5 - Group 3\PREWEANING\Day 2\ch05_20251011152708.mp4,ch05_20251011152708.mp4,28024.962424,29426.496713,725.987576,771.373576,Pen 5 - Group 3/PREWEANING 2/Day 2/0974.zip
695,1011,CS_0975_PREWEAN_d2_p5_cow8_11102025_ch05-20251011152708_29307_29312.mp4,Pen 5 - Group 3\PREWEANING\Day 2\CS_0975_PREWEAN_d2_p5_cow8_11102025_ch05-20251011152708_29307_29312.mp4,E:\cross_sucking\Pen 5 - Group 3\PREWEANING\Day 2\CS_0975_PREWEAN_d2_p5_cow8_11102025_ch05-20251011152708_29307_29312.mp4,created,1,1,Pen_5_PREWEAN_Day_2_11102025,Pen 5 - Group 3,PREWEAN,2,5,11102025,8,other|T|reciprocal|side,29307.043,29312.934,29307.043,29312.934,G:\MONITORING CROSS SUCKING IN CALVES - KAPPEL - 2025\Pen 5 - Group 3\PREWEANING\Day 2\ch05_20251011152708.mp4,ch05_20251011152708.mp4,28024.962424,29426.496713,1282.080576,1287.971576,Pen 5 - Group 3/PREWEANING 2/Day 2/0975.zip
696,1012,CS_0976_PREWEAN_d2_p5_cowT_11102025_ch05-20251011155040_30503_30532.mp4,Pen 5 - Group 3\PREWEANING\Day 2\CS_0976_PREWEAN_d2_p5_cowT_11102025_ch05-20251011155040_30503_30532.mp4,E:\cross_sucking\Pen 5 - Group 3\PREWEANING\Day 2\CS_0976_PREWEAN_d2_p5_cowT_11102025_ch05-20251011155040_30503_30532.mp4,created,1,1,Pen_5_PREWEAN_Day_2_11102025,Pen 5 - Group 3,PREWEAN,2,5,11102025,T,other|8|None|side,30503.149,30532.862,30503.149,30532.862,G:\MONITORING CROSS SUCKING IN CALVES - KAPPEL - 2025\Pen 5 - Group 3\PREWEANING\Day 2\ch05_20251011155040.mp4,ch05_20251011155040.mp4,29426.496713,30828.058002,1076.652287,1106.365287,Pen 5 - Group 3/PREWEANING 2/Day 2/0976.zip
697,1013,CS_0977_PREWEAN_d2_p5_cowT_11102025_ch05-20251011155040_30539_30541.mp4,Pen 5 - Group 3\PREWEANING\Day 2\CS_0977_PREWEAN_d2_p5_cowT_11102025_ch05-20251011155040_30539_30541.mp4,E:\cross_sucking\Pen 5 - Group 3\PREWEANING\Day 2\CS_0977_PREWEAN_d2_p5_cowT_11102025_ch05-20251011155040_30539_30541.mp4,created,1,1,Pen_5_PREWEAN_Day_2_11102025,Pen 5 - Group 3,PREWEAN,2,5,11102025,T,other|8|None|side,30539.345,30541.465,30539.345,30541.465,G:\MONITORING CROSS SUCKING IN CALVES - KAPPEL - 2025\Pen 5 - Group 3\PREWEANING\Day 2\ch05_20251011155040.mp4,ch05_20251011155040.mp4,29426.496713,30828.058002,1112.848287,1114.968287,Pen 5 - Group 3/PREWEANING 2/Day 2/0977.zip
698,1014,CS_0978_PREWEAN_d2_p5_cowT_11102025_ch05-20251011155040_30544_30555.mp4,Pen 5 - Group 3\PREWEANING\Day 2\CS_0978_PREWEAN_d2_p5_cowT_11102025_ch05-20251011155040_30544_30555.mp4,E:\cross_sucking\Pen 5 - Group 3\PREWEANING\Day 2\CS_0978_PREWEAN_d2_p5_cowT_11102025_ch05-20251011155040_30544_30555.mp4,created,1,1,Pen_5_PREWEAN_Day_2_11102025,Pen 5 - Group 3,PREWEAN,2,5,11102025,T,other|8|None|side,30544.31,30555.225,30544.31,30555.225,G:\MONITORING CROSS SUCKING IN CALVES - KAPPEL - 2025\Pen 5 - Group 3\PREWEANING\Day 2\ch05_20251011155040.mp4,ch05_20251011155040.mp4,29426.496713,30828.058002,1117.813287,1128.728287,Pen 5 - Group 3/PREWEANING 2/Day 2/0978.zip
699,1015,CS_0979_PREWEAN_d2_p5_cowT_11102025_ch05-20251011155040_30558_30618.mp4,Pen 5 - Group 3\PREWEANING\Day 2\CS_0979_PREWEAN_d2_p5_cowT_11102025_ch05-20251011155040_30558_30618.mp4,E:\cross_sucking\Pen 5 - Group 3\PREWEANING\Day 2\CS_0979_PREWEAN_d2_p5_cowT_11102025_ch05-20251011155040_30558_30618.mp4,created,1,1,Pen_5_PREWEAN_Day_2_11102025,Pen 5 - Group 3,PREWEAN,2,5,11102025,T,other|8|None|side,30558.598,30618.073,30558.598,30618.073,G:\MONITORING CROSS SUCKING IN CALVES - KAPPEL - 2025\Pen 5 - Group 3\PREWEANING\Day 2\ch05_20251011155040.mp4,ch05_20251011155040.mp4,29426.496713,30828.058002,1132.101287,1191.576287,Pen 5 - Group 3/PREWEANING 2/Day 2/0979.zip
700,1017,CS_0981_PREWEAN_d2_p5_cow6_11102025_ch05-20251011155040_30646_30687.mp4,Pen 5 - Group 3\PREWEANING\Day 2\CS_0981_PREWEAN_d2_p5_cow6_11102025_ch05-20251011155040_30646_30687.mp4,E:\cross_sucking\Pen 5 - Group 3\PREWEANING\Day 2\CS_0981_PREWEAN_d2_p5_cow6_11102025_ch05-20251011155040_30646_30687.mp4,created,1,1,Pen_5_PREWEAN_Day_2_11102025,Pen 5 - Group 3,PREWEAN,2,5,11102025,6,other|A|None|side,30646.725,30687.823,30646.725,30687.823,G:\MONITORING CROSS SUCKING IN CALVES - KAPPEL - 2025\Pen 5 - Group 3\PREWEANING\Day 2\ch05_20251011155040.mp4,ch05_20251011155040.mp4,29426.496713,30828.058002,1220.228287,1261.326287,Pen 5 - Group 3/PREWEANING 2/Day 2/0981.zip
701,1018,CS_0982_PREWEAN_d2_p5_cow6_11102025_ch05-20251011155040_30699_30738.mp4,Pen 5 - Group 3\PREWEANING\Day 2\CS_0982_PREWEAN_d2_p5_cow6_11102025_ch05-20251011155040_30699_30738.mp4,E:\cross_sucking\Pen 5 - Group 3\PREWEANING\Day 2\CS_0982_PREWEAN_d2_p5_cow6_11102025_ch05-20251011155040_30699_30738.mp4,created,1,1,Pen_5_PREWEAN_Day_2_11102025,Pen 5 - Group 3,PREWEAN,2,5,11102025,6,other|A|None|side,30699.206,30738.05,30699.206,30738.05,G:\MONITORING CROSS SUCKING IN CALVES - KAPPEL - 2025\Pen 5 - Group 3\PREWEANING\Day 2\ch05_20251011155040.mp4,ch05_20251011155040.mp4,29426.496713,30828.058002,1272.709287,1311.553287,Pen 5 - Group 3/PREWEANING 2/Day 2/0982.zip
702,1019,CS_0983_PREWEAN_d2_p5_cow6_11102025_ch05-20251011155040_30744_30818.mp4,Pen 5 - Group 3\PREWEANING\Day 2\CS_0983_PREWEAN_d2_p5_cow6_11102025_ch05-20251011155040_30744_30818.mp4,E:\cross_sucking\Pen 5 - Group 3\PREWEANING\Day 2\CS_0983_PREWEAN_d2_p5_cow6_11102025_ch05-20251011155040_30744_30818.mp4,created,1,1,Pen_5_PREWEAN_Day_2_11102025,Pen 5 - Group 3,PREWEAN,2,5,11102025,6,other|A|None|side,30744.002,30818.445,30744.002,30818.445,G:\MONITORING CROSS SUCKING IN CALVES - KAPPEL - 2025\Pen 5 - Group 3\PREWEANING\Day 2\ch05_20251011155040.mp4,ch05_20251011155040.mp4,29426.496713,30828.058002,1317.505287,1391.948287,Pen 5 - Group 3/PREWEANING 2/Day 2/0983.zip
703,1022,CS_0986_PREWEAN_d2_p5_cowT_11102025_ch05-20251011155040_30778_30909_part01.mp4,Pen 5 - Group 3\PREWEANING\Day 2\CS_0986_PREWEAN_d2_p5_cowT_11102025_ch05-20251011155040_30778_30909_part01.mp4,E:\cross_sucking\Pen 5 - Group 3\PREWEANING\Day 2\CS_0986_PREWEAN_d2_p5_cowT_11102025_ch05-20251011155040_30778_30909_part01.mp4,created,1,2,Pen_5_PREWEAN_Day_2_11102025,Pen 5 - Group 3,PREWEAN,2,5,11102025,T,other|8|None|side,30778.207,30909.309,30778.207,30828.058002,G:\MONITORING CROSS SUCKING IN CALVES - KAPPEL - 2025\Pen 5 - Group 3\PREWEANING\Day 2\ch05_20251011155040.mp4,ch05_20251011155040.mp4,29426.496713,30828.058002,1351.710287,1401.561289,Pen 5 - Group 3/PREWEANING 2/Day 2/0986_part1.zip
704,1023,CS_0986_PREWEAN_d2_p5_cowT_11102025_ch05-20251011155040_30778_30909_part02.mp4,Pen 5 - Group 3\PREWEANING\Day 2\CS_0986_PREWEAN_d2_p5_cowT_11102025_ch05-20251011155040_30778_30909_part02.mp4,E:\cross_sucking\Pen 5 - Group 3\PREWEANING\Day 2\CS_0986_PREWEAN_d2_p5_cowT_11102025_ch05-20251011155040_30778_30909_part02.mp4,created,2,2,Pen_5_PREWEAN_Day_2_11102025,Pen 5 - Group 3,PREWEAN,2,5,11102025,T,other|8|None|side,30778.207,30909.309,30828.058002,30909.309,G:\MONITORING CROSS SUCKING IN CALVES - KAPPEL - 2025\Pen 5 - Group 3\PREWEANING\Day 2\ch05_20251011161412.mp4,ch05_20251011161412.mp4,30828.058002,32229.692291,0.0,81.250998,Pen 5 - Group 3/PREWEANING 2/Day 2/0986_part2.zip
705,1030,CS_0991_PREWEAN_d2_p5_cowT_11102025_ch05-20251011170116_34196_34215.mp4,Pen 5 - Group 3\PREWEANING\Day 2\CS_0991_PREWEAN_d2_p5_cowT_11102025_ch05-20251011170116_34196_34215.mp4,E:\cross_sucking\Pen 5 - Group 3\PREWEANING\Day 2\CS_0991_PREWEAN_d2_p5_cowT_11102025_ch05-20251011170116_34196_34215.mp4,created,1,1,Pen_5_PREWEAN_Day_2_11102025,Pen 5 - Group 3,PREWEAN,2,5,11102025,T,other|O|None|side,34196.595,34215.389,34196.595,34215.389,G:\MONITORING CROSS SUCKING IN CALVES - KAPPEL - 2025\Pen 5 - Group 3\PREWEANING\Day 2\ch05_20251011170116.mp4,ch05_20251011170116.mp4,33631.22458,35031.871869,565.37042,584.16442,Pen 5 - Group 3/PREWEANING 2/Day 2/0991.zip
706,1031,CS_0992_PREWEAN_d2_p5_cowT_11102025_ch05-20251011170116_34217_34250.mp4,Pen 5 - Group 3\PREWEANING\Day 2\CS_0992_PREWEAN_d2_p5_cowT_11102025_ch05-20251011170116_34217_34250.mp4,E:\cross_sucking\Pen 5 - Group 3\PREWEANING\Day 2\CS_0992_PREWEAN_d2_p5_cowT_11102025_ch05-20251011170116_34217_34250.mp4,created,1,1,Pen_5_PREWEAN_Day_2_11102025,Pen 5 - Group 3,PREWEAN,2,5,11102025,T,other|O|None|side,34217.506,34250.655,34217.506,34250.655,G:\MONITORING CROSS SUCKING IN CALVES - KAPPEL - 2025\Pen 5 - Group 3\PREWEANING\Day 2\ch05_20251011170116.mp4,ch05_20251011170116.mp4,33631.22458,35031.871869,586.28142,619.43042,Pen 5 - Group 3/PREWEANING 2/Day 2/0992.zip
707,1034,CS_0995_PREWEAN_d2_p5_cowT_11102025_ch05-20251011170116_34344_34405.mp4,Pen 5 - Group 3\PREWEANING\Day 2\CS_0995_PREWEAN_d2_p5_cowT_11102025_ch05-20251011170116_34344_34405.mp4,E:\cross_sucking\Pen 5 - Group 3\PREWEANING\Day 2\CS_0995_PREWEAN_d2_p5_cowT_11102025_ch05-20251011170116_34344_34405.mp4,created,1,1,Pen_5_PREWEAN_Day_2_11102025,Pen 5 - Group 3,PREWEAN,2,5,11102025,T,other|O|reciprocal|side,34344.612,34405.439,34344.612,34405.439,G:\MONITORING CROSS SUCKING IN CALVES - KAPPEL - 2025\Pen 5 - Group 3\PREWEANING\Day 2\ch05_20251011170116.mp4,ch05_20251011170116.mp4,33631.22458,35031.871869,713.38742,774.21442,Pen 5 - Group 3/PREWEANING 2/Day 2/0995.zip
708,1035,CS_0996_PREWEAN_d2_p5_cowT_11102025_ch05-20251011170116_34406_34594.mp4,Pen 5 - Group 3\PREWEANING\Day 2\CS_0996_PREWEAN_d2_p5_cowT_11102025_ch05-20251011170116_34406_34594.mp4,E:\cross_sucking\Pen 5 - Group 3\PREWEANING\Day 2\CS_0996_PREWEAN_d2_p5_cowT_11102025_ch05-20251011170116_34406_34594.mp4,created,1,1,Pen_5_PREWEAN_Day_2_11102025,Pen 5 - Group 3,PREWEAN,2,5,11102025,T,other|O|None|side,34406.286,34594.365,34406.286,34594.365,G:\MONITORING CROSS SUCKING IN CALVES - KAPPEL - 2025\Pen 5 - Group 3\PREWEANING\Day 2\ch05_20251011170116.mp4,ch05_20251011170116.mp4,33631.22458,35031.871869,775.06142,963.14042,Pen 5 - Group 3/PREWEANING 2/Day 2/0996.zip
709,1039,CS_1000_PREWEAN_d2_p5_cowT_11102025_ch05-20251011170116_34598_34648.mp4,Pen 5 - Group 3\PREWEANING\Day 2\CS_1000_PREWEAN_d2_p5_cowT_11102025_ch05-20251011170116_34598_34648.mp4,E:\cross_sucking\Pen 5 - Group 3\PREWEANING\Day 2\CS_1000_PREWEAN_d2_p5_cowT_11102025_ch05-20251011170116_34598_34648.mp4,created,1,1,Pen_5_PREWEAN_Day_2_11102025,Pen 5 - Group 3,PREWEAN,2,5,11102025,T,other|O|reciprocal|side,34598.268,34648.555,34598.268,34648.555,G:\MONITORING CROSS SUCKING IN CALVES - KAPPEL - 2025\Pen 5 - Group 3\PREWEANING\Day 2\ch05_20251011170116.mp4,ch05_20251011170116.mp4,33631.22458,35031.871869,967.04342,1017.33042,Pen 5 - Group 3/PREWEANING 2/Day 2/1000.zip
710,1041,CS_1002_PREWEAN_d2_p5_cowO_11102025_ch05-20251011170116_34641_34683.mp4,Pen 5 - Group 3\PREWEANING\Day 2\CS_1002_PREWEAN_d2_p5_cowO_11102025_ch05-20251011170116_34641_34683.mp4,E:\cross_sucking\Pen 5 - Group 3\PREWEANING\Day 2\CS_1002_PREWEAN_d2_p5_cowO_11102025_ch05-20251011170116_34641_34683.mp4,created,1,1,Pen_5_PREWEAN_Day_2_11102025,Pen 5 - Group 3,PREWEAN,2,5,11102025,O,other|T|reciprocal|side,34641.015,34683.636,34641.015,34683.636,G:\MONITORING CROSS SUCKING IN CALVES - KAPPEL - 2025\Pen 5 - Group 3\PREWEANING\Day 2\ch05_20251011170116.mp4,ch05_20251011170116.mp4,33631.22458,35031.871869,1009.79042,1052.41142,Pen 5 - Group 3/PREWEANING 2/Day 2/1002.zip
711,1042,CS_1003_PREWEAN_d2_p5_cowO_11102025_ch05-20251011170116_34688_34693.mp4,Pen 5 - Group 3\PREWEANING\Day 2\CS_1003_PREWEAN_d2_p5_cowO_11102025_ch05-20251011170116_34688_34693.mp4,E:\cross_sucking\Pen 5 - Group 3\PREWEANING\Day 2\CS_1003_PREWEAN_d2_p5_cowO_11102025_ch05-20251011170116_34688_34693.mp4,created,1,1,Pen_5_PREWEAN_Day_2_11102025,Pen 5 - Group 3,PREWEAN,2,5,11102025,O,other|T|None|side,34688.408,34693.629,34688.408,34693.629,G:\MONITORING CROSS SUCKING IN CALVES - KAPPEL - 2025\Pen 5 - Group 3\PREWEANING\Day 2\ch05_20251011170116.mp4,ch05_20251011170116.mp4,33631.22458,35031.871869,1057.18342,1062.40442,Pen 5 - Group 3/PREWEANING 2/Day 2/1003.zip
712,1043,CS_1004_PREWEAN_d2_p5_cowO_11102025_ch05-20251011170116_34704_34713.mp4,Pen 5 - Group 3\PREWEANING\Day 2\CS_1004_PREWEAN_d2_p5_cowO_11102025_ch05-20251011170116_34704_34713.mp4,E:\cross_sucking\Pen 5 - Group 3\PREWEANING\Day 2\CS_1004_PREWEAN_d2_p5_cowO_11102025_ch05-20251011170116_34704_34713.mp4,created,1,1,Pen_5_PREWEAN_Day_2_11102025,Pen 5 - Group 3,PREWEAN,2,5,11102025,O,other|T|None|side,34704.48,34713.217,34704.48,34713.217,G:\MONITORING CROSS SUCKING IN CALVES - KAPPEL - 2025\Pen 5 - Group 3\PREWEANING\Day 2\ch05_20251011170116.mp4,ch05_20251011170116.mp4,33631.22458,35031.871869,1073.25542,1081.99242,Pen 5 - Group 3/PREWEANING 2/Day 2/1004.zip
713,1044,CS_1005_PREWEAN_d2_p5_cowT_11102025_ch05-20251011170116_34708_34726.mp4,Pen 5 - Group 3\PREWEANING\Day 2\CS_1005_PREWEAN_d2_p5_cowT_11102025_ch05-20251011170116_34708_34726.mp4,E:\cross_sucking\Pen 5 - Group 3\PREWEANING\Day 2\CS_1005_PREWEAN_d2_p5_cowT_11102025_ch05-20251011170116_34708_34726.mp4,created,1,1,Pen_5_PREWEAN_Day_2_11102025,Pen 5 - Group 3,PREWEAN,2,5,11102025,T,other|O|reciprocal|side,34708.123,34726.779,34708.123,34726.779,G:\MONITORING CROSS SUCKING IN CALVES - KAPPEL - 2025\Pen 5 - Group 3\PREWEANING\Day 2\ch05_20251011170116.mp4,ch05_20251011170116.mp4,33631.22458,35031.871869,1076.89842,1095.55442,Pen 5 - Group 3/PREWEANING 2/Day 2/1005.zip
714,1045,CS_1006_PREWEAN_d2_p5_cowO_11102025_ch05-20251011170116_34715_34776.mp4,Pen 5 - Group 3\PREWEANING\Day 2\CS_1006_PREWEAN_d2_p5_cowO_11102025_ch05-20251011170116_34715_34776.mp4,E:\cross_sucking\Pen 5 - Group 3\PREWEANING\Day 2\CS_1006_PREWEAN_d2_p5_cowO_11102025_ch05-20251011170116_34715_34776.mp4,created,1,1,Pen_5_PREWEAN_Day_2_11102025,Pen 5 - Group 3,PREWEAN,2,5,11102025,O,other|T|reciprocal|side,34715.267,34776.74,34715.267,34776.74,G:\MONITORING CROSS SUCKING IN CALVES - KAPPEL - 2025\Pen 5 - Group 3\PREWEANING\Day 2\ch05_20251011170116.mp4,ch05_20251011170116.mp4,33631.22458,35031.871869,1084.04242,1145.51542,Pen 5 - Group 3/PREWEANING 2/Day 2/1006.zip
715,1046,CS_1007_PREWEAN_d2_p5_cowO_11102025_ch05-20251011170116_34800_34855.mp4,Pen 5 - Group 3\PREWEANING\Day 2\CS_1007_PREWEAN_d2_p5_cowO_11102025_ch05-20251011170116_34800_34855.mp4,E:\cross_sucking\Pen 5 - Group 3\PREWEANING\Day 2\CS_1007_PREWEAN_d2_p5_cowO_11102025_ch05-20251011170116_34800_34855.mp4,created,1,1,Pen_5_PREWEAN_Day_2_11102025,Pen 5 - Group 3,PREWEAN,2,5,11102025,O,other|T|reciprocal|side,34800.904,34855.166,34800.904,34855.166,G:\MONITORING CROSS SUCKING IN CALVES - KAPPEL - 2025\Pen 5 - Group 3\PREWEANING\Day 2\ch05_20251011170116.mp4,ch05_20251011170116.mp4,33631.22458,35031.871869,1169.67942,1223.94142,Pen 5 - Group 3/PREWEANING 2/Day 2/1007.zip
716,1048,CS_1009_PREWEAN_d2_p5_cowT_11102025_ch05-20251011170116_34850_34938.mp4,Pen 5 - Group 3\PREWEANING\Day 2\CS_1009_PREWEAN_d2_p5_cowT_11102025_ch05-20251011170116_34850_34938.mp4,E:\cross_sucking\Pen 5 - Group 3\PREWEANING\Day 2\CS_1009_PREWEAN_d2_p5_cowT_11102025_ch05-20251011170116_34850_34938.mp4,created,1,1,Pen_5_PREWEAN_Day_2_11102025,Pen 5 - Group 3,PREWEAN,2,5,11102025,T,other|O|reciprocal|side,34850.336,34938.622,34850.336,34938.622,G:\MONITORING CROSS SUCKING IN CALVES - KAPPEL - 2025\Pen 5 - Group 3\PREWEANING\Day 2\ch05_20251011170116.mp4,ch05_20251011170116.mp4,33631.22458,35031.871869,1219.11142,1307.39742,Pen 5 - Group 3/PREWEANING 2/Day 2/1009.zip
717,1051,CS_1012_PREWEAN_d2_p5_cow8_11102025_ch05-20251011172447_35101_35116.mp4,Pen 5 - Group 3\PREWEANING\Day 2\CS_1012_PREWEAN_d2_p5_cow8_11102025_ch05-20251011172447_35101_35116.mp4,E:\cross_sucking\Pen 5 - Group 3\PREWEANING\Day 2\CS_1012_PREWEAN_d2_p5_cow8_11102025_ch05-20251011172447_35101_35116.mp4,created,1,1,Pen_5_PREWEAN_Day_2_11102025,Pen 5 - Group 3,PREWEAN,2,5,11102025,8,other|O|None|lying down,35101.262,35116.484,35101.262,35116.484,G:\MONITORING CROSS SUCKING IN CALVES - KAPPEL - 2025\Pen 5 - Group 3\PREWEANING\Day 2\ch05_20251011172447.mp4,ch05_20251011172447.mp4,35031.871869,36434.375158,69.390131,84.612131,Pen 5 - Group 3/PREWEANING 2/Day 2/1012.zip
718,1052,CS_1013_PREWEAN_d2_p5_cow8_11102025_ch05-20251011185856_41726_41746.mp4,Pen 5 - Group 3\PREWEANING\Day 2\CS_1013_PREWEAN_d2_p5_cow8_11102025_ch05-20251011185856_41726_41746.mp4,E:\cross_sucking\Pen 5 - Group 3\PREWEANING\Day 2\CS_1013_PREWEAN_d2_p5_cow8_11102025_ch05-20251011185856_41726_41746.mp4,created,1,1,Pen_5_PREWEAN_Day_2_11102025,Pen 5 - Group 3,PREWEAN,2,5,11102025,8,grain feeder|6|None|side,41726.245,41746.162,41726.245,41746.162,G:\MONITORING CROSS SUCKING IN CALVES - KAPPEL - 2025\Pen 5 - Group 3\PREWEANING\Day 2\ch05_20251011185856.mp4,ch05_20251011185856.mp4,40639.095025,42040.749314,1087.149975,1107.066975,Pen 5 - Group 3/PREWEANING 2/Day 2/1013.zip
719,1053,CS_1014_PREWEAN_d2_p5_cow8_11102025_ch05-20251011185856_41956_41971.mp4,Pen 5 - Group 3\PREWEANING\Day 2\CS_1014_PREWEAN_d2_p5_cow8_11102025_ch05-20251011185856_41956_41971.mp4,E:\cross_sucking\Pen 5 - Group 3\PREWEANING\Day 2\CS_1014_PREWEAN_d2_p5_cow8_11102025_ch05-20251011185856_41956_41971.mp4,created,1,1,Pen_5_PREWEAN_Day_2_11102025,Pen 5 - Group 3,PREWEAN,2,5,11102025,8,other|O|None|behind,41956.191,41971.146,41956.191,41971.146,G:\MONITORING CROSS SUCKING IN CALVES - KAPPEL - 2025\Pen 5 - Group 3\PREWEANING\Day 2\ch05_20251011185856.mp4,ch05_20251011185856.mp4,40639.095025,42040.749314,1317.095975,1332.050975,Pen 5 - Group 3/PREWEANING 2/Day 2/1014.zip
720,1054,CS_1015_PREWEAN_d2_p5_cowT_11102025_ch05-20251011203304_47012_47071.mp4,Pen 5 - Group 3\PREWEANING\Day 2\CS_1015_PREWEAN_d2_p5_cowT_11102025_ch05-20251011203304_47012_47071.mp4,E:\cross_sucking\Pen 5 - Group 3\PREWEANING\Day 2\CS_1015_PREWEAN_d2_p5_cowT_11102025_ch05-20251011203304_47012_47071.mp4,created,1,1,Pen_5_PREWEAN_Day_2_11102025,Pen 5 - Group 3,PREWEAN,2,5,11102025,T,other|8|None|side,47012.532,47071.746,47012.532,47071.746,G:\MONITORING CROSS SUCKING IN CALVES - KAPPEL - 2025\Pen 5 - Group 3\PREWEANING\Day 2\ch05_20251011203304.mp4,ch05_20251011203304.mp4,46245.698181,47647.20747,766.833819,826.047819,Pen 5 - Group 3/PREWEANING 2/Day 2/1015.zip
721,1055,CS_1016_PREWEAN_d2_p5_cowT_11102025_ch05-20251011203304_47075_47085.mp4,Pen 5 - Group 3\PREWEANING\Day 2\CS_1016_PREWEAN_d2_p5_cowT_11102025_ch05-20251011203304_47075_47085.mp4,E:\cross_sucking\Pen 5 - Group 3\PREWEANING\Day 2\CS_1016_PREWEAN_d2_p5_cowT_11102025_ch05-20251011203304_47075_47085.mp4,created,1,1,Pen_5_PREWEAN_Day_2_11102025,Pen 5 - Group 3,PREWEAN,2,5,11102025,T,other|8|None|side,47075.647,47085.912,47075.647,47085.912,G:\MONITORING CROSS SUCKING IN CALVES - KAPPEL - 2025\Pen 5 - Group 3\PREWEANING\Day 2\ch05_20251011203304.mp4,ch05_20251011203304.mp4,46245.698181,47647.20747,829.948819,840.213819,Pen 5 - Group 3/PREWEANING 2/Day 2/1016.zip
722,1056,CS_1017_PREWEAN_d2_p5_cowT_11102025_ch05-20251011203304_47088_47090.mp4,Pen 5 - Group 3\PREWEANING\Day 2\CS_1017_PREWEAN_d2_p5_cowT_11102025_ch05-20251011203304_47088_47090.mp4,E:\cross_sucking\Pen 5 - Group 3\PREWEANING\Day 2\CS_1017_PREWEAN_d2_p5_cowT_11102025_ch05-20251011203304_47088_47090.mp4,created,1,1,Pen_5_PREWEAN_Day_2_11102025,Pen 5 - Group 3,PREWEAN,2,5,11102025,T,other|8|None|side,47088.294,47090.283,47088.294,47090.283,G:\MONITORING CROSS SUCKING IN CALVES - KAPPEL - 2025\Pen 5 - Group 3\PREWEANING\Day 2\ch05_20251011203304.mp4,ch05_20251011203304.mp4,46245.698181,47647.20747,842.595819,844.584819,Pen 5 - Group 3/PREWEANING 2/Day 2/1017.zip
723,1057,CS_1018_PREWEAN_d2_p5_cowT_11102025_ch05-20251011203304_47292_47310.mp4,Pen 5 - Group 3\PREWEANING\Day 2\CS_1018_PREWEAN_d2_p5_cowT_11102025_ch05-20251011203304_47292_47310.mp4,E:\cross_sucking\Pen 5 - Group 3\PREWEANING\Day 2\CS_1018_PREWEAN_d2_p5_cowT_11102025_ch05-20251011203304_47292_47310.mp4,created,1,1,Pen_5_PREWEAN_Day_2_11102025,Pen 5 - Group 3,PREWEAN,2,5,11102025,T,other|6|None|side,47292.692,47310.284,47292.692,47310.284,G:\MONITORING CROSS SUCKING IN CALVES - KAPPEL - 2025\Pen 5 - Group 3\PREWEANING\Day 2\ch05_20251011203304.mp4,ch05_20251011203304.mp4,46245.698181,47647.20747,1046.993819,1064.585819,Pen 5 - Group 3/PREWEANING 2/Day 2/1018.zip
724,1058,CS_1019_PREWEAN_d2_p5_cow2_11102025_ch05-20251011203304_47456_47488.mp4,Pen 5 - Group 3\PREWEANING\Day 2\CS_1019_PREWEAN_d2_p5_cow2_11102025_ch05-20251011203304_47456_47488.mp4,E:\cross_sucking\Pen 5 - Group 3\PREWEANING\Day 2\CS_1019_PREWEAN_d2_p5_cow2_11102025_ch05-20251011203304_47456_47488.mp4,created,1,1,Pen_5_PREWEAN_Day_2_11102025,Pen 5 - Group 3,PREWEAN,2,5,11102025,2,other|6|reciprocal|side,47456.693,47488.714,47456.693,47488.714,G:\MONITORING CROSS SUCKING IN CALVES - KAPPEL - 2025\Pen 5 - Group 3\PREWEANING\Day 2\ch05_20251011203304.mp4,ch05_20251011203304.mp4,46245.698181,47647.20747,1210.994819,1243.015819,Pen 5 - Group 3/PREWEANING 2/Day 2/1019.zip
725,1060,CS_1021_PREWEAN_d2_p5_cow8_11102025_ch05-20251011203304_47483_47490.mp4,Pen 5 - Group 3\PREWEANING\Day 2\CS_1021_PREWEAN_d2_p5_cow8_11102025_ch05-20251011203304_47483_47490.mp4,E:\cross_sucking\Pen 5 - Group 3\PREWEANING\Day 2\CS_1021_PREWEAN_d2_p5_cow8_11102025_ch05-20251011203304_47483_47490.mp4,created,1,1,Pen_5_PREWEAN_Day_2_11102025,Pen 5 - Group 3,PREWEAN,2,5,11102025,8,other|2|three|side,47483.289,47490.171,47483.289,47490.171,G:\MONITORING CROSS SUCKING IN CALVES - KAPPEL - 2025\Pen 5 - Group 3\PREWEANING\Day 2\ch05_20251011203304.mp4,ch05_20251011203304.mp4,46245.698181,47647.20747,1237.590819,1244.472819,Pen 5 - Group 3/PREWEANING 2/Day 2/1021.zip
726,1062,CS_1023_PREWEAN_d2_p5_cow1_11102025_ch05-20251011205636_48223_48362.mp4,Pen 5 - Group 3\PREWEANING\Day 2\CS_1023_PREWEAN_d2_p5_cow1_11102025_ch05-20251011205636_48223_48362.mp4,E:\cross_sucking\Pen 5 - Group 3\PREWEANING\Day 2\CS_1023_PREWEAN_d2_p5_cow1_11102025_ch05-20251011205636_48223_48362.mp4,created,1,1,Pen_5_PREWEAN_Day_2_11102025,Pen 5 - Group 3,PREWEAN,2,5,11102025,1,other|8|reciprocal|side,48223.276,48362.893,48223.276,48362.893,G:\MONITORING CROSS SUCKING IN CALVES - KAPPEL - 2025\Pen 5 - Group 3\PREWEANING\Day 2\ch05_20251011205636.mp4,ch05_20251011205636.mp4,47647.20747,49048.816759,576.06853,715.68553,Pen 5 - Group 3/PREWEANING 2/Day 2/1023.zip
727,1065,CS_1026_PREWEAN_d2_p5_cow8_11102025_ch05-20251011205636_48366_48381.mp4,Pen 5 - Group 3\PREWEANING\Day 2\CS_1026_PREWEAN_d2_p5_cow8_11102025_ch05-20251011205636_48366_48381.mp4,E:\cross_sucking\Pen 5 - Group 3\PREWEANING\Day 2\CS_1026_PREWEAN_d2_p5_cow8_11102025_ch05-20251011205636_48366_48381.mp4,created,1,1,Pen_5_PREWEAN_Day_2_11102025,Pen 5 - Group 3,PREWEAN,2,5,11102025,8,other|1|reciprocal|side,48366.533,48381.033,48366.533,48381.033,G:\MONITORING CROSS SUCKING IN CALVES - KAPPEL - 2025\Pen 5 - Group 3\PREWEANING\Day 2\ch05_20251011205636.mp4,ch05_20251011205636.mp4,47647.20747,49048.816759,719.32553,733.82553,Pen 5 - Group 3/PREWEANING 2/Day 2/1026.zip
728,1066,CS_1027_PREWEAN_d2_p5_cow8_11102025_ch05-20251011205636_48389_48393.mp4,Pen 5 - Group 3\PREWEANING\Day 2\CS_1027_PREWEAN_d2_p5_cow8_11102025_ch05-20251011205636_48389_48393.mp4,E:\cross_sucking\Pen 5 - Group 3\PREWEANING\Day 2\CS_1027_PREWEAN_d2_p5_cow8_11102025_ch05-20251011205636_48389_48393.mp4,created,1,1,Pen_5_PREWEAN_Day_2_11102025,Pen 5 - Group 3,PREWEAN,2,5,11102025,8,other|1|reciprocal|side,48389.303,48393.14,48389.303,48393.14,G:\MONITORING CROSS SUCKING IN CALVES - KAPPEL - 2025\Pen 5 - Group 3\PREWEANING\Day 2\ch05_20251011205636.mp4,ch05_20251011205636.mp4,47647.20747,49048.816759,742.09553,745.93253,Pen 5 - Group 3/PREWEANING 2/Day 2/1027.zip
729,1067,CS_1028_PREWEAN_d2_p5_cow8_11102025_ch05-20251011205636_48414_48427.mp4,Pen 5 - Group 3\PREWEANING\Day 2\CS_1028_PREWEAN_d2_p5_cow8_11102025_ch05-20251011205636_48414_48427.mp4,E:\cross_sucking\Pen 5 - Group 3\PREWEANING\Day 2\CS_1028_PREWEAN_d2_p5_cow8_11102025_ch05-20251011205636_48414_48427.mp4,created,1,1,Pen_5_PREWEAN_Day_2_11102025,Pen 5 - Group 3,PREWEAN,2,5,11102025,8,other|1|reciprocal|side,48414.316,48427.223,48414.316,48427.223,G:\MONITORING CROSS SUCKING IN CALVES - KAPPEL - 2025\Pen 5 - Group 3\PREWEANING\Day 2\ch05_20251011205636.mp4,ch05_20251011205636.mp4,47647.20747,49048.816759,767.10853,780.01553,Pen 5 - Group 3/PREWEANING 2/Day 2/1028.zip
730,1068,CS_1029_PREWEAN_d2_p5_cow1_11102025_ch05-20251011212008_49451_49485.mp4,Pen 5 - Group 3\PREWEANING\Day 2\CS_1029_PREWEAN_d2_p5_cow1_11102025_ch05-20251011212008_49451_49485.mp4,E:\cross_sucking\Pen 5 - Group 3\PREWEANING\Day 2\CS_1029_PREWEAN_d2_p5_cow1_11102025_ch05-20251011212008_49451_49485.mp4,created,1,1,Pen_5_PREWEAN_Day_2_11102025,Pen 5 - Group 3,PREWEAN,2,5,11102025,1,other|8|None|side,49451.058,49485.128,49451.058,49485.128,G:\MONITORING CROSS SUCKING IN CALVES - KAPPEL - 2025\Pen 5 - Group 3\PREWEANING\Day 2\ch05_20251011212008.mp4,ch05_20251011212008.mp4,49048.816759,50450.373048,402.241241,436.311241,Pen 5 - Group 3/PREWEANING 2/Day 2/1029.zip
731,1069,CS_1030_PREWEAN_d2_p5_cow1_11102025_ch05-20251011212008_50081_50099.mp4,Pen 5 - Group 3\PREWEANING\Day 2\CS_1030_PREWEAN_d2_p5_cow1_11102025_ch05-20251011212008_50081_50099.mp4,E:\cross_sucking\Pen 5 - Group 3\PREWEANING\Day 2\CS_1030_PREWEAN_d2_p5_cow1_11102025_ch05-20251011212008_50081_50099.mp4,created,1,1,Pen_5_PREWEAN_Day_2_11102025,Pen 5 - Group 3,PREWEAN,2,5,11102025,1,other|2|None|side,50081.049,50099.77,50081.049,50099.77,G:\MONITORING CROSS SUCKING IN CALVES - KAPPEL - 2025\Pen 5 - Group 3\PREWEANING\Day 2\ch05_20251011212008.mp4,ch05_20251011212008.mp4,49048.816759,50450.373048,1032.232241,1050.953241,Pen 5 - Group 3/PREWEANING 2/Day 2/1030.zip
732,1070,CS_1031_PREWEAN_d2_p5_cow1_11102025_ch05-20251011212008_50124_50170.mp4,Pen 5 - Group 3\PREWEANING\Day 2\CS_1031_PREWEAN_d2_p5_cow1_11102025_ch05-20251011212008_50124_50170.mp4,E:\cross_sucking\Pen 5 - Group 3\PREWEANING\Day 2\CS_1031_PREWEAN_d2_p5_cow1_11102025_ch05-20251011212008_50124_50170.mp4,created,1,1,Pen_5_PREWEAN_Day_2_11102025,Pen 5 - Group 3,PREWEAN,2,5,11102025,1,other|8|None|side,50124.795,50170.33,50124.795,50170.33,G:\MONITORING CROSS SUCKING IN CALVES - KAPPEL - 2025\Pen 5 - Group 3\PREWEANING\Day 2\ch05_20251011212008.mp4,ch05_20251011212008.mp4,49048.816759,50450.373048,1075.978241,1121.513241,Pen 5 - Group 3/PREWEANING 2/Day 2/1031.zip
733,1071,CS_1032_PREWEAN_d2_p5_cow1_11102025_ch05-20251011212008_50182_50187.mp4,Pen 5 - Group 3\PREWEANING\Day 2\CS_1032_PREWEAN_d2_p5_cow1_11102025_ch05-20251011212008_50182_50187.mp4,E:\cross_sucking\Pen 5 - Group 3\PREWEANING\Day 2\CS_1032_PREWEAN_d2_p5_cow1_11102025_ch05-20251011212008_50182_50187.mp4,created,1,1,Pen_5_PREWEAN_Day_2_11102025,Pen 5 - Group 3,PREWEAN,2,5,11102025,1,other|O|None|side,50182.509,50187.536,50182.509,50187.536,G:\MONITORING CROSS SUCKING IN CALVES - KAPPEL - 2025\Pen 5 - Group 3\PREWEANING\Day 2\ch05_20251011212008.mp4,ch05_20251011212008.mp4,49048.816759,50450.373048,1133.692241,1138.719241,Pen 5 - Group 3/PREWEANING 2/Day 2/1032.zip
734,1072,CS_1033_PREWEAN_d2_p5_cow1_11102025_ch05-20251011214340_50722_50732.mp4,Pen 5 - Group 3\PREWEANING\Day 2\CS_1033_PREWEAN_d2_p5_cow1_11102025_ch05-20251011214340_50722_50732.mp4,E:\cross_sucking\Pen 5 - Group 3\PREWEANING\Day 2\CS_1033_PREWEAN_d2_p5_cow1_11102025_ch05-20251011214340_50722_50732.mp4,created,1,1,Pen_5_PREWEAN_Day_2_11102025,Pen 5 - Group 3,PREWEAN,2,5,11102025,1,other|A|None|side,50722.785,50732.318,50722.785,50732.318,G:\MONITORING CROSS SUCKING IN CALVES - KAPPEL - 2025\Pen 5 - Group 3\PREWEANING\Day 2\ch05_20251011214340.mp4,ch05_20251011214340.mp4,50450.373048,51851.979337,272.411952,281.944952,Pen 5 - Group 3/PREWEANING 2/Day 2/1033.zip
735,1073,CS_1034_PREWEAN_d2_p5_cow8_11102025_ch05-20251011214340_50942_50945.mp4,Pen 5 - Group 3\PREWEANING\Day 2\CS_1034_PREWEAN_d2_p5_cow8_11102025_ch05-20251011214340_50942_50945.mp4,E:\cross_sucking\Pen 5 - Group 3\PREWEANING\Day 2\CS_1034_PREWEAN_d2_p5_cow8_11102025_ch05-20251011214340_50942_50945.mp4,created,1,1,Pen_5_PREWEAN_Day_2_11102025,Pen 5 - Group 3,PREWEAN,2,5,11102025,8,other|1|None|side,50942.897,50945.345,50942.897,50945.345,G:\MONITORING CROSS SUCKING IN CALVES - KAPPEL - 2025\Pen 5 - Group 3\PREWEANING\Day 2\ch05_20251011214340.mp4,ch05_20251011214340.mp4,50450.373048,51851.979337,492.523952,494.971952,Pen 5 - Group 3/PREWEANING 2/Day 2/1034.zip
736,1074,CS_1035_PREWEAN_d2_p5_cow1_11102025_ch05-20251011214340_50951_50979.mp4,Pen 5 - Group 3\PREWEANING\Day 2\CS_1035_PREWEAN_d2_p5_cow1_11102025_ch05-20251011214340_50951_50979.mp4,E:\cross_sucking\Pen 5 - Group 3\PREWEANING\Day 2\CS_1035_PREWEAN_d2_p5_cow1_11102025_ch05-20251011214340_50951_50979.mp4,created,1,1,Pen_5_PREWEAN_Day_2_11102025,Pen 5 - Group 3,PREWEAN,2,5,11102025,1,None|8|None|side,50951.568,50979.938,50951.568,50979.938,G:\MONITORING CROSS SUCKING IN CALVES - KAPPEL - 2025\Pen 5 - Group 3\PREWEANING\Day 2\ch05_20251011214340.mp4,ch05_20251011214340.mp4,50450.373048,51851.979337,501.194952,529.564952,Pen 5 - Group 3/PREWEANING 2/Day 2/1035.zip
737,1075,CS_1036_PREWEAN_d2_p5_cow6_11102025_ch05-20251012053419_78601_78775.mp4,Pen 5 - Group 3\PREWEANING\Day 2\CS_1036_PREWEAN_d2_p5_cow6_11102025_ch05-20251012053419_78601_78775.mp4,E:\cross_sucking\Pen 5 - Group 3\PREWEANING\Day 2\CS_1036_PREWEAN_d2_p5_cow6_11102025_ch05-20251012053419_78601_78775.mp4,created,1,1,Pen_5_PREWEAN_Day_2_11102025,Pen 5 - Group 3,PREWEAN,2,5,11102025,6,milk feeder|O|None|behind,78601.398,78775.156,78601.398,78775.156,G:\MONITORING CROSS SUCKING IN CALVES - KAPPEL - 2025\Pen 5 - Group 3\PREWEANING\Day 2\ch05_20251012053419.mp4,ch05_20251012053419.mp4,78479.891828,79882.459117,121.506172,295.264172,Pen 5 - Group 3/PREWEANING 2/Day 2/1036.zip
738,1076,CS_1037_PREWEAN_d2_p5_cow6_11102025_ch05-20251012053419_78783_78817.mp4,Pen 5 - Group 3\PREWEANING\Day 2\CS_1037_PREWEAN_d2_p5_cow6_11102025_ch05-20251012053419_78783_78817.mp4,E:\cross_sucking\Pen 5 - Group 3\PREWEANING\Day 2\CS_1037_PREWEAN_d2_p5_cow6_11102025_ch05-20251012053419_78783_78817.mp4,created,1,1,Pen_5_PREWEAN_Day_2_11102025,Pen 5 - Group 3,PREWEAN,2,5,11102025,6,grain feeder|O|None|behind,78783.429,78817.833,78783.429,78817.833,G:\MONITORING CROSS SUCKING IN CALVES - KAPPEL - 2025\Pen 5 - Group 3\PREWEANING\Day 2\ch05_20251012053419.mp4,ch05_20251012053419.mp4,78479.891828,79882.459117,303.537172,337.941172,Pen 5 - Group 3/PREWEANING 2/Day 2/1037.zip
739,1077,CS_1038_PREWEAN_d2_p5_cow6_11102025_ch05-20251012053419_78827_78875.mp4,Pen 5 - Group 3\PREWEANING\Day 2\CS_1038_PREWEAN_d2_p5_cow6_11102025_ch05-20251012053419_78827_78875.mp4,E:\cross_sucking\Pen 5 - Group 3\PREWEANING\Day 2\CS_1038_PREWEAN_d2_p5_cow6_11102025_ch05-20251012053419_78827_78875.mp4,created,1,1,Pen_5_PREWEAN_Day_2_11102025,Pen 5 - Group 3,PREWEAN,2,5,11102025,6,grain feeder|O|None|behind,78827.562,78875.152,78827.562,78875.152,G:\MONITORING CROSS SUCKING IN CALVES - KAPPEL - 2025\Pen 5 - Group 3\PREWEANING\Day 2\ch05_20251012053419.mp4,ch05_20251012053419.mp4,78479.891828,79882.459117,347.670172,395.260172,Pen 5 - Group 3/PREWEANING 2/Day 2/1038.zip
740,1078,CS_1039_PREWEAN_d2_p5_cow6_11102025_ch05-20251012053419_78877_78913.mp4,Pen 5 - Group 3\PREWEANING\Day 2\CS_1039_PREWEAN_d2_p5_cow6_11102025_ch05-20251012053419_78877_78913.mp4,E:\cross_sucking\Pen 5 - Group 3\PREWEANING\Day 2\CS_1039_PREWEAN_d2_p5_cow6_11102025_ch05-20251012053419_78877_78913.mp4,created,1,1,Pen_5_PREWEAN_Day_2_11102025,Pen 5 - Group 3,PREWEAN,2,5,11102025,6,grain feeder|8|None|behind,78877.533,78913.593,78877.533,78913.593,G:\MONITORING CROSS SUCKING IN CALVES - KAPPEL - 2025\Pen 5 - Group 3\PREWEANING\Day 2\ch05_20251012053419.mp4,ch05_20251012053419.mp4,78479.891828,79882.459117,397.641172,433.701172,Pen 5 - Group 3/PREWEANING 2/Day 2/1039.zip
741,1079,CS_1040_PREWEAN_d2_p5_cow6_11102025_ch05-20251012053419_78913_78930.mp4,Pen 5 - Group 3\PREWEANING\Day 2\CS_1040_PREWEAN_d2_p5_cow6_11102025_ch05-20251012053419_78913_78930.mp4,E:\cross_sucking\Pen 5 - Group 3\PREWEANING\Day 2\CS_1040_PREWEAN_d2_p5_cow6_11102025_ch05-20251012053419_78913_78930.mp4,created,1,1,Pen_5_PREWEAN_Day_2_11102025,Pen 5 - Group 3,PREWEAN,2,5,11102025,6,grain feeder|O|None|behind,78913.594,78930.195,78913.594,78930.195,G:\MONITORING CROSS SUCKING IN CALVES - KAPPEL - 2025\Pen 5 - Group 3\PREWEANING\Day 2\ch05_20251012053419.mp4,ch05_20251012053419.mp4,78479.891828,79882.459117,433.702172,450.303172,Pen 5 - Group 3/PREWEANING 2/Day 2/1040.zip
742,1080,CS_1041_PREWEAN_d2_p5_cow6_11102025_ch05-20251012053419_78930_79090.mp4,Pen 5 - Group 3\PREWEANING\Day 2\CS_1041_PREWEAN_d2_p5_cow6_11102025_ch05-20251012053419_78930_79090.mp4,E:\cross_sucking\Pen 5 - Group 3\PREWEANING\Day 2\CS_1041_PREWEAN_d2_p5_cow6_11102025_ch05-20251012053419_78930_79090.mp4,created,1,1,Pen_5_PREWEAN_Day_2_11102025,Pen 5 - Group 3,PREWEAN,2,5,11102025,6,grain feeder|O|None|side,78930.196,79090.281,78930.196,79090.281,G:\MONITORING CROSS SUCKING IN CALVES - KAPPEL - 2025\Pen 5 - Group 3\PREWEANING\Day 2\ch05_20251012053419.mp4,ch05_20251012053419.mp4,78479.891828,79882.459117,450.304172,610.389172,Pen 5 - Group 3/PREWEANING 2/Day 2/1041.zip
743,1086,CS_1047_PREWEAN_d2_p5_cowO_11102025_ch05-20251012053419_79234_79268.mp4,Pen 5 - Group 3\PREWEANING\Day 2\CS_1047_PREWEAN_d2_p5_cowO_11102025_ch05-20251012053419_79234_79268.mp4,E:\cross_sucking\Pen 5 - Group 3\PREWEANING\Day 2\CS_1047_PREWEAN_d2_p5_cowO_11102025_ch05-20251012053419_79234_79268.mp4,created,1,1,Pen_5_PREWEAN_Day_2_11102025,Pen 5 - Group 3,PREWEAN,2,5,11102025,O,other|A|None|side,79234.983,79268.672,79234.983,79268.672,G:\MONITORING CROSS SUCKING IN CALVES - KAPPEL - 2025\Pen 5 - Group 3\PREWEANING\Day 2\ch05_20251012053419.mp4,ch05_20251012053419.mp4,78479.891828,79882.459117,755.091172,788.780172,Pen 5 - Group 3/PREWEANING 2/Day 2/1047.zip
744,1087,CS_1048_PREWEAN_d2_p5_cowO_11102025_ch05-20251012053419_79284_79288.mp4,Pen 5 - Group 3\PREWEANING\Day 2\CS_1048_PREWEAN_d2_p5_cowO_11102025_ch05-20251012053419_79284_79288.mp4,E:\cross_sucking\Pen 5 - Group 3\PREWEANING\Day 2\CS_1048_PREWEAN_d2_p5_cowO_11102025_ch05-20251012053419_79284_79288.mp4,created,1,1,Pen_5_PREWEAN_Day_2_11102025,Pen 5 - Group 3,PREWEAN,2,5,11102025,O,other|A|None|side,79284.026,79288.128,79284.026,79288.128,G:\MONITORING CROSS SUCKING IN CALVES - KAPPEL - 2025\Pen 5 - Group 3\PREWEANING\Day 2\ch05_20251012053419.mp4,ch05_20251012053419.mp4,78479.891828,79882.459117,804.134172,808.236172,Pen 5 - Group 3/PREWEANING 2/Day 2/1048.zip
745,1088,CS_1049_PREWEAN_d2_p5_cow6_11102025_ch05-20251012053419_79285_79291.mp4,Pen 5 - Group 3\PREWEANING\Day 2\CS_1049_PREWEAN_d2_p5_cow6_11102025_ch05-20251012053419_79285_79291.mp4,E:\cross_sucking\Pen 5 - Group 3\PREWEANING\Day 2\CS_1049_PREWEAN_d2_p5_cow6_11102025_ch05-20251012053419_79285_79291.mp4,created,1,1,Pen_5_PREWEAN_Day_2_11102025,Pen 5 - Group 3,PREWEAN,2,5,11102025,6,other|O|None|behind,79285.819,79291.307,79285.819,79291.307,G:\MONITORING CROSS SUCKING IN CALVES - KAPPEL - 2025\Pen 5 - Group 3\PREWEANING\Day 2\ch05_20251012053419.mp4,ch05_20251012053419.mp4,78479.891828,79882.459117,805.927172,811.415172,Pen 5 - Group 3/PREWEANING 2/Day 2/1049.zip
746,1089,CS_1050_PREWEAN_d2_p5_cow6_11102025_ch05-20251012053419_79292_79335.mp4,Pen 5 - Group 3\PREWEANING\Day 2\CS_1050_PREWEAN_d2_p5_cow6_11102025_ch05-20251012053419_79292_79335.mp4,E:\cross_sucking\Pen 5 - Group 3\PREWEANING\Day 2\CS_1050_PREWEAN_d2_p5_cow6_11102025_ch05-20251012053419_79292_79335.mp4,created,1,1,Pen_5_PREWEAN_Day_2_11102025,Pen 5 - Group 3,PREWEAN,2,5,11102025,6,other|O|None|side,79292.43,79335.174,79292.43,79335.174,G:\MONITORING CROSS SUCKING IN CALVES - KAPPEL - 2025\Pen 5 - Group 3\PREWEANING\Day 2\ch05_20251012053419.mp4,ch05_20251012053419.mp4,78479.891828,79882.459117,812.538172,855.282172,Pen 5 - Group 3/PREWEANING 2/Day 2/1050.zip
747,1090,CS_1051_PREWEAN_d2_p5_cowO_11102025_ch05-20251012053419_79674_79703.mp4,Pen 5 - Group 3\PREWEANING\Day 2\CS_1051_PREWEAN_d2_p5_cowO_11102025_ch05-20251012053419_79674_79703.mp4,E:\cross_sucking\Pen 5 - Group 3\PREWEANING\Day 2\CS_1051_PREWEAN_d2_p5_cowO_11102025_ch05-20251012053419_79674_79703.mp4,created,1,1,Pen_5_PREWEAN_Day_2_11102025,Pen 5 - Group 3,PREWEAN,2,5,11102025,O,other|1|None|behind,79674.975,79703.43,79674.975,79703.43,G:\MONITORING CROSS SUCKING IN CALVES - KAPPEL - 2025\Pen 5 - Group 3\PREWEANING\Day 2\ch05_20251012053419.mp4,ch05_20251012053419.mp4,78479.891828,79882.459117,1195.083172,1223.538172,Pen 5 - Group 3/PREWEANING 2/Day 2/1051.zip
748,1091,CS_1052_PREWEAN_d3_p5_cowO_12112025_ch05-20251012084234_3224_3266.mp4,Pen 5 - Group 3\PREWEANING\Day 3\CS_1052_PREWEAN_d3_p5_cowO_12112025_ch05-20251012084234_3224_3266.mp4,E:\cross_sucking\Pen 5 - Group 3\PREWEANING\Day 3\CS_1052_PREWEAN_d3_p5_cowO_12112025_ch05-20251012084234_3224_3266.mp4,created,1,1,Pen_5_PREWEAN_Day_3_12112025,Pen 5 - Group 3,PREWEAN,3,5,12112025,O,other|A|None|side,3224.72,3266.996,3224.72,3266.996,G:\MONITORING CROSS SUCKING IN CALVES - KAPPEL - 2025\Pen 5 - Group 3\PREWEANING\Day 3\ch05_20251012084234.mp4,ch05_20251012084234.mp4,2802.619578,4204.030867,422.100422,464.376422,Pen 5 - Group 3/PREWEANING 2/Day 3/1052.zip
749,1092,CS_1053_PREWEAN_d3_p5_cow1_12112025_ch05-20251012084234_3385_3393.mp4,Pen 5 - Group 3\PREWEANING\Day 3\CS_1053_PREWEAN_d3_p5_cow1_12112025_ch05-20251012084234_3385_3393.mp4,E:\cross_sucking\Pen 5 - Group 3\PREWEANING\Day 3\CS_1053_PREWEAN_d3_p5_cow1_12112025_ch05-20251012084234_3385_3393.mp4,created,1,1,Pen_5_PREWEAN_Day_3_12112025,Pen 5 - Group 3,PREWEAN,3,5,12112025,1,other|2|None|side,3385.244,3393.842,3385.244,3393.842,G:\MONITORING CROSS SUCKING IN CALVES - KAPPEL - 2025\Pen 5 - Group 3\PREWEANING\Day 3\ch05_20251012084234.mp4,ch05_20251012084234.mp4,2802.619578,4204.030867,582.624422,591.222422,Pen 5 - Group 3/PREWEANING 2/Day 3/1053.zip
750,1093,CS_1054_PREWEAN_d3_p5_cow1_12112025_ch05-20251012092938_5643_5699.mp4,Pen 5 - Group 3\PREWEANING\Day 3\CS_1054_PREWEAN_d3_p5_cow1_12112025_ch05-20251012092938_5643_5699.mp4,E:\cross_sucking\Pen 5 - Group 3\PREWEANING\Day 3\CS_1054_PREWEAN_d3_p5_cow1_12112025_ch05-20251012092938_5643_5699.mp4,created,1,1,Pen_5_PREWEAN_Day_3_12112025,Pen 5 - Group 3,PREWEAN,3,5,12112025,1,other|8|reciprocal|side,5643.891,5699.923,5643.891,5699.923,G:\MONITORING CROSS SUCKING IN CALVES - KAPPEL - 2025\Pen 5 - Group 3\PREWEANING\Day 3\ch05_20251012092938.mp4,ch05_20251012092938.mp4,5605.386156,7005.662445,38.504844,94.536844,Pen 5 - Group 3/PREWEANING 2/Day 3/1054.zip
751,1095,CS_1056_PREWEAN_d3_p5_cow1_12112025_ch05-20251012092938_5784_5788.mp4,Pen 5 - Group 3\PREWEANING\Day 3\CS_1056_PREWEAN_d3_p5_cow1_12112025_ch05-20251012092938_5784_5788.mp4,E:\cross_sucking\Pen 5 - Group 3\PREWEANING\Day 3\CS_1056_PREWEAN_d3_p5_cow1_12112025_ch05-20251012092938_5784_5788.mp4,created,1,1,Pen_5_PREWEAN_Day_3_12112025,Pen 5 - Group 3,PREWEAN,3,5,12112025,1,other|A|None|side,5784.812,5788.519,5784.812,5788.519,G:\MONITORING CROSS SUCKING IN CALVES - KAPPEL - 2025\Pen 5 - Group 3\PREWEANING\Day 3\ch05_20251012092938.mp4,ch05_20251012092938.mp4,5605.386156,7005.662445,179.425844,183.132844,Pen 5 - Group 3/PREWEANING 2/Day 3/1056.zip
752,1096,CS_1057_PREWEAN_d3_p5_cow6_12112025_ch05-20251012092938_6910_6922.mp4,Pen 5 - Group 3\PREWEANING\Day 3\CS_1057_PREWEAN_d3_p5_cow6_12112025_ch05-20251012092938_6910_6922.mp4,E:\cross_sucking\Pen 5 - Group 3\PREWEANING\Day 3\CS_1057_PREWEAN_d3_p5_cow6_12112025_ch05-20251012092938_6910_6922.mp4,created,1,1,Pen_5_PREWEAN_Day_3_12112025,Pen 5 - Group 3,PREWEAN,3,5,12112025,6,other|A|None|side,6910.102,6922.933,6910.102,6922.933,G:\MONITORING CROSS SUCKING IN CALVES - KAPPEL - 2025\Pen 5 - Group 3\PREWEANING\Day 3\ch05_20251012092938.mp4,ch05_20251012092938.mp4,5605.386156,7005.662445,1304.715844,1317.546844,Pen 5 - Group 3/PREWEANING 2/Day 3/1057.zip
753,1097,CS_1058_PREWEAN_d3_p5_cowslash_12112025_ch05-20251012132454_20700_20702.mp4,Pen 5 - Group 3\PREWEANING\Day 3\CS_1058_PREWEAN_d3_p5_cowslash_12112025_ch05-20251012132454_20700_20702.mp4,E:\cross_sucking\Pen 5 - Group 3\PREWEANING\Day 3\CS_1058_PREWEAN_d3_p5_cowslash_12112025_ch05-20251012132454_20700_20702.mp4,created,1,1,Pen_5_PREWEAN_Day_3_12112025,Pen 5 - Group 3,PREWEAN,3,5,12112025,/,other|T|None|side,20700.88,20702.799,20700.88,20702.799,G:\MONITORING CROSS SUCKING IN CALVES - KAPPEL - 2025\Pen 5 - Group 3\PREWEANING\Day 3\ch05_20251012132454.mp4,ch05_20251012132454.mp4,19614.15569,21015.428979,1086.72431,1088.64331,Pen 5 - Group 3/PREWEANING 2/Day 3/1058.zip
754,1098,CS_1059_PREWEAN_d3_p5_cow1_12112025_ch05-20251012132454_20969_20972.mp4,Pen 5 - Group 3\PREWEANING\Day 3\CS_1059_PREWEAN_d3_p5_cow1_12112025_ch05-20251012132454_20969_20972.mp4,E:\cross_sucking\Pen 5 - Group 3\PREWEANING\Day 3\CS_1059_PREWEAN_d3_p5_cow1_12112025_ch05-20251012132454_20969_20972.mp4,created,1,1,Pen_5_PREWEAN_Day_3_12112025,Pen 5 - Group 3,PREWEAN,3,5,12112025,1,other|2|None|side,20969.76,20972.471,20969.76,20972.471,G:\MONITORING CROSS SUCKING IN CALVES - KAPPEL - 2025\Pen 5 - Group 3\PREWEANING\Day 3\ch05_20251012132454.mp4,ch05_20251012132454.mp4,19614.15569,21015.428979,1355.60431,1358.31531,Pen 5 - Group 3/PREWEANING 2/Day 3/1059.zip
755,1099,CS_1060_PREWEAN_d3_p5_cow8_12112025_ch05-20251012134826_21324_21327.mp4,Pen 5 - Group 3\PREWEANING\Day 3\CS_1060_PREWEAN_d3_p5_cow8_12112025_ch05-20251012134826_21324_21327.mp4,E:\cross_sucking\Pen 5 - Group 3\PREWEANING\Day 3\CS_1060_PREWEAN_d3_p5_cow8_12112025_ch05-20251012134826_21324_21327.mp4,created,1,1,Pen_5_PREWEAN_Day_3_12112025,Pen 5 - Group 3,PREWEAN,3,5,12112025,8,other|O|None|side,21324.346,21327.321,21324.346,21327.321,G:\MONITORING CROSS SUCKING IN CALVES - KAPPEL - 2025\Pen 5 - Group 3\PREWEANING\Day 3\ch05_20251012134826.mp4,ch05_20251012134826.mp4,21015.428979,22416.806268,308.917021,311.892021,Pen 5 - Group 3/PREWEANING 2/Day 3/1060.zip
756,1100,CS_1061_PREWEAN_d3_p5_cowT_12112025_ch05-20251012134826_21520_21527.mp4,Pen 5 - Group 3\PREWEANING\Day 3\CS_1061_PREWEAN_d3_p5_cowT_12112025_ch05-20251012134826_21520_21527.mp4,E:\cross_sucking\Pen 5 - Group 3\PREWEANING\Day 3\CS_1061_PREWEAN_d3_p5_cowT_12112025_ch05-20251012134826_21520_21527.mp4,created,1,1,Pen_5_PREWEAN_Day_3_12112025,Pen 5 - Group 3,PREWEAN,3,5,12112025,T,other|O|None|side,21520.046,21527.779,21520.046,21527.779,G:\MONITORING CROSS SUCKING IN CALVES - KAPPEL - 2025\Pen 5 - Group 3\PREWEANING\Day 3\ch05_20251012134826.mp4,ch05_20251012134826.mp4,21015.428979,22416.806268,504.617021,512.350021,Pen 5 - Group 3/PREWEANING 2/Day 3/1061.zip
757,1101,CS_1062_PREWEAN_d3_p5_cow1_12112025_ch05-20251012134826_21550_21563.mp4,Pen 5 - Group 3\PREWEANING\Day 3\CS_1062_PREWEAN_d3_p5_cow1_12112025_ch05-20251012134826_21550_21563.mp4,E:\cross_sucking\Pen 5 - Group 3\PREWEANING\Day 3\CS_1062_PREWEAN_d3_p5_cow1_12112025_ch05-20251012134826_21550_21563.mp4,created,1,1,Pen_5_PREWEAN_Day_3_12112025,Pen 5 - Group 3,PREWEAN,3,5,12112025,1,other|T|None|behind,21550.737,21563.112,21550.737,21563.112,G:\MONITORING CROSS SUCKING IN CALVES - KAPPEL - 2025\Pen 5 - Group 3\PREWEANING\Day 3\ch05_20251012134826.mp4,ch05_20251012134826.mp4,21015.428979,22416.806268,535.308021,547.683021,Pen 5 - Group 3/PREWEANING 2/Day 3/1062.zip
758,1102,CS_1063_PREWEAN_d3_p5_cowT_12112025_ch05-20251012134826_21696_21739.mp4,Pen 5 - Group 3\PREWEANING\Day 3\CS_1063_PREWEAN_d3_p5_cowT_12112025_ch05-20251012134826_21696_21739.mp4,E:\cross_sucking\Pen 5 - Group 3\PREWEANING\Day 3\CS_1063_PREWEAN_d3_p5_cowT_12112025_ch05-20251012134826_21696_21739.mp4,created,1,1,Pen_5_PREWEAN_Day_3_12112025,Pen 5 - Group 3,PREWEAN,3,5,12112025,T,other|O|None|side,21696.25,21739.582,21696.25,21739.582,G:\MONITORING CROSS SUCKING IN CALVES - KAPPEL - 2025\Pen 5 - Group 3\PREWEANING\Day 3\ch05_20251012134826.mp4,ch05_20251012134826.mp4,21015.428979,22416.806268,680.821021,724.153021,Pen 5 - Group 3/PREWEANING 2/Day 3/1063.zip
759,1103,CS_1064_PREWEAN_d3_p5_cowT_12112025_ch05-20251012134826_21894_21910.mp4,Pen 5 - Group 3\PREWEANING\Day 3\CS_1064_PREWEAN_d3_p5_cowT_12112025_ch05-20251012134826_21894_21910.mp4,E:\cross_sucking\Pen 5 - Group 3\PREWEANING\Day 3\CS_1064_PREWEAN_d3_p5_cowT_12112025_ch05-20251012134826_21894_21910.mp4,created,1,1,Pen_5_PREWEAN_Day_3_12112025,Pen 5 - Group 3,PREWEAN,3,5,12112025,T,other|O|None|behind,21894.997,21910.084,21894.997,21910.084,G:\MONITORING CROSS SUCKING IN CALVES - KAPPEL - 2025\Pen 5 - Group 3\PREWEANING\Day 3\ch05_20251012134826.mp4,ch05_20251012134826.mp4,21015.428979,22416.806268,879.568021,894.655021,Pen 5 - Group 3/PREWEANING 2/Day 3/1064.zip
760,1104,CS_1065_PREWEAN_d3_p5_cowT_12112025_ch05-20251012134826_21922_21927.mp4,Pen 5 - Group 3\PREWEANING\Day 3\CS_1065_PREWEAN_d3_p5_cowT_12112025_ch05-20251012134826_21922_21927.mp4,E:\cross_sucking\Pen 5 - Group 3\PREWEANING\Day 3\CS_1065_PREWEAN_d3_p5_cowT_12112025_ch05-20251012134826_21922_21927.mp4,created,1,1,Pen_5_PREWEAN_Day_3_12112025,Pen 5 - Group 3,PREWEAN,3,5,12112025,T,other|O|None|behind,21922.386,21927.349,21922.386,21927.349,G:\MONITORING CROSS SUCKING IN CALVES - KAPPEL - 2025\Pen 5 - Group 3\PREWEANING\Day 3\ch05_20251012134826.mp4,ch05_20251012134826.mp4,21015.428979,22416.806268,906.957021,911.920021,Pen 5 - Group 3/PREWEANING 2/Day 3/1065.zip
761,1105,CS_1066_PREWEAN_d3_p5_cow8_12112025_ch05-20251012134826_22328_22370.mp4,Pen 5 - Group 3\PREWEANING\Day 3\CS_1066_PREWEAN_d3_p5_cow8_12112025_ch05-20251012134826_22328_22370.mp4,E:\cross_sucking\Pen 5 - Group 3\PREWEANING\Day 3\CS_1066_PREWEAN_d3_p5_cow8_12112025_ch05-20251012134826_22328_22370.mp4,created,1,1,Pen_5_PREWEAN_Day_3_12112025,Pen 5 - Group 3,PREWEAN,3,5,12112025,8,other|1|None|side,22328.007,22370.083,22328.007,22370.083,G:\MONITORING CROSS SUCKING IN CALVES - KAPPEL - 2025\Pen 5 - Group 3\PREWEANING\Day 3\ch05_20251012134826.mp4,ch05_20251012134826.mp4,21015.428979,22416.806268,1312.578021,1354.654021,Pen 5 - Group 3/PREWEANING 2/Day 3/1066.zip
762,1107,CS_1068_PREWEAN_d3_p5_cow1_12112025_ch05-20251012134826_22359_22371.mp4,Pen 5 - Group 3\PREWEANING\Day 3\CS_1068_PREWEAN_d3_p5_cow1_12112025_ch05-20251012134826_22359_22371.mp4,E:\cross_sucking\Pen 5 - Group 3\PREWEANING\Day 3\CS_1068_PREWEAN_d3_p5_cow1_12112025_ch05-20251012134826_22359_22371.mp4,created,1,1,Pen_5_PREWEAN_Day_3_12112025,Pen 5 - Group 3,PREWEAN,3,5,12112025,1,other|8|reciprocal|side,22359.686,22371.396,22359.686,22371.396,G:\MONITORING CROSS SUCKING IN CALVES - KAPPEL - 2025\Pen 5 - Group 3\PREWEANING\Day 3\ch05_20251012134826.mp4,ch05_20251012134826.mp4,21015.428979,22416.806268,1344.257021,1355.967021,Pen 5 - Group 3/PREWEANING 2/Day 3/1068.zip
763,1108,CS_1069_PREWEAN_d3_p5_cow8_12112025_ch05-20251012134826_22393_22414.mp4,Pen 5 - Group 3\PREWEANING\Day 3\CS_1069_PREWEAN_d3_p5_cow8_12112025_ch05-20251012134826_22393_22414.mp4,E:\cross_sucking\Pen 5 - Group 3\PREWEANING\Day 3\CS_1069_PREWEAN_d3_p5_cow8_12112025_ch05-20251012134826_22393_22414.mp4,created,1,1,Pen_5_PREWEAN_Day_3_12112025,Pen 5 - Group 3,PREWEAN,3,5,12112025,8,other|1|None|side,22393.564,22414.204,22393.564,22414.204,G:\MONITORING CROSS SUCKING IN CALVES - KAPPEL - 2025\Pen 5 - Group 3\PREWEANING\Day 3\ch05_20251012134826.mp4,ch05_20251012134826.mp4,21015.428979,22416.806268,1378.135021,1398.775021,Pen 5 - Group 3/PREWEANING 2/Day 3/1069.zip
764,1109,CS_1070_PREWEAN_d3_p5_cowO_12112025_ch05-20251012141158_22419_22427.mp4,Pen 5 - Group 3\PREWEANING\Day 3\CS_1070_PREWEAN_d3_p5_cowO_12112025_ch05-20251012141158_22419_22427.mp4,E:\cross_sucking\Pen 5 - Group 3\PREWEANING\Day 3\CS_1070_PREWEAN_d3_p5_cowO_12112025_ch05-20251012141158_22419_22427.mp4,created,1,1,Pen_5_PREWEAN_Day_3_12112025,Pen 5 - Group 3,PREWEAN,3,5,12112025,O,other|1|None|side,22419.831,22427.972,22419.831,22427.972,G:\MONITORING CROSS SUCKING IN CALVES - KAPPEL - 2025\Pen 5 - Group 3\PREWEANING\Day 3\ch05_20251012141158.mp4,ch05_20251012141158.mp4,22416.806268,23818.259557,3.024732,11.165732,Pen 5 - Group 3/PREWEANING 2/Day 3/1070.zip
765,1110,CS_1071_PREWEAN_d3_p5_cowT_12112025_ch05-20251012141158_22876_22887.mp4,Pen 5 - Group 3\PREWEANING\Day 3\CS_1071_PREWEAN_d3_p5_cowT_12112025_ch05-20251012141158_22876_22887.mp4,E:\cross_sucking\Pen 5 - Group 3\PREWEANING\Day 3\CS_1071_PREWEAN_d3_p5_cowT_12112025_ch05-20251012141158_22876_22887.mp4,created,1,1,Pen_5_PREWEAN_Day_3_12112025,Pen 5 - Group 3,PREWEAN,3,5,12112025,T,other|O|None|side,22876.495,22887.945,22876.495,22887.945,G:\MONITORING CROSS SUCKING IN CALVES - KAPPEL - 2025\Pen 5 - Group 3\PREWEANING\Day 3\ch05_20251012141158.mp4,ch05_20251012141158.mp4,22416.806268,23818.259557,459.688732,471.138732,Pen 5 - Group 3/PREWEANING 2/Day 3/1071.zip
766,1112,CS_1073_PREWEAN_d3_p5_cowT_12112025_ch05-20251012141158_22894_22924.mp4,Pen 5 - Group 3\PREWEANING\Day 3\CS_1073_PREWEAN_d3_p5_cowT_12112025_ch05-20251012141158_22894_22924.mp4,E:\cross_sucking\Pen 5 - Group 3\PREWEANING\Day 3\CS_1073_PREWEAN_d3_p5_cowT_12112025_ch05-20251012141158_22894_22924.mp4,created,1,1,Pen_5_PREWEAN_Day_3_12112025,Pen 5 - Group 3,PREWEAN,3,5,12112025,T,other|O|None|side,22894.761,22924.537,22894.761,22924.537,G:\MONITORING CROSS SUCKING IN CALVES - KAPPEL - 2025\Pen 5 - Group 3\PREWEANING\Day 3\ch05_20251012141158.mp4,ch05_20251012141158.mp4,22416.806268,23818.259557,477.954732,507.730732,Pen 5 - Group 3/PREWEANING 2/Day 3/1073.zip
767,1114,CS_1075_PREWEAN_d3_p5_cowT_12112025_ch05-20251012141158_22933_22942.mp4,Pen 5 - Group 3\PREWEANING\Day 3\CS_1075_PREWEAN_d3_p5_cowT_12112025_ch05-20251012141158_22933_22942.mp4,E:\cross_sucking\Pen 5 - Group 3\PREWEANING\Day 3\CS_1075_PREWEAN_d3_p5_cowT_12112025_ch05-20251012141158_22933_22942.mp4,created,1,1,Pen_5_PREWEAN_Day_3_12112025,Pen 5 - Group 3,PREWEAN,3,5,12112025,T,other|O|None|side,22933.278,22942.005,22933.278,22942.005,G:\MONITORING CROSS SUCKING IN CALVES - KAPPEL - 2025\Pen 5 - Group 3\PREWEANING\Day 3\ch05_20251012141158.mp4,ch05_20251012141158.mp4,22416.806268,23818.259557,516.471732,525.198732,Pen 5 - Group 3/PREWEANING 2/Day 3/1075.zip
768,1115,CS_1076_PREWEAN_d3_p5_cowO_12112025_ch05-20251012141158_22963_22970.mp4,Pen 5 - Group 3\PREWEANING\Day 3\CS_1076_PREWEAN_d3_p5_cowO_12112025_ch05-20251012141158_22963_22970.mp4,E:\cross_sucking\Pen 5 - Group 3\PREWEANING\Day 3\CS_1076_PREWEAN_d3_p5_cowO_12112025_ch05-20251012141158_22963_22970.mp4,created,1,1,Pen_5_PREWEAN_Day_3_12112025,Pen 5 - Group 3,PREWEAN,3,5,12112025,O,other|T|None|side,22963.242,22970.79,22963.242,22970.79,G:\MONITORING CROSS SUCKING IN CALVES - KAPPEL - 2025\Pen 5 - Group 3\PREWEANING\Day 3\ch05_20251012141158.mp4,ch05_20251012141158.mp4,22416.806268,23818.259557,546.435732,553.983732,Pen 5 - Group 3/PREWEANING 2/Day 3/1076.zip
769,1116,CS_1077_PREWEAN_d3_p5_cow8_12112025_ch05-20251012141158_23413_23428.mp4,Pen 5 - Group 3\PREWEANING\Day 3\CS_1077_PREWEAN_d3_p5_cow8_12112025_ch05-20251012141158_23413_23428.mp4,E:\cross_sucking\Pen 5 - Group 3\PREWEANING\Day 3\CS_1077_PREWEAN_d3_p5_cow8_12112025_ch05-20251012141158_23413_23428.mp4,created,1,1,Pen_5_PREWEAN_Day_3_12112025,Pen 5 - Group 3,PREWEAN,3,5,12112025,8,other|1|None|side,23413.505,23428.527,23413.505,23428.527,G:\MONITORING CROSS SUCKING IN CALVES - KAPPEL - 2025\Pen 5 - Group 3\PREWEANING\Day 3\ch05_20251012141158.mp4,ch05_20251012141158.mp4,22416.806268,23818.259557,996.698732,1011.720732,Pen 5 - Group 3/PREWEANING 2/Day 3/1077.zip
770,1117,CS_1078_PREWEAN_d3_p5_cow1_12112025_ch05-20251012154606_28311_28403.mp4,Pen 5 - Group 3\PREWEANING\Day 3\CS_1078_PREWEAN_d3_p5_cow1_12112025_ch05-20251012154606_28311_28403.mp4,E:\cross_sucking\Pen 5 - Group 3\PREWEANING\Day 3\CS_1078_PREWEAN_d3_p5_cow1_12112025_ch05-20251012154606_28311_28403.mp4,created,1,1,Pen_5_PREWEAN_Day_3_12112025,Pen 5 - Group 3,PREWEAN,3,5,12112025,1,other|8|None|side,28311.66,28403.881,28311.66,28403.881,G:\MONITORING CROSS SUCKING IN CALVES - KAPPEL - 2025\Pen 5 - Group 3\PREWEANING\Day 3\ch05_20251012154606.mp4,ch05_20251012154606.mp4,28022.389424,29423.786713,289.270576,381.491576,Pen 5 - Group 3/PREWEANING 2/Day 3/1078.zip
771,1119,CS_1080_PREWEAN_d3_p5_cowT_12112025_ch05-20251012183049_39137_39141.mp4,Pen 5 - Group 3\PREWEANING\Day 3\CS_1080_PREWEAN_d3_p5_cowT_12112025_ch05-20251012183049_39137_39141.mp4,E:\cross_sucking\Pen 5 - Group 3\PREWEANING\Day 3\CS_1080_PREWEAN_d3_p5_cowT_12112025_ch05-20251012183049_39137_39141.mp4,created,1,1,Pen_5_PREWEAN_Day_3_12112025,Pen 5 - Group 3,PREWEAN,3,5,12112025,T,grain feeder|2|None|side,39137.039,39141.735,39137.039,39141.735,G:\MONITORING CROSS SUCKING IN CALVES - KAPPEL - 2025\Pen 5 - Group 3\PREWEANING\Day 3\ch05_20251012183049.mp4,ch05_20251012183049.mp4,37831.395091,39232.86238,1305.643909,1310.339909,Pen 5 - Group 3/PREWEANING 2/Day 3/1080.zip
772,1120,CS_1081_PREWEAN_d3_p5_cowO_12112025_ch05-20251012185421_39522_39547.mp4,Pen 5 - Group 3\PREWEANING\Day 3\CS_1081_PREWEAN_d3_p5_cowO_12112025_ch05-20251012185421_39522_39547.mp4,E:\cross_sucking\Pen 5 - Group 3\PREWEANING\Day 3\CS_1081_PREWEAN_d3_p5_cowO_12112025_ch05-20251012185421_39522_39547.mp4,created,1,1,Pen_5_PREWEAN_Day_3_12112025,Pen 5 - Group 3,PREWEAN,3,5,12112025,O,other|1|None|side,39522.481,39547.753,39522.481,39547.753,G:\MONITORING CROSS SUCKING IN CALVES - KAPPEL - 2025\Pen 5 - Group 3\PREWEANING\Day 3\ch05_20251012185421.mp4,ch05_20251012185421.mp4,39232.86238,40634.246669,289.61862,314.89062,Pen 5 - Group 3/PREWEANING 2/Day 3/1081.zip
773,1123,CS_1084_PREWEAN_d3_p5_cowO_12112025_ch05-20251012185421_39552_39559.mp4,Pen 5 - Group 3\PREWEANING\Day 3\CS_1084_PREWEAN_d3_p5_cowO_12112025_ch05-20251012185421_39552_39559.mp4,E:\cross_sucking\Pen 5 - Group 3\PREWEANING\Day 3\CS_1084_PREWEAN_d3_p5_cowO_12112025_ch05-20251012185421_39552_39559.mp4,created,1,1,Pen_5_PREWEAN_Day_3_12112025,Pen 5 - Group 3,PREWEAN,3,5,12112025,O,other|2|None|side,39552.32,39559.005,39552.32,39559.005,G:\MONITORING CROSS SUCKING IN CALVES - KAPPEL - 2025\Pen 5 - Group 3\PREWEANING\Day 3\ch05_20251012185421.mp4,ch05_20251012185421.mp4,39232.86238,40634.246669,319.45762,326.14262,Pen 5 - Group 3/PREWEANING 2/Day 3/1084.zip
774,1124,CS_1085_PREWEAN_d3_p5_cowO_12112025_ch05-20251012185421_39562_39575.mp4,Pen 5 - Group 3\PREWEANING\Day 3\CS_1085_PREWEAN_d3_p5_cowO_12112025_ch05-20251012185421_39562_39575.mp4,E:\cross_sucking\Pen 5 - Group 3\PREWEANING\Day 3\CS_1085_PREWEAN_d3_p5_cowO_12112025_ch05-20251012185421_39562_39575.mp4,created,1,1,Pen_5_PREWEAN_Day_3_12112025,Pen 5 - Group 3,PREWEAN,3,5,12112025,O,other|2|None|side,39562.574,39575.871,39562.574,39575.871,G:\MONITORING CROSS SUCKING IN CALVES - KAPPEL - 2025\Pen 5 - Group 3\PREWEANING\Day 3\ch05_20251012185421.mp4,ch05_20251012185421.mp4,39232.86238,40634.246669,329.71162,343.00862,Pen 5 - Group 3/PREWEANING 2/Day 3/1085.zip
775,1125,CS_1086_PREWEAN_d3_p5_cowO_12112025_ch05-20251012185421_39579_39586.mp4,Pen 5 - Group 3\PREWEANING\Day 3\CS_1086_PREWEAN_d3_p5_cowO_12112025_ch05-20251012185421_39579_39586.mp4,E:\cross_sucking\Pen 5 - Group 3\PREWEANING\Day 3\CS_1086_PREWEAN_d3_p5_cowO_12112025_ch05-20251012185421_39579_39586.mp4,created,1,1,Pen_5_PREWEAN_Day_3_12112025,Pen 5 - Group 3,PREWEAN,3,5,12112025,O,other|2|None|side,39579.708,39586.46,39579.708,39586.46,G:\MONITORING CROSS SUCKING IN CALVES - KAPPEL - 2025\Pen 5 - Group 3\PREWEANING\Day 3\ch05_20251012185421.mp4,ch05_20251012185421.mp4,39232.86238,40634.246669,346.84562,353.59762,Pen 5 - Group 3/PREWEANING 2/Day 3/1086.zip
776,1126,CS_1087_PREWEAN_d3_p5_cow6_12112025_ch05-20251012185421_39676_39713.mp4,Pen 5 - Group 3\PREWEANING\Day 3\CS_1087_PREWEAN_d3_p5_cow6_12112025_ch05-20251012185421_39676_39713.mp4,E:\cross_sucking\Pen 5 - Group 3\PREWEANING\Day 3\CS_1087_PREWEAN_d3_p5_cow6_12112025_ch05-20251012185421_39676_39713.mp4,created,1,1,Pen_5_PREWEAN_Day_3_12112025,Pen 5 - Group 3,PREWEAN,3,5,12112025,6,milk feeder|O|None|behind,39676.439,39713.285,39676.439,39713.285,G:\MONITORING CROSS SUCKING IN CALVES - KAPPEL - 2025\Pen 5 - Group 3\PREWEANING\Day 3\ch05_20251012185421.mp4,ch05_20251012185421.mp4,39232.86238,40634.246669,443.57662,480.42262,Pen 5 - Group 3/PREWEANING 2/Day 3/1087.zip
777,1127,CS_1088_PREWEAN_d3_p5_cow6_12112025_ch05-20251012185421_39736_39777.mp4,Pen 5 - Group 3\PREWEANING\Day 3\CS_1088_PREWEAN_d3_p5_cow6_12112025_ch05-20251012185421_39736_39777.mp4,E:\cross_sucking\Pen 5 - Group 3\PREWEANING\Day 3\CS_1088_PREWEAN_d3_p5_cow6_12112025_ch05-20251012185421_39736_39777.mp4,created,1,1,Pen_5_PREWEAN_Day_3_12112025,Pen 5 - Group 3,PREWEAN,3,5,12112025,6,milk feeder|O|None|behind,39736.309,39777.386,39736.309,39777.386,G:\MONITORING CROSS SUCKING IN CALVES - KAPPEL - 2025\Pen 5 - Group 3\PREWEANING\Day 3\ch05_20251012185421.mp4,ch05_20251012185421.mp4,39232.86238,40634.246669,503.44662,544.52362,Pen 5 - Group 3/PREWEANING 2/Day 3/1088.zip
778,1128,CS_1089_PREWEAN_d3_p5_cowO_12112025_ch05-20251012185421_39895_39902.mp4,Pen 5 - Group 3\PREWEANING\Day 3\CS_1089_PREWEAN_d3_p5_cowO_12112025_ch05-20251012185421_39895_39902.mp4,E:\cross_sucking\Pen 5 - Group 3\PREWEANING\Day 3\CS_1089_PREWEAN_d3_p5_cowO_12112025_ch05-20251012185421_39895_39902.mp4,created,1,1,Pen_5_PREWEAN_Day_3_12112025,Pen 5 - Group 3,PREWEAN,3,5,12112025,O,other|2|None|side,39895.087,39902.501,39895.087,39902.501,G:\MONITORING CROSS SUCKING IN CALVES - KAPPEL - 2025\Pen 5 - Group 3\PREWEANING\Day 3\ch05_20251012185421.mp4,ch05_20251012185421.mp4,39232.86238,40634.246669,662.22462,669.63862,Pen 5 - Group 3/PREWEANING 2/Day 3/1089.zip
779,1129,CS_1090_PREWEAN_d3_p5_cow2_12112025_ch05-20251012185421_39992_40059.mp4,Pen 5 - Group 3\PREWEANING\Day 3\CS_1090_PREWEAN_d3_p5_cow2_12112025_ch05-20251012185421_39992_40059.mp4,E:\cross_sucking\Pen 5 - Group 3\PREWEANING\Day 3\CS_1090_PREWEAN_d3_p5_cow2_12112025_ch05-20251012185421_39992_40059.mp4,created,1,1,Pen_5_PREWEAN_Day_3_12112025,Pen 5 - Group 3,PREWEAN,3,5,12112025,2,other|O|None|side,39992.744,40059.363,39992.744,40059.363,G:\MONITORING CROSS SUCKING IN CALVES - KAPPEL - 2025\Pen 5 - Group 3\PREWEANING\Day 3\ch05_20251012185421.mp4,ch05_20251012185421.mp4,39232.86238,40634.246669,759.88162,826.50062,Pen 5 - Group 3/PREWEANING 2/Day 3/1090.zip
780,1130,CS_1091_PREWEAN_d3_p5_cowO_12112025_ch05-20251012185421_40071_40081.mp4,Pen 5 - Group 3\PREWEANING\Day 3\CS_1091_PREWEAN_d3_p5_cowO_12112025_ch05-20251012185421_40071_40081.mp4,E:\cross_sucking\Pen 5 - Group 3\PREWEANING\Day 3\CS_1091_PREWEAN_d3_p5_cowO_12112025_ch05-20251012185421_40071_40081.mp4,created,1,1,Pen_5_PREWEAN_Day_3_12112025,Pen 5 - Group 3,PREWEAN,3,5,12112025,O,other|2|None|side,40071.47,40081.466,40071.47,40081.466,G:\MONITORING CROSS SUCKING IN CALVES - KAPPEL - 2025\Pen 5 - Group 3\PREWEANING\Day 3\ch05_20251012185421.mp4,ch05_20251012185421.mp4,39232.86238,40634.246669,838.60762,848.60362,Pen 5 - Group 3/PREWEANING 2/Day 3/1091.zip
781,1131,CS_1092_PREWEAN_d3_p5_cow2_12112025_ch05-20251012185421_40086_40093.mp4,Pen 5 - Group 3\PREWEANING\Day 3\CS_1092_PREWEAN_d3_p5_cow2_12112025_ch05-20251012185421_40086_40093.mp4,E:\cross_sucking\Pen 5 - Group 3\PREWEANING\Day 3\CS_1092_PREWEAN_d3_p5_cow2_12112025_ch05-20251012185421_40086_40093.mp4,created,1,1,Pen_5_PREWEAN_Day_3_12112025,Pen 5 - Group 3,PREWEAN,3,5,12112025,2,other|O|None|side,40086.555,40093.831,40086.555,40093.831,G:\MONITORING CROSS SUCKING IN CALVES - KAPPEL - 2025\Pen 5 - Group 3\PREWEANING\Day 3\ch05_20251012185421.mp4,ch05_20251012185421.mp4,39232.86238,40634.246669,853.69262,860.96862,Pen 5 - Group 3/PREWEANING 2/Day 3/1092.zip
782,1132,CS_1093_PREWEAN_d3_p5_cowO_12112025_ch05-20251012185421_40087_40096.mp4,Pen 5 - Group 3\PREWEANING\Day 3\CS_1093_PREWEAN_d3_p5_cowO_12112025_ch05-20251012185421_40087_40096.mp4,E:\cross_sucking\Pen 5 - Group 3\PREWEANING\Day 3\CS_1093_PREWEAN_d3_p5_cowO_12112025_ch05-20251012185421_40087_40096.mp4,created,1,1,Pen_5_PREWEAN_Day_3_12112025,Pen 5 - Group 3,PREWEAN,3,5,12112025,O,other|2|reciprocal|side,40087.351,40096.014,40087.351,40096.014,G:\MONITORING CROSS SUCKING IN CALVES - KAPPEL - 2025\Pen 5 - Group 3\PREWEANING\Day 3\ch05_20251012185421.mp4,ch05_20251012185421.mp4,39232.86238,40634.246669,854.48862,863.15162,Pen 5 - Group 3/PREWEANING 2/Day 3/1093.zip
783,1133,CS_1094_PREWEAN_d3_p5_cowO_12112025_ch05-20251012185421_40378_40410.mp4,Pen 5 - Group 3\PREWEANING\Day 3\CS_1094_PREWEAN_d3_p5_cowO_12112025_ch05-20251012185421_40378_40410.mp4,E:\cross_sucking\Pen 5 - Group 3\PREWEANING\Day 3\CS_1094_PREWEAN_d3_p5_cowO_12112025_ch05-20251012185421_40378_40410.mp4,created,1,1,Pen_5_PREWEAN_Day_3_12112025,Pen 5 - Group 3,PREWEAN,3,5,12112025,O,other|8|None|side,40378.492,40410.978,40378.492,40410.978,G:\MONITORING CROSS SUCKING IN CALVES - KAPPEL - 2025\Pen 5 - Group 3\PREWEANING\Day 3\ch05_20251012185421.mp4,ch05_20251012185421.mp4,39232.86238,40634.246669,1145.62962,1178.11562,Pen 5 - Group 3/PREWEANING 2/Day 3/1094.zip
784,1134,CS_1095_PREWEAN_d3_p5_cowO_12112025_ch05-20251012185421_40444_40449.mp4,Pen 5 - Group 3\PREWEANING\Day 3\CS_1095_PREWEAN_d3_p5_cowO_12112025_ch05-20251012185421_40444_40449.mp4,E:\cross_sucking\Pen 5 - Group 3\PREWEANING\Day 3\CS_1095_PREWEAN_d3_p5_cowO_12112025_ch05-20251012185421_40444_40449.mp4,created,1,1,Pen_5_PREWEAN_Day_3_12112025,Pen 5 - Group 3,PREWEAN,3,5,12112025,O,other|8|None|side,40444.798,40449.764,40444.798,40449.764,G:\MONITORING CROSS SUCKING IN CALVES - KAPPEL - 2025\Pen 5 - Group 3\PREWEANING\Day 3\ch05_20251012185421.mp4,ch05_20251012185421.mp4,39232.86238,40634.246669,1211.93562,1216.90162,Pen 5 - Group 3/PREWEANING 2/Day 3/1095.zip
785,1135,CS_1096_PREWEAN_d3_p5_cow8_12112025_ch05-20251012185421_40447_40557.mp4,Pen 5 - Group 3\PREWEANING\Day 3\CS_1096_PREWEAN_d3_p5_cow8_12112025_ch05-20251012185421_40447_40557.mp4,E:\cross_sucking\Pen 5 - Group 3\PREWEANING\Day 3\CS_1096_PREWEAN_d3_p5_cow8_12112025_ch05-20251012185421_40447_40557.mp4,created,1,1,Pen_5_PREWEAN_Day_3_12112025,Pen 5 - Group 3,PREWEAN,3,5,12112025,8,other|O|None|side,40447.59,40557.93,40447.59,40557.93,G:\MONITORING CROSS SUCKING IN CALVES - KAPPEL - 2025\Pen 5 - Group 3\PREWEANING\Day 3\ch05_20251012185421.mp4,ch05_20251012185421.mp4,39232.86238,40634.246669,1214.72762,1325.06762,Pen 5 - Group 3/PREWEANING 2/Day 3/1096.zip
786,1137,CS_1098_PREWEAN_d3_p5_cow8_12112025_ch05-20251012185421_40570_40621.mp4,Pen 5 - Group 3\PREWEANING\Day 3\CS_1098_PREWEAN_d3_p5_cow8_12112025_ch05-20251012185421_40570_40621.mp4,E:\cross_sucking\Pen 5 - Group 3\PREWEANING\Day 3\CS_1098_PREWEAN_d3_p5_cow8_12112025_ch05-20251012185421_40570_40621.mp4,created,1,1,Pen_5_PREWEAN_Day_3_12112025,Pen 5 - Group 3,PREWEAN,3,5,12112025,8,other|O|None|side,40570.968,40621.188,40570.968,40621.188,G:\MONITORING CROSS SUCKING IN CALVES - KAPPEL - 2025\Pen 5 - Group 3\PREWEANING\Day 3\ch05_20251012185421.mp4,ch05_20251012185421.mp4,39232.86238,40634.246669,1338.10562,1388.32562,Pen 5 - Group 3/PREWEANING 2/Day 3/1098.zip
787,1138,CS_1099_PREWEAN_d3_p5_cow8_12112025_ch05-20251012185421_40628_40677_part01.mp4,Pen 5 - Group 3\PREWEANING\Day 3\CS_1099_PREWEAN_d3_p5_cow8_12112025_ch05-20251012185421_40628_40677_part01.mp4,E:\cross_sucking\Pen 5 - Group 3\PREWEANING\Day 3\CS_1099_PREWEAN_d3_p5_cow8_12112025_ch05-20251012185421_40628_40677_part01.mp4,created,1,2,Pen_5_PREWEAN_Day_3_12112025,Pen 5 - Group 3,PREWEAN,3,5,12112025,8,other|O|None|side,40628.274,40677.304,40628.274,40634.246669,G:\MONITORING CROSS SUCKING IN CALVES - KAPPEL - 2025\Pen 5 - Group 3\PREWEANING\Day 3\ch05_20251012185421.mp4,ch05_20251012185421.mp4,39232.86238,40634.246669,1395.41162,1401.384289,Pen 5 - Group 3/PREWEANING 2/Day 3/1099_part1.zip
788,1139,CS_1099_PREWEAN_d3_p5_cow8_12112025_ch05-20251012185421_40628_40677_part02.mp4,Pen 5 - Group 3\PREWEANING\Day 3\CS_1099_PREWEAN_d3_p5_cow8_12112025_ch05-20251012185421_40628_40677_part02.mp4,E:\cross_sucking\Pen 5 - Group 3\PREWEANING\Day 3\CS_1099_PREWEAN_d3_p5_cow8_12112025_ch05-20251012185421_40628_40677_part02.mp4,created,2,2,Pen_5_PREWEAN_Day_3_12112025,Pen 5 - Group 3,PREWEAN,3,5,12112025,8,other|O|None|side,40628.274,40677.304,40634.246669,40677.304,G:\MONITORING CROSS SUCKING IN CALVES - KAPPEL - 2025\Pen 5 - Group 3\PREWEANING\Day 3\ch05_20251012191754.mp4,ch05_20251012191754.mp4,40634.246669,42034.713958,0.0,43.057331,Pen 5 - Group 3/PREWEANING 2/Day 3/1099_part2.zip
789,1142,CS_1101_PREWEAN_d3_p5_cowO_12112025_ch05-20251012191754_40671_40688.mp4,Pen 5 - Group 3\PREWEANING\Day 3\CS_1101_PREWEAN_d3_p5_cowO_12112025_ch05-20251012191754_40671_40688.mp4,E:\cross_sucking\Pen 5 - Group 3\PREWEANING\Day 3\CS_1101_PREWEAN_d3_p5_cowO_12112025_ch05-20251012191754_40671_40688.mp4,created,1,1,Pen_5_PREWEAN_Day_3_12112025,Pen 5 - Group 3,PREWEAN,3,5,12112025,O,other|8|reciprocal|side,40671.679,40688.826,40671.679,40688.826,G:\MONITORING CROSS SUCKING IN CALVES - KAPPEL - 2025\Pen 5 - Group 3\PREWEANING\Day 3\ch05_20251012191754.mp4,ch05_20251012191754.mp4,40634.246669,42034.713958,37.432331,54.579331,Pen 5 - Group 3/PREWEANING 2/Day 3/1101.zip
790,1143,CS_1102_PREWEAN_d3_p5_cowO_12112025_ch05-20251012191754_40709_40721.mp4,Pen 5 - Group 3\PREWEANING\Day 3\CS_1102_PREWEAN_d3_p5_cowO_12112025_ch05-20251012191754_40709_40721.mp4,E:\cross_sucking\Pen 5 - Group 3\PREWEANING\Day 3\CS_1102_PREWEAN_d3_p5_cowO_12112025_ch05-20251012191754_40709_40721.mp4,created,1,1,Pen_5_PREWEAN_Day_3_12112025,Pen 5 - Group 3,PREWEAN,3,5,12112025,O,other|8|None|side,40709.2,40721.905,40709.2,40721.905,G:\MONITORING CROSS SUCKING IN CALVES - KAPPEL - 2025\Pen 5 - Group 3\PREWEANING\Day 3\ch05_20251012191754.mp4,ch05_20251012191754.mp4,40634.246669,42034.713958,74.953331,87.658331,Pen 5 - Group 3/PREWEANING 2/Day 3/1102.zip
791,1144,CS_1103_PREWEAN_d3_p5_cow6_12112025_ch05-20251012191754_40713_40739.mp4,Pen 5 - Group 3\PREWEANING\Day 3\CS_1103_PREWEAN_d3_p5_cow6_12112025_ch05-20251012191754_40713_40739.mp4,E:\cross_sucking\Pen 5 - Group 3\PREWEANING\Day 3\CS_1103_PREWEAN_d3_p5_cow6_12112025_ch05-20251012191754_40713_40739.mp4,created,1,1,Pen_5_PREWEAN_Day_3_12112025,Pen 5 - Group 3,PREWEAN,3,5,12112025,6,other|O|None|side,40713.901,40739.447,40713.901,40739.447,G:\MONITORING CROSS SUCKING IN CALVES - KAPPEL - 2025\Pen 5 - Group 3\PREWEANING\Day 3\ch05_20251012191754.mp4,ch05_20251012191754.mp4,40634.246669,42034.713958,79.654331,105.200331,Pen 5 - Group 3/PREWEANING 2/Day 3/1103.zip
792,1145,CS_1104_PREWEAN_d3_p5_cow1_12112025_ch05-20251012191754_40894_40949.mp4,Pen 5 - Group 3\PREWEANING\Day 3\CS_1104_PREWEAN_d3_p5_cow1_12112025_ch05-20251012191754_40894_40949.mp4,E:\cross_sucking\Pen 5 - Group 3\PREWEANING\Day 3\CS_1104_PREWEAN_d3_p5_cow1_12112025_ch05-20251012191754_40894_40949.mp4,created,1,1,Pen_5_PREWEAN_Day_3_12112025,Pen 5 - Group 3,PREWEAN,3,5,12112025,1,other|6|reciprocal|side,40894.758,40949.36,40894.758,40949.36,G:\MONITORING CROSS SUCKING IN CALVES - KAPPEL - 2025\Pen 5 - Group 3\PREWEANING\Day 3\ch05_20251012191754.mp4,ch05_20251012191754.mp4,40634.246669,42034.713958,260.511331,315.113331,Pen 5 - Group 3/PREWEANING 2/Day 3/1104.zip
793,1146,CS_1105_PREWEAN_d3_p5_cow8_12112025_ch05-20251012191754_41408_41437.mp4,Pen 5 - Group 3\PREWEANING\Day 3\CS_1105_PREWEAN_d3_p5_cow8_12112025_ch05-20251012191754_41408_41437.mp4,E:\cross_sucking\Pen 5 - Group 3\PREWEANING\Day 3\CS_1105_PREWEAN_d3_p5_cow8_12112025_ch05-20251012191754_41408_41437.mp4,created,1,1,Pen_5_PREWEAN_Day_3_12112025,Pen 5 - Group 3,PREWEAN,3,5,12112025,8,other|1|None|side,41408.838,41437.952,41408.838,41437.952,G:\MONITORING CROSS SUCKING IN CALVES - KAPPEL - 2025\Pen 5 - Group 3\PREWEANING\Day 3\ch05_20251012191754.mp4,ch05_20251012191754.mp4,40634.246669,42034.713958,774.591331,803.705331,Pen 5 - Group 3/PREWEANING 2/Day 3/1105.zip
794,1147,CS_1106_PREWEAN_d3_p5_cow1_12112025_ch05-20251012191754_41411_41439.mp4,Pen 5 - Group 3\PREWEANING\Day 3\CS_1106_PREWEAN_d3_p5_cow1_12112025_ch05-20251012191754_41411_41439.mp4,E:\cross_sucking\Pen 5 - Group 3\PREWEANING\Day 3\CS_1106_PREWEAN_d3_p5_cow1_12112025_ch05-20251012191754_41411_41439.mp4,created,1,1,Pen_5_PREWEAN_Day_3_12112025,Pen 5 - Group 3,PREWEAN,3,5,12112025,1,other|8|reciprocal|side,41411.814,41439.345,41411.814,41439.345,G:\MONITORING CROSS SUCKING IN CALVES - KAPPEL - 2025\Pen 5 - Group 3\PREWEANING\Day 3\ch05_20251012191754.mp4,ch05_20251012191754.mp4,40634.246669,42034.713958,777.567331,805.098331,Pen 5 - Group 3/PREWEANING 2/Day 3/1106.zip
795,1148,CS_1107_PREWEAN_d3_p5_cow8_12112025_ch05-20251012191754_41451_41463.mp4,Pen 5 - Group 3\PREWEANING\Day 3\CS_1107_PREWEAN_d3_p5_cow8_12112025_ch05-20251012191754_41451_41463.mp4,E:\cross_sucking\Pen 5 - Group 3\PREWEANING\Day 3\CS_1107_PREWEAN_d3_p5_cow8_12112025_ch05-20251012191754_41451_41463.mp4,created,1,1,Pen_5_PREWEAN_Day_3_12112025,Pen 5 - Group 3,PREWEAN,3,5,12112025,8,other|O|None|side,41451.064,41463.636,41451.064,41463.636,G:\MONITORING CROSS SUCKING IN CALVES - KAPPEL - 2025\Pen 5 - Group 3\PREWEANING\Day 3\ch05_20251012191754.mp4,ch05_20251012191754.mp4,40634.246669,42034.713958,816.817331,829.389331,Pen 5 - Group 3/PREWEANING 2/Day 3/1107.zip
796,1149,CS_1108_PREWEAN_d3_p5_cowT_12112025_ch05-20251012191754_41734_41749.mp4,Pen 5 - Group 3\PREWEANING\Day 3\CS_1108_PREWEAN_d3_p5_cowT_12112025_ch05-20251012191754_41734_41749.mp4,E:\cross_sucking\Pen 5 - Group 3\PREWEANING\Day 3\CS_1108_PREWEAN_d3_p5_cowT_12112025_ch05-20251012191754_41734_41749.mp4,created,1,1,Pen_5_PREWEAN_Day_3_12112025,Pen 5 - Group 3,PREWEAN,3,5,12112025,T,other|O|None|side,41734.468,41749.544,41734.468,41749.544,G:\MONITORING CROSS SUCKING IN CALVES - KAPPEL - 2025\Pen 5 - Group 3\PREWEANING\Day 3\ch05_20251012191754.mp4,ch05_20251012191754.mp4,40634.246669,42034.713958,1100.221331,1115.297331,Pen 5 - Group 3/PREWEANING 2/Day 3/1108.zip
797,1151,CS_1110_PREWEAN_d3_p5_cow2_12112025_ch05-20251012194125_42050_42052.mp4,Pen 5 - Group 3\PREWEANING\Day 3\CS_1110_PREWEAN_d3_p5_cow2_12112025_ch05-20251012194125_42050_42052.mp4,E:\cross_sucking\Pen 5 - Group 3\PREWEANING\Day 3\CS_1110_PREWEAN_d3_p5_cow2_12112025_ch05-20251012194125_42050_42052.mp4,created,1,1,Pen_5_PREWEAN_Day_3_12112025,Pen 5 - Group 3,PREWEAN,3,5,12112025,2,other|O|None|lying down,42050.315,42052.898,42050.315,42052.898,G:\MONITORING CROSS SUCKING IN CALVES - KAPPEL - 2025\Pen 5 - Group 3\PREWEANING\Day 3\ch05_20251012194125.mp4,ch05_20251012194125.mp4,42034.713958,43436.050247,15.601042,18.184042,Pen 5 - Group 3/PREWEANING 2/Day 3/1110.zip
798,1152,CS_1111_PREWEAN_d3_p5_cow1_12112025_ch05-20251012205201_46400_46429.mp4,Pen 5 - Group 3\PREWEANING\Day 3\CS_1111_PREWEAN_d3_p5_cow1_12112025_ch05-20251012205201_46400_46429.mp4,E:\cross_sucking\Pen 5 - Group 3\PREWEANING\Day 3\CS_1111_PREWEAN_d3_p5_cow1_12112025_ch05-20251012205201_46400_46429.mp4,created,1,1,Pen_5_PREWEAN_Day_3_12112025,Pen 5 - Group 3,PREWEAN,3,5,12112025,1,other|8|reciprocal|side,46400.968,46429.091,46400.968,46429.091,G:\MONITORING CROSS SUCKING IN CALVES - KAPPEL - 2025\Pen 5 - Group 3\PREWEANING\Day 3\ch05_20251012205201.mp4,ch05_20251012205201.mp4,46238.921825,47640.374114,162.046175,190.169175,Pen 5 - Group 3/PREWEANING 2/Day 3/1111.zip
799,1154,CS_1113_PREWEAN_d3_p5_cow8_12112025_ch05-20251012205201_46460_46505.mp4,Pen 5 - Group 3\PREWEANING\Day 3\CS_1113_PREWEAN_d3_p5_cow8_12112025_ch05-20251012205201_46460_46505.mp4,E:\cross_sucking\Pen 5 - Group 3\PREWEANING\Day 3\CS_1113_PREWEAN_d3_p5_cow8_12112025_ch05-20251012205201_46460_46505.mp4,created,1,1,Pen_5_PREWEAN_Day_3_12112025,Pen 5 - Group 3,PREWEAN,3,5,12112025,8,other|1|None|side,46460.789,46505.265,46460.789,46505.265,G:\MONITORING CROSS SUCKING IN CALVES - KAPPEL - 2025\Pen 5 - Group 3\PREWEANING\Day 3\ch05_20251012205201.mp4,ch05_20251012205201.mp4,46238.921825,47640.374114,221.867175,266.343175,Pen 5 - Group 3/PREWEANING 2/Day 3/1113.zip
800,1156,CS_1115_PREWEAN_d3_p5_cow8_12112025_ch05-20251012205201_47085_47097.mp4,Pen 5 - Group 3\PREWEANING\Day 3\CS_1115_PREWEAN_d3_p5_cow8_12112025_ch05-20251012205201_47085_47097.mp4,E:\cross_sucking\Pen 5 - Group 3\PREWEANING\Day 3\CS_1115_PREWEAN_d3_p5_cow8_12112025_ch05-20251012205201_47085_47097.mp4,created,1,1,Pen_5_PREWEAN_Day_3_12112025,Pen 5 - Group 3,PREWEAN,3,5,12112025,8,other|T|reciprocal|side,47085.856,47097.973,47085.856,47097.973,G:\MONITORING CROSS SUCKING IN CALVES - KAPPEL - 2025\Pen 5 - Group 3\PREWEANING\Day 3\ch05_20251012205201.mp4,ch05_20251012205201.mp4,46238.921825,47640.374114,846.934175,859.051175,Pen 5 - Group 3/PREWEANING 2/Day 3/1115.zip
801,1158,CS_1117_PREWEAN_d3_p5_cowT_12112025_ch05-20251012211533_48975_49002.mp4,Pen 5 - Group 3\PREWEANING\Day 3\CS_1117_PREWEAN_d3_p5_cowT_12112025_ch05-20251012211533_48975_49002.mp4,E:\cross_sucking\Pen 5 - Group 3\PREWEANING\Day 3\CS_1117_PREWEAN_d3_p5_cowT_12112025_ch05-20251012211533_48975_49002.mp4,created,1,1,Pen_5_PREWEAN_Day_3_12112025,Pen 5 - Group 3,PREWEAN,3,5,12112025,T,other|O|None|side,48975.347,49002.8,48975.347,49002.8,G:\MONITORING CROSS SUCKING IN CALVES - KAPPEL - 2025\Pen 5 - Group 3\PREWEANING\Day 3\ch05_20251012211533.mp4,ch05_20251012211533.mp4,47640.374114,49041.789403,1334.972886,1362.425886,Pen 5 - Group 3/PREWEANING 2/Day 3/1117.zip
802,1161,CS_1120_PREWEAN_d3_p5_cowO_12112025_ch05-20251012211533_49013_49018.mp4,Pen 5 - Group 3\PREWEANING\Day 3\CS_1120_PREWEAN_d3_p5_cowO_12112025_ch05-20251012211533_49013_49018.mp4,E:\cross_sucking\Pen 5 - Group 3\PREWEANING\Day 3\CS_1120_PREWEAN_d3_p5_cowO_12112025_ch05-20251012211533_49013_49018.mp4,created,1,1,Pen_5_PREWEAN_Day_3_12112025,Pen 5 - Group 3,PREWEAN,3,5,12112025,O,other|8|None|side,49013.123,49018.616,49013.123,49018.616,G:\MONITORING CROSS SUCKING IN CALVES - KAPPEL - 2025\Pen 5 - Group 3\PREWEANING\Day 3\ch05_20251012211533.mp4,ch05_20251012211533.mp4,47640.374114,49041.789403,1372.748886,1378.241886,Pen 5 - Group 3/PREWEANING 2/Day 3/1120.zip
803,1162,CS_1121_PREWEAN_d3_p5_cowT_12112025_ch05-20251012211533_49013_49027.mp4,Pen 5 - Group 3\PREWEANING\Day 3\CS_1121_PREWEAN_d3_p5_cowT_12112025_ch05-20251012211533_49013_49027.mp4,E:\cross_sucking\Pen 5 - Group 3\PREWEANING\Day 3\CS_1121_PREWEAN_d3_p5_cowT_12112025_ch05-20251012211533_49013_49027.mp4,created,1,1,Pen_5_PREWEAN_Day_3_12112025,Pen 5 - Group 3,PREWEAN,3,5,12112025,T,other|8|None|side,49013.985,49027.416,49013.985,49027.416,G:\MONITORING CROSS SUCKING IN CALVES - KAPPEL - 2025\Pen 5 - Group 3\PREWEANING\Day 3\ch05_20251012211533.mp4,ch05_20251012211533.mp4,47640.374114,49041.789403,1373.610886,1387.041886,Pen 5 - Group 3/PREWEANING 2/Day 3/1121.zip
804,1164,CS_1123_PREWEAN_d3_p5_cowNA_12112025_ch05-20251012213905_49043_49048.mp4,Pen 5 - Group 3\PREWEANING\Day 3\CS_1123_PREWEAN_d3_p5_cowNA_12112025_ch05-20251012213905_49043_49048.mp4,E:\cross_sucking\Pen 5 - Group 3\PREWEANING\Day 3\CS_1123_PREWEAN_d3_p5_cowNA_12112025_ch05-20251012213905_49043_49048.mp4,created,1,1,Pen_5_PREWEAN_Day_3_12112025,Pen 5 - Group 3,PREWEAN,3,5,12112025,,other|6|None|side,49043.823,49048.388,49043.823,49048.388,G:\MONITORING CROSS SUCKING IN CALVES - KAPPEL - 2025\Pen 5 - Group 3\PREWEANING\Day 3\ch05_20251012213905.mp4,ch05_20251012213905.mp4,49041.789403,50443.226692,2.033597,6.598597,Pen 5 - Group 3/PREWEANING 2/Day 3/1123.zip
805,1165,CS_1124_PREWEAN_d3_p5_cow6_12112025_ch05-20251012213905_49054_49058.mp4,Pen 5 - Group 3\PREWEANING\Day 3\CS_1124_PREWEAN_d3_p5_cow6_12112025_ch05-20251012213905_49054_49058.mp4,E:\cross_sucking\Pen 5 - Group 3\PREWEANING\Day 3\CS_1124_PREWEAN_d3_p5_cow6_12112025_ch05-20251012213905_49054_49058.mp4,created,1,1,Pen_5_PREWEAN_Day_3_12112025,Pen 5 - Group 3,PREWEAN,3,5,12112025,6,other|T|None|side,49054.611,49058.181,49054.611,49058.181,G:\MONITORING CROSS SUCKING IN CALVES - KAPPEL - 2025\Pen 5 - Group 3\PREWEANING\Day 3\ch05_20251012213905.mp4,ch05_20251012213905.mp4,49041.789403,50443.226692,12.821597,16.391597,Pen 5 - Group 3/PREWEANING 2/Day 3/1124.zip
806,1166,CS_1125_PREWEAN_d3_p5_cow6_12112025_ch05-20251012213905_49217_49226.mp4,Pen 5 - Group 3\PREWEANING\Day 3\CS_1125_PREWEAN_d3_p5_cow6_12112025_ch05-20251012213905_49217_49226.mp4,E:\cross_sucking\Pen 5 - Group 3\PREWEANING\Day 3\CS_1125_PREWEAN_d3_p5_cow6_12112025_ch05-20251012213905_49217_49226.mp4,created,1,1,Pen_5_PREWEAN_Day_3_12112025,Pen 5 - Group 3,PREWEAN,3,5,12112025,6,other|O|None|side,49217.555,49226.084,49217.555,49226.084,G:\MONITORING CROSS SUCKING IN CALVES - KAPPEL - 2025\Pen 5 - Group 3\PREWEANING\Day 3\ch05_20251012213905.mp4,ch05_20251012213905.mp4,49041.789403,50443.226692,175.765597,184.294597,Pen 5 - Group 3/PREWEANING 2/Day 3/1125.zip
807,1167,CS_1126_PREWEAN_d3_p5_cowO_12112025_ch05-20251012213905_49696_49702.mp4,Pen 5 - Group 3\PREWEANING\Day 3\CS_1126_PREWEAN_d3_p5_cowO_12112025_ch05-20251012213905_49696_49702.mp4,E:\cross_sucking\Pen 5 - Group 3\PREWEANING\Day 3\CS_1126_PREWEAN_d3_p5_cowO_12112025_ch05-20251012213905_49696_49702.mp4,created,1,1,Pen_5_PREWEAN_Day_3_12112025,Pen 5 - Group 3,PREWEAN,3,5,12112025,O,other|8|None|side,49696.624,49702.248,49696.624,49702.248,G:\MONITORING CROSS SUCKING IN CALVES - KAPPEL - 2025\Pen 5 - Group 3\PREWEANING\Day 3\ch05_20251012213905.mp4,ch05_20251012213905.mp4,49041.789403,50443.226692,654.834597,660.458597,Pen 5 - Group 3/PREWEANING 2/Day 3/1126.zip
808,1168,CS_1127_PREWEAN_d3_p5_cow1_12112025_ch05-20251012220237_51804_51813.mp4,Pen 5 - Group 3\PREWEANING\Day 3\CS_1127_PREWEAN_d3_p5_cow1_12112025_ch05-20251012220237_51804_51813.mp4,E:\cross_sucking\Pen 5 - Group 3\PREWEANING\Day 3\CS_1127_PREWEAN_d3_p5_cow1_12112025_ch05-20251012220237_51804_51813.mp4,created,1,1,Pen_5_PREWEAN_Day_3_12112025,Pen 5 - Group 3,PREWEAN,3,5,12112025,1,other|6|None|side,51804.942,51813.272,51804.942,51813.272,G:\MONITORING CROSS SUCKING IN CALVES - KAPPEL - 2025\Pen 5 - Group 3\PREWEANING\Day 3\ch05_20251012220237.mp4,ch05_20251012220237.mp4,50443.226692,51844.734981,1361.715308,1370.045308,Pen 5 - Group 3/PREWEANING 2/Day 3/1127.zip
809,1169,CS_1128_PREWEAN_d3_p5_cow6_12112025_ch05-20251013061648_80776_80791.mp4,Pen 5 - Group 3\PREWEANING\Day 3\CS_1128_PREWEAN_d3_p5_cow6_12112025_ch05-20251013061648_80776_80791.mp4,E:\cross_sucking\Pen 5 - Group 3\PREWEANING\Day 3\CS_1128_PREWEAN_d3_p5_cow6_12112025_ch05-20251013061648_80776_80791.mp4,created,1,1,Pen_5_PREWEAN_Day_3_12112025,Pen 5 - Group 3,PREWEAN,3,5,12112025,6,milk feeder|1|None|behind,80776.918,80791.734,80776.918,80791.734,G:\MONITORING CROSS SUCKING IN CALVES - KAPPEL - 2025\Pen 5 - Group 3\PREWEANING\Day 3\ch05_20251013061648.mp4,ch05_20251013061648.mp4,79873.877049,81275.389338,903.040951,917.856951,Pen 5 - Group 3/PREWEANING 2/Day 3/1128.zip
810,1170,CS_1129_PREWEAN_d3_p5_cowO_12112025_ch05-20251013061648_80988_81000.mp4,Pen 5 - Group 3\PREWEANING\Day 3\CS_1129_PREWEAN_d3_p5_cowO_12112025_ch05-20251013061648_80988_81000.mp4,E:\cross_sucking\Pen 5 - Group 3\PREWEANING\Day 3\CS_1129_PREWEAN_d3_p5_cowO_12112025_ch05-20251013061648_80988_81000.mp4,created,1,1,Pen_5_PREWEAN_Day_3_12112025,Pen 5 - Group 3,PREWEAN,3,5,12112025,O,milk feeder|6|None|behind,80988.839,81000.951,80988.839,81000.951,G:\MONITORING CROSS SUCKING IN CALVES - KAPPEL - 2025\Pen 5 - Group 3\PREWEANING\Day 3\ch05_20251013061648.mp4,ch05_20251013061648.mp4,79873.877049,81275.389338,1114.961951,1127.073951,Pen 5 - Group 3/PREWEANING 2/Day 3/1129.zip
811,1171,CS_1130_PREWEAN_d3_p5_cow8_12112025_ch05-20251013064020_81626_81632.mp4,Pen 5 - Group 3\PREWEANING\Day 3\CS_1130_PREWEAN_d3_p5_cow8_12112025_ch05-20251013064020_81626_81632.mp4,E:\cross_sucking\Pen 5 - Group 3\PREWEANING\Day 3\CS_1130_PREWEAN_d3_p5_cow8_12112025_ch05-20251013064020_81626_81632.mp4,created,1,1,Pen_5_PREWEAN_Day_3_12112025,Pen 5 - Group 3,PREWEAN,3,5,12112025,8,other|1|None|lying down,81626.835,81632.522,81626.835,81632.522,G:\MONITORING CROSS SUCKING IN CALVES - KAPPEL - 2025\Pen 5 - Group 3\PREWEANING\Day 3\ch05_20251013064020.mp4,ch05_20251013064020.mp4,81275.389338,82676.914627,351.445662,357.132662,Pen 5 - Group 3/PREWEANING 2/Day 3/1130.zip
812,1175,CS_1134_WEAN_d1_p5_cowT_23102025_ch05-20251023082308_2269_2284.mp4,Pen 5 - Group 3\WEANING\Day 1\CS_1134_WEAN_d1_p5_cowT_23102025_ch05-20251023082308_2269_2284.mp4,E:\cross_sucking\Pen 5 - Group 3\WEANING\Day 1\CS_1134_WEAN_d1_p5_cowT_23102025_ch05-20251023082308_2269_2284.mp4,created,1,1,Pen_5_WEAN_Day_1_23102025,Pen 5 - Group 3,WEAN,1,5,23102025,T,other|A|None|side,2269.598,2284.824,2269.598,2284.824,G:\MONITORING CROSS SUCKING IN CALVES - KAPPEL - 2025\Pen 5 - Group 3\WEANING\Day 1\ch05_20251023082308.mp4,ch05_20251023082308.mp4,1401.600289,2803.139578,867.997711,883.223711,Pen 5 - Group 3/WEANING/Day 1/1134.zip
813,1176,CS_1135_WEAN_d1_p5_cowA_23102025_ch05-20251023082308_2291_2295.mp4,Pen 5 - Group 3\WEANING\Day 1\CS_1135_WEAN_d1_p5_cowA_23102025_ch05-20251023082308_2291_2295.mp4,E:\cross_sucking\Pen 5 - Group 3\WEANING\Day 1\CS_1135_WEAN_d1_p5_cowA_23102025_ch05-20251023082308_2291_2295.mp4,created,1,1,Pen_5_WEAN_Day_1_23102025,Pen 5 - Group 3,WEAN,1,5,23102025,A,other|O|None|side,2291.043,2295.141,2291.043,2295.141,G:\MONITORING CROSS SUCKING IN CALVES - KAPPEL - 2025\Pen 5 - Group 3\WEANING\Day 1\ch05_20251023082308.mp4,ch05_20251023082308.mp4,1401.600289,2803.139578,889.442711,893.540711,Pen 5 - Group 3/WEANING/Day 1/1135.zip
814,1178,CS_1137_WEAN_d1_p5_cowT_23102025_ch05-20251023082308_2307_2331.mp4,Pen 5 - Group 3\WEANING\Day 1\CS_1137_WEAN_d1_p5_cowT_23102025_ch05-20251023082308_2307_2331.mp4,E:\cross_sucking\Pen 5 - Group 3\WEANING\Day 1\CS_1137_WEAN_d1_p5_cowT_23102025_ch05-20251023082308_2307_2331.mp4,created,1,1,Pen_5_WEAN_Day_1_23102025,Pen 5 - Group 3,WEAN,1,5,23102025,T,other|O|None|side,2307.649,2331.8,2307.649,2331.8,G:\MONITORING CROSS SUCKING IN CALVES - KAPPEL - 2025\Pen 5 - Group 3\WEANING\Day 1\ch05_20251023082308.mp4,ch05_20251023082308.mp4,1401.600289,2803.139578,906.048711,930.199711,Pen 5 - Group 3/WEANING/Day 1/1137.zip
815,1180,CS_1139_WEAN_d1_p5_cowT_23102025_ch05-20251023082308_2420_2432.mp4,Pen 5 - Group 3\WEANING\Day 1\CS_1139_WEAN_d1_p5_cowT_23102025_ch05-20251023082308_2420_2432.mp4,E:\cross_sucking\Pen 5 - Group 3\WEANING\Day 1\CS_1139_WEAN_d1_p5_cowT_23102025_ch05-20251023082308_2420_2432.mp4,created,1,1,Pen_5_WEAN_Day_1_23102025,Pen 5 - Group 3,WEAN,1,5,23102025,T,hay|O|None|side,2420.204,2432.382,2420.204,2432.382,G:\MONITORING CROSS SUCKING IN CALVES - KAPPEL - 2025\Pen 5 - Group 3\WEANING\Day 1\ch05_20251023082308.mp4,ch05_20251023082308.mp4,1401.600289,2803.139578,1018.603711,1030.781711,Pen 5 - Group 3/WEANING/Day 1/1139.zip
816,1181,CS_1140_WEAN_d1_p5_cowO_23102025_ch05-20251023084640_3008_3020.mp4,Pen 5 - Group 3\WEANING\Day 1\CS_1140_WEAN_d1_p5_cowO_23102025_ch05-20251023084640_3008_3020.mp4,E:\cross_sucking\Pen 5 - Group 3\WEANING\Day 1\CS_1140_WEAN_d1_p5_cowO_23102025_ch05-20251023084640_3008_3020.mp4,created,1,1,Pen_5_WEAN_Day_1_23102025,Pen 5 - Group 3,WEAN,1,5,23102025,O,other|2|None|side,3008.796,3020.777,3008.796,3020.777,G:\MONITORING CROSS SUCKING IN CALVES - KAPPEL - 2025\Pen 5 - Group 3\WEANING\Day 1\ch05_20251023084640.mp4,ch05_20251023084640.mp4,2803.139578,4204.784867,205.656422,217.637422,Pen 5 - Group 3/WEANING/Day 1/1140.zip
817,1182,CS_1141_WEAN_d1_p5_cow2_23102025_ch05-20251023084640_3010_3022.mp4,Pen 5 - Group 3\WEANING\Day 1\CS_1141_WEAN_d1_p5_cow2_23102025_ch05-20251023084640_3010_3022.mp4,E:\cross_sucking\Pen 5 - Group 3\WEANING\Day 1\CS_1141_WEAN_d1_p5_cow2_23102025_ch05-20251023084640_3010_3022.mp4,created,1,1,Pen_5_WEAN_Day_1_23102025,Pen 5 - Group 3,WEAN,1,5,23102025,2,other|O|reciprocal|side,3010.119,3022.695,3010.119,3022.695,G:\MONITORING CROSS SUCKING IN CALVES - KAPPEL - 2025\Pen 5 - Group 3\WEANING\Day 1\ch05_20251023084640.mp4,ch05_20251023084640.mp4,2803.139578,4204.784867,206.979422,219.555422,Pen 5 - Group 3/WEANING/Day 1/1141.zip
818,1183,CS_1142_WEAN_d1_p5_cow2_23102025_ch05-20251023084640_3049_3068.mp4,Pen 5 - Group 3\WEANING\Day 1\CS_1142_WEAN_d1_p5_cow2_23102025_ch05-20251023084640_3049_3068.mp4,E:\cross_sucking\Pen 5 - Group 3\WEANING\Day 1\CS_1142_WEAN_d1_p5_cow2_23102025_ch05-20251023084640_3049_3068.mp4,created,1,1,Pen_5_WEAN_Day_1_23102025,Pen 5 - Group 3,WEAN,1,5,23102025,2,other|A|None|side,3049.965,3068.098,3049.965,3068.098,G:\MONITORING CROSS SUCKING IN CALVES - KAPPEL - 2025\Pen 5 - Group 3\WEANING\Day 1\ch05_20251023084640.mp4,ch05_20251023084640.mp4,2803.139578,4204.784867,246.825422,264.958422,Pen 5 - Group 3/WEANING/Day 1/1142.zip
819,1184,CS_1143_WEAN_d1_p5_cow1_23102025_ch05-20251023084640_3300_3336.mp4,Pen 5 - Group 3\WEANING\Day 1\CS_1143_WEAN_d1_p5_cow1_23102025_ch05-20251023084640_3300_3336.mp4,E:\cross_sucking\Pen 5 - Group 3\WEANING\Day 1\CS_1143_WEAN_d1_p5_cow1_23102025_ch05-20251023084640_3300_3336.mp4,created,1,1,Pen_5_WEAN_Day_1_23102025,Pen 5 - Group 3,WEAN,1,5,23102025,1,other|2|None|side,3300.147,3336.268,3300.147,3336.268,G:\MONITORING CROSS SUCKING IN CALVES - KAPPEL - 2025\Pen 5 - Group 3\WEANING\Day 1\ch05_20251023084640.mp4,ch05_20251023084640.mp4,2803.139578,4204.784867,497.007422,533.128422,Pen 5 - Group 3/WEANING/Day 1/1143.zip
820,1186,CS_1145_WEAN_d1_p5_cow2_23102025_ch05-20251023084640_3329_3351.mp4,Pen 5 - Group 3\WEANING\Day 1\CS_1145_WEAN_d1_p5_cow2_23102025_ch05-20251023084640_3329_3351.mp4,E:\cross_sucking\Pen 5 - Group 3\WEANING\Day 1\CS_1145_WEAN_d1_p5_cow2_23102025_ch05-20251023084640_3329_3351.mp4,created,1,1,Pen_5_WEAN_Day_1_23102025,Pen 5 - Group 3,WEAN,1,5,23102025,2,other|1|reciprocal|side,3329.714,3351.095,3329.714,3351.095,G:\MONITORING CROSS SUCKING IN CALVES - KAPPEL - 2025\Pen 5 - Group 3\WEANING\Day 1\ch05_20251023084640.mp4,ch05_20251023084640.mp4,2803.139578,4204.784867,526.574422,547.955422,Pen 5 - Group 3/WEANING/Day 1/1145.zip
821,1187,CS_1146_WEAN_d1_p5_cow8_23102025_ch05-20251023084640_3855_4152.mp4,Pen 5 - Group 3\WEANING\Day 1\CS_1146_WEAN_d1_p5_cow8_23102025_ch05-20251023084640_3855_4152.mp4,E:\cross_sucking\Pen 5 - Group 3\WEANING\Day 1\CS_1146_WEAN_d1_p5_cow8_23102025_ch05-20251023084640_3855_4152.mp4,created,1,1,Pen_5_WEAN_Day_1_23102025,Pen 5 - Group 3,WEAN,1,5,23102025,8,other|1|None|side,3855.976,4152.303,3855.976,4152.303,G:\MONITORING CROSS SUCKING IN CALVES - KAPPEL - 2025\Pen 5 - Group 3\WEANING\Day 1\ch05_20251023084640.mp4,ch05_20251023084640.mp4,2803.139578,4204.784867,1052.836422,1349.163422,Pen 5 - Group 3/WEANING/Day 1/1146.zip
822,1190,CS_1149_WEAN_d1_p5_cow1_23102025_ch05-20251023084640_4144_4192.mp4,Pen 5 - Group 3\WEANING\Day 1\CS_1149_WEAN_d1_p5_cow1_23102025_ch05-20251023084640_4144_4192.mp4,E:\cross_sucking\Pen 5 - Group 3\WEANING\Day 1\CS_1149_WEAN_d1_p5_cow1_23102025_ch05-20251023084640_4144_4192.mp4,created,1,1,Pen_5_WEAN_Day_1_23102025,Pen 5 - Group 3,WEAN,1,5,23102025,1,other|8|reciprocal|side,4144.362,4192.469,4144.362,4192.469,G:\MONITORING CROSS SUCKING IN CALVES - KAPPEL - 2025\Pen 5 - Group 3\WEANING\Day 1\ch05_20251023084640.mp4,ch05_20251023084640.mp4,2803.139578,4204.784867,1341.222422,1389.329422,Pen 5 - Group 3/WEANING/Day 1/1149.zip
823,1192,CS_1151_WEAN_d1_p5_cowT_23102025_ch05-20251023091012_4982_4997.mp4,Pen 5 - Group 3\WEANING\Day 1\CS_1151_WEAN_d1_p5_cowT_23102025_ch05-20251023091012_4982_4997.mp4,E:\cross_sucking\Pen 5 - Group 3\WEANING\Day 1\CS_1151_WEAN_d1_p5_cowT_23102025_ch05-20251023091012_4982_4997.mp4,created,1,1,Pen_5_WEAN_Day_1_23102025,Pen 5 - Group 3,WEAN,1,5,23102025,T,other|O|None|side,4982.032,4997.644,4982.032,4997.644,G:\MONITORING CROSS SUCKING IN CALVES - KAPPEL - 2025\Pen 5 - Group 3\WEANING\Day 1\ch05_20251023091012.mp4,ch05_20251023091012.mp4,4204.784867,5605.350156,777.247133,792.859133,Pen 5 - Group 3/WEANING/Day 1/1151.zip
824,1193,CS_1152_WEAN_d1_p5_cowT_23102025_ch05-20251023093343_6367_6373.mp4,Pen 5 - Group 3\WEANING\Day 1\CS_1152_WEAN_d1_p5_cowT_23102025_ch05-20251023093343_6367_6373.mp4,E:\cross_sucking\Pen 5 - Group 3\WEANING\Day 1\CS_1152_WEAN_d1_p5_cowT_23102025_ch05-20251023093343_6367_6373.mp4,created,1,1,Pen_5_WEAN_Day_1_23102025,Pen 5 - Group 3,WEAN,1,5,23102025,T,other|A|None|side,6367.965,6373.195,6367.965,6373.195,G:\MONITORING CROSS SUCKING IN CALVES - KAPPEL - 2025\Pen 5 - Group 3\WEANING\Day 1\ch05_20251023093343.mp4,ch05_20251023093343.mp4,5605.350156,7006.901445,762.614844,767.844844,Pen 5 - Group 3/WEANING/Day 1/1152.zip
825,1194,CS_1153_WEAN_d1_p5_cowT_23102025_ch05-20251023104419_10390_10399.mp4,Pen 5 - Group 3\WEANING\Day 1\CS_1153_WEAN_d1_p5_cowT_23102025_ch05-20251023104419_10390_10399.mp4,E:\cross_sucking\Pen 5 - Group 3\WEANING\Day 1\CS_1153_WEAN_d1_p5_cowT_23102025_ch05-20251023104419_10390_10399.mp4,created,1,1,Pen_5_WEAN_Day_1_23102025,Pen 5 - Group 3,WEAN,1,5,23102025,T,milk feeder|O|None|behind,10390.633,10399.888,10390.633,10399.888,G:\MONITORING CROSS SUCKING IN CALVES - KAPPEL - 2025\Pen 5 - Group 3\WEANING\Day 1\ch05_20251023104419.mp4,ch05_20251023104419.mp4,9809.811023,11211.403312,580.821977,590.076977,Pen 5 - Group 3/WEANING/Day 1/1153.zip
826,1195,CS_1154_WEAN_d1_p5_cowT_23102025_ch05-20251023104419_10418_10425.mp4,Pen 5 - Group 3\WEANING\Day 1\CS_1154_WEAN_d1_p5_cowT_23102025_ch05-20251023104419_10418_10425.mp4,E:\cross_sucking\Pen 5 - Group 3\WEANING\Day 1\CS_1154_WEAN_d1_p5_cowT_23102025_ch05-20251023104419_10418_10425.mp4,created,1,1,Pen_5_WEAN_Day_1_23102025,Pen 5 - Group 3,WEAN,1,5,23102025,T,milk feeder|O|None|behind,10418.745,10425.821,10418.745,10425.821,G:\MONITORING CROSS SUCKING IN CALVES - KAPPEL - 2025\Pen 5 - Group 3\WEANING\Day 1\ch05_20251023104419.mp4,ch05_20251023104419.mp4,9809.811023,11211.403312,608.933977,616.009977,Pen 5 - Group 3/WEANING/Day 1/1154.zip
827,1197,CS_1156_WEAN_d1_p5_cowT_23102025_ch05-20251023104419_10805_10810.mp4,Pen 5 - Group 3\WEANING\Day 1\CS_1156_WEAN_d1_p5_cowT_23102025_ch05-20251023104419_10805_10810.mp4,E:\cross_sucking\Pen 5 - Group 3\WEANING\Day 1\CS_1156_WEAN_d1_p5_cowT_23102025_ch05-20251023104419_10805_10810.mp4,created,1,1,Pen_5_WEAN_Day_1_23102025,Pen 5 - Group 3,WEAN,1,5,23102025,T,other|O|None|side,10805.474,10810.963,10805.474,10810.963,G:\MONITORING CROSS SUCKING IN CALVES - KAPPEL - 2025\Pen 5 - Group 3\WEANING\Day 1\ch05_20251023104419.mp4,ch05_20251023104419.mp4,9809.811023,11211.403312,995.662977,1001.151977,Pen 5 - Group 3/WEANING/Day 1/1156.zip
828,1198,CS_1157_WEAN_d1_p5_cow6_23102025_ch05-20251023121827_16631_16649.mp4,Pen 5 - Group 3\WEANING\Day 1\CS_1157_WEAN_d1_p5_cow6_23102025_ch05-20251023121827_16631_16649.mp4,E:\cross_sucking\Pen 5 - Group 3\WEANING\Day 1\CS_1157_WEAN_d1_p5_cow6_23102025_ch05-20251023121827_16631_16649.mp4,created,1,1,Pen_5_WEAN_Day_1_23102025,Pen 5 - Group 3,WEAN,1,5,23102025,6,milk feeder|A|None|behind,16631.598,16649.264,16631.598,16649.264,G:\MONITORING CROSS SUCKING IN CALVES - KAPPEL - 2025\Pen 5 - Group 3\WEANING\Day 1\ch05_20251023121827.mp4,ch05_20251023121827.mp4,15416.150179,16817.720468,1215.447821,1233.113821,Pen 5 - Group 3/WEANING/Day 1/1157.zip
829,1199,CS_1158_WEAN_d1_p5_cow6_23102025_ch05-20251023121827_16668_16715.mp4,Pen 5 - Group 3\WEANING\Day 1\CS_1158_WEAN_d1_p5_cow6_23102025_ch05-20251023121827_16668_16715.mp4,E:\cross_sucking\Pen 5 - Group 3\WEANING\Day 1\CS_1158_WEAN_d1_p5_cow6_23102025_ch05-20251023121827_16668_16715.mp4,created,1,1,Pen_5_WEAN_Day_1_23102025,Pen 5 - Group 3,WEAN,1,5,23102025,6,milk feeder|A|None|behind,16668.795,16715.227,16668.795,16715.227,G:\MONITORING CROSS SUCKING IN CALVES - KAPPEL - 2025\Pen 5 - Group 3\WEANING\Day 1\ch05_20251023121827.mp4,ch05_20251023121827.mp4,15416.150179,16817.720468,1252.644821,1299.076821,Pen 5 - Group 3/WEANING/Day 1/1158.zip
830,1200,CS_1159_WEAN_d1_p5_cow6_23102025_ch05-20251023124159_16837_16964.mp4,Pen 5 - Group 3\WEANING\Day 1\CS_1159_WEAN_d1_p5_cow6_23102025_ch05-20251023124159_16837_16964.mp4,E:\cross_sucking\Pen 5 - Group 3\WEANING\Day 1\CS_1159_WEAN_d1_p5_cow6_23102025_ch05-20251023124159_16837_16964.mp4,created,1,1,Pen_5_WEAN_Day_1_23102025,Pen 5 - Group 3,WEAN,1,5,23102025,6,milk feeder|A|None|behind,16837.49,16964.352,16837.49,16964.352,G:\MONITORING CROSS SUCKING IN CALVES - KAPPEL - 2025\Pen 5 - Group 3\WEANING\Day 1\ch05_20251023124159.mp4,ch05_20251023124159.mp4,16817.720468,18218.281757,19.769532,146.631532,Pen 5 - Group 3/WEANING/Day 1/1159.zip
831,1201,CS_1160_WEAN_d1_p5_cow6_23102025_ch05-20251023124159_16971_17006.mp4,Pen 5 - Group 3\WEANING\Day 1\CS_1160_WEAN_d1_p5_cow6_23102025_ch05-20251023124159_16971_17006.mp4,E:\cross_sucking\Pen 5 - Group 3\WEANING\Day 1\CS_1160_WEAN_d1_p5_cow6_23102025_ch05-20251023124159_16971_17006.mp4,created,1,1,Pen_5_WEAN_Day_1_23102025,Pen 5 - Group 3,WEAN,1,5,23102025,6,milk feeder|A|None|behind,16971.236,17006.176,16971.236,17006.176,G:\MONITORING CROSS SUCKING IN CALVES - KAPPEL - 2025\Pen 5 - Group 3\WEANING\Day 1\ch05_20251023124159.mp4,ch05_20251023124159.mp4,16817.720468,18218.281757,153.515532,188.455532,Pen 5 - Group 3/WEANING/Day 1/1160.zip
832,1202,CS_1161_WEAN_d1_p5_cow6_23102025_ch05-20251023124159_17011_17017.mp4,Pen 5 - Group 3\WEANING\Day 1\CS_1161_WEAN_d1_p5_cow6_23102025_ch05-20251023124159_17011_17017.mp4,E:\cross_sucking\Pen 5 - Group 3\WEANING\Day 1\CS_1161_WEAN_d1_p5_cow6_23102025_ch05-20251023124159_17011_17017.mp4,created,1,1,Pen_5_WEAN_Day_1_23102025,Pen 5 - Group 3,WEAN,1,5,23102025,6,other|O|None|side,17011.203,17017.026,17011.203,17017.026,G:\MONITORING CROSS SUCKING IN CALVES - KAPPEL - 2025\Pen 5 - Group 3\WEANING\Day 1\ch05_20251023124159.mp4,ch05_20251023124159.mp4,16817.720468,18218.281757,193.482532,199.305532,Pen 5 - Group 3/WEANING/Day 1/1161.zip
833,1203,CS_1162_WEAN_d1_p5_cow6_23102025_ch05-20251023124159_17061_17070.mp4,Pen 5 - Group 3\WEANING\Day 1\CS_1162_WEAN_d1_p5_cow6_23102025_ch05-20251023124159_17061_17070.mp4,E:\cross_sucking\Pen 5 - Group 3\WEANING\Day 1\CS_1162_WEAN_d1_p5_cow6_23102025_ch05-20251023124159_17061_17070.mp4,created,1,1,Pen_5_WEAN_Day_1_23102025,Pen 5 - Group 3,WEAN,1,5,23102025,6,milk feeder|O|None|behind,17061.091,17070.485,17061.091,17070.485,G:\MONITORING CROSS SUCKING IN CALVES - KAPPEL - 2025\Pen 5 - Group 3\WEANING\Day 1\ch05_20251023124159.mp4,ch05_20251023124159.mp4,16817.720468,18218.281757,243.370532,252.764532,Pen 5 - Group 3/WEANING/Day 1/1162.zip
834,1204,CS_1163_WEAN_d1_p5_cowA_23102025_ch05-20251023124159_17082_17168.mp4,Pen 5 - Group 3\WEANING\Day 1\CS_1163_WEAN_d1_p5_cowA_23102025_ch05-20251023124159_17082_17168.mp4,E:\cross_sucking\Pen 5 - Group 3\WEANING\Day 1\CS_1163_WEAN_d1_p5_cowA_23102025_ch05-20251023124159_17082_17168.mp4,created,1,1,Pen_5_WEAN_Day_1_23102025,Pen 5 - Group 3,WEAN,1,5,23102025,A,other|6|None|side,17082.331,17168.424,17082.331,17168.424,G:\MONITORING CROSS SUCKING IN CALVES - KAPPEL - 2025\Pen 5 - Group 3\WEANING\Day 1\ch05_20251023124159.mp4,ch05_20251023124159.mp4,16817.720468,18218.281757,264.610532,350.703532,Pen 5 - Group 3/WEANING/Day 1/1163.zip
835,1207,CS_1166_WEAN_d1_p5_cowA_23102025_ch05-20251023124159_17171_17331.mp4,Pen 5 - Group 3\WEANING\Day 1\CS_1166_WEAN_d1_p5_cowA_23102025_ch05-20251023124159_17171_17331.mp4,E:\cross_sucking\Pen 5 - Group 3\WEANING\Day 1\CS_1166_WEAN_d1_p5_cowA_23102025_ch05-20251023124159_17171_17331.mp4,created,1,1,Pen_5_WEAN_Day_1_23102025,Pen 5 - Group 3,WEAN,1,5,23102025,A,other|6|None|side,17171.533,17331.071,17171.533,17331.071,G:\MONITORING CROSS SUCKING IN CALVES - KAPPEL - 2025\Pen 5 - Group 3\WEANING\Day 1\ch05_20251023124159.mp4,ch05_20251023124159.mp4,16817.720468,18218.281757,353.812532,513.350532,Pen 5 - Group 3/WEANING/Day 1/1166.zip
836,1210,CS_1169_WEAN_d1_p5_cowA_23102025_ch05-20251023124159_17397_17405.mp4,Pen 5 - Group 3\WEANING\Day 1\CS_1169_WEAN_d1_p5_cowA_23102025_ch05-20251023124159_17397_17405.mp4,E:\cross_sucking\Pen 5 - Group 3\WEANING\Day 1\CS_1169_WEAN_d1_p5_cowA_23102025_ch05-20251023124159_17397_17405.mp4,created,1,1,Pen_5_WEAN_Day_1_23102025,Pen 5 - Group 3,WEAN,1,5,23102025,A,grain feeder|8|None|behind,17397.912,17405.654,17397.912,17405.654,G:\MONITORING CROSS SUCKING IN CALVES - KAPPEL - 2025\Pen 5 - Group 3\WEANING\Day 1\ch05_20251023124159.mp4,ch05_20251023124159.mp4,16817.720468,18218.281757,580.191532,587.933532,Pen 5 - Group 3/WEANING/Day 1/1169.zip
837,1211,CS_1170_WEAN_d1_p5_cowA_23102025_ch05-20251023124159_17430_17439.mp4,Pen 5 - Group 3\WEANING\Day 1\CS_1170_WEAN_d1_p5_cowA_23102025_ch05-20251023124159_17430_17439.mp4,E:\cross_sucking\Pen 5 - Group 3\WEANING\Day 1\CS_1170_WEAN_d1_p5_cowA_23102025_ch05-20251023124159_17430_17439.mp4,created,1,1,Pen_5_WEAN_Day_1_23102025,Pen 5 - Group 3,WEAN,1,5,23102025,A,grain feeder|8|None|behind,17430.265,17439.077,17430.265,17439.077,G:\MONITORING CROSS SUCKING IN CALVES - KAPPEL - 2025\Pen 5 - Group 3\WEANING\Day 1\ch05_20251023124159.mp4,ch05_20251023124159.mp4,16817.720468,18218.281757,612.544532,621.356532,Pen 5 - Group 3/WEANING/Day 1/1170.zip
838,1212,CS_1171_WEAN_d1_p5_cowA_23102025_ch05-20251023124159_17465_17555.mp4,Pen 5 - Group 3\WEANING\Day 1\CS_1171_WEAN_d1_p5_cowA_23102025_ch05-20251023124159_17465_17555.mp4,E:\cross_sucking\Pen 5 - Group 3\WEANING\Day 1\CS_1171_WEAN_d1_p5_cowA_23102025_ch05-20251023124159_17465_17555.mp4,created,1,1,Pen_5_WEAN_Day_1_23102025,Pen 5 - Group 3,WEAN,1,5,23102025,A,grain feeder|8|None|behind,17465.336,17555.136,17465.336,17555.136,G:\MONITORING CROSS SUCKING IN CALVES - KAPPEL - 2025\Pen 5 - Group 3\WEANING\Day 1\ch05_20251023124159.mp4,ch05_20251023124159.mp4,16817.720468,18218.281757,647.615532,737.415532,Pen 5 - Group 3/WEANING/Day 1/1171.zip
839,1213,CS_1172_WEAN_d1_p5_cowO_23102025_ch05-20251023124159_17771_17788.mp4,Pen 5 - Group 3\WEANING\Day 1\CS_1172_WEAN_d1_p5_cowO_23102025_ch05-20251023124159_17771_17788.mp4,E:\cross_sucking\Pen 5 - Group 3\WEANING\Day 1\CS_1172_WEAN_d1_p5_cowO_23102025_ch05-20251023124159_17771_17788.mp4,created,1,1,Pen_5_WEAN_Day_1_23102025,Pen 5 - Group 3,WEAN,1,5,23102025,O,milk feeder|6|None|behind,17771.169,17788.905,17771.169,17788.905,G:\MONITORING CROSS SUCKING IN CALVES - KAPPEL - 2025\Pen 5 - Group 3\WEANING\Day 1\ch05_20251023124159.mp4,ch05_20251023124159.mp4,16817.720468,18218.281757,953.448532,971.184532,Pen 5 - Group 3/WEANING/Day 1/1172.zip
840,1214,CS_1173_WEAN_d1_p5_cow2_23102025_ch05-20251023130530_19039_19055.mp4,Pen 5 - Group 3\WEANING\Day 1\CS_1173_WEAN_d1_p5_cow2_23102025_ch05-20251023130530_19039_19055.mp4,E:\cross_sucking\Pen 5 - Group 3\WEANING\Day 1\CS_1173_WEAN_d1_p5_cow2_23102025_ch05-20251023130530_19039_19055.mp4,created,1,1,Pen_5_WEAN_Day_1_23102025,Pen 5 - Group 3,WEAN,1,5,23102025,2,milk feeder|A|None|behind,19039.656,19055.666,19039.656,19055.666,G:\MONITORING CROSS SUCKING IN CALVES - KAPPEL - 2025\Pen 5 - Group 3\WEANING\Day 1\ch05_20251023130530.mp4,ch05_20251023130530.mp4,18218.281757,19619.747046,821.374243,837.384243,Pen 5 - Group 3/WEANING/Day 1/1173.zip
841,1215,CS_1174_WEAN_d1_p5_cowA_23102025_ch05-20251023130530_19471_19483.mp4,Pen 5 - Group 3\WEANING\Day 1\CS_1174_WEAN_d1_p5_cowA_23102025_ch05-20251023130530_19471_19483.mp4,E:\cross_sucking\Pen 5 - Group 3\WEANING\Day 1\CS_1174_WEAN_d1_p5_cowA_23102025_ch05-20251023130530_19471_19483.mp4,created,1,1,Pen_5_WEAN_Day_1_23102025,Pen 5 - Group 3,WEAN,1,5,23102025,A,other|2|None|side,19471.054,19483.567,19471.054,19483.567,G:\MONITORING CROSS SUCKING IN CALVES - KAPPEL - 2025\Pen 5 - Group 3\WEANING\Day 1\ch05_20251023130530.mp4,ch05_20251023130530.mp4,18218.281757,19619.747046,1252.772243,1265.285243,Pen 5 - Group 3/WEANING/Day 1/1174.zip
842,1216,CS_1175_WEAN_d1_p5_cowT_23102025_ch05-20251023132902_19891_19966.mp4,Pen 5 - Group 3\WEANING\Day 1\CS_1175_WEAN_d1_p5_cowT_23102025_ch05-20251023132902_19891_19966.mp4,E:\cross_sucking\Pen 5 - Group 3\WEANING\Day 1\CS_1175_WEAN_d1_p5_cowT_23102025_ch05-20251023132902_19891_19966.mp4,created,1,1,Pen_5_WEAN_Day_1_23102025,Pen 5 - Group 3,WEAN,1,5,23102025,T,other|O|None|side,19891.556,19966.582,19891.556,19966.582,G:\MONITORING CROSS SUCKING IN CALVES - KAPPEL - 2025\Pen 5 - Group 3\WEANING\Day 1\ch05_20251023132902.mp4,ch05_20251023132902.mp4,19619.747046,21021.266335,271.808954,346.834954,Pen 5 - Group 3/WEANING/Day 1/1175.zip
843,1219,CS_1178_WEAN_d1_p5_cowT_23102025_ch05-20251023135234_21095_21108.mp4,Pen 5 - Group 3\WEANING\Day 1\CS_1178_WEAN_d1_p5_cowT_23102025_ch05-20251023135234_21095_21108.mp4,E:\cross_sucking\Pen 5 - Group 3\WEANING\Day 1\CS_1178_WEAN_d1_p5_cowT_23102025_ch05-20251023135234_21095_21108.mp4,created,1,1,Pen_5_WEAN_Day_1_23102025,Pen 5 - Group 3,WEAN,1,5,23102025,T,other|O|None|side,21095.032,21108.266,21095.032,21108.266,G:\MONITORING CROSS SUCKING IN CALVES - KAPPEL - 2025\Pen 5 - Group 3\WEANING\Day 1\ch05_20251023135234.mp4,ch05_20251023135234.mp4,21021.266335,22422.851624,73.765665,86.999665,Pen 5 - Group 3/WEANING/Day 1/1178.zip
844,1221,CS_1180_WEAN_d1_p5_cow2_23102025_ch05-20251023135234_21605_21628.mp4,Pen 5 - Group 3\WEANING\Day 1\CS_1180_WEAN_d1_p5_cow2_23102025_ch05-20251023135234_21605_21628.mp4,E:\cross_sucking\Pen 5 - Group 3\WEANING\Day 1\CS_1180_WEAN_d1_p5_cow2_23102025_ch05-20251023135234_21605_21628.mp4,created,1,1,Pen_5_WEAN_Day_1_23102025,Pen 5 - Group 3,WEAN,1,5,23102025,2,other|A|None|behind,21605.93,21628.245,21605.93,21628.245,G:\MONITORING CROSS SUCKING IN CALVES - KAPPEL - 2025\Pen 5 - Group 3\WEANING\Day 1\ch05_20251023135234.mp4,ch05_20251023135234.mp4,21021.266335,22422.851624,584.663665,606.978665,Pen 5 - Group 3/WEANING/Day 1/1180.zip
845,1224,CS_1183_WEAN_d1_p5_cow8_23102025_ch05-20251023143937_25071_25103.mp4,Pen 5 - Group 3\WEANING\Day 1\CS_1183_WEAN_d1_p5_cow8_23102025_ch05-20251023143937_25071_25103.mp4,E:\cross_sucking\Pen 5 - Group 3\WEANING\Day 1\CS_1183_WEAN_d1_p5_cow8_23102025_ch05-20251023143937_25071_25103.mp4,created,1,1,Pen_5_WEAN_Day_1_23102025,Pen 5 - Group 3,WEAN,1,5,23102025,8,other|/|None|lying down,25071.177,25103.665,25071.177,25103.665,G:\MONITORING CROSS SUCKING IN CALVES - KAPPEL - 2025\Pen 5 - Group 3\WEANING\Day 1\ch05_20251023143937.mp4,ch05_20251023143937.mp4,23824.429913,25225.974846,1246.747087,1279.235087,Pen 5 - Group 3/WEANING/Day 1/1183.zip
846,1225,CS_1184_WEAN_d1_p5_cowT_23102025_ch05-20251023155014_29161_29180.mp4,Pen 5 - Group 3\WEANING\Day 1\CS_1184_WEAN_d1_p5_cowT_23102025_ch05-20251023155014_29161_29180.mp4,E:\cross_sucking\Pen 5 - Group 3\WEANING\Day 1\CS_1184_WEAN_d1_p5_cowT_23102025_ch05-20251023155014_29161_29180.mp4,created,1,1,Pen_5_WEAN_Day_1_23102025,Pen 5 - Group 3,WEAN,1,5,23102025,T,other|8|None|side,29161.128,29180.643,29161.128,29180.643,G:\MONITORING CROSS SUCKING IN CALVES - KAPPEL - 2025\Pen 5 - Group 3\WEANING\Day 1\ch05_20251023155014.mp4,ch05_20251023155014.mp4,28028.914424,29429.437713,1132.213576,1151.728576,Pen 5 - Group 3/WEANING/Day 1/1184.zip
847,1227,CS_1186_WEAN_d1_p5_cowT_23102025_ch05-20251023161344_29772_29804.mp4,Pen 5 - Group 3\WEANING\Day 1\CS_1186_WEAN_d1_p5_cowT_23102025_ch05-20251023161344_29772_29804.mp4,E:\cross_sucking\Pen 5 - Group 3\WEANING\Day 1\CS_1186_WEAN_d1_p5_cowT_23102025_ch05-20251023161344_29772_29804.mp4,created,1,1,Pen_5_WEAN_Day_1_23102025,Pen 5 - Group 3,WEAN,1,5,23102025,T,grain feeder|1|None|behind,29772.514,29804.337,29772.514,29804.337,G:\MONITORING CROSS SUCKING IN CALVES - KAPPEL - 2025\Pen 5 - Group 3\WEANING\Day 1\ch05_20251023161344.mp4,ch05_20251023161344.mp4,29429.437713,30830.743002,343.076287,374.899287,Pen 5 - Group 3/WEANING/Day 1/1186.zip
848,1228,CS_1187_WEAN_d1_p5_cowT_23102025_ch05-20251023183457_38400_38440.mp4,Pen 5 - Group 3\WEANING\Day 1\CS_1187_WEAN_d1_p5_cowT_23102025_ch05-20251023183457_38400_38440.mp4,E:\cross_sucking\Pen 5 - Group 3\WEANING\Day 1\CS_1187_WEAN_d1_p5_cowT_23102025_ch05-20251023183457_38400_38440.mp4,created,1,1,Pen_5_WEAN_Day_1_23102025,Pen 5 - Group 3,WEAN,1,5,23102025,T,hay|6|None|side,38400.626,38440.916,38400.626,38440.916,G:\MONITORING CROSS SUCKING IN CALVES - KAPPEL - 2025\Pen 5 - Group 3\WEANING\Day 1\ch05_20251023183457.mp4,ch05_20251023183457.mp4,37837.876447,39239.314736,562.749553,603.039553,Pen 5 - Group 3/WEANING/Day 1/1187.zip
849,1229,CS_1188_WEAN_d1_p5_cowA_23102025_ch05-20251023194533_43329_43405.mp4,Pen 5 - Group 3\WEANING\Day 1\CS_1188_WEAN_d1_p5_cowA_23102025_ch05-20251023194533_43329_43405.mp4,E:\cross_sucking\Pen 5 - Group 3\WEANING\Day 1\CS_1188_WEAN_d1_p5_cowA_23102025_ch05-20251023194533_43329_43405.mp4,created,1,1,Pen_5_WEAN_Day_1_23102025,Pen 5 - Group 3,WEAN,1,5,23102025,A,milk feeder|T|None|behind,43329.651,43405.273,43329.651,43405.273,G:\MONITORING CROSS SUCKING IN CALVES - KAPPEL - 2025\Pen 5 - Group 3\WEANING\Day 1\ch05_20251023194533.mp4,ch05_20251023194533.mp4,42042.195958,43443.674247,1287.455042,1363.077042,Pen 5 - Group 3/WEANING/Day 1/1188.zip
850,1230,CS_1189_WEAN_d1_p5_cowA_23102025_ch05-20251023200905_43446_43478.mp4,Pen 5 - Group 3\WEANING\Day 1\CS_1189_WEAN_d1_p5_cowA_23102025_ch05-20251023200905_43446_43478.mp4,E:\cross_sucking\Pen 5 - Group 3\WEANING\Day 1\CS_1189_WEAN_d1_p5_cowA_23102025_ch05-20251023200905_43446_43478.mp4,created,1,1,Pen_5_WEAN_Day_1_23102025,Pen 5 - Group 3,WEAN,1,5,23102025,A,milk feeder|T|None|behind,43446.37,43478.923,43446.37,43478.923,G:\MONITORING CROSS SUCKING IN CALVES - KAPPEL - 2025\Pen 5 - Group 3\WEANING\Day 1\ch05_20251023200905.mp4,ch05_20251023200905.mp4,43443.674247,44845.093536,2.695753,35.248753,Pen 5 - Group 3/WEANING/Day 1/1189.zip
851,1231,CS_1190_WEAN_d1_p5_cowA_23102025_ch05-20251023200905_43480_43541.mp4,Pen 5 - Group 3\WEANING\Day 1\CS_1190_WEAN_d1_p5_cowA_23102025_ch05-20251023200905_43480_43541.mp4,E:\cross_sucking\Pen 5 - Group 3\WEANING\Day 1\CS_1190_WEAN_d1_p5_cowA_23102025_ch05-20251023200905_43480_43541.mp4,created,1,1,Pen_5_WEAN_Day_1_23102025,Pen 5 - Group 3,WEAN,1,5,23102025,A,grain feeder|O|None|side,43480.905,43541.458,43480.905,43541.458,G:\MONITORING CROSS SUCKING IN CALVES - KAPPEL - 2025\Pen 5 - Group 3\WEANING\Day 1\ch05_20251023200905.mp4,ch05_20251023200905.mp4,43443.674247,44845.093536,37.230753,97.783753,Pen 5 - Group 3/WEANING/Day 1/1190.zip
852,1232,CS_1191_WEAN_d1_p5_cow6_23102025_ch05-20251023200905_43920_43975.mp4,Pen 5 - Group 3\WEANING\Day 1\CS_1191_WEAN_d1_p5_cow6_23102025_ch05-20251023200905_43920_43975.mp4,E:\cross_sucking\Pen 5 - Group 3\WEANING\Day 1\CS_1191_WEAN_d1_p5_cow6_23102025_ch05-20251023200905_43920_43975.mp4,created,1,1,Pen_5_WEAN_Day_1_23102025,Pen 5 - Group 3,WEAN,1,5,23102025,6,milk feeder|/|None|behind,43920.952,43975.683,43920.952,43975.683,G:\MONITORING CROSS SUCKING IN CALVES - KAPPEL - 2025\Pen 5 - Group 3\WEANING\Day 1\ch05_20251023200905.mp4,ch05_20251023200905.mp4,43443.674247,44845.093536,477.277753,532.008753,Pen 5 - Group 3/WEANING/Day 1/1191.zip
853,1233,CS_1192_WEAN_d1_p5_cow6_23102025_ch05-20251023200905_44088_44099.mp4,Pen 5 - Group 3\WEANING\Day 1\CS_1192_WEAN_d1_p5_cow6_23102025_ch05-20251023200905_44088_44099.mp4,E:\cross_sucking\Pen 5 - Group 3\WEANING\Day 1\CS_1192_WEAN_d1_p5_cow6_23102025_ch05-20251023200905_44088_44099.mp4,created,1,1,Pen_5_WEAN_Day_1_23102025,Pen 5 - Group 3,WEAN,1,5,23102025,6,milk feeder|A|None|behind,44088.698,44099.286,44088.698,44099.286,G:\MONITORING CROSS SUCKING IN CALVES - KAPPEL - 2025\Pen 5 - Group 3\WEANING\Day 1\ch05_20251023200905.mp4,ch05_20251023200905.mp4,43443.674247,44845.093536,645.023753,655.611753,Pen 5 - Group 3/WEANING/Day 1/1192.zip
854,1234,CS_1193_WEAN_d1_p5_cowO_23102025_ch05-20251023211941_48158_48165.mp4,Pen 5 - Group 3\WEANING\Day 1\CS_1193_WEAN_d1_p5_cowO_23102025_ch05-20251023211941_48158_48165.mp4,E:\cross_sucking\Pen 5 - Group 3\WEANING\Day 1\CS_1193_WEAN_d1_p5_cowO_23102025_ch05-20251023211941_48158_48165.mp4,created,1,1,Pen_5_WEAN_Day_1_23102025,Pen 5 - Group 3,WEAN,1,5,23102025,O,milk feeder|T|None|behind,48158.278,48165.222,48158.278,48165.222,G:\MONITORING CROSS SUCKING IN CALVES - KAPPEL - 2025\Pen 5 - Group 3\WEANING\Day 1\ch05_20251023211941.mp4,ch05_20251023211941.mp4,47648.034114,49049.400403,510.243886,517.187886,Pen 5 - Group 3/WEANING/Day 1/1193.zip
855,1235,CS_1194_WEAN_d1_p5_cow8_23102025_ch05-20251023225348_53534_53546.mp4,Pen 5 - Group 3\WEANING\Day 1\CS_1194_WEAN_d1_p5_cow8_23102025_ch05-20251023225348_53534_53546.mp4,E:\cross_sucking\Pen 5 - Group 3\WEANING\Day 1\CS_1194_WEAN_d1_p5_cow8_23102025_ch05-20251023225348_53534_53546.mp4,created,1,1,Pen_5_WEAN_Day_1_23102025,Pen 5 - Group 3,WEAN,1,5,23102025,8,other|/|None|behind,53534.644,53546.224,53534.644,53546.224,G:\MONITORING CROSS SUCKING IN CALVES - KAPPEL - 2025\Pen 5 - Group 3\WEANING\Day 1\ch05_20251023225348.mp4,ch05_20251023225348.mp4,53253.61127,54655.004559,281.03273,292.61273,Pen 5 - Group 3/WEANING/Day 1/1194.zip
856,1236,CS_1195_WEAN_d1_p5_cow8_23102025_ch05-20251023225348_53565_53622.mp4,Pen 5 - Group 3\WEANING\Day 1\CS_1195_WEAN_d1_p5_cow8_23102025_ch05-20251023225348_53565_53622.mp4,E:\cross_sucking\Pen 5 - Group 3\WEANING\Day 1\CS_1195_WEAN_d1_p5_cow8_23102025_ch05-20251023225348_53565_53622.mp4,created,1,1,Pen_5_WEAN_Day_1_23102025,Pen 5 - Group 3,WEAN,1,5,23102025,8,other|/|None|behind,53565.215,53622.966,53565.215,53622.966,G:\MONITORING CROSS SUCKING IN CALVES - KAPPEL - 2025\Pen 5 - Group 3\WEANING\Day 1\ch05_20251023225348.mp4,ch05_20251023225348.mp4,53253.61127,54655.004559,311.60373,369.35473,Pen 5 - Group 3/WEANING/Day 1/1195.zip
857,1237,CS_1196_WEAN_d1_p5_cow8_23102025_ch05-20251023225348_53641_53672.mp4,Pen 5 - Group 3\WEANING\Day 1\CS_1196_WEAN_d1_p5_cow8_23102025_ch05-20251023225348_53641_53672.mp4,E:\cross_sucking\Pen 5 - Group 3\WEANING\Day 1\CS_1196_WEAN_d1_p5_cow8_23102025_ch05-20251023225348_53641_53672.mp4,created,1,1,Pen_5_WEAN_Day_1_23102025,Pen 5 - Group 3,WEAN,1,5,23102025,8,other|/|None|behind,53641.763,53672.462,53641.763,53672.462,G:\MONITORING CROSS SUCKING IN CALVES - KAPPEL - 2025\Pen 5 - Group 3\WEANING\Day 1\ch05_20251023225348.mp4,ch05_20251023225348.mp4,53253.61127,54655.004559,388.15173,418.85073,Pen 5 - Group 3/WEANING/Day 1/1196.zip
858,1238,CS_1197_WEAN_d1_p5_cowA_23102025_ch05-20251023225348_54335_54338.mp4,Pen 5 - Group 3\WEANING\Day 1\CS_1197_WEAN_d1_p5_cowA_23102025_ch05-20251023225348_54335_54338.mp4,E:\cross_sucking\Pen 5 - Group 3\WEANING\Day 1\CS_1197_WEAN_d1_p5_cowA_23102025_ch05-20251023225348_54335_54338.mp4,created,1,1,Pen_5_WEAN_Day_1_23102025,Pen 5 - Group 3,WEAN,1,5,23102025,A,grain feeder|2|None|behind,54335.898,54338.612,54335.898,54338.612,G:\MONITORING CROSS SUCKING IN CALVES - KAPPEL - 2025\Pen 5 - Group 3\WEANING\Day 1\ch05_20251023225348.mp4,ch05_20251023225348.mp4,53253.61127,54655.004559,1082.28673,1085.00073,Pen 5 - Group 3/WEANING/Day 1/1197.zip
859,1239,CS_1198_WEAN_d1_p5_cow2_23102025_ch05-20251023231720_55103_55117.mp4,Pen 5 - Group 3\WEANING\Day 1\CS_1198_WEAN_d1_p5_cow2_23102025_ch05-20251023231720_55103_55117.mp4,E:\cross_sucking\Pen 5 - Group 3\WEANING\Day 1\CS_1198_WEAN_d1_p5_cow2_23102025_ch05-20251023231720_55103_55117.mp4,created,1,1,Pen_5_WEAN_Day_1_23102025,Pen 5 - Group 3,WEAN,1,5,23102025,2,other|A|None|behind,55103.514,55117.014,55103.514,55117.014,G:\MONITORING CROSS SUCKING IN CALVES - KAPPEL - 2025\Pen 5 - Group 3\WEANING\Day 1\ch05_20251023231720.mp4,ch05_20251023231720.mp4,54655.004559,56056.359848,448.509441,462.009441,Pen 5 - Group 3/WEANING/Day 1/1198.zip
860,1240,CS_1199_WEAN_d1_p5_cow1_23102025_ch05-20251023231720_55490_55492.mp4,Pen 5 - Group 3\WEANING\Day 1\CS_1199_WEAN_d1_p5_cow1_23102025_ch05-20251023231720_55490_55492.mp4,E:\cross_sucking\Pen 5 - Group 3\WEANING\Day 1\CS_1199_WEAN_d1_p5_cow1_23102025_ch05-20251023231720_55490_55492.mp4,created,1,1,Pen_5_WEAN_Day_1_23102025,Pen 5 - Group 3,WEAN,1,5,23102025,1,other|8|None|side,55490.431,55492.352,55490.431,55492.352,G:\MONITORING CROSS SUCKING IN CALVES - KAPPEL - 2025\Pen 5 - Group 3\WEANING\Day 1\ch05_20251023231720.mp4,ch05_20251023231720.mp4,54655.004559,56056.359848,835.426441,837.347441,Pen 5 - Group 3/WEANING/Day 1/1199.zip
861,1241,CS_1200_WEAN_d1_p5_cow1_23102025_ch05-20251023231720_55493_55495.mp4,Pen 5 - Group 3\WEANING\Day 1\CS_1200_WEAN_d1_p5_cow1_23102025_ch05-20251023231720_55493_55495.mp4,E:\cross_sucking\Pen 5 - Group 3\WEANING\Day 1\CS_1200_WEAN_d1_p5_cow1_23102025_ch05-20251023231720_55493_55495.mp4,created,1,1,Pen_5_WEAN_Day_1_23102025,Pen 5 - Group 3,WEAN,1,5,23102025,1,other|8|None|side,55493.939,55495.924,55493.939,55495.924,G:\MONITORING CROSS SUCKING IN CALVES - KAPPEL - 2025\Pen 5 - Group 3\WEANING\Day 1\ch05_20251023231720.mp4,ch05_20251023231720.mp4,54655.004559,56056.359848,838.934441,840.919441,Pen 5 - Group 3/WEANING/Day 1/1200.zip
862,1242,CS_1201_WEAN_d1_p5_cow1_23102025_ch05-20251023231720_55566_55606.mp4,Pen 5 - Group 3\WEANING\Day 1\CS_1201_WEAN_d1_p5_cow1_23102025_ch05-20251023231720_55566_55606.mp4,E:\cross_sucking\Pen 5 - Group 3\WEANING\Day 1\CS_1201_WEAN_d1_p5_cow1_23102025_ch05-20251023231720_55566_55606.mp4,created,1,1,Pen_5_WEAN_Day_1_23102025,Pen 5 - Group 3,WEAN,1,5,23102025,1,other|2|reciprocal|side,55566.734,55606.288,55566.734,55606.288,G:\MONITORING CROSS SUCKING IN CALVES - KAPPEL - 2025\Pen 5 - Group 3\WEANING\Day 1\ch05_20251023231720.mp4,ch05_20251023231720.mp4,54655.004559,56056.359848,911.729441,951.283441,Pen 5 - Group 3/WEANING/Day 1/1201.zip
863,1244,CS_1203_WEAN_d1_p5_cowO_23102025_ch05-20251024024907_68562_68572.mp4,Pen 5 - Group 3\WEANING\Day 1\CS_1203_WEAN_d1_p5_cowO_23102025_ch05-20251024024907_68562_68572.mp4,E:\cross_sucking\Pen 5 - Group 3\WEANING\Day 1\CS_1203_WEAN_d1_p5_cowO_23102025_ch05-20251024024907_68562_68572.mp4,created,1,1,Pen_5_WEAN_Day_1_23102025,Pen 5 - Group 3,WEAN,1,5,23102025,O,milk feeder|T|None|behind,68562.826,68572.623,68562.826,68572.623,G:\MONITORING CROSS SUCKING IN CALVES - KAPPEL - 2025\Pen 5 - Group 3\WEANING\Day 1\ch05_20251024024907.mp4,ch05_20251024024907.mp4,67266.247448,68667.508381,1296.578552,1306.375552,Pen 5 - Group 3/WEANING/Day 1/1203.zip
864,1245,CS_1204_WEAN_d1_p5_cowO_23102025_ch05-20251024024907_68596_68631.mp4,Pen 5 - Group 3\WEANING\Day 1\CS_1204_WEAN_d1_p5_cowO_23102025_ch05-20251024024907_68596_68631.mp4,E:\cross_sucking\Pen 5 - Group 3\WEANING\Day 1\CS_1204_WEAN_d1_p5_cowO_23102025_ch05-20251024024907_68596_68631.mp4,created,1,1,Pen_5_WEAN_Day_1_23102025,Pen 5 - Group 3,WEAN,1,5,23102025,O,milk feeder|T|None|behind,68596.044,68631.898,68596.044,68631.898,G:\MONITORING CROSS SUCKING IN CALVES - KAPPEL - 2025\Pen 5 - Group 3\WEANING\Day 1\ch05_20251024024907.mp4,ch05_20251024024907.mp4,67266.247448,68667.508381,1329.796552,1365.650552,Pen 5 - Group 3/WEANING/Day 1/1204.zip
865,1246,CS_1205_WEAN_d1_p5_cowO_23102025_ch05-20251024031239_68694_68699.mp4,Pen 5 - Group 3\WEANING\Day 1\CS_1205_WEAN_d1_p5_cowO_23102025_ch05-20251024031239_68694_68699.mp4,E:\cross_sucking\Pen 5 - Group 3\WEANING\Day 1\CS_1205_WEAN_d1_p5_cowO_23102025_ch05-20251024031239_68694_68699.mp4,created,1,1,Pen_5_WEAN_Day_1_23102025,Pen 5 - Group 3,WEAN,1,5,23102025,O,other|T|None|behind,68694.82,68699.851,68694.82,68699.851,G:\MONITORING CROSS SUCKING IN CALVES - KAPPEL - 2025\Pen 5 - Group 3\WEANING\Day 1\ch05_20251024031239.mp4,ch05_20251024031239.mp4,68667.508381,70068.78067,27.311619,32.342619,Pen 5 - Group 3/WEANING/Day 1/1205.zip
866,1247,CS_1206_WEAN_d1_p5_cow2_23102025_ch05-20251024064427_81374_81390.mp4,Pen 5 - Group 3\WEANING\Day 1\CS_1206_WEAN_d1_p5_cow2_23102025_ch05-20251024064427_81374_81390.mp4,E:\cross_sucking\Pen 5 - Group 3\WEANING\Day 1\CS_1206_WEAN_d1_p5_cow2_23102025_ch05-20251024064427_81374_81390.mp4,created,1,1,Pen_5_WEAN_Day_1_23102025,Pen 5 - Group 3,WEAN,1,5,23102025,2,milk feeder|/|None|behind,81374.245,81390.732,81374.245,81390.732,G:\MONITORING CROSS SUCKING IN CALVES - KAPPEL - 2025\Pen 5 - Group 3\WEANING\Day 1\ch05_20251024064427.mp4,ch05_20251024064427.mp4,81279.601982,82680.992271,94.643018,111.130018,Pen 5 - Group 3/WEANING/Day 1/1206.zip
867,1248,CS_1207_WEAN_d1_p5_cowA_23102025_ch05-20251024073131_84588_84593.mp4,Pen 5 - Group 3\WEANING\Day 1\CS_1207_WEAN_d1_p5_cowA_23102025_ch05-20251024073131_84588_84593.mp4,E:\cross_sucking\Pen 5 - Group 3\WEANING\Day 1\CS_1207_WEAN_d1_p5_cowA_23102025_ch05-20251024073131_84588_84593.mp4,created,1,1,Pen_5_WEAN_Day_1_23102025,Pen 5 - Group 3,WEAN,1,5,23102025,A,milk feeder|T|None|behind,84588.797,84593.829,84588.797,84593.829,G:\MONITORING CROSS SUCKING IN CALVES - KAPPEL - 2025\Pen 5 - Group 3\WEANING\Day 1\ch05_20251024073131.mp4,ch05_20251024073131.mp4,84082.34956,85482.719849,506.44744,511.47944,Pen 5 - Group 3/WEANING/Day 1/1207.zip
868,1249,CS_1208_WEAN_d1_p5_cowA_23102025_ch05-20251024073131_84990_85186.mp4,Pen 5 - Group 3\WEANING\Day 1\CS_1208_WEAN_d1_p5_cowA_23102025_ch05-20251024073131_84990_85186.mp4,E:\cross_sucking\Pen 5 - Group 3\WEANING\Day 1\CS_1208_WEAN_d1_p5_cowA_23102025_ch05-20251024073131_84990_85186.mp4,created,1,1,Pen_5_WEAN_Day_1_23102025,Pen 5 - Group 3,WEAN,1,5,23102025,A,grain feeder|6|None|behind,84990.639,85186.666,84990.639,85186.666,G:\MONITORING CROSS SUCKING IN CALVES - KAPPEL - 2025\Pen 5 - Group 3\WEANING\Day 1\ch05_20251024073131.mp4,ch05_20251024073131.mp4,84082.34956,85482.719849,908.28944,1104.31644,Pen 5 - Group 3/WEANING/Day 1/1208.zip
869,1250,CS_1209_WEAN_d1_p5_cowA_23102025_ch05-20251024073131_85190_85194.mp4,Pen 5 - Group 3\WEANING\Day 1\CS_1209_WEAN_d1_p5_cowA_23102025_ch05-20251024073131_85190_85194.mp4,E:\cross_sucking\Pen 5 - Group 3\WEANING\Day 1\CS_1209_WEAN_d1_p5_cowA_23102025_ch05-20251024073131_85190_85194.mp4,created,1,1,Pen_5_WEAN_Day_1_23102025,Pen 5 - Group 3,WEAN,1,5,23102025,A,grain feeder|6|None|behind,85190.84,85194.674,85190.84,85194.674,G:\MONITORING CROSS SUCKING IN CALVES - KAPPEL - 2025\Pen 5 - Group 3\WEANING\Day 1\ch05_20251024073131.mp4,ch05_20251024073131.mp4,84082.34956,85482.719849,1108.49044,1112.32444,Pen 5 - Group 3/WEANING/Day 1/1209.zip
870,1251,CS_1210_WEAN_d2_p5_cow6_24102025_ch05-20251024075502_1283_1291.mp4,Pen 5 - Group 3\WEANING\Day 2\CS_1210_WEAN_d2_p5_cow6_24102025_ch05-20251024075502_1283_1291.mp4,E:\cross_sucking\Pen 5 - Group 3\WEANING\Day 2\CS_1210_WEAN_d2_p5_cow6_24102025_ch05-20251024075502_1283_1291.mp4,created,1,1,Pen_5_WEAN_Day_2_24102025,Pen 5 - Group 3,WEAN,2,5,24102025,6,other|A|None|behind,1283.747,1291.558,1283.747,1291.558,G:\MONITORING CROSS SUCKING IN CALVES - KAPPEL - 2025\Pen 5 - Group 3\WEANING\Day 2\ch05_20251024075502.mp4,ch05_20251024075502.mp4,0.0,1401.376289,1283.747,1291.558,Pen 5 - Group 3/WEANING/Day 2/1210.zip
871,1252,CS_1211_WEAN_d2_p5_cow8_24102025_ch05-20251024084205_3243_3257.mp4,Pen 5 - Group 3\WEANING\Day 2\CS_1211_WEAN_d2_p5_cow8_24102025_ch05-20251024084205_3243_3257.mp4,E:\cross_sucking\Pen 5 - Group 3\WEANING\Day 2\CS_1211_WEAN_d2_p5_cow8_24102025_ch05-20251024084205_3243_3257.mp4,created,1,1,Pen_5_WEAN_Day_2_24102025,Pen 5 - Group 3,WEAN,2,5,24102025,8,other|2|None|side,3243.303,3257.797,3243.303,3257.797,G:\MONITORING CROSS SUCKING IN CALVES - KAPPEL - 2025\Pen 5 - Group 3\WEANING\Day 2\ch05_20251024084205.mp4,ch05_20251024084205.mp4,2802.816578,4204.163867,440.486422,454.980422,Pen 5 - Group 3/WEANING/Day 2/1211.zip
872,1253,CS_1212_WEAN_d2_p5_cowT_24102025_ch05-20251024110317_12176_12179.mp4,Pen 5 - Group 3\WEANING\Day 2\CS_1212_WEAN_d2_p5_cowT_24102025_ch05-20251024110317_12176_12179.mp4,E:\cross_sucking\Pen 5 - Group 3\WEANING\Day 2\CS_1212_WEAN_d2_p5_cowT_24102025_ch05-20251024110317_12176_12179.mp4,created,1,1,Pen_5_WEAN_Day_2_24102025,Pen 5 - Group 3,WEAN,2,5,24102025,T,milk feeder|None|None|behind,12176.632,12179.739,12176.632,12179.739,G:\MONITORING CROSS SUCKING IN CALVES - KAPPEL - 2025\Pen 5 - Group 3\WEANING\Day 2\ch05_20251024110317.mp4,ch05_20251024110317.mp4,11209.923312,12611.264601,966.708688,969.815688,Pen 5 - Group 3/WEANING/Day 2/1212.zip
873,1254,CS_1213_WEAN_d2_p5_cowT_24102025_ch05-20251024112649_12812_12822.mp4,Pen 5 - Group 3\WEANING\Day 2\CS_1213_WEAN_d2_p5_cowT_24102025_ch05-20251024112649_12812_12822.mp4,E:\cross_sucking\Pen 5 - Group 3\WEANING\Day 2\CS_1213_WEAN_d2_p5_cowT_24102025_ch05-20251024112649_12812_12822.mp4,created,1,1,Pen_5_WEAN_Day_2_24102025,Pen 5 - Group 3,WEAN,2,5,24102025,T,grain feeder|None|None|side,12812.792,12822.449,12812.792,12822.449,G:\MONITORING CROSS SUCKING IN CALVES - KAPPEL - 2025\Pen 5 - Group 3\WEANING\Day 2\ch05_20251024112649.mp4,ch05_20251024112649.mp4,12611.264601,14011.53989,201.527399,211.184399,Pen 5 - Group 3/WEANING/Day 2/1213.zip
874,1255,CS_1214_WEAN_d2_p5_cowT_24102025_ch05-20251024112649_12836_12841.mp4,Pen 5 - Group 3\WEANING\Day 2\CS_1214_WEAN_d2_p5_cowT_24102025_ch05-20251024112649_12836_12841.mp4,E:\cross_sucking\Pen 5 - Group 3\WEANING\Day 2\CS_1214_WEAN_d2_p5_cowT_24102025_ch05-20251024112649_12836_12841.mp4,created,1,1,Pen_5_WEAN_Day_2_24102025,Pen 5 - Group 3,WEAN,2,5,24102025,T,grain feeder|None|None|side,12836.604,12841.563,12836.604,12841.563,G:\MONITORING CROSS SUCKING IN CALVES - KAPPEL - 2025\Pen 5 - Group 3\WEANING\Day 2\ch05_20251024112649.mp4,ch05_20251024112649.mp4,12611.264601,14011.53989,225.339399,230.298399,Pen 5 - Group 3/WEANING/Day 2/1214.zip
875,1256,CS_1215_WEAN_d2_p5_cowT_24102025_ch05-20251024115020_15238_15246.mp4,Pen 5 - Group 3\WEANING\Day 2\CS_1215_WEAN_d2_p5_cowT_24102025_ch05-20251024115020_15238_15246.mp4,E:\cross_sucking\Pen 5 - Group 3\WEANING\Day 2\CS_1215_WEAN_d2_p5_cowT_24102025_ch05-20251024115020_15238_15246.mp4,created,1,1,Pen_5_WEAN_Day_2_24102025,Pen 5 - Group 3,WEAN,2,5,24102025,T,milk feeder|1|None|behind,15238.168,15246.618,15238.168,15246.618,G:\MONITORING CROSS SUCKING IN CALVES - KAPPEL - 2025\Pen 5 - Group 3\WEANING\Day 2\ch05_20251024115020.mp4,ch05_20251024115020.mp4,14011.53989,15412.947823,1226.62811,1235.07811,Pen 5 - Group 3/WEANING/Day 2/1215.zip
876,1257,CS_1216_WEAN_d2_p5_cow8_24102025_ch05-20251024134758_21223_21248.mp4,Pen 5 - Group 3\WEANING\Day 2\CS_1216_WEAN_d2_p5_cow8_24102025_ch05-20251024134758_21223_21248.mp4,E:\cross_sucking\Pen 5 - Group 3\WEANING\Day 2\CS_1216_WEAN_d2_p5_cow8_24102025_ch05-20251024134758_21223_21248.mp4,created,1,1,Pen_5_WEAN_Day_2_24102025,Pen 5 - Group 3,WEAN,2,5,24102025,8,other|A|None|side,21223.208,21248.009,21223.208,21248.009,G:\MONITORING CROSS SUCKING IN CALVES - KAPPEL - 2025\Pen 5 - Group 3\WEANING\Day 2\ch05_20251024134758.mp4,ch05_20251024134758.mp4,21017.284623,22418.584912,205.923377,230.724377,Pen 5 - Group 3/WEANING/Day 2/1216.zip
877,1258,CS_1217_WEAN_d2_p5_cowT_24102025_ch05-20251024143502_24685_24713.mp4,Pen 5 - Group 3\WEANING\Day 2\CS_1217_WEAN_d2_p5_cowT_24102025_ch05-20251024143502_24685_24713.mp4,E:\cross_sucking\Pen 5 - Group 3\WEANING\Day 2\CS_1217_WEAN_d2_p5_cowT_24102025_ch05-20251024143502_24685_24713.mp4,created,1,1,Pen_5_WEAN_Day_2_24102025,Pen 5 - Group 3,WEAN,2,5,24102025,T,milk feeder|O|None|behind,24685.685,24713.94,24685.685,24713.94,G:\MONITORING CROSS SUCKING IN CALVES - KAPPEL - 2025\Pen 5 - Group 3\WEANING\Day 2\ch05_20251024143502.mp4,ch05_20251024143502.mp4,23819.903201,25221.36949,865.781799,894.036799,Pen 5 - Group 3/WEANING/Day 2/1217.zip
878,1259,CS_1218_WEAN_d2_p5_cowA_24102025_ch05-20251024143502_24715_24816.mp4,Pen 5 - Group 3\WEANING\Day 2\CS_1218_WEAN_d2_p5_cowA_24102025_ch05-20251024143502_24715_24816.mp4,E:\cross_sucking\Pen 5 - Group 3\WEANING\Day 2\CS_1218_WEAN_d2_p5_cowA_24102025_ch05-20251024143502_24715_24816.mp4,created,1,1,Pen_5_WEAN_Day_2_24102025,Pen 5 - Group 3,WEAN,2,5,24102025,A,milk feeder|O|None|behind,24715.263,24816.74,24715.263,24816.74,G:\MONITORING CROSS SUCKING IN CALVES - KAPPEL - 2025\Pen 5 - Group 3\WEANING\Day 2\ch05_20251024143502.mp4,ch05_20251024143502.mp4,23819.903201,25221.36949,895.359799,996.836799,Pen 5 - Group 3/WEANING/Day 2/1218.zip
879,1260,CS_1219_WEAN_d2_p5_cowT_24102025_ch05-20251024143502_24822_24832.mp4,Pen 5 - Group 3\WEANING\Day 2\CS_1219_WEAN_d2_p5_cowT_24102025_ch05-20251024143502_24822_24832.mp4,E:\cross_sucking\Pen 5 - Group 3\WEANING\Day 2\CS_1219_WEAN_d2_p5_cowT_24102025_ch05-20251024143502_24822_24832.mp4,created,1,1,Pen_5_WEAN_Day_2_24102025,Pen 5 - Group 3,WEAN,2,5,24102025,T,grain feeder|O|None|behind,24822.958,24832.885,24822.958,24832.885,G:\MONITORING CROSS SUCKING IN CALVES - KAPPEL - 2025\Pen 5 - Group 3\WEANING\Day 2\ch05_20251024143502.mp4,ch05_20251024143502.mp4,23819.903201,25221.36949,1003.054799,1012.981799,Pen 5 - Group 3/WEANING/Day 2/1219.zip
880,1261,CS_1220_WEAN_d2_p5_cowT_24102025_ch05-20251024143502_24837_24857.mp4,Pen 5 - Group 3\WEANING\Day 2\CS_1220_WEAN_d2_p5_cowT_24102025_ch05-20251024143502_24837_24857.mp4,E:\cross_sucking\Pen 5 - Group 3\WEANING\Day 2\CS_1220_WEAN_d2_p5_cowT_24102025_ch05-20251024143502_24837_24857.mp4,created,1,1,Pen_5_WEAN_Day_2_24102025,Pen 5 - Group 3,WEAN,2,5,24102025,T,grain feeder|O|None|side,24837.316,24857.17,24837.316,24857.17,G:\MONITORING CROSS SUCKING IN CALVES - KAPPEL - 2025\Pen 5 - Group 3\WEANING\Day 2\ch05_20251024143502.mp4,ch05_20251024143502.mp4,23819.903201,25221.36949,1017.412799,1037.266799,Pen 5 - Group 3/WEANING/Day 2/1220.zip
881,1262,CS_1221_WEAN_d2_p5_cowO_24102025_ch05-20251024143502_24839_24861.mp4,Pen 5 - Group 3\WEANING\Day 2\CS_1221_WEAN_d2_p5_cowO_24102025_ch05-20251024143502_24839_24861.mp4,E:\cross_sucking\Pen 5 - Group 3\WEANING\Day 2\CS_1221_WEAN_d2_p5_cowO_24102025_ch05-20251024143502_24839_24861.mp4,created,1,1,Pen_5_WEAN_Day_2_24102025,Pen 5 - Group 3,WEAN,2,5,24102025,O,grain feeder|T|reciprocal|side,24839.897,24861.602,24839.897,24861.602,G:\MONITORING CROSS SUCKING IN CALVES - KAPPEL - 2025\Pen 5 - Group 3\WEANING\Day 2\ch05_20251024143502.mp4,ch05_20251024143502.mp4,23819.903201,25221.36949,1019.993799,1041.698799,Pen 5 - Group 3/WEANING/Day 2/1221.zip
882,1263,CS_1222_WEAN_d2_p5_cowO_24102025_ch05-20251024143502_24868_24871.mp4,Pen 5 - Group 3\WEANING\Day 2\CS_1222_WEAN_d2_p5_cowO_24102025_ch05-20251024143502_24868_24871.mp4,E:\cross_sucking\Pen 5 - Group 3\WEANING\Day 2\CS_1222_WEAN_d2_p5_cowO_24102025_ch05-20251024143502_24868_24871.mp4,created,1,1,Pen_5_WEAN_Day_2_24102025,Pen 5 - Group 3,WEAN,2,5,24102025,O,other|T|None|side,24868.613,24871.126,24868.613,24871.126,G:\MONITORING CROSS SUCKING IN CALVES - KAPPEL - 2025\Pen 5 - Group 3\WEANING\Day 2\ch05_20251024143502.mp4,ch05_20251024143502.mp4,23819.903201,25221.36949,1048.709799,1051.222799,Pen 5 - Group 3/WEANING/Day 2/1222.zip
883,1264,CS_1223_WEAN_d2_p5_cowO_24102025_ch05-20251024143502_24873_24886.mp4,Pen 5 - Group 3\WEANING\Day 2\CS_1223_WEAN_d2_p5_cowO_24102025_ch05-20251024143502_24873_24886.mp4,E:\cross_sucking\Pen 5 - Group 3\WEANING\Day 2\CS_1223_WEAN_d2_p5_cowO_24102025_ch05-20251024143502_24873_24886.mp4,created,1,1,Pen_5_WEAN_Day_2_24102025,Pen 5 - Group 3,WEAN,2,5,24102025,O,other|T|reciprocal|side,24873.507,24886.078,24873.507,24886.078,G:\MONITORING CROSS SUCKING IN CALVES - KAPPEL - 2025\Pen 5 - Group 3\WEANING\Day 2\ch05_20251024143502.mp4,ch05_20251024143502.mp4,23819.903201,25221.36949,1053.603799,1066.174799,Pen 5 - Group 3/WEANING/Day 2/1223.zip
884,1266,CS_1225_WEAN_d2_p5_cowO_24102025_ch05-20251024143502_24889_25032.mp4,Pen 5 - Group 3\WEANING\Day 2\CS_1225_WEAN_d2_p5_cowO_24102025_ch05-20251024143502_24889_25032.mp4,E:\cross_sucking\Pen 5 - Group 3\WEANING\Day 2\CS_1225_WEAN_d2_p5_cowO_24102025_ch05-20251024143502_24889_25032.mp4,created,1,1,Pen_5_WEAN_Day_2_24102025,Pen 5 - Group 3,WEAN,2,5,24102025,O,other|T|reciprocal|side,24889.65,25032.65,24889.65,25032.65,G:\MONITORING CROSS SUCKING IN CALVES - KAPPEL - 2025\Pen 5 - Group 3\WEANING\Day 2\ch05_20251024143502.mp4,ch05_20251024143502.mp4,23819.903201,25221.36949,1069.746799,1212.746799,Pen 5 - Group 3/WEANING/Day 2/1225.zip
885,1268,CS_1227_WEAN_d2_p5_cowT_24102025_ch05-20251024143502_24922_25076.mp4,Pen 5 - Group 3\WEANING\Day 2\CS_1227_WEAN_d2_p5_cowT_24102025_ch05-20251024143502_24922_25076.mp4,E:\cross_sucking\Pen 5 - Group 3\WEANING\Day 2\CS_1227_WEAN_d2_p5_cowT_24102025_ch05-20251024143502_24922_25076.mp4,created,1,1,Pen_5_WEAN_Day_2_24102025,Pen 5 - Group 3,WEAN,2,5,24102025,T,other|O|reciprocal|side,24922.933,25076.913,24922.933,25076.913,G:\MONITORING CROSS SUCKING IN CALVES - KAPPEL - 2025\Pen 5 - Group 3\WEANING\Day 2\ch05_20251024143502.mp4,ch05_20251024143502.mp4,23819.903201,25221.36949,1103.029799,1257.009799,Pen 5 - Group 3/WEANING/Day 2/1227.zip
886,1271,CS_1230_WEAN_d2_p5_cowT_24102025_ch05-20251024143502_25080_25088.mp4,Pen 5 - Group 3\WEANING\Day 2\CS_1230_WEAN_d2_p5_cowT_24102025_ch05-20251024143502_25080_25088.mp4,E:\cross_sucking\Pen 5 - Group 3\WEANING\Day 2\CS_1230_WEAN_d2_p5_cowT_24102025_ch05-20251024143502_25080_25088.mp4,created,1,1,Pen_5_WEAN_Day_2_24102025,Pen 5 - Group 3,WEAN,2,5,24102025,T,other|O|None|side,25080.36,25088.493,25080.36,25088.493,G:\MONITORING CROSS SUCKING IN CALVES - KAPPEL - 2025\Pen 5 - Group 3\WEANING\Day 2\ch05_20251024143502.mp4,ch05_20251024143502.mp4,23819.903201,25221.36949,1260.456799,1268.589799,Pen 5 - Group 3/WEANING/Day 2/1230.zip
887,1272,CS_1231_WEAN_d2_p5_cow1_24102025_ch05-20251024145834_25947_25999.mp4,Pen 5 - Group 3\WEANING\Day 2\CS_1231_WEAN_d2_p5_cow1_24102025_ch05-20251024145834_25947_25999.mp4,E:\cross_sucking\Pen 5 - Group 3\WEANING\Day 2\CS_1231_WEAN_d2_p5_cow1_24102025_ch05-20251024145834_25947_25999.mp4,created,1,1,Pen_5_WEAN_Day_2_24102025,Pen 5 - Group 3,WEAN,2,5,24102025,1,other|8|reciprocal|side,25947.747,25999.838,25947.747,25999.838,G:\MONITORING CROSS SUCKING IN CALVES - KAPPEL - 2025\Pen 5 - Group 3\WEANING\Day 2\ch05_20251024145834.mp4,ch05_20251024145834.mp4,25221.36949,26622.869779,726.37751,778.46851,Pen 5 - Group 3/WEANING/Day 2/1231.zip
888,1273,CS_1232_WEAN_d2_p5_cow1_24102025_ch05-20251024145834_26005_26009.mp4,Pen 5 - Group 3\WEANING\Day 2\CS_1232_WEAN_d2_p5_cow1_24102025_ch05-20251024145834_26005_26009.mp4,E:\cross_sucking\Pen 5 - Group 3\WEANING\Day 2\CS_1232_WEAN_d2_p5_cow1_24102025_ch05-20251024145834_26005_26009.mp4,created,1,1,Pen_5_WEAN_Day_2_24102025,Pen 5 - Group 3,WEAN,2,5,24102025,1,other|8|None|side,26005.325,26009.095,26005.325,26009.095,G:\MONITORING CROSS SUCKING IN CALVES - KAPPEL - 2025\Pen 5 - Group 3\WEANING\Day 2\ch05_20251024145834.mp4,ch05_20251024145834.mp4,25221.36949,26622.869779,783.95551,787.72551,Pen 5 - Group 3/WEANING/Day 2/1232.zip
889,1274,CS_1233_WEAN_d2_p5_cowT_24102025_ch05-20251024145834_26535_26551.mp4,Pen 5 - Group 3\WEANING\Day 2\CS_1233_WEAN_d2_p5_cowT_24102025_ch05-20251024145834_26535_26551.mp4,E:\cross_sucking\Pen 5 - Group 3\WEANING\Day 2\CS_1233_WEAN_d2_p5_cowT_24102025_ch05-20251024145834_26535_26551.mp4,created,1,1,Pen_5_WEAN_Day_2_24102025,Pen 5 - Group 3,WEAN,2,5,24102025,T,other|O|None|side,26535.25,26551.784,26535.25,26551.784,G:\MONITORING CROSS SUCKING IN CALVES - KAPPEL - 2025\Pen 5 - Group 3\WEANING\Day 2\ch05_20251024145834.mp4,ch05_20251024145834.mp4,25221.36949,26622.869779,1313.88051,1330.41451,Pen 5 - Group 3/WEANING/Day 2/1233.zip
890,1275,CS_1234_WEAN_d2_p5_cowT_24102025_ch05-20251024145834_26576_26600.mp4,Pen 5 - Group 3\WEANING\Day 2\CS_1234_WEAN_d2_p5_cowT_24102025_ch05-20251024145834_26576_26600.mp4,E:\cross_sucking\Pen 5 - Group 3\WEANING\Day 2\CS_1234_WEAN_d2_p5_cowT_24102025_ch05-20251024145834_26576_26600.mp4,created,1,1,Pen_5_WEAN_Day_2_24102025,Pen 5 - Group 3,WEAN,2,5,24102025,T,other|O|None|side,26576.401,26600.152,26576.401,26600.152,G:\MONITORING CROSS SUCKING IN CALVES - KAPPEL - 2025\Pen 5 - Group 3\WEANING\Day 2\ch05_20251024145834.mp4,ch05_20251024145834.mp4,25221.36949,26622.869779,1355.03151,1378.78251,Pen 5 - Group 3/WEANING/Day 2/1234.zip
891,1276,CS_1235_WEAN_d2_p5_cow1_24102025_ch05-20251024152206_26753_26759.mp4,Pen 5 - Group 3\WEANING\Day 2\CS_1235_WEAN_d2_p5_cow1_24102025_ch05-20251024152206_26753_26759.mp4,E:\cross_sucking\Pen 5 - Group 3\WEANING\Day 2\CS_1235_WEAN_d2_p5_cow1_24102025_ch05-20251024152206_26753_26759.mp4,created,1,1,Pen_5_WEAN_Day_2_24102025,Pen 5 - Group 3,WEAN,2,5,24102025,1,other|/|None|side,26753.614,26759.098,26753.614,26759.098,G:\MONITORING CROSS SUCKING IN CALVES - KAPPEL - 2025\Pen 5 - Group 3\WEANING\Day 2\ch05_20251024152206.mp4,ch05_20251024152206.mp4,26622.869779,28024.280068,130.744221,136.228221,Pen 5 - Group 3/WEANING/Day 2/1235.zip
892,1277,CS_1236_WEAN_d2_p5_cow1_24102025_ch05-20251024152206_26759_26782.mp4,Pen 5 - Group 3\WEANING\Day 2\CS_1236_WEAN_d2_p5_cow1_24102025_ch05-20251024152206_26759_26782.mp4,E:\cross_sucking\Pen 5 - Group 3\WEANING\Day 2\CS_1236_WEAN_d2_p5_cow1_24102025_ch05-20251024152206_26759_26782.mp4,created,1,1,Pen_5_WEAN_Day_2_24102025,Pen 5 - Group 3,WEAN,2,5,24102025,1,other|1|reciprocal|side,26759.099,26782.057,26759.099,26782.057,G:\MONITORING CROSS SUCKING IN CALVES - KAPPEL - 2025\Pen 5 - Group 3\WEANING\Day 2\ch05_20251024152206.mp4,ch05_20251024152206.mp4,26622.869779,28024.280068,136.229221,159.187221,Pen 5 - Group 3/WEANING/Day 2/1236.zip
893,1278,CS_1237_WEAN_d2_p5_cow1_24102025_ch05-20251024152206_27130_27143.mp4,Pen 5 - Group 3\WEANING\Day 2\CS_1237_WEAN_d2_p5_cow1_24102025_ch05-20251024152206_27130_27143.mp4,E:\cross_sucking\Pen 5 - Group 3\WEANING\Day 2\CS_1237_WEAN_d2_p5_cow1_24102025_ch05-20251024152206_27130_27143.mp4,created,1,1,Pen_5_WEAN_Day_2_24102025,Pen 5 - Group 3,WEAN,2,5,24102025,1,other|8|None|side,27130.414,27143.453,27130.414,27143.453,G:\MONITORING CROSS SUCKING IN CALVES - KAPPEL - 2025\Pen 5 - Group 3\WEANING\Day 2\ch05_20251024152206.mp4,ch05_20251024152206.mp4,26622.869779,28024.280068,507.544221,520.583221,Pen 5 - Group 3/WEANING/Day 2/1237.zip
894,1279,CS_1238_WEAN_d2_p5_cow1_24102025_ch05-20251024152206_27167_27183.mp4,Pen 5 - Group 3\WEANING\Day 2\CS_1238_WEAN_d2_p5_cow1_24102025_ch05-20251024152206_27167_27183.mp4,E:\cross_sucking\Pen 5 - Group 3\WEANING\Day 2\CS_1238_WEAN_d2_p5_cow1_24102025_ch05-20251024152206_27167_27183.mp4,created,1,1,Pen_5_WEAN_Day_2_24102025,Pen 5 - Group 3,WEAN,2,5,24102025,1,other|8|None|side,27167.801,27183.211,27167.801,27183.211,G:\MONITORING CROSS SUCKING IN CALVES - KAPPEL - 2025\Pen 5 - Group 3\WEANING\Day 2\ch05_20251024152206.mp4,ch05_20251024152206.mp4,26622.869779,28024.280068,544.931221,560.341221,Pen 5 - Group 3/WEANING/Day 2/1238.zip
895,1280,CS_1239_WEAN_d2_p5_cow2_24102025_ch05-20251024180650_37092_37119.mp4,Pen 5 - Group 3\WEANING\Day 2\CS_1239_WEAN_d2_p5_cow2_24102025_ch05-20251024180650_37092_37119.mp4,E:\cross_sucking\Pen 5 - Group 3\WEANING\Day 2\CS_1239_WEAN_d2_p5_cow2_24102025_ch05-20251024180650_37092_37119.mp4,created,1,1,Pen_5_WEAN_Day_2_24102025,Pen 5 - Group 3,WEAN,2,5,24102025,2,milk feeder|T|None|behind,37092.101,37119.428,37092.101,37119.428,G:\MONITORING CROSS SUCKING IN CALVES - KAPPEL - 2025\Pen 5 - Group 3\WEANING\Day 2\ch05_20251024180650.mp4,ch05_20251024180650.mp4,36431.670802,37832.989091,660.430198,687.757198,Pen 5 - Group 3/WEANING/Day 2/1239.zip
896,1281,CS_1240_WEAN_d2_p5_cow2_24102025_ch05-20251024183022_38761_39021.mp4,Pen 5 - Group 3\WEANING\Day 2\CS_1240_WEAN_d2_p5_cow2_24102025_ch05-20251024183022_38761_39021.mp4,E:\cross_sucking\Pen 5 - Group 3\WEANING\Day 2\CS_1240_WEAN_d2_p5_cow2_24102025_ch05-20251024183022_38761_39021.mp4,created,1,1,Pen_5_WEAN_Day_2_24102025,Pen 5 - Group 3,WEAN,2,5,24102025,2,grain feeder|A|None|behind,38761.806,39021.199,38761.806,39021.199,G:\MONITORING CROSS SUCKING IN CALVES - KAPPEL - 2025\Pen 5 - Group 3\WEANING\Day 2\ch05_20251024183022.mp4,ch05_20251024183022.mp4,37832.989091,39234.31738,928.816909,1188.209909,Pen 5 - Group 3/WEANING/Day 2/1240.zip
897,1282,CS_1241_WEAN_d2_p5_cow2_24102025_ch05-20251024183022_39066_39122.mp4,Pen 5 - Group 3\WEANING\Day 2\CS_1241_WEAN_d2_p5_cow2_24102025_ch05-20251024183022_39066_39122.mp4,E:\cross_sucking\Pen 5 - Group 3\WEANING\Day 2\CS_1241_WEAN_d2_p5_cow2_24102025_ch05-20251024183022_39066_39122.mp4,created,1,1,Pen_5_WEAN_Day_2_24102025,Pen 5 - Group 3,WEAN,2,5,24102025,2,grain feeder|A|None|behind,39066.713,39122.357,39066.713,39122.357,G:\MONITORING CROSS SUCKING IN CALVES - KAPPEL - 2025\Pen 5 - Group 3\WEANING\Day 2\ch05_20251024183022.mp4,ch05_20251024183022.mp4,37832.989091,39234.31738,1233.723909,1289.367909,Pen 5 - Group 3/WEANING/Day 2/1241.zip
898,1283,CS_1242_WEAN_d2_p5_cow2_24102025_ch05-20251024183022_39146_39158.mp4,Pen 5 - Group 3\WEANING\Day 2\CS_1242_WEAN_d2_p5_cow2_24102025_ch05-20251024183022_39146_39158.mp4,E:\cross_sucking\Pen 5 - Group 3\WEANING\Day 2\CS_1242_WEAN_d2_p5_cow2_24102025_ch05-20251024183022_39146_39158.mp4,created,1,1,Pen_5_WEAN_Day_2_24102025,Pen 5 - Group 3,WEAN,2,5,24102025,2,grain feeder|A|None|behind,39146.234,39158.006,39146.234,39158.006,G:\MONITORING CROSS SUCKING IN CALVES - KAPPEL - 2025\Pen 5 - Group 3\WEANING\Day 2\ch05_20251024183022.mp4,ch05_20251024183022.mp4,37832.989091,39234.31738,1313.244909,1325.016909,Pen 5 - Group 3/WEANING/Day 2/1242.zip
899,1284,CS_1243_WEAN_d2_p5_cow2_24102025_ch05-20251024183022_39161_39196.mp4,Pen 5 - Group 3\WEANING\Day 2\CS_1243_WEAN_d2_p5_cow2_24102025_ch05-20251024183022_39161_39196.mp4,E:\cross_sucking\Pen 5 - Group 3\WEANING\Day 2\CS_1243_WEAN_d2_p5_cow2_24102025_ch05-20251024183022_39161_39196.mp4,created,1,1,Pen_5_WEAN_Day_2_24102025,Pen 5 - Group 3,WEAN,2,5,24102025,2,grain feeder|A|None|behind,39161.579,39196.641,39161.579,39196.641,G:\MONITORING CROSS SUCKING IN CALVES - KAPPEL - 2025\Pen 5 - Group 3\WEANING\Day 2\ch05_20251024183022.mp4,ch05_20251024183022.mp4,37832.989091,39234.31738,1328.589909,1363.651909,Pen 5 - Group 3/WEANING/Day 2/1243.zip
900,1285,CS_1244_WEAN_d2_p5_cowA_24102025_ch05-20251024191725_41569_41620.mp4,Pen 5 - Group 3\WEANING\Day 2\CS_1244_WEAN_d2_p5_cowA_24102025_ch05-20251024191725_41569_41620.mp4,E:\cross_sucking\Pen 5 - Group 3\WEANING\Day 2\CS_1244_WEAN_d2_p5_cowA_24102025_ch05-20251024191725_41569_41620.mp4,created,1,1,Pen_5_WEAN_Day_2_24102025,Pen 5 - Group 3,WEAN,2,5,24102025,A,other|8|reciprocal|side,41569.857,41620.732,41569.857,41620.732,G:\MONITORING CROSS SUCKING IN CALVES - KAPPEL - 2025\Pen 5 - Group 3\WEANING\Day 2\ch05_20251024191725.mp4,ch05_20251024191725.mp4,40635.756669,42037.190958,934.100331,984.975331,Pen 5 - Group 3/WEANING/Day 2/1244.zip
901,1287,CS_1246_WEAN_d2_p5_cowA_24102025_ch05-20251024191725_41624_41625.mp4,Pen 5 - Group 3\WEANING\Day 2\CS_1246_WEAN_d2_p5_cowA_24102025_ch05-20251024191725_41624_41625.mp4,E:\cross_sucking\Pen 5 - Group 3\WEANING\Day 2\CS_1246_WEAN_d2_p5_cowA_24102025_ch05-20251024191725_41624_41625.mp4,created,1,1,Pen_5_WEAN_Day_2_24102025,Pen 5 - Group 3,WEAN,2,5,24102025,A,other|8|None|side,41624.105,41625.03,41624.105,41625.03,G:\MONITORING CROSS SUCKING IN CALVES - KAPPEL - 2025\Pen 5 - Group 3\WEANING\Day 2\ch05_20251024191725.mp4,ch05_20251024191725.mp4,40635.756669,42037.190958,988.348331,989.273331,Pen 5 - Group 3/WEANING/Day 2/1246.zip
902,1288,CS_1247_WEAN_d2_p5_cowA_24102025_ch05-20251024191725_41625_41741.mp4,Pen 5 - Group 3\WEANING\Day 2\CS_1247_WEAN_d2_p5_cowA_24102025_ch05-20251024191725_41625_41741.mp4,E:\cross_sucking\Pen 5 - Group 3\WEANING\Day 2\CS_1247_WEAN_d2_p5_cowA_24102025_ch05-20251024191725_41625_41741.mp4,created,1,1,Pen_5_WEAN_Day_2_24102025,Pen 5 - Group 3,WEAN,2,5,24102025,A,other|8|reciprocal|side,41625.031,41741.882,41625.031,41741.882,G:\MONITORING CROSS SUCKING IN CALVES - KAPPEL - 2025\Pen 5 - Group 3\WEANING\Day 2\ch05_20251024191725.mp4,ch05_20251024191725.mp4,40635.756669,42037.190958,989.274331,1106.125331,Pen 5 - Group 3/WEANING/Day 2/1247.zip
903,1290,CS_1249_WEAN_d2_p5_cow8_24102025_ch05-20251024191725_41657_41800.mp4,Pen 5 - Group 3\WEANING\Day 2\CS_1249_WEAN_d2_p5_cow8_24102025_ch05-20251024191725_41657_41800.mp4,E:\cross_sucking\Pen 5 - Group 3\WEANING\Day 2\CS_1249_WEAN_d2_p5_cow8_24102025_ch05-20251024191725_41657_41800.mp4,created,1,1,Pen_5_WEAN_Day_2_24102025,Pen 5 - Group 3,WEAN,2,5,24102025,8,other|A|reciprocal|side,41657.786,41800.704,41657.786,41800.704,G:\MONITORING CROSS SUCKING IN CALVES - KAPPEL - 2025\Pen 5 - Group 3\WEANING\Day 2\ch05_20251024191725.mp4,ch05_20251024191725.mp4,40635.756669,42037.190958,1022.029331,1164.947331,Pen 5 - Group 3/WEANING/Day 2/1249.zip
904,1292,CS_1251_WEAN_d2_p5_cowA_24102025_ch05-20251024191725_41771_42003.mp4,Pen 5 - Group 3\WEANING\Day 2\CS_1251_WEAN_d2_p5_cowA_24102025_ch05-20251024191725_41771_42003.mp4,E:\cross_sucking\Pen 5 - Group 3\WEANING\Day 2\CS_1251_WEAN_d2_p5_cowA_24102025_ch05-20251024191725_41771_42003.mp4,created,1,1,Pen_5_WEAN_Day_2_24102025,Pen 5 - Group 3,WEAN,2,5,24102025,A,other|8|reciprocal|side,41771.327,42003.092,41771.327,42003.092,G:\MONITORING CROSS SUCKING IN CALVES - KAPPEL - 2025\Pen 5 - Group 3\WEANING\Day 2\ch05_20251024191725.mp4,ch05_20251024191725.mp4,40635.756669,42037.190958,1135.570331,1367.335331,Pen 5 - Group 3/WEANING/Day 2/1251.zip
905,1293,CS_1252_WEAN_d2_p5_cowT_24102025_ch05-20251024194058_42082_42091.mp4,Pen 5 - Group 3\WEANING\Day 2\CS_1252_WEAN_d2_p5_cowT_24102025_ch05-20251024194058_42082_42091.mp4,E:\cross_sucking\Pen 5 - Group 3\WEANING\Day 2\CS_1252_WEAN_d2_p5_cowT_24102025_ch05-20251024194058_42082_42091.mp4,created,1,1,Pen_5_WEAN_Day_2_24102025,Pen 5 - Group 3,WEAN,2,5,24102025,T,other|8|None|side,42082.29,42091.484,42082.29,42091.484,G:\MONITORING CROSS SUCKING IN CALVES - KAPPEL - 2025\Pen 5 - Group 3\WEANING\Day 2\ch05_20251024194058.mp4,ch05_20251024194058.mp4,42037.190958,43438.577247,45.099042,54.293042,Pen 5 - Group 3/WEANING/Day 2/1252.zip
906,1294,CS_1253_WEAN_d2_p5_cowT_24102025_ch05-20251024194058_42148_42158.mp4,Pen 5 - Group 3\WEANING\Day 2\CS_1253_WEAN_d2_p5_cowT_24102025_ch05-20251024194058_42148_42158.mp4,E:\cross_sucking\Pen 5 - Group 3\WEANING\Day 2\CS_1253_WEAN_d2_p5_cowT_24102025_ch05-20251024194058_42148_42158.mp4,created,1,1,Pen_5_WEAN_Day_2_24102025,Pen 5 - Group 3,WEAN,2,5,24102025,T,other|A|None|side,42148.719,42158.052,42148.719,42158.052,G:\MONITORING CROSS SUCKING IN CALVES - KAPPEL - 2025\Pen 5 - Group 3\WEANING\Day 2\ch05_20251024194058.mp4,ch05_20251024194058.mp4,42037.190958,43438.577247,111.528042,120.861042,Pen 5 - Group 3/WEANING/Day 2/1253.zip
907,1295,CS_1254_WEAN_d2_p5_cowA_24102025_ch05-20251024194058_42156_42185.mp4,Pen 5 - Group 3\WEANING\Day 2\CS_1254_WEAN_d2_p5_cowA_24102025_ch05-20251024194058_42156_42185.mp4,E:\cross_sucking\Pen 5 - Group 3\WEANING\Day 2\CS_1254_WEAN_d2_p5_cowA_24102025_ch05-20251024194058_42156_42185.mp4,created,1,1,Pen_5_WEAN_Day_2_24102025,Pen 5 - Group 3,WEAN,2,5,24102025,A,other|T|reciprocal|side,42156.794,42185.241,42156.794,42185.241,G:\MONITORING CROSS SUCKING IN CALVES - KAPPEL - 2025\Pen 5 - Group 3\WEANING\Day 2\ch05_20251024194058.mp4,ch05_20251024194058.mp4,42037.190958,43438.577247,119.603042,148.050042,Pen 5 - Group 3/WEANING/Day 2/1254.zip
908,1297,CS_1256_WEAN_d2_p5_cowslash_24102025_ch05-20251024194058_43050_43073.mp4,Pen 5 - Group 3\WEANING\Day 2\CS_1256_WEAN_d2_p5_cowslash_24102025_ch05-20251024194058_43050_43073.mp4,E:\cross_sucking\Pen 5 - Group 3\WEANING\Day 2\CS_1256_WEAN_d2_p5_cowslash_24102025_ch05-20251024194058_43050_43073.mp4,created,1,1,Pen_5_WEAN_Day_2_24102025,Pen 5 - Group 3,WEAN,2,5,24102025,/,grain feeder|2|None|behind,43050.986,43073.618,43050.986,43073.618,G:\MONITORING CROSS SUCKING IN CALVES - KAPPEL - 2025\Pen 5 - Group 3\WEANING\Day 2\ch05_20251024194058.mp4,ch05_20251024194058.mp4,42037.190958,43438.577247,1013.795042,1036.427042,Pen 5 - Group 3/WEANING/Day 2/1256.zip
909,1298,CS_1257_WEAN_d2_p5_cowNA_24102025_ch05-20251024200430_43642_43690.mp4,Pen 5 - Group 3\WEANING\Day 2\CS_1257_WEAN_d2_p5_cowNA_24102025_ch05-20251024200430_43642_43690.mp4,E:\cross_sucking\Pen 5 - Group 3\WEANING\Day 2\CS_1257_WEAN_d2_p5_cowNA_24102025_ch05-20251024200430_43642_43690.mp4,created,1,1,Pen_5_WEAN_Day_2_24102025,Pen 5 - Group 3,WEAN,2,5,24102025,,other|A|None|side,43642.434,43690.929,43642.434,43690.929,G:\MONITORING CROSS SUCKING IN CALVES - KAPPEL - 2025\Pen 5 - Group 3\WEANING\Day 2\ch05_20251024200430.mp4,ch05_20251024200430.mp4,43438.577247,44839.970536,203.856753,252.351753,Pen 5 - Group 3/WEANING/Day 2/1257.zip
910,1299,CS_1258_WEAN_d2_p5_cowT_24102025_ch05-20251024222541_51873_51883.mp4,Pen 5 - Group 3\WEANING\Day 2\CS_1258_WEAN_d2_p5_cowT_24102025_ch05-20251024222541_51873_51883.mp4,E:\cross_sucking\Pen 5 - Group 3\WEANING\Day 2\CS_1258_WEAN_d2_p5_cowT_24102025_ch05-20251024222541_51873_51883.mp4,created,1,1,Pen_5_WEAN_Day_2_24102025,Pen 5 - Group 3,WEAN,2,5,24102025,T,milk feeder|A|None|behind,51873.052,51883.505,51873.052,51883.505,G:\MONITORING CROSS SUCKING IN CALVES - KAPPEL - 2025\Pen 5 - Group 3\WEANING\Day 2\ch05_20251024222541.mp4,ch05_20251024222541.mp4,51847.339625,53248.733914,25.712375,36.165375,Pen 5 - Group 3/WEANING/Day 2/1258.zip
911,1300,CS_1259_WEAN_d2_p5_cowT_24102025_ch05-20251024222541_51934_51941.mp4,Pen 5 - Group 3\WEANING\Day 2\CS_1259_WEAN_d2_p5_cowT_24102025_ch05-20251024222541_51934_51941.mp4,E:\cross_sucking\Pen 5 - Group 3\WEANING\Day 2\CS_1259_WEAN_d2_p5_cowT_24102025_ch05-20251024222541_51934_51941.mp4,created,1,1,Pen_5_WEAN_Day_2_24102025,Pen 5 - Group 3,WEAN,2,5,24102025,T,milk feeder|A|None|behind,51934.708,51941.061,51934.708,51941.061,G:\MONITORING CROSS SUCKING IN CALVES - KAPPEL - 2025\Pen 5 - Group 3\WEANING\Day 2\ch05_20251024222541.mp4,ch05_20251024222541.mp4,51847.339625,53248.733914,87.368375,93.721375,Pen 5 - Group 3/WEANING/Day 2/1259.zip
912,1301,CS_1260_WEAN_d2_p5_cowT_24102025_ch05-20251024222541_52239_52266.mp4,Pen 5 - Group 3\WEANING\Day 2\CS_1260_WEAN_d2_p5_cowT_24102025_ch05-20251024222541_52239_52266.mp4,E:\cross_sucking\Pen 5 - Group 3\WEANING\Day 2\CS_1260_WEAN_d2_p5_cowT_24102025_ch05-20251024222541_52239_52266.mp4,created,1,1,Pen_5_WEAN_Day_2_24102025,Pen 5 - Group 3,WEAN,2,5,24102025,T,grain feeder|A|None|behind,52239.994,52266.254,52239.994,52266.254,G:\MONITORING CROSS SUCKING IN CALVES - KAPPEL - 2025\Pen 5 - Group 3\WEANING\Day 2\ch05_20251024222541.mp4,ch05_20251024222541.mp4,51847.339625,53248.733914,392.654375,418.914375,Pen 5 - Group 3/WEANING/Day 2/1260.zip
913,1302,CS_1261_WEAN_d2_p5_cow6_24102025_ch05-20251024222541_52516_52603.mp4,Pen 5 - Group 3\WEANING\Day 2\CS_1261_WEAN_d2_p5_cow6_24102025_ch05-20251024222541_52516_52603.mp4,E:\cross_sucking\Pen 5 - Group 3\WEANING\Day 2\CS_1261_WEAN_d2_p5_cow6_24102025_ch05-20251024222541_52516_52603.mp4,created,1,1,Pen_5_WEAN_Day_2_24102025,Pen 5 - Group 3,WEAN,2,5,24102025,6,milk feeder|8|None|behind,52516.36,52603.623,52516.36,52603.623,G:\MONITORING CROSS SUCKING IN CALVES - KAPPEL - 2025\Pen 5 - Group 3\WEANING\Day 2\ch05_20251024222541.mp4,ch05_20251024222541.mp4,51847.339625,53248.733914,669.020375,756.283375,Pen 5 - Group 3/WEANING/Day 2/1261.zip
914,1303,CS_1262_WEAN_d2_p5_cow8_24102025_ch05-20251024222541_52736_52762.mp4,Pen 5 - Group 3\WEANING\Day 2\CS_1262_WEAN_d2_p5_cow8_24102025_ch05-20251024222541_52736_52762.mp4,E:\cross_sucking\Pen 5 - Group 3\WEANING\Day 2\CS_1262_WEAN_d2_p5_cow8_24102025_ch05-20251024222541_52736_52762.mp4,created,1,1,Pen_5_WEAN_Day_2_24102025,Pen 5 - Group 3,WEAN,2,5,24102025,8,other|A|None|side,52736.002,52762.401,52736.002,52762.401,G:\MONITORING CROSS SUCKING IN CALVES - KAPPEL - 2025\Pen 5 - Group 3\WEANING\Day 2\ch05_20251024222541.mp4,ch05_20251024222541.mp4,51847.339625,53248.733914,888.662375,915.061375,Pen 5 - Group 3/WEANING/Day 2/1262.zip
915,1304,CS_1263_WEAN_d2_p5_cowA_24102025_ch05-20251024222541_52757_52772.mp4,Pen 5 - Group 3\WEANING\Day 2\CS_1263_WEAN_d2_p5_cowA_24102025_ch05-20251024222541_52757_52772.mp4,E:\cross_sucking\Pen 5 - Group 3\WEANING\Day 2\CS_1263_WEAN_d2_p5_cowA_24102025_ch05-20251024222541_52757_52772.mp4,created,1,1,Pen_5_WEAN_Day_2_24102025,Pen 5 - Group 3,WEAN,2,5,24102025,A,other|8|reciprocal|side,52757.84,52772.781,52757.84,52772.781,G:\MONITORING CROSS SUCKING IN CALVES - KAPPEL - 2025\Pen 5 - Group 3\WEANING\Day 2\ch05_20251024222541.mp4,ch05_20251024222541.mp4,51847.339625,53248.733914,910.500375,925.441375,Pen 5 - Group 3/WEANING/Day 2/1263.zip
916,1305,CS_1264_WEAN_d2_p5_cow8_24102025_ch05-20251024222541_52773_52831.mp4,Pen 5 - Group 3\WEANING\Day 2\CS_1264_WEAN_d2_p5_cow8_24102025_ch05-20251024222541_52773_52831.mp4,E:\cross_sucking\Pen 5 - Group 3\WEANING\Day 2\CS_1264_WEAN_d2_p5_cow8_24102025_ch05-20251024222541_52773_52831.mp4,created,1,1,Pen_5_WEAN_Day_2_24102025,Pen 5 - Group 3,WEAN,2,5,24102025,8,other|A|None|side,52773.709,52831.42,52773.709,52831.42,G:\MONITORING CROSS SUCKING IN CALVES - KAPPEL - 2025\Pen 5 - Group 3\WEANING\Day 2\ch05_20251024222541.mp4,ch05_20251024222541.mp4,51847.339625,53248.733914,926.369375,984.080375,Pen 5 - Group 3/WEANING/Day 2/1264.zip
917,1307,CS_1266_WEAN_d2_p5_cowA_24102025_ch05-20251024235949_58311_58334.mp4,Pen 5 - Group 3\WEANING\Day 2\CS_1266_WEAN_d2_p5_cowA_24102025_ch05-20251024235949_58311_58334.mp4,E:\cross_sucking\Pen 5 - Group 3\WEANING\Day 2\CS_1266_WEAN_d2_p5_cowA_24102025_ch05-20251024235949_58311_58334.mp4,created,1,1,Pen_5_WEAN_Day_2_24102025,Pen 5 - Group 3,WEAN,2,5,24102025,A,other|6|None|behind,58311.623,58334.45,58311.623,58334.45,G:\MONITORING CROSS SUCKING IN CALVES - KAPPEL - 2025\Pen 5 - Group 3\WEANING\Day 2\ch05_20251024235949.mp4,ch05_20251024235949.mp4,57453.214781,58854.66907,858.408219,881.235219,Pen 5 - Group 3/WEANING/Day 2/1266.zip
918,1308,CS_1267_WEAN_d2_p5_cow2_24102025_ch05-20251025033136_70705_70710.mp4,Pen 5 - Group 3\WEANING\Day 2\CS_1267_WEAN_d2_p5_cow2_24102025_ch05-20251025033136_70705_70710.mp4,E:\cross_sucking\Pen 5 - Group 3\WEANING\Day 2\CS_1267_WEAN_d2_p5_cow2_24102025_ch05-20251025033136_70705_70710.mp4,created,1,1,Pen_5_WEAN_Day_2_24102025,Pen 5 - Group 3,WEAN,2,5,24102025,2,milk feeder|1|None|behind,70705.446,70710.739,70705.446,70710.739,G:\MONITORING CROSS SUCKING IN CALVES - KAPPEL - 2025\Pen 5 - Group 3\WEANING\Day 2\ch05_20251025033136.mp4,ch05_20251025033136.mp4,70066.035026,71467.560959,639.410974,644.703974,Pen 5 - Group 3/WEANING/Day 2/1267.zip
919,1309,CS_1268_WEAN_d2_p5_cow2_24102025_ch05-20251025033136_70766_70776.mp4,Pen 5 - Group 3\WEANING\Day 2\CS_1268_WEAN_d2_p5_cow2_24102025_ch05-20251025033136_70766_70776.mp4,E:\cross_sucking\Pen 5 - Group 3\WEANING\Day 2\CS_1268_WEAN_d2_p5_cow2_24102025_ch05-20251025033136_70766_70776.mp4,created,1,1,Pen_5_WEAN_Day_2_24102025,Pen 5 - Group 3,WEAN,2,5,24102025,2,milk feeder|1|None|behind,70766.441,70776.172,70766.441,70776.172,G:\MONITORING CROSS SUCKING IN CALVES - KAPPEL - 2025\Pen 5 - Group 3\WEANING\Day 2\ch05_20251025033136.mp4,ch05_20251025033136.mp4,70066.035026,71467.560959,700.405974,710.136974,Pen 5 - Group 3/WEANING/Day 2/1268.zip
920,1310,CS_1269_WEAN_d2_p5_cow2_24102025_ch05-20251025033136_71318_71576_part01.mp4,Pen 5 - Group 3\WEANING\Day 2\CS_1269_WEAN_d2_p5_cow2_24102025_ch05-20251025033136_71318_71576_part01.mp4,E:\cross_sucking\Pen 5 - Group 3\WEANING\Day 2\CS_1269_WEAN_d2_p5_cow2_24102025_ch05-20251025033136_71318_71576_part01.mp4,created,1,2,Pen_5_WEAN_Day_2_24102025,Pen 5 - Group 3,WEAN,2,5,24102025,2,milk feeder|A|None|behind,71318.619,71576.734,71318.619,71467.560959,G:\MONITORING CROSS SUCKING IN CALVES - KAPPEL - 2025\Pen 5 - Group 3\WEANING\Day 2\ch05_20251025033136.mp4,ch05_20251025033136.mp4,70066.035026,71467.560959,1252.583974,1401.525933,Pen 5 - Group 3/WEANING/Day 2/1269_part01.zip
921,1311,CS_1269_WEAN_d2_p5_cow2_24102025_ch05-20251025033136_71318_71576_part02.mp4,Pen 5 - Group 3\WEANING\Day 2\CS_1269_WEAN_d2_p5_cow2_24102025_ch05-20251025033136_71318_71576_part02.mp4,E:\cross_sucking\Pen 5 - Group 3\WEANING\Day 2\CS_1269_WEAN_d2_p5_cow2_24102025_ch05-20251025033136_71318_71576_part02.mp4,created,2,2,Pen_5_WEAN_Day_2_24102025,Pen 5 - Group 3,WEAN,2,5,24102025,2,milk feeder|A|None|behind,71318.619,71576.734,71467.560959,71576.734,G:\MONITORING CROSS SUCKING IN CALVES - KAPPEL - 2025\Pen 5 - Group 3\WEANING\Day 2\ch05_20251025035508.mp4,ch05_20251025035508.mp4,71467.560959,72869.140248,0.0,109.173041,Pen 5 - Group 3/WEANING/Day 2/1269_part02.zip
922,1312,CS_1270_WEAN_d2_p5_cowT_24102025_ch05-20251025035508_71649_71664.mp4,Pen 5 - Group 3\WEANING\Day 2\CS_1270_WEAN_d2_p5_cowT_24102025_ch05-20251025035508_71649_71664.mp4,E:\cross_sucking\Pen 5 - Group 3\WEANING\Day 2\CS_1270_WEAN_d2_p5_cowT_24102025_ch05-20251025035508_71649_71664.mp4,created,1,1,Pen_5_WEAN_Day_2_24102025,Pen 5 - Group 3,WEAN,2,5,24102025,T,milk feeder|A|None|behind,71649.696,71664.98,71649.696,71664.98,G:\MONITORING CROSS SUCKING IN CALVES - KAPPEL - 2025\Pen 5 - Group 3\WEANING\Day 2\ch05_20251025035508.mp4,ch05_20251025035508.mp4,71467.560959,72869.140248,182.135041,197.419041,Pen 5 - Group 3/WEANING/Day 2/1270.zip
923,1313,CS_1271_WEAN_d2_p5_cowT_24102025_ch05-20251025035508_71720_71731.mp4,Pen 5 - Group 3\WEANING\Day 2\CS_1271_WEAN_d2_p5_cowT_24102025_ch05-20251025035508_71720_71731.mp4,E:\cross_sucking\Pen 5 - Group 3\WEANING\Day 2\CS_1271_WEAN_d2_p5_cowT_24102025_ch05-20251025035508_71720_71731.mp4,created,1,1,Pen_5_WEAN_Day_2_24102025,Pen 5 - Group 3,WEAN,2,5,24102025,T,milk feeder|A|None|behind,71720.627,71731.547,71720.627,71731.547,G:\MONITORING CROSS SUCKING IN CALVES - KAPPEL - 2025\Pen 5 - Group 3\WEANING\Day 2\ch05_20251025035508.mp4,ch05_20251025035508.mp4,71467.560959,72869.140248,253.066041,263.986041,Pen 5 - Group 3/WEANING/Day 2/1271.zip
924,1315,CS_1273_WEAN_d2_p5_cowO_24102025_ch05-20251025035508_71748_71911.mp4,Pen 5 - Group 3\WEANING\Day 2\CS_1273_WEAN_d2_p5_cowO_24102025_ch05-20251025035508_71748_71911.mp4,E:\cross_sucking\Pen 5 - Group 3\WEANING\Day 2\CS_1273_WEAN_d2_p5_cowO_24102025_ch05-20251025035508_71748_71911.mp4,created,1,1,Pen_5_WEAN_Day_2_24102025,Pen 5 - Group 3,WEAN,2,5,24102025,O,other|T|reciprocal|side,71748.809,71911.926,71748.809,71911.926,G:\MONITORING CROSS SUCKING IN CALVES - KAPPEL - 2025\Pen 5 - Group 3\WEANING\Day 2\ch05_20251025035508.mp4,ch05_20251025035508.mp4,71467.560959,72869.140248,281.248041,444.365041,Pen 5 - Group 3/WEANING/Day 2/1273.zip
925,1316,CS_1274_WEAN_d2_p5_cowT_24102025_ch05-20251025035508_71907_71927.mp4,Pen 5 - Group 3\WEANING\Day 2\CS_1274_WEAN_d2_p5_cowT_24102025_ch05-20251025035508_71907_71927.mp4,E:\cross_sucking\Pen 5 - Group 3\WEANING\Day 2\CS_1274_WEAN_d2_p5_cowT_24102025_ch05-20251025035508_71907_71927.mp4,created,1,1,Pen_5_WEAN_Day_2_24102025,Pen 5 - Group 3,WEAN,2,5,24102025,T,other|A|None|side,71907.691,71927.008,71907.691,71927.008,G:\MONITORING CROSS SUCKING IN CALVES - KAPPEL - 2025\Pen 5 - Group 3\WEANING\Day 2\ch05_20251025035508.mp4,ch05_20251025035508.mp4,71467.560959,72869.140248,440.130041,459.447041,Pen 5 - Group 3/WEANING/Day 2/1274.zip
926,1317,CS_1275_WEAN_d2_p5_cowT_24102025_ch05-20251025035508_71934_71941.mp4,Pen 5 - Group 3\WEANING\Day 2\CS_1275_WEAN_d2_p5_cowT_24102025_ch05-20251025035508_71934_71941.mp4,E:\cross_sucking\Pen 5 - Group 3\WEANING\Day 2\CS_1275_WEAN_d2_p5_cowT_24102025_ch05-20251025035508_71934_71941.mp4,created,1,1,Pen_5_WEAN_Day_2_24102025,Pen 5 - Group 3,WEAN,2,5,24102025,T,milk feeder|O|None|behind,71934.218,71941.562,71934.218,71941.562,G:\MONITORING CROSS SUCKING IN CALVES - KAPPEL - 2025\Pen 5 - Group 3\WEANING\Day 2\ch05_20251025035508.mp4,ch05_20251025035508.mp4,71467.560959,72869.140248,466.657041,474.001041,Pen 5 - Group 3/WEANING/Day 2/1275.zip
927,1318,CS_1276_WEAN_d2_p5_cowT_24102025_ch05-20251025035508_71948_71961.mp4,Pen 5 - Group 3\WEANING\Day 2\CS_1276_WEAN_d2_p5_cowT_24102025_ch05-20251025035508_71948_71961.mp4,E:\cross_sucking\Pen 5 - Group 3\WEANING\Day 2\CS_1276_WEAN_d2_p5_cowT_24102025_ch05-20251025035508_71948_71961.mp4,created,1,1,Pen_5_WEAN_Day_2_24102025,Pen 5 - Group 3,WEAN,2,5,24102025,T,other|A|None|side,71948.77,71961.275,71948.77,71961.275,G:\MONITORING CROSS SUCKING IN CALVES - KAPPEL - 2025\Pen 5 - Group 3\WEANING\Day 2\ch05_20251025035508.mp4,ch05_20251025035508.mp4,71467.560959,72869.140248,481.209041,493.714041,Pen 5 - Group 3/WEANING/Day 2/1276.zip
928,1319,CS_1277_WEAN_d2_p5_cowT_24102025_ch05-20251025035508_71973_72014.mp4,Pen 5 - Group 3\WEANING\Day 2\CS_1277_WEAN_d2_p5_cowT_24102025_ch05-20251025035508_71973_72014.mp4,E:\cross_sucking\Pen 5 - Group 3\WEANING\Day 2\CS_1277_WEAN_d2_p5_cowT_24102025_ch05-20251025035508_71973_72014.mp4,created,1,1,Pen_5_WEAN_Day_2_24102025,Pen 5 - Group 3,WEAN,2,5,24102025,T,other|A|None|side,71973.987,72014.671,71973.987,72014.671,G:\MONITORING CROSS SUCKING IN CALVES - KAPPEL - 2025\Pen 5 - Group 3\WEANING\Day 2\ch05_20251025035508.mp4,ch05_20251025035508.mp4,71467.560959,72869.140248,506.426041,547.110041,Pen 5 - Group 3/WEANING/Day 2/1277.zip
929,1320,CS_1278_WEAN_d2_p5_cowT_24102025_ch05-20251025035508_72086_72152.mp4,Pen 5 - Group 3\WEANING\Day 2\CS_1278_WEAN_d2_p5_cowT_24102025_ch05-20251025035508_72086_72152.mp4,E:\cross_sucking\Pen 5 - Group 3\WEANING\Day 2\CS_1278_WEAN_d2_p5_cowT_24102025_ch05-20251025035508_72086_72152.mp4,created,1,1,Pen_5_WEAN_Day_2_24102025,Pen 5 - Group 3,WEAN,2,5,24102025,T,milk feeder|O|None|side,72086.409,72152.965,72086.409,72152.965,G:\MONITORING CROSS SUCKING IN CALVES - KAPPEL - 2025\Pen 5 - Group 3\WEANING\Day 2\ch05_20251025035508.mp4,ch05_20251025035508.mp4,71467.560959,72869.140248,618.848041,685.404041,Pen 5 - Group 3/WEANING/Day 2/1278.zip
930,1322,CS_1280_WEAN_d3_p5_cow8_25102025_ch05-20251025081359_2412_2447.mp4,Pen 5 - Group 3\WEANING\Day 3\CS_1280_WEAN_d3_p5_cow8_25102025_ch05-20251025081359_2412_2447.mp4,E:\cross_sucking\Pen 5 - Group 3\WEANING\Day 3\CS_1280_WEAN_d3_p5_cow8_25102025_ch05-20251025081359_2412_2447.mp4,created,1,1,Pen_5_WEAN_Day_3_25102025,Pen 5 - Group 3,WEAN,3,5,25102025,8,hay|O|None|side,2412.473,2447.482,2412.473,2447.482,G:\MONITORING CROSS SUCKING IN CALVES - KAPPEL - 2025\Pen 5 - Group 3\WEANING\Day 3\ch05_20251025081359.mp4,ch05_20251025081359.mp4,1401.407289,2802.871578,1011.065711,1046.074711,Pen 5 - Group 3/WEANING/Day 3/1280.zip
931,1323,CS_1281_WEAN_d3_p5_cowO_25102025_ch05-20251025081359_2447_2564.mp4,Pen 5 - Group 3\WEANING\Day 3\CS_1281_WEAN_d3_p5_cowO_25102025_ch05-20251025081359_2447_2564.mp4,E:\cross_sucking\Pen 5 - Group 3\WEANING\Day 3\CS_1281_WEAN_d3_p5_cowO_25102025_ch05-20251025081359_2447_2564.mp4,created,1,1,Pen_5_WEAN_Day_3_25102025,Pen 5 - Group 3,WEAN,3,5,25102025,O,hay|8|None|side,2447.274,2564.596,2447.274,2564.596,G:\MONITORING CROSS SUCKING IN CALVES - KAPPEL - 2025\Pen 5 - Group 3\WEANING\Day 3\ch05_20251025081359.mp4,ch05_20251025081359.mp4,1401.407289,2802.871578,1045.866711,1163.188711,Pen 5 - Group 3/WEANING/Day 3/1281.zip
932,1326,CS_1284_WEAN_d3_p5_cow1_25102025_ch05-20251025083730_4120_4185.mp4,Pen 5 - Group 3\WEANING\Day 3\CS_1284_WEAN_d3_p5_cow1_25102025_ch05-20251025083730_4120_4185.mp4,E:\cross_sucking\Pen 5 - Group 3\WEANING\Day 3\CS_1284_WEAN_d3_p5_cow1_25102025_ch05-20251025083730_4120_4185.mp4,created,1,1,Pen_5_WEAN_Day_3_25102025,Pen 5 - Group 3,WEAN,3,5,25102025,1,milk feeder|8|None|side,4120.681,4185.584,4120.681,4185.584,G:\MONITORING CROSS SUCKING IN CALVES - KAPPEL - 2025\Pen 5 - Group 3\WEANING\Day 3\ch05_20251025083730.mp4,ch05_20251025083730.mp4,2802.871578,4204.250867,1317.809422,1382.712422,Pen 5 - Group 3/WEANING/Day 3/1284.zip
933,1327,CS_1285_WEAN_d3_p5_cow1_25102025_ch05-20251025083730_4188_4213_part01.mp4,Pen 5 - Group 3\WEANING\Day 3\CS_1285_WEAN_d3_p5_cow1_25102025_ch05-20251025083730_4188_4213_part01.mp4,E:\cross_sucking\Pen 5 - Group 3\WEANING\Day 3\CS_1285_WEAN_d3_p5_cow1_25102025_ch05-20251025083730_4188_4213_part01.mp4,created,1,2,Pen_5_WEAN_Day_3_25102025,Pen 5 - Group 3,WEAN,3,5,25102025,1,milk feeder|8|None|side,4188.033,4213.031,4188.033,4204.250867,G:\MONITORING CROSS SUCKING IN CALVES - KAPPEL - 2025\Pen 5 - Group 3\WEANING\Day 3\ch05_20251025083730.mp4,ch05_20251025083730.mp4,2802.871578,4204.250867,1385.161422,1401.379289,Pen 5 - Group 3/WEANING/Day 3/1285p1.zip
934,1328,CS_1285_WEAN_d3_p5_cow1_25102025_ch05-20251025083730_4188_4213_part02.mp4,Pen 5 - Group 3\WEANING\Day 3\CS_1285_WEAN_d3_p5_cow1_25102025_ch05-20251025083730_4188_4213_part02.mp4,E:\cross_sucking\Pen 5 - Group 3\WEANING\Day 3\CS_1285_WEAN_d3_p5_cow1_25102025_ch05-20251025083730_4188_4213_part02.mp4,created,2,2,Pen_5_WEAN_Day_3_25102025,Pen 5 - Group 3,WEAN,3,5,25102025,1,milk feeder|8|None|side,4188.033,4213.031,4204.250867,4213.031,G:\MONITORING CROSS SUCKING IN CALVES - KAPPEL - 2025\Pen 5 - Group 3\WEANING\Day 3\ch05_20251025090102.mp4,ch05_20251025090102.mp4,4204.250867,5605.764156,0.0,8.780133,Pen 5 - Group 3/WEANING/Day 3/1285p2.zip
935,1329,CS_1286_WEAN_d3_p5_cowO_25102025_ch05-20251025092434_6074_6088.mp4,Pen 5 - Group 3\WEANING\Day 3\CS_1286_WEAN_d3_p5_cowO_25102025_ch05-20251025092434_6074_6088.mp4,E:\cross_sucking\Pen 5 - Group 3\WEANING\Day 3\CS_1286_WEAN_d3_p5_cowO_25102025_ch05-20251025092434_6074_6088.mp4,created,1,1,Pen_5_WEAN_Day_3_25102025,Pen 5 - Group 3,WEAN,3,5,25102025,O,milk feeder|1|None|behind,6074.142,6088.637,6074.142,6088.637,G:\MONITORING CROSS SUCKING IN CALVES - KAPPEL - 2025\Pen 5 - Group 3\WEANING\Day 3\ch05_20251025092434.mp4,ch05_20251025092434.mp4,5605.764156,7007.225445,468.377844,482.872844,Pen 5 - Group 3/WEANING/Day 3/1286.zip
936,1330,CS_1287_WEAN_d3_p5_cowO_25102025_ch05-20251025092434_6289_6298.mp4,Pen 5 - Group 3\WEANING\Day 3\CS_1287_WEAN_d3_p5_cowO_25102025_ch05-20251025092434_6289_6298.mp4,E:\cross_sucking\Pen 5 - Group 3\WEANING\Day 3\CS_1287_WEAN_d3_p5_cowO_25102025_ch05-20251025092434_6289_6298.mp4,created,1,1,Pen_5_WEAN_Day_3_25102025,Pen 5 - Group 3,WEAN,3,5,25102025,O,milk feeder|T|None|behind,6289.635,6298.51,6289.635,6298.51,G:\MONITORING CROSS SUCKING IN CALVES - KAPPEL - 2025\Pen 5 - Group 3\WEANING\Day 3\ch05_20251025092434.mp4,ch05_20251025092434.mp4,5605.764156,7007.225445,683.870844,692.745844,Pen 5 - Group 3/WEANING/Day 3/1287.zip
937,1331,CS_1288_WEAN_d3_p5_cowO_25102025_ch05-20251025092434_6420_6430.mp4,Pen 5 - Group 3\WEANING\Day 3\CS_1288_WEAN_d3_p5_cowO_25102025_ch05-20251025092434_6420_6430.mp4,E:\cross_sucking\Pen 5 - Group 3\WEANING\Day 3\CS_1288_WEAN_d3_p5_cowO_25102025_ch05-20251025092434_6420_6430.mp4,created,1,1,Pen_5_WEAN_Day_3_25102025,Pen 5 - Group 3,WEAN,3,5,25102025,O,milk feeder|T|None|behind,6420.102,6430.032,6420.102,6430.032,G:\MONITORING CROSS SUCKING IN CALVES - KAPPEL - 2025\Pen 5 - Group 3\WEANING\Day 3\ch05_20251025092434.mp4,ch05_20251025092434.mp4,5605.764156,7007.225445,814.337844,824.267844,Pen 5 - Group 3/WEANING/Day 3/1288.zip
938,1332,CS_1289_WEAN_d3_p5_cowA_25102025_ch05-20251025092434_6529_6593.mp4,Pen 5 - Group 3\WEANING\Day 3\CS_1289_WEAN_d3_p5_cowA_25102025_ch05-20251025092434_6529_6593.mp4,E:\cross_sucking\Pen 5 - Group 3\WEANING\Day 3\CS_1289_WEAN_d3_p5_cowA_25102025_ch05-20251025092434_6529_6593.mp4,created,1,1,Pen_5_WEAN_Day_3_25102025,Pen 5 - Group 3,WEAN,3,5,25102025,A,milk feeder|T|None|behind,6529.483,6593.861,6529.483,6593.861,G:\MONITORING CROSS SUCKING IN CALVES - KAPPEL - 2025\Pen 5 - Group 3\WEANING\Day 3\ch05_20251025092434.mp4,ch05_20251025092434.mp4,5605.764156,7007.225445,923.718844,988.096844,Pen 5 - Group 3/WEANING/Day 3/1289.zip
939,1333,CS_1290_WEAN_d3_p5_cowA_25102025_ch05-20251025092434_6605_6736.mp4,Pen 5 - Group 3\WEANING\Day 3\CS_1290_WEAN_d3_p5_cowA_25102025_ch05-20251025092434_6605_6736.mp4,E:\cross_sucking\Pen 5 - Group 3\WEANING\Day 3\CS_1290_WEAN_d3_p5_cowA_25102025_ch05-20251025092434_6605_6736.mp4,created,1,1,Pen_5_WEAN_Day_3_25102025,Pen 5 - Group 3,WEAN,3,5,25102025,A,milk feeder|T|None|behind,6605.37,6736.376,6605.37,6736.376,G:\MONITORING CROSS SUCKING IN CALVES - KAPPEL - 2025\Pen 5 - Group 3\WEANING\Day 3\ch05_20251025092434.mp4,ch05_20251025092434.mp4,5605.764156,7007.225445,999.605844,1130.611844,Pen 5 - Group 3/WEANING/Day 3/1290.zip
940,1334,CS_1291_WEAN_d3_p5_cow2_25102025_ch05-20251025092434_6762_6873.mp4,Pen 5 - Group 3\WEANING\Day 3\CS_1291_WEAN_d3_p5_cow2_25102025_ch05-20251025092434_6762_6873.mp4,E:\cross_sucking\Pen 5 - Group 3\WEANING\Day 3\CS_1291_WEAN_d3_p5_cow2_25102025_ch05-20251025092434_6762_6873.mp4,created,1,1,Pen_5_WEAN_Day_3_25102025,Pen 5 - Group 3,WEAN,3,5,25102025,2,milk feeder|A|None|behind,6762.71,6873.275,6762.71,6873.275,G:\MONITORING CROSS SUCKING IN CALVES - KAPPEL - 2025\Pen 5 - Group 3\WEANING\Day 3\ch05_20251025092434.mp4,ch05_20251025092434.mp4,5605.764156,7007.225445,1156.945844,1267.510844,Pen 5 - Group 3/WEANING/Day 3/1291.zip
941,1335,CS_1292_WEAN_d3_p5_cow2_25102025_ch05-20251025092434_6880_6998.mp4,Pen 5 - Group 3\WEANING\Day 3\CS_1292_WEAN_d3_p5_cow2_25102025_ch05-20251025092434_6880_6998.mp4,E:\cross_sucking\Pen 5 - Group 3\WEANING\Day 3\CS_1292_WEAN_d3_p5_cow2_25102025_ch05-20251025092434_6880_6998.mp4,created,1,1,Pen_5_WEAN_Day_3_25102025,Pen 5 - Group 3,WEAN,3,5,25102025,2,milk feeder|A|None|behind,6880.749,6998.413,6880.749,6998.413,G:\MONITORING CROSS SUCKING IN CALVES - KAPPEL - 2025\Pen 5 - Group 3\WEANING\Day 3\ch05_20251025092434.mp4,ch05_20251025092434.mp4,5605.764156,7007.225445,1274.984844,1392.648844,Pen 5 - Group 3/WEANING/Day 3/1292.zip
942,1336,CS_1293_WEAN_d3_p5_cow2_25102025_ch05-20251025094806_7071_7095.mp4,Pen 5 - Group 3\WEANING\Day 3\CS_1293_WEAN_d3_p5_cow2_25102025_ch05-20251025094806_7071_7095.mp4,E:\cross_sucking\Pen 5 - Group 3\WEANING\Day 3\CS_1293_WEAN_d3_p5_cow2_25102025_ch05-20251025094806_7071_7095.mp4,created,1,1,Pen_5_WEAN_Day_3_25102025,Pen 5 - Group 3,WEAN,3,5,25102025,2,milk feeder|A|None|behind,7071.92,7095.404,7071.92,7095.404,G:\MONITORING CROSS SUCKING IN CALVES - KAPPEL - 2025\Pen 5 - Group 3\WEANING\Day 3\ch05_20251025094806.mp4,ch05_20251025094806.mp4,7007.225445,8408.709734,64.694555,88.178555,Pen 5 - Group 3/WEANING/Day 3/1293.zip
943,1337,CS_1294_WEAN_d3_p5_cowA_25102025_ch05-20251025094806_7311_7326.mp4,Pen 5 - Group 3\WEANING\Day 3\CS_1294_WEAN_d3_p5_cowA_25102025_ch05-20251025094806_7311_7326.mp4,E:\cross_sucking\Pen 5 - Group 3\WEANING\Day 3\CS_1294_WEAN_d3_p5_cowA_25102025_ch05-20251025094806_7311_7326.mp4,created,1,1,Pen_5_WEAN_Day_3_25102025,Pen 5 - Group 3,WEAN,3,5,25102025,A,grain feeder|1|None|behind,7311.404,7326.29,7311.404,7326.29,G:\MONITORING CROSS SUCKING IN CALVES - KAPPEL - 2025\Pen 5 - Group 3\WEANING\Day 3\ch05_20251025094806.mp4,ch05_20251025094806.mp4,7007.225445,8408.709734,304.178555,319.064555,Pen 5 - Group 3/WEANING/Day 3/1294.zip
944,1338,CS_1295_WEAN_d3_p5_cowA_25102025_ch05-20251025094806_7337_7349.mp4,Pen 5 - Group 3\WEANING\Day 3\CS_1295_WEAN_d3_p5_cowA_25102025_ch05-20251025094806_7337_7349.mp4,E:\cross_sucking\Pen 5 - Group 3\WEANING\Day 3\CS_1295_WEAN_d3_p5_cowA_25102025_ch05-20251025094806_7337_7349.mp4,created,1,1,Pen_5_WEAN_Day_3_25102025,Pen 5 - Group 3,WEAN,3,5,25102025,A,grain feeder|1|None|behind,7337.749,7349.449,7337.749,7349.449,G:\MONITORING CROSS SUCKING IN CALVES - KAPPEL - 2025\Pen 5 - Group 3\WEANING\Day 3\ch05_20251025094806.mp4,ch05_20251025094806.mp4,7007.225445,8408.709734,330.523555,342.223555,Pen 5 - Group 3/WEANING/Day 3/1295.zip
945,1339,CS_1296_WEAN_d3_p5_cowA_25102025_ch05-20251025094806_7361_7374.mp4,Pen 5 - Group 3\WEANING\Day 3\CS_1296_WEAN_d3_p5_cowA_25102025_ch05-20251025094806_7361_7374.mp4,E:\cross_sucking\Pen 5 - Group 3\WEANING\Day 3\CS_1296_WEAN_d3_p5_cowA_25102025_ch05-20251025094806_7361_7374.mp4,created,1,1,Pen_5_WEAN_Day_3_25102025,Pen 5 - Group 3,WEAN,3,5,25102025,A,grain feeder|1|None|behind,7361.03,7374.473,7361.03,7374.473,G:\MONITORING CROSS SUCKING IN CALVES - KAPPEL - 2025\Pen 5 - Group 3\WEANING\Day 3\ch05_20251025094806.mp4,ch05_20251025094806.mp4,7007.225445,8408.709734,353.804555,367.247555,Pen 5 - Group 3/WEANING/Day 3/1296.zip
946,1340,CS_1297_WEAN_d3_p5_cow2_25102025_ch05-20251025094806_7385_7400.mp4,Pen 5 - Group 3\WEANING\Day 3\CS_1297_WEAN_d3_p5_cow2_25102025_ch05-20251025094806_7385_7400.mp4,E:\cross_sucking\Pen 5 - Group 3\WEANING\Day 3\CS_1297_WEAN_d3_p5_cow2_25102025_ch05-20251025094806_7385_7400.mp4,created,1,1,Pen_5_WEAN_Day_3_25102025,Pen 5 - Group 3,WEAN,3,5,25102025,2,milk feeder|O|None|behind,7385.843,7400.866,7385.843,7400.866,G:\MONITORING CROSS SUCKING IN CALVES - KAPPEL - 2025\Pen 5 - Group 3\WEANING\Day 3\ch05_20251025094806.mp4,ch05_20251025094806.mp4,7007.225445,8408.709734,378.617555,393.640555,Pen 5 - Group 3/WEANING/Day 3/1297.zip
947,1341,CS_1298_WEAN_d3_p5_cowA_25102025_ch05-20251025094806_7393_7401.mp4,Pen 5 - Group 3\WEANING\Day 3\CS_1298_WEAN_d3_p5_cowA_25102025_ch05-20251025094806_7393_7401.mp4,E:\cross_sucking\Pen 5 - Group 3\WEANING\Day 3\CS_1298_WEAN_d3_p5_cowA_25102025_ch05-20251025094806_7393_7401.mp4,created,1,1,Pen_5_WEAN_Day_3_25102025,Pen 5 - Group 3,WEAN,3,5,25102025,A,other|2|None|side,7393.985,7401.859,7393.985,7401.859,G:\MONITORING CROSS SUCKING IN CALVES - KAPPEL - 2025\Pen 5 - Group 3\WEANING\Day 3\ch05_20251025094806.mp4,ch05_20251025094806.mp4,7007.225445,8408.709734,386.759555,394.633555,Pen 5 - Group 3/WEANING/Day 3/1298.zip
948,1342,CS_1299_WEAN_d3_p5_cow2_25102025_ch05-20251025114545_14068_14105.mp4,Pen 5 - Group 3\WEANING\Day 3\CS_1299_WEAN_d3_p5_cow2_25102025_ch05-20251025114545_14068_14105.mp4,E:\cross_sucking\Pen 5 - Group 3\WEANING\Day 3\CS_1299_WEAN_d3_p5_cow2_25102025_ch05-20251025114545_14068_14105.mp4,created,1,1,Pen_5_WEAN_Day_3_25102025,Pen 5 - Group 3,WEAN,3,5,25102025,2,other|A|None|side,14068.221,14105.81,14068.221,14105.81,G:\MONITORING CROSS SUCKING IN CALVES - KAPPEL - 2025\Pen 5 - Group 3\WEANING\Day 3\ch05_20251025114545.mp4,ch05_20251025114545.mp4,14013.24489,15414.716179,54.97611,92.56511,Pen 5 - Group 3/WEANING/Day 3/1299.zip
949,1346,CS_1303_WEAN_d3_p5_cow8_25102025_ch05-20251025120917_16591_16597.mp4,Pen 5 - Group 3\WEANING\Day 3\CS_1303_WEAN_d3_p5_cow8_25102025_ch05-20251025120917_16591_16597.mp4,E:\cross_sucking\Pen 5 - Group 3\WEANING\Day 3\CS_1303_WEAN_d3_p5_cow8_25102025_ch05-20251025120917_16591_16597.mp4,created,1,1,Pen_5_WEAN_Day_3_25102025,Pen 5 - Group 3,WEAN,3,5,25102025,8,other|A|None|side,16591.515,16597.677,16591.515,16597.677,G:\MONITORING CROSS SUCKING IN CALVES - KAPPEL - 2025\Pen 5 - Group 3\WEANING\Day 3\ch05_20251025120917.mp4,ch05_20251025120917.mp4,15414.716179,16816.088468,1176.798821,1182.960821,Pen 5 - Group 3/WEANING/Day 3/1303.zip
950,1347,CS_1304_WEAN_d3_p5_cowA_25102025_ch05-20251025120917_16601_16605.mp4,Pen 5 - Group 3\WEANING\Day 3\CS_1304_WEAN_d3_p5_cowA_25102025_ch05-20251025120917_16601_16605.mp4,E:\cross_sucking\Pen 5 - Group 3\WEANING\Day 3\CS_1304_WEAN_d3_p5_cowA_25102025_ch05-20251025120917_16601_16605.mp4,created,1,1,Pen_5_WEAN_Day_3_25102025,Pen 5 - Group 3,WEAN,3,5,25102025,A,other|8|None|side,16601.172,16605.278,16601.172,16605.278,G:\MONITORING CROSS SUCKING IN CALVES - KAPPEL - 2025\Pen 5 - Group 3\WEANING\Day 3\ch05_20251025120917.mp4,ch05_20251025120917.mp4,15414.716179,16816.088468,1186.455821,1190.561821,Pen 5 - Group 3/WEANING/Day 3/1304.zip
951,1348,CS_1305_WEAN_d3_p5_cow8_25102025_ch05-20251025120917_16602_16626.mp4,Pen 5 - Group 3\WEANING\Day 3\CS_1305_WEAN_d3_p5_cow8_25102025_ch05-20251025120917_16602_16626.mp4,E:\cross_sucking\Pen 5 - Group 3\WEANING\Day 3\CS_1305_WEAN_d3_p5_cow8_25102025_ch05-20251025120917_16602_16626.mp4,created,1,1,Pen_5_WEAN_Day_3_25102025,Pen 5 - Group 3,WEAN,3,5,25102025,8,other|A|None|side,16602.699,16626.388,16602.699,16626.388,G:\MONITORING CROSS SUCKING IN CALVES - KAPPEL - 2025\Pen 5 - Group 3\WEANING\Day 3\ch05_20251025120917.mp4,ch05_20251025120917.mp4,15414.716179,16816.088468,1187.982821,1211.671821,Pen 5 - Group 3/WEANING/Day 3/1305.zip
952,1349,CS_1306_WEAN_d3_p5_cowT_25102025_ch05-20251025120917_16707_16717.mp4,Pen 5 - Group 3\WEANING\Day 3\CS_1306_WEAN_d3_p5_cowT_25102025_ch05-20251025120917_16707_16717.mp4,E:\cross_sucking\Pen 5 - Group 3\WEANING\Day 3\CS_1306_WEAN_d3_p5_cowT_25102025_ch05-20251025120917_16707_16717.mp4,created,1,1,Pen_5_WEAN_Day_3_25102025,Pen 5 - Group 3,WEAN,3,5,25102025,T,other|8|None|side,16707.631,16717.824,16707.631,16717.824,G:\MONITORING CROSS SUCKING IN CALVES - KAPPEL - 2025\Pen 5 - Group 3\WEANING\Day 3\ch05_20251025120917.mp4,ch05_20251025120917.mp4,15414.716179,16816.088468,1292.914821,1303.107821,Pen 5 - Group 3/WEANING/Day 3/1306.zip
953,1350,CS_1307_WEAN_d3_p5_cowT_25102025_ch05-20251025123249_16896_16907.mp4,Pen 5 - Group 3\WEANING\Day 3\CS_1307_WEAN_d3_p5_cowT_25102025_ch05-20251025123249_16896_16907.mp4,E:\cross_sucking\Pen 5 - Group 3\WEANING\Day 3\CS_1307_WEAN_d3_p5_cowT_25102025_ch05-20251025123249_16896_16907.mp4,created,1,1,Pen_5_WEAN_Day_3_25102025,Pen 5 - Group 3,WEAN,3,5,25102025,T,other|O|None|side,16896.194,16907.045,16896.194,16907.045,G:\MONITORING CROSS SUCKING IN CALVES - KAPPEL - 2025\Pen 5 - Group 3\WEANING\Day 3\ch05_20251025123249.mp4,ch05_20251025123249.mp4,16816.088468,18217.482757,80.105532,90.956532,Pen 5 - Group 3/WEANING/Day 3/1307.zip
954,1351,CS_1308_WEAN_d3_p5_cowT_25102025_ch05-20251025123249_16951_16957.mp4,Pen 5 - Group 3\WEANING\Day 3\CS_1308_WEAN_d3_p5_cowT_25102025_ch05-20251025123249_16951_16957.mp4,E:\cross_sucking\Pen 5 - Group 3\WEANING\Day 3\CS_1308_WEAN_d3_p5_cowT_25102025_ch05-20251025123249_16951_16957.mp4,created,1,1,Pen_5_WEAN_Day_3_25102025,Pen 5 - Group 3,WEAN,3,5,25102025,T,other|O|None|side,16951.3,16957.189,16951.3,16957.189,G:\MONITORING CROSS SUCKING IN CALVES - KAPPEL - 2025\Pen 5 - Group 3\WEANING\Day 3\ch05_20251025123249.mp4,ch05_20251025123249.mp4,16816.088468,18217.482757,135.211532,141.100532,Pen 5 - Group 3/WEANING/Day 3/1308.zip
955,1352,CS_1309_WEAN_d3_p5_cow6_25102025_ch05-20251025123249_17168_17208.mp4,Pen 5 - Group 3\WEANING\Day 3\CS_1309_WEAN_d3_p5_cow6_25102025_ch05-20251025123249_17168_17208.mp4,E:\cross_sucking\Pen 5 - Group 3\WEANING\Day 3\CS_1309_WEAN_d3_p5_cow6_25102025_ch05-20251025123249_17168_17208.mp4,created,1,1,Pen_5_WEAN_Day_3_25102025,Pen 5 - Group 3,WEAN,3,5,25102025,6,milk feeder|/|None|behind,17168.988,17208.346,17168.988,17208.346,G:\MONITORING CROSS SUCKING IN CALVES - KAPPEL - 2025\Pen 5 - Group 3\WEANING\Day 3\ch05_20251025123249.mp4,ch05_20251025123249.mp4,16816.088468,18217.482757,352.899532,392.257532,Pen 5 - Group 3/WEANING/Day 3/1309.zip
956,1353,CS_1310_WEAN_d3_p5_cow8_25102025_ch05-20251025123249_17298_17473.mp4,Pen 5 - Group 3\WEANING\Day 3\CS_1310_WEAN_d3_p5_cow8_25102025_ch05-20251025123249_17298_17473.mp4,E:\cross_sucking\Pen 5 - Group 3\WEANING\Day 3\CS_1310_WEAN_d3_p5_cow8_25102025_ch05-20251025123249_17298_17473.mp4,created,1,1,Pen_5_WEAN_Day_3_25102025,Pen 5 - Group 3,WEAN,3,5,25102025,8,hay|A|None|side,17298.12,17473.315,17298.12,17473.315,G:\MONITORING CROSS SUCKING IN CALVES - KAPPEL - 2025\Pen 5 - Group 3\WEANING\Day 3\ch05_20251025123249.mp4,ch05_20251025123249.mp4,16816.088468,18217.482757,482.031532,657.226532,Pen 5 - Group 3/WEANING/Day 3/1310.zip
957,1355,CS_1312_WEAN_d3_p5_cowslash_25102025_ch05-20251025123249_17519_17528.mp4,Pen 5 - Group 3\WEANING\Day 3\CS_1312_WEAN_d3_p5_cowslash_25102025_ch05-20251025123249_17519_17528.mp4,E:\cross_sucking\Pen 5 - Group 3\WEANING\Day 3\CS_1312_WEAN_d3_p5_cowslash_25102025_ch05-20251025123249_17519_17528.mp4,created,1,1,Pen_5_WEAN_Day_3_25102025,Pen 5 - Group 3,WEAN,3,5,25102025,/,other|1|None|side,17519.884,17528.633,17519.884,17528.633,G:\MONITORING CROSS SUCKING IN CALVES - KAPPEL - 2025\Pen 5 - Group 3\WEANING\Day 3\ch05_20251025123249.mp4,ch05_20251025123249.mp4,16816.088468,18217.482757,703.795532,712.544532,Pen 5 - Group 3/WEANING/Day 3/1312.zip
958,1356,CS_1313_WEAN_d3_p5_cow2_25102025_ch05-20251025125621_18253_18272.mp4,Pen 5 - Group 3\WEANING\Day 3\CS_1313_WEAN_d3_p5_cow2_25102025_ch05-20251025125621_18253_18272.mp4,E:\cross_sucking\Pen 5 - Group 3\WEANING\Day 3\CS_1313_WEAN_d3_p5_cow2_25102025_ch05-20251025125621_18253_18272.mp4,created,1,1,Pen_5_WEAN_Day_3_25102025,Pen 5 - Group 3,WEAN,3,5,25102025,2,other|1|None|side,18253.275,18272.855,18253.275,18272.855,G:\MONITORING CROSS SUCKING IN CALVES - KAPPEL - 2025\Pen 5 - Group 3\WEANING\Day 3\ch05_20251025125621.mp4,ch05_20251025125621.mp4,18217.482757,19617.928046,35.792243,55.372243,Pen 5 - Group 3/WEANING/Day 3/1313.zip
959,1357,CS_1314_WEAN_d3_p5_cow6_25102025_ch05-20251025140656_23514_23532.mp4,Pen 5 - Group 3\WEANING\Day 3\CS_1314_WEAN_d3_p5_cow6_25102025_ch05-20251025140656_23514_23532.mp4,E:\cross_sucking\Pen 5 - Group 3\WEANING\Day 3\CS_1314_WEAN_d3_p5_cow6_25102025_ch05-20251025140656_23514_23532.mp4,created,1,1,Pen_5_WEAN_Day_3_25102025,Pen 5 - Group 3,WEAN,3,5,25102025,6,milk feeder|8|None|behind,23514.496,23532.827,23514.496,23532.827,G:\MONITORING CROSS SUCKING IN CALVES - KAPPEL - 2025\Pen 5 - Group 3\WEANING\Day 3\ch05_20251025140656.mp4,ch05_20251025140656.mp4,22420.549624,23821.927913,1093.946376,1112.277376,Pen 5 - Group 3/WEANING/Day 3/1314.zip
960,1358,CS_1315_WEAN_d3_p5_cowO_25102025_ch05-20251025145400_25478_25484.mp4,Pen 5 - Group 3\WEANING\Day 3\CS_1315_WEAN_d3_p5_cowO_25102025_ch05-20251025145400_25478_25484.mp4,E:\cross_sucking\Pen 5 - Group 3\WEANING\Day 3\CS_1315_WEAN_d3_p5_cowO_25102025_ch05-20251025145400_25478_25484.mp4,created,1,1,Pen_5_WEAN_Day_3_25102025,Pen 5 - Group 3,WEAN,3,5,25102025,O,grain feeder|A|None|behind,25478.035,25484.585,25478.035,25484.585,G:\MONITORING CROSS SUCKING IN CALVES - KAPPEL - 2025\Pen 5 - Group 3\WEANING\Day 3\ch05_20251025145400.mp4,ch05_20251025145400.mp4,25223.300202,26624.657491,254.734798,261.284798,Pen 5 - Group 3/WEANING/Day 3/1315.zip
961,1359,CS_1316_WEAN_d3_p5_cowO_25102025_ch05-20251025145400_25487_25496.mp4,Pen 5 - Group 3\WEANING\Day 3\CS_1316_WEAN_d3_p5_cowO_25102025_ch05-20251025145400_25487_25496.mp4,E:\cross_sucking\Pen 5 - Group 3\WEANING\Day 3\CS_1316_WEAN_d3_p5_cowO_25102025_ch05-20251025145400_25487_25496.mp4,created,1,1,Pen_5_WEAN_Day_3_25102025,Pen 5 - Group 3,WEAN,3,5,25102025,O,grain feeder|A|None|side,25487.101,25496.56,25487.101,25496.56,G:\MONITORING CROSS SUCKING IN CALVES - KAPPEL - 2025\Pen 5 - Group 3\WEANING\Day 3\ch05_20251025145400.mp4,ch05_20251025145400.mp4,25223.300202,26624.657491,263.800798,273.259798,Pen 5 - Group 3/WEANING/Day 3/1316.zip
962,1360,CS_1317_WEAN_d3_p5_cowO_25102025_ch05-20251025145400_25497_25687.mp4,Pen 5 - Group 3\WEANING\Day 3\CS_1317_WEAN_d3_p5_cowO_25102025_ch05-20251025145400_25497_25687.mp4,E:\cross_sucking\Pen 5 - Group 3\WEANING\Day 3\CS_1317_WEAN_d3_p5_cowO_25102025_ch05-20251025145400_25497_25687.mp4,created,1,1,Pen_5_WEAN_Day_3_25102025,Pen 5 - Group 3,WEAN,3,5,25102025,O,grain feeder|A|None|behind,25497.354,25687.506,25497.354,25687.506,G:\MONITORING CROSS SUCKING IN CALVES - KAPPEL - 2025\Pen 5 - Group 3\WEANING\Day 3\ch05_20251025145400.mp4,ch05_20251025145400.mp4,25223.300202,26624.657491,274.053798,464.205798,Pen 5 - Group 3/WEANING/Day 3/1317.zip
963,1361,CS_1318_WEAN_d3_p5_cowO_25102025_ch05-20251025145400_25697_25711.mp4,Pen 5 - Group 3\WEANING\Day 3\CS_1318_WEAN_d3_p5_cowO_25102025_ch05-20251025145400_25697_25711.mp4,E:\cross_sucking\Pen 5 - Group 3\WEANING\Day 3\CS_1318_WEAN_d3_p5_cowO_25102025_ch05-20251025145400_25697_25711.mp4,created,1,1,Pen_5_WEAN_Day_3_25102025,Pen 5 - Group 3,WEAN,3,5,25102025,O,grain feeder|A|None|behind,25697.1,25711.066,25697.1,25711.066,G:\MONITORING CROSS SUCKING IN CALVES - KAPPEL - 2025\Pen 5 - Group 3\WEANING\Day 3\ch05_20251025145400.mp4,ch05_20251025145400.mp4,25223.300202,26624.657491,473.799798,487.765798,Pen 5 - Group 3/WEANING/Day 3/1318.zip
964,1362,CS_1319_WEAN_d3_p5_cowT_25102025_ch05-20251025154104_28285_28308.mp4,Pen 5 - Group 3\WEANING\Day 3\CS_1319_WEAN_d3_p5_cowT_25102025_ch05-20251025154104_28285_28308.mp4,E:\cross_sucking\Pen 5 - Group 3\WEANING\Day 3\CS_1319_WEAN_d3_p5_cowT_25102025_ch05-20251025154104_28285_28308.mp4,created,1,1,Pen_5_WEAN_Day_3_25102025,Pen 5 - Group 3,WEAN,3,5,25102025,T,other|/|None|side,28285.943,28308.903,28285.943,28308.903,G:\MONITORING CROSS SUCKING IN CALVES - KAPPEL - 2025\Pen 5 - Group 3\WEANING\Day 3\ch05_20251025154104.mp4,ch05_20251025154104.mp4,28026.10078,29427.572069,259.84222,282.80222,Pen 5 - Group 3/WEANING/Day 3/1319.zip
965,1363,CS_1320_WEAN_d3_p5_cowT_25102025_ch05-20251025154104_28327_28359.mp4,Pen 5 - Group 3\WEANING\Day 3\CS_1320_WEAN_d3_p5_cowT_25102025_ch05-20251025154104_28327_28359.mp4,E:\cross_sucking\Pen 5 - Group 3\WEANING\Day 3\CS_1320_WEAN_d3_p5_cowT_25102025_ch05-20251025154104_28327_28359.mp4,created,1,1,Pen_5_WEAN_Day_3_25102025,Pen 5 - Group 3,WEAN,3,5,25102025,T,other|1|None|side,28327.029,28359.39,28327.029,28359.39,G:\MONITORING CROSS SUCKING IN CALVES - KAPPEL - 2025\Pen 5 - Group 3\WEANING\Day 3\ch05_20251025154104.mp4,ch05_20251025154104.mp4,28026.10078,29427.572069,300.92822,333.28922,Pen 5 - Group 3/WEANING/Day 3/1320.zip
966,1364,CS_1321_WEAN_d3_p5_cow6_25102025_ch05-20251025160436_29850_29857.mp4,Pen 5 - Group 3\WEANING\Day 3\CS_1321_WEAN_d3_p5_cow6_25102025_ch05-20251025160436_29850_29857.mp4,E:\cross_sucking\Pen 5 - Group 3\WEANING\Day 3\CS_1321_WEAN_d3_p5_cow6_25102025_ch05-20251025160436_29850_29857.mp4,created,1,1,Pen_5_WEAN_Day_3_25102025,Pen 5 - Group 3,WEAN,3,5,25102025,6,other|8|None|side,29850.833,29857.186,29850.833,29857.186,G:\MONITORING CROSS SUCKING IN CALVES - KAPPEL - 2025\Pen 5 - Group 3\WEANING\Day 3\ch05_20251025160436.mp4,ch05_20251025160436.mp4,29427.572069,30829.000358,423.260931,429.613931,Pen 5 - Group 3/WEANING/Day 3/1321.zip
967,1365,CS_1322_WEAN_d3_p5_cowT_25102025_ch05-20251025160436_30075_30087.mp4,Pen 5 - Group 3\WEANING\Day 3\CS_1322_WEAN_d3_p5_cowT_25102025_ch05-20251025160436_30075_30087.mp4,E:\cross_sucking\Pen 5 - Group 3\WEANING\Day 3\CS_1322_WEAN_d3_p5_cowT_25102025_ch05-20251025160436_30075_30087.mp4,created,1,1,Pen_5_WEAN_Day_3_25102025,Pen 5 - Group 3,WEAN,3,5,25102025,T,other|O|None|side,30075.011,30087.515,30075.011,30087.515,G:\MONITORING CROSS SUCKING IN CALVES - KAPPEL - 2025\Pen 5 - Group 3\WEANING\Day 3\ch05_20251025160436.mp4,ch05_20251025160436.mp4,29427.572069,30829.000358,647.438931,659.942931,Pen 5 - Group 3/WEANING/Day 3/1322.zip
968,1366,CS_1323_WEAN_d3_p5_cowA_25102025_ch05-20251025160436_30277_30281.mp4,Pen 5 - Group 3\WEANING\Day 3\CS_1323_WEAN_d3_p5_cowA_25102025_ch05-20251025160436_30277_30281.mp4,E:\cross_sucking\Pen 5 - Group 3\WEANING\Day 3\CS_1323_WEAN_d3_p5_cowA_25102025_ch05-20251025160436_30277_30281.mp4,created,1,1,Pen_5_WEAN_Day_3_25102025,Pen 5 - Group 3,WEAN,3,5,25102025,A,other|T|None|side,30277.392,30281.758,30277.392,30281.758,G:\MONITORING CROSS SUCKING IN CALVES - KAPPEL - 2025\Pen 5 - Group 3\WEANING\Day 3\ch05_20251025160436.mp4,ch05_20251025160436.mp4,29427.572069,30829.000358,849.819931,854.185931,Pen 5 - Group 3/WEANING/Day 3/1323.zip
969,1367,CS_1324_WEAN_d3_p5_cowA_25102025_ch05-20251025160436_30284_30286.mp4,Pen 5 - Group 3\WEANING\Day 3\CS_1324_WEAN_d3_p5_cowA_25102025_ch05-20251025160436_30284_30286.mp4,E:\cross_sucking\Pen 5 - Group 3\WEANING\Day 3\CS_1324_WEAN_d3_p5_cowA_25102025_ch05-20251025160436_30284_30286.mp4,created,1,1,Pen_5_WEAN_Day_3_25102025,Pen 5 - Group 3,WEAN,3,5,25102025,A,other|T|None|side,30284.408,30286.789,30284.408,30286.789,G:\MONITORING CROSS SUCKING IN CALVES - KAPPEL - 2025\Pen 5 - Group 3\WEANING\Day 3\ch05_20251025160436.mp4,ch05_20251025160436.mp4,29427.572069,30829.000358,856.835931,859.216931,Pen 5 - Group 3/WEANING/Day 3/1324.zip
970,1368,CS_1325_WEAN_d3_p5_cowT_25102025_ch05-20251025162808_30890_30918.mp4,Pen 5 - Group 3\WEANING\Day 3\CS_1325_WEAN_d3_p5_cowT_25102025_ch05-20251025162808_30890_30918.mp4,E:\cross_sucking\Pen 5 - Group 3\WEANING\Day 3\CS_1325_WEAN_d3_p5_cowT_25102025_ch05-20251025162808_30890_30918.mp4,created,1,1,Pen_5_WEAN_Day_3_25102025,Pen 5 - Group 3,WEAN,3,5,25102025,T,other|O|None|behind,30890.198,30918.511,30890.198,30918.511,G:\MONITORING CROSS SUCKING IN CALVES - KAPPEL - 2025\Pen 5 - Group 3\WEANING\Day 3\ch05_20251025162808.mp4,ch05_20251025162808.mp4,30829.000358,32230.468647,61.197642,89.510642,Pen 5 - Group 3/WEANING/Day 3/1325.zip
971,1369,CS_1326_WEAN_d3_p5_cowT_25102025_ch05-20251025162808_30944_30980.mp4,Pen 5 - Group 3\WEANING\Day 3\CS_1326_WEAN_d3_p5_cowT_25102025_ch05-20251025162808_30944_30980.mp4,E:\cross_sucking\Pen 5 - Group 3\WEANING\Day 3\CS_1326_WEAN_d3_p5_cowT_25102025_ch05-20251025162808_30944_30980.mp4,created,1,1,Pen_5_WEAN_Day_3_25102025,Pen 5 - Group 3,WEAN,3,5,25102025,T,other|O|None|behind,30944.249,30980.853,30944.249,30980.853,G:\MONITORING CROSS SUCKING IN CALVES - KAPPEL - 2025\Pen 5 - Group 3\WEANING\Day 3\ch05_20251025162808.mp4,ch05_20251025162808.mp4,30829.000358,32230.468647,115.248642,151.852642,Pen 5 - Group 3/WEANING/Day 3/1326.zip
972,1370,CS_1327_WEAN_d3_p5_cowT_25102025_ch05-20251025162808_31503_31538.mp4,Pen 5 - Group 3\WEANING\Day 3\CS_1327_WEAN_d3_p5_cowT_25102025_ch05-20251025162808_31503_31538.mp4,E:\cross_sucking\Pen 5 - Group 3\WEANING\Day 3\CS_1327_WEAN_d3_p5_cowT_25102025_ch05-20251025162808_31503_31538.mp4,created,1,1,Pen_5_WEAN_Day_3_25102025,Pen 5 - Group 3,WEAN,3,5,25102025,T,other|1|None|side,31503.762,31538.585,31503.762,31538.585,G:\MONITORING CROSS SUCKING IN CALVES - KAPPEL - 2025\Pen 5 - Group 3\WEANING\Day 3\ch05_20251025162808.mp4,ch05_20251025162808.mp4,30829.000358,32230.468647,674.761642,709.584642,Pen 5 - Group 3/WEANING/Day 3/1327.zip
973,1371,CS_1328_WEAN_d3_p5_cow2_25102025_ch05-20251025165140_32503_32505.mp4,Pen 5 - Group 3\WEANING\Day 3\CS_1328_WEAN_d3_p5_cow2_25102025_ch05-20251025165140_32503_32505.mp4,E:\cross_sucking\Pen 5 - Group 3\WEANING\Day 3\CS_1328_WEAN_d3_p5_cow2_25102025_ch05-20251025165140_32503_32505.mp4,created,1,1,Pen_5_WEAN_Day_3_25102025,Pen 5 - Group 3,WEAN,3,5,25102025,2,other|O|None|side,32503.204,32505.986,32503.204,32505.986,G:\MONITORING CROSS SUCKING IN CALVES - KAPPEL - 2025\Pen 5 - Group 3\WEANING\Day 3\ch05_20251025165140.mp4,ch05_20251025165140.mp4,32230.468647,33631.91658,272.735353,275.517353,Pen 5 - Group 3/WEANING/Day 3/1328.zip
974,1372,CS_1329_WEAN_d3_p5_cowO_25102025_ch05-20251025165140_32618_32798.mp4,Pen 5 - Group 3\WEANING\Day 3\CS_1329_WEAN_d3_p5_cowO_25102025_ch05-20251025165140_32618_32798.mp4,E:\cross_sucking\Pen 5 - Group 3\WEANING\Day 3\CS_1329_WEAN_d3_p5_cowO_25102025_ch05-20251025165140_32618_32798.mp4,created,1,1,Pen_5_WEAN_Day_3_25102025,Pen 5 - Group 3,WEAN,3,5,25102025,O,other|1|None|side,32618.604,32798.518,32618.604,32798.518,G:\MONITORING CROSS SUCKING IN CALVES - KAPPEL - 2025\Pen 5 - Group 3\WEANING\Day 3\ch05_20251025165140.mp4,ch05_20251025165140.mp4,32230.468647,33631.91658,388.135353,568.049353,Pen 5 - Group 3/WEANING/Day 3/1329.zip
975,1374,CS_1331_WEAN_d3_p5_cowA_25102025_ch05-20251025211031_48004_48127.mp4,Pen 5 - Group 3\WEANING\Day 3\CS_1331_WEAN_d3_p5_cowA_25102025_ch05-20251025211031_48004_48127.mp4,E:\cross_sucking\Pen 5 - Group 3\WEANING\Day 3\CS_1331_WEAN_d3_p5_cowA_25102025_ch05-20251025211031_48004_48127.mp4,created,1,1,Pen_5_WEAN_Day_3_25102025,Pen 5 - Group 3,WEAN,3,5,25102025,A,milk feeder|6|None|behind,48004.766,48127.316,48004.766,48127.316,G:\MONITORING CROSS SUCKING IN CALVES - KAPPEL - 2025\Pen 5 - Group 3\WEANING\Day 3\ch05_20251025211031.mp4,ch05_20251025211031.mp4,47645.316114,49046.711403,359.449886,481.999886,Pen 5 - Group 3/WEANING/Day 3/1331.zip
976,1375,CS_1332_WEAN_d3_p5_cowA_25102025_ch05-20251025211031_48129_48146.mp4,Pen 5 - Group 3\WEANING\Day 3\CS_1332_WEAN_d3_p5_cowA_25102025_ch05-20251025211031_48129_48146.mp4,E:\cross_sucking\Pen 5 - Group 3\WEANING\Day 3\CS_1332_WEAN_d3_p5_cowA_25102025_ch05-20251025211031_48129_48146.mp4,created,1,1,Pen_5_WEAN_Day_3_25102025,Pen 5 - Group 3,WEAN,3,5,25102025,A,milk feeder|6|None|behind,48129.308,48146.507,48129.308,48146.507,G:\MONITORING CROSS SUCKING IN CALVES - KAPPEL - 2025\Pen 5 - Group 3\WEANING\Day 3\ch05_20251025211031.mp4,ch05_20251025211031.mp4,47645.316114,49046.711403,483.991886,501.190886,Pen 5 - Group 3/WEANING/Day 3/1332.zip
977,1376,CS_1333_WEAN_d3_p5_cowA_25102025_ch05-20251025211031_48160_48246.mp4,Pen 5 - Group 3\WEANING\Day 3\CS_1333_WEAN_d3_p5_cowA_25102025_ch05-20251025211031_48160_48246.mp4,E:\cross_sucking\Pen 5 - Group 3\WEANING\Day 3\CS_1333_WEAN_d3_p5_cowA_25102025_ch05-20251025211031_48160_48246.mp4,created,1,1,Pen_5_WEAN_Day_3_25102025,Pen 5 - Group 3,WEAN,3,5,25102025,A,milk feeder|T|None|behind,48160.326,48246.807,48160.326,48246.807,G:\MONITORING CROSS SUCKING IN CALVES - KAPPEL - 2025\Pen 5 - Group 3\WEANING\Day 3\ch05_20251025211031.mp4,ch05_20251025211031.mp4,47645.316114,49046.711403,515.009886,601.490886,Pen 5 - Group 3/WEANING/Day 3/1333.zip
978,1377,CS_1334_WEAN_d3_p5_cowA_25102025_ch05-20251025211031_48256_48335.mp4,Pen 5 - Group 3\WEANING\Day 3\CS_1334_WEAN_d3_p5_cowA_25102025_ch05-20251025211031_48256_48335.mp4,E:\cross_sucking\Pen 5 - Group 3\WEANING\Day 3\CS_1334_WEAN_d3_p5_cowA_25102025_ch05-20251025211031_48256_48335.mp4,created,1,1,Pen_5_WEAN_Day_3_25102025,Pen 5 - Group 3,WEAN,3,5,25102025,A,milk feeder|T|None|behind,48256.871,48335.19,48256.871,48335.19,G:\MONITORING CROSS SUCKING IN CALVES - KAPPEL - 2025\Pen 5 - Group 3\WEANING\Day 3\ch05_20251025211031.mp4,ch05_20251025211031.mp4,47645.316114,49046.711403,611.554886,689.873886,Pen 5 - Group 3/WEANING/Day 3/1334.zip
979,1378,CS_1335_WEAN_d3_p5_cowA_25102025_ch05-20251025211031_48345_48422.mp4,Pen 5 - Group 3\WEANING\Day 3\CS_1335_WEAN_d3_p5_cowA_25102025_ch05-20251025211031_48345_48422.mp4,E:\cross_sucking\Pen 5 - Group 3\WEANING\Day 3\CS_1335_WEAN_d3_p5_cowA_25102025_ch05-20251025211031_48345_48422.mp4,created,1,1,Pen_5_WEAN_Day_3_25102025,Pen 5 - Group 3,WEAN,3,5,25102025,A,milk feeder|T|None|behind,48345.312,48422.773,48345.312,48422.773,G:\MONITORING CROSS SUCKING IN CALVES - KAPPEL - 2025\Pen 5 - Group 3\WEANING\Day 3\ch05_20251025211031.mp4,ch05_20251025211031.mp4,47645.316114,49046.711403,699.995886,777.456886,Pen 5 - Group 3/WEANING/Day 3/1335.zip
980,1379,CS_1336_WEAN_d3_p5_cow8_25102025_ch05-20251025211031_48440_48443.mp4,Pen 5 - Group 3\WEANING\Day 3\CS_1336_WEAN_d3_p5_cow8_25102025_ch05-20251025211031_48440_48443.mp4,E:\cross_sucking\Pen 5 - Group 3\WEANING\Day 3\CS_1336_WEAN_d3_p5_cow8_25102025_ch05-20251025211031_48440_48443.mp4,created,1,1,Pen_5_WEAN_Day_3_25102025,Pen 5 - Group 3,WEAN,3,5,25102025,8,milk feeder|A|None|behind,48440.046,48443.227,48440.046,48443.227,G:\MONITORING CROSS SUCKING IN CALVES - KAPPEL - 2025\Pen 5 - Group 3\WEANING\Day 3\ch05_20251025211031.mp4,ch05_20251025211031.mp4,47645.316114,49046.711403,794.729886,797.910886,Pen 5 - Group 3/WEANING/Day 3/1336.zip
981,1380,CS_1337_WEAN_d3_p5_cowT_25102025_ch05-20251025211031_48520_48557.mp4,Pen 5 - Group 3\WEANING\Day 3\CS_1337_WEAN_d3_p5_cowT_25102025_ch05-20251025211031_48520_48557.mp4,E:\cross_sucking\Pen 5 - Group 3\WEANING\Day 3\CS_1337_WEAN_d3_p5_cowT_25102025_ch05-20251025211031_48520_48557.mp4,created,1,1,Pen_5_WEAN_Day_3_25102025,Pen 5 - Group 3,WEAN,3,5,25102025,T,milk feeder|A|None|behind,48520.71,48557.501,48520.71,48557.501,G:\MONITORING CROSS SUCKING IN CALVES - KAPPEL - 2025\Pen 5 - Group 3\WEANING\Day 3\ch05_20251025211031.mp4,ch05_20251025211031.mp4,47645.316114,49046.711403,875.393886,912.184886,Pen 5 - Group 3/WEANING/Day 3/1337.zip
982,1381,CS_1338_WEAN_d3_p5_cowT_25102025_ch05-20251025211031_48566_48569.mp4,Pen 5 - Group 3\WEANING\Day 3\CS_1338_WEAN_d3_p5_cowT_25102025_ch05-20251025211031_48566_48569.mp4,E:\cross_sucking\Pen 5 - Group 3\WEANING\Day 3\CS_1338_WEAN_d3_p5_cowT_25102025_ch05-20251025211031_48566_48569.mp4,created,1,1,Pen_5_WEAN_Day_3_25102025,Pen 5 - Group 3,WEAN,3,5,25102025,T,other|8|None|side,48566.369,48569.146,48566.369,48569.146,G:\MONITORING CROSS SUCKING IN CALVES - KAPPEL - 2025\Pen 5 - Group 3\WEANING\Day 3\ch05_20251025211031.mp4,ch05_20251025211031.mp4,47645.316114,49046.711403,921.052886,923.829886,Pen 5 - Group 3/WEANING/Day 3/1338.zip
983,1382,CS_1339_WEAN_d3_p5_cowT_25102025_ch05-20251025211031_48591_48600.mp4,Pen 5 - Group 3\WEANING\Day 3\CS_1339_WEAN_d3_p5_cowT_25102025_ch05-20251025211031_48591_48600.mp4,E:\cross_sucking\Pen 5 - Group 3\WEANING\Day 3\CS_1339_WEAN_d3_p5_cowT_25102025_ch05-20251025211031_48591_48600.mp4,created,1,1,Pen_5_WEAN_Day_3_25102025,Pen 5 - Group 3,WEAN,3,5,25102025,T,other|8|None|side,48591.705,48600.439,48591.705,48600.439,G:\MONITORING CROSS SUCKING IN CALVES - KAPPEL - 2025\Pen 5 - Group 3\WEANING\Day 3\ch05_20251025211031.mp4,ch05_20251025211031.mp4,47645.316114,49046.711403,946.388886,955.122886,Pen 5 - Group 3/WEANING/Day 3/1339.zip
984,1383,CS_1340_WEAN_d3_p5_cowT_25102025_ch05-20251025211031_48602_48641.mp4,Pen 5 - Group 3\WEANING\Day 3\CS_1340_WEAN_d3_p5_cowT_25102025_ch05-20251025211031_48602_48641.mp4,E:\cross_sucking\Pen 5 - Group 3\WEANING\Day 3\CS_1340_WEAN_d3_p5_cowT_25102025_ch05-20251025211031_48602_48641.mp4,created,1,1,Pen_5_WEAN_Day_3_25102025,Pen 5 - Group 3,WEAN,3,5,25102025,T,other|8|None|side,48602.225,48641.524,48602.225,48641.524,G:\MONITORING CROSS SUCKING IN CALVES - KAPPEL - 2025\Pen 5 - Group 3\WEANING\Day 3\ch05_20251025211031.mp4,ch05_20251025211031.mp4,47645.316114,49046.711403,956.908886,996.207886,Pen 5 - Group 3/WEANING/Day 3/1340.zip
985,1384,CS_1341_WEAN_d3_p5_cowT_25102025_ch05-20251025211031_48643_48668.mp4,Pen 5 - Group 3\WEANING\Day 3\CS_1341_WEAN_d3_p5_cowT_25102025_ch05-20251025211031_48643_48668.mp4,E:\cross_sucking\Pen 5 - Group 3\WEANING\Day 3\CS_1341_WEAN_d3_p5_cowT_25102025_ch05-20251025211031_48643_48668.mp4,created,1,1,Pen_5_WEAN_Day_3_25102025,Pen 5 - Group 3,WEAN,3,5,25102025,T,other|8|None|side,48643.972,48668.192,48643.972,48668.192,G:\MONITORING CROSS SUCKING IN CALVES - KAPPEL - 2025\Pen 5 - Group 3\WEANING\Day 3\ch05_20251025211031.mp4,ch05_20251025211031.mp4,47645.316114,49046.711403,998.655886,1022.875886,Pen 5 - Group 3/WEANING/Day 3/1341.zip
986,1385,CS_1342_WEAN_d3_p5_cowA_25102025_ch05-20251025211031_48716_48753.mp4,Pen 5 - Group 3\WEANING\Day 3\CS_1342_WEAN_d3_p5_cowA_25102025_ch05-20251025211031_48716_48753.mp4,E:\cross_sucking\Pen 5 - Group 3\WEANING\Day 3\CS_1342_WEAN_d3_p5_cowA_25102025_ch05-20251025211031_48716_48753.mp4,created,1,1,Pen_5_WEAN_Day_3_25102025,Pen 5 - Group 3,WEAN,3,5,25102025,A,other|6|None|side,48716.692,48753.478,48716.692,48753.478,G:\MONITORING CROSS SUCKING IN CALVES - KAPPEL - 2025\Pen 5 - Group 3\WEANING\Day 3\ch05_20251025211031.mp4,ch05_20251025211031.mp4,47645.316114,49046.711403,1071.375886,1108.161886,Pen 5 - Group 3/WEANING/Day 3/1342.zip
987,1386,CS_1343_WEAN_d3_p5_cowT_25102025_ch05-20251025211031_48735_48790.mp4,Pen 5 - Group 3\WEANING\Day 3\CS_1343_WEAN_d3_p5_cowT_25102025_ch05-20251025211031_48735_48790.mp4,E:\cross_sucking\Pen 5 - Group 3\WEANING\Day 3\CS_1343_WEAN_d3_p5_cowT_25102025_ch05-20251025211031_48735_48790.mp4,created,1,1,Pen_5_WEAN_Day_3_25102025,Pen 5 - Group 3,WEAN,3,5,25102025,T,other|2|None|side,48735.149,48790.976,48735.149,48790.976,G:\MONITORING CROSS SUCKING IN CALVES - KAPPEL - 2025\Pen 5 - Group 3\WEANING\Day 3\ch05_20251025211031.mp4,ch05_20251025211031.mp4,47645.316114,49046.711403,1089.832886,1145.659886,Pen 5 - Group 3/WEANING/Day 3/1343.zip
988,1388,CS_1345_WEAN_d3_p5_cowA_25102025_ch05-20251025211031_48756_48797.mp4,Pen 5 - Group 3\WEANING\Day 3\CS_1345_WEAN_d3_p5_cowA_25102025_ch05-20251025211031_48756_48797.mp4,E:\cross_sucking\Pen 5 - Group 3\WEANING\Day 3\CS_1345_WEAN_d3_p5_cowA_25102025_ch05-20251025211031_48756_48797.mp4,created,1,1,Pen_5_WEAN_Day_3_25102025,Pen 5 - Group 3,WEAN,3,5,25102025,A,other|6|None|side,48756.059,48797.727,48756.059,48797.727,G:\MONITORING CROSS SUCKING IN CALVES - KAPPEL - 2025\Pen 5 - Group 3\WEANING\Day 3\ch05_20251025211031.mp4,ch05_20251025211031.mp4,47645.316114,49046.711403,1110.742886,1152.410886,Pen 5 - Group 3/WEANING/Day 3/1345.zip
989,1390,CS_1347_WEAN_d3_p5_cowT_25102025_ch05-20251025211031_48799_48830.mp4,Pen 5 - Group 3\WEANING\Day 3\CS_1347_WEAN_d3_p5_cowT_25102025_ch05-20251025211031_48799_48830.mp4,E:\cross_sucking\Pen 5 - Group 3\WEANING\Day 3\CS_1347_WEAN_d3_p5_cowT_25102025_ch05-20251025211031_48799_48830.mp4,created,1,1,Pen_5_WEAN_Day_3_25102025,Pen 5 - Group 3,WEAN,3,5,25102025,T,other|2|None|side,48799.583,48830.813,48799.583,48830.813,G:\MONITORING CROSS SUCKING IN CALVES - KAPPEL - 2025\Pen 5 - Group 3\WEANING\Day 3\ch05_20251025211031.mp4,ch05_20251025211031.mp4,47645.316114,49046.711403,1154.266886,1185.496886,Pen 5 - Group 3/WEANING/Day 3/1347.zip
990,1391,CS_1348_WEAN_d3_p5_cowA_25102025_ch05-20251025211031_48802_48865.mp4,Pen 5 - Group 3\WEANING\Day 3\CS_1348_WEAN_d3_p5_cowA_25102025_ch05-20251025211031_48802_48865.mp4,E:\cross_sucking\Pen 5 - Group 3\WEANING\Day 3\CS_1348_WEAN_d3_p5_cowA_25102025_ch05-20251025211031_48802_48865.mp4,created,1,1,Pen_5_WEAN_Day_3_25102025,Pen 5 - Group 3,WEAN,3,5,25102025,A,other|6|None|side,48802.558,48865.542,48802.558,48865.542,G:\MONITORING CROSS SUCKING IN CALVES - KAPPEL - 2025\Pen 5 - Group 3\WEANING\Day 3\ch05_20251025211031.mp4,ch05_20251025211031.mp4,47645.316114,49046.711403,1157.241886,1220.225886,Pen 5 - Group 3/WEANING/Day 3/1348.zip
991,1392,CS_1349_WEAN_d3_p5_cowA_25102025_ch05-20251025211031_48887_48937.mp4,Pen 5 - Group 3\WEANING\Day 3\CS_1349_WEAN_d3_p5_cowA_25102025_ch05-20251025211031_48887_48937.mp4,E:\cross_sucking\Pen 5 - Group 3\WEANING\Day 3\CS_1349_WEAN_d3_p5_cowA_25102025_ch05-20251025211031_48887_48937.mp4,created,1,1,Pen_5_WEAN_Day_3_25102025,Pen 5 - Group 3,WEAN,3,5,25102025,A,other|6|None|side,48887.973,48937.2,48887.973,48937.2,G:\MONITORING CROSS SUCKING IN CALVES - KAPPEL - 2025\Pen 5 - Group 3\WEANING\Day 3\ch05_20251025211031.mp4,ch05_20251025211031.mp4,47645.316114,49046.711403,1242.656886,1291.883886,Pen 5 - Group 3/WEANING/Day 3/1349.zip
992,1393,CS_1350_WEAN_d3_p5_cowA_25102025_ch05-20251025211031_48945_49033.mp4,Pen 5 - Group 3\WEANING\Day 3\CS_1350_WEAN_d3_p5_cowA_25102025_ch05-20251025211031_48945_49033.mp4,E:\cross_sucking\Pen 5 - Group 3\WEANING\Day 3\CS_1350_WEAN_d3_p5_cowA_25102025_ch05-20251025211031_48945_49033.mp4,created,1,1,Pen_5_WEAN_Day_3_25102025,Pen 5 - Group 3,WEAN,3,5,25102025,A,other|6|None|side,48945.274,49033.26,48945.274,49033.26,G:\MONITORING CROSS SUCKING IN CALVES - KAPPEL - 2025\Pen 5 - Group 3\WEANING\Day 3\ch05_20251025211031.mp4,ch05_20251025211031.mp4,47645.316114,49046.711403,1299.957886,1387.943886,Pen 5 - Group 3/WEANING/Day 3/1350.zip
993,1394,CS_1351_WEAN_d3_p5_cowA_25102025_ch05-20251025213403_49066_49072.mp4,Pen 5 - Group 3\WEANING\Day 3\CS_1351_WEAN_d3_p5_cowA_25102025_ch05-20251025213403_49066_49072.mp4,E:\cross_sucking\Pen 5 - Group 3\WEANING\Day 3\CS_1351_WEAN_d3_p5_cowA_25102025_ch05-20251025213403_49066_49072.mp4,created,1,1,Pen_5_WEAN_Day_3_25102025,Pen 5 - Group 3,WEAN,3,5,25102025,A,other|8|None|side,49066.085,49072.766,49066.085,49072.766,G:\MONITORING CROSS SUCKING IN CALVES - KAPPEL - 2025\Pen 5 - Group 3\WEANING\Day 3\ch05_20251025213403.mp4,ch05_20251025213403.mp4,49046.711403,50448.045692,19.373597,26.054597,Pen 5 - Group 3/WEANING/Day 3/1351.zip
994,1395,CS_1352_WEAN_d3_p5_cowA_25102025_ch05-20251025213403_49081_49099.mp4,Pen 5 - Group 3\WEANING\Day 3\CS_1352_WEAN_d3_p5_cowA_25102025_ch05-20251025213403_49081_49099.mp4,E:\cross_sucking\Pen 5 - Group 3\WEANING\Day 3\CS_1352_WEAN_d3_p5_cowA_25102025_ch05-20251025213403_49081_49099.mp4,created,1,1,Pen_5_WEAN_Day_3_25102025,Pen 5 - Group 3,WEAN,3,5,25102025,A,other|8|None|side,49081.098,49099.157,49081.098,49099.157,G:\MONITORING CROSS SUCKING IN CALVES - KAPPEL - 2025\Pen 5 - Group 3\WEANING\Day 3\ch05_20251025213403.mp4,ch05_20251025213403.mp4,49046.711403,50448.045692,34.386597,52.445597,Pen 5 - Group 3/WEANING/Day 3/1352.zip
995,1396,CS_1353_WEAN_d3_p5_cow8_25102025_ch05-20251025213403_49537_49548.mp4,Pen 5 - Group 3\WEANING\Day 3\CS_1353_WEAN_d3_p5_cow8_25102025_ch05-20251025213403_49537_49548.mp4,E:\cross_sucking\Pen 5 - Group 3\WEANING\Day 3\CS_1353_WEAN_d3_p5_cow8_25102025_ch05-20251025213403_49537_49548.mp4,created,1,1,Pen_5_WEAN_Day_3_25102025,Pen 5 - Group 3,WEAN,3,5,25102025,8,other|/|None|behind,49537.637,49548.35,49537.637,49548.35,G:\MONITORING CROSS SUCKING IN CALVES - KAPPEL - 2025\Pen 5 - Group 3\WEANING\Day 3\ch05_20251025213403.mp4,ch05_20251025213403.mp4,49046.711403,50448.045692,490.925597,501.638597,Pen 5 - Group 3/WEANING/Day 3/1353.zip
996,1397,CS_1354_WEAN_d3_p5_cow2_25102025_ch05-20251025224439_53351_53367.mp4,Pen 5 - Group 3\WEANING\Day 3\CS_1354_WEAN_d3_p5_cow2_25102025_ch05-20251025224439_53351_53367.mp4,E:\cross_sucking\Pen 5 - Group 3\WEANING\Day 3\CS_1354_WEAN_d3_p5_cow2_25102025_ch05-20251025224439_53351_53367.mp4,created,1,1,Pen_5_WEAN_Day_3_25102025,Pen 5 - Group 3,WEAN,3,5,25102025,2,milk feeder|O|None|behind,53351.657,53367.208,53351.657,53367.208,G:\MONITORING CROSS SUCKING IN CALVES - KAPPEL - 2025\Pen 5 - Group 3\WEANING\Day 3\ch05_20251025224439.mp4,ch05_20251025224439.mp4,53250.78227,54652.289559,100.87473,116.42573,Pen 5 - Group 3/WEANING/Day 3/1354.zip
997,1398,CS_1355_WEAN_d3_p5_cowO_25102025_ch05-20251025224439_53758_53786.mp4,Pen 5 - Group 3\WEANING\Day 3\CS_1355_WEAN_d3_p5_cowO_25102025_ch05-20251025224439_53758_53786.mp4,E:\cross_sucking\Pen 5 - Group 3\WEANING\Day 3\CS_1355_WEAN_d3_p5_cowO_25102025_ch05-20251025224439_53758_53786.mp4,created,1,1,Pen_5_WEAN_Day_3_25102025,Pen 5 - Group 3,WEAN,3,5,25102025,O,grain feeder|2|None|behind,53758.061,53786.446,53758.061,53786.446,G:\MONITORING CROSS SUCKING IN CALVES - KAPPEL - 2025\Pen 5 - Group 3\WEANING\Day 3\ch05_20251025224439.mp4,ch05_20251025224439.mp4,53250.78227,54652.289559,507.27873,535.66373,Pen 5 - Group 3/WEANING/Day 3/1355.zip
998,1399,CS_1356_WEAN_d3_p5_cow8_25102025_ch05-20251026001847_58922_59020.mp4,Pen 5 - Group 3\WEANING\Day 3\CS_1356_WEAN_d3_p5_cow8_25102025_ch05-20251026001847_58922_59020.mp4,E:\cross_sucking\Pen 5 - Group 3\WEANING\Day 3\CS_1356_WEAN_d3_p5_cow8_25102025_ch05-20251026001847_58922_59020.mp4,created,1,1,Pen_5_WEAN_Day_3_25102025,Pen 5 - Group 3,WEAN,3,5,25102025,8,other|/|None|side,58922.183,59020.19,58922.183,59020.19,G:\MONITORING CROSS SUCKING IN CALVES - KAPPEL - 2025\Pen 5 - Group 3\WEANING\Day 3\ch05_20251026001847.mp4,ch05_20251026001847.mp4,58856.562426,60258.059715,65.620574,163.627574,Pen 5 - Group 3/WEANING/Day 3/1356.zip
999,1400,CS_1357_WEAN_d3_p5_cow6_25102025_ch05-20251026021626_66143_66232.mp4,Pen 5 - Group 3\WEANING\Day 3\CS_1357_WEAN_d3_p5_cow6_25102025_ch05-20251026021626_66143_66232.mp4,E:\cross_sucking\Pen 5 - Group 3\WEANING\Day 3\CS_1357_WEAN_d3_p5_cow6_25102025_ch05-20251026021626_66143_66232.mp4,created,1,1,Pen_5_WEAN_Day_3_25102025,Pen 5 - Group 3,WEAN,3,5,25102025,6,milk feeder|T|None|behind,66143.922,66232.646,66143.922,66232.646,G:\MONITORING CROSS SUCKING IN CALVES - KAPPEL - 2025\Pen 5 - Group 3\WEANING\Day 3\ch05_20251026021626.mp4,ch05_20251026021626.mp4,65863.988515,67265.463804,279.933485,368.657485,Pen 5 - Group 3/WEANING/Day 3/1357.zip
1000,1401,CS_1358_WEAN_d3_p5_cowslash_25102025_ch05-20251026023959_67492_67507.mp4,Pen 5 - Group 3\WEANING\Day 3\CS_1358_WEAN_d3_p5_cowslash_25102025_ch05-20251026023959_67492_67507.mp4,E:\cross_sucking\Pen 5 - Group 3\WEANING\Day 3\CS_1358_WEAN_d3_p5_cowslash_25102025_ch05-20251026023959_67492_67507.mp4,created,1,1,Pen_5_WEAN_Day_3_25102025,Pen 5 - Group 3,WEAN,3,5,25102025,/,milk feeder|1|None|behind,67492.066,67507.152,67492.066,67507.152,G:\MONITORING CROSS SUCKING IN CALVES - KAPPEL - 2025\Pen 5 - Group 3\WEANING\Day 3\ch05_20251026023959.mp4,ch05_20251026023959.mp4,67265.463804,68666.910737,226.602196,241.688196,Pen 5 - Group 3/WEANING/Day 3/1358.zip
1001,1402,CS_1359_WEAN_d3_p5_cowA_25102025_ch05-20251026023959_67507_67533.mp4,Pen 5 - Group 3\WEANING\Day 3\CS_1359_WEAN_d3_p5_cowA_25102025_ch05-20251026023959_67507_67533.mp4,E:\cross_sucking\Pen 5 - Group 3\WEANING\Day 3\CS_1359_WEAN_d3_p5_cowA_25102025_ch05-20251026023959_67507_67533.mp4,created,1,1,Pen_5_WEAN_Day_3_25102025,Pen 5 - Group 3,WEAN,3,5,25102025,A,milk feeder|1|None|behind,67507.152,67533.621,67507.152,67533.621,G:\MONITORING CROSS SUCKING IN CALVES - KAPPEL - 2025\Pen 5 - Group 3\WEANING\Day 3\ch05_20251026023959.mp4,ch05_20251026023959.mp4,67265.463804,68666.910737,241.688196,268.157196,Pen 5 - Group 3/WEANING/Day 3/1359.zip
1002,1403,CS_1360_WEAN_d3_p5_cow1_25102025_ch05-20251026023959_67580_67606.mp4,Pen 5 - Group 3\WEANING\Day 3\CS_1360_WEAN_d3_p5_cow1_25102025_ch05-20251026023959_67580_67606.mp4,E:\cross_sucking\Pen 5 - Group 3\WEANING\Day 3\CS_1360_WEAN_d3_p5_cow1_25102025_ch05-20251026023959_67580_67606.mp4,created,1,1,Pen_5_WEAN_Day_3_25102025,Pen 5 - Group 3,WEAN,3,5,25102025,1,milk feeder|A|None|behind,67580.726,67606.985,67580.726,67606.985,G:\MONITORING CROSS SUCKING IN CALVES - KAPPEL - 2025\Pen 5 - Group 3\WEANING\Day 3\ch05_20251026023959.mp4,ch05_20251026023959.mp4,67265.463804,68666.910737,315.262196,341.521196,Pen 5 - Group 3/WEANING/Day 3/1360.zip
1003,1404,CS_1361_WEAN_d3_p5_cowO_25102025_ch05-20251026052442_77423_77447.mp4,Pen 5 - Group 3\WEANING\Day 3\CS_1361_WEAN_d3_p5_cowO_25102025_ch05-20251026052442_77423_77447.mp4,E:\cross_sucking\Pen 5 - Group 3\WEANING\Day 3\CS_1361_WEAN_d3_p5_cowO_25102025_ch05-20251026052442_77423_77447.mp4,created,1,1,Pen_5_WEAN_Day_3_25102025,Pen 5 - Group 3,WEAN,3,5,25102025,O,milk feeder|T|None|behind,77423.534,77447.881,77423.534,77447.881,G:\MONITORING CROSS SUCKING IN CALVES - KAPPEL - 2025\Pen 5 - Group 3\WEANING\Day 3\ch05_20251026052442.mp4,ch05_20251026052442.mp4,77075.884471,78477.41676,347.649529,371.996529,Pen 5 - Group 3/WEANING/Day 3/1361.zip
1004,1405,CS_1362_WEAN_d3_p5_cowT_25102025_ch05-20251026052442_77539_77845.mp4,Pen 5 - Group 3\WEANING\Day 3\CS_1362_WEAN_d3_p5_cowT_25102025_ch05-20251026052442_77539_77845.mp4,E:\cross_sucking\Pen 5 - Group 3\WEANING\Day 3\CS_1362_WEAN_d3_p5_cowT_25102025_ch05-20251026052442_77539_77845.mp4,created,1,1,Pen_5_WEAN_Day_3_25102025,Pen 5 - Group 3,WEAN,3,5,25102025,T,other|O|None|side,77539.211,77845.902,77539.211,77845.902,G:\MONITORING CROSS SUCKING IN CALVES - KAPPEL - 2025\Pen 5 - Group 3\WEANING\Day 3\ch05_20251026052442.mp4,ch05_20251026052442.mp4,77075.884471,78477.41676,463.326529,770.017529,Pen 5 - Group 3/WEANING/Day 3/1362.zip
1005,1410,CS_1367_WEAN_d3_p5_cowT_25102025_ch05-20251026052442_77865_77911.mp4,Pen 5 - Group 3\WEANING\Day 3\CS_1367_WEAN_d3_p5_cowT_25102025_ch05-20251026052442_77865_77911.mp4,E:\cross_sucking\Pen 5 - Group 3\WEANING\Day 3\CS_1367_WEAN_d3_p5_cowT_25102025_ch05-20251026052442_77865_77911.mp4,created,1,1,Pen_5_WEAN_Day_3_25102025,Pen 5 - Group 3,WEAN,3,5,25102025,T,other|O|reciprocal|side,77865.877,77911.664,77865.877,77911.664,G:\MONITORING CROSS SUCKING IN CALVES - KAPPEL - 2025\Pen 5 - Group 3\WEANING\Day 3\ch05_20251026052442.mp4,ch05_20251026052442.mp4,77075.884471,78477.41676,789.992529,835.779529,Pen 5 - Group 3/WEANING/Day 3/1367.zip
1006,1412,CS_1369_WEAN_d3_p5_cowNA_25102025_ch05-20251026052442_77918_77937.mp4,Pen 5 - Group 3\WEANING\Day 3\CS_1369_WEAN_d3_p5_cowNA_25102025_ch05-20251026052442_77918_77937.mp4,E:\cross_sucking\Pen 5 - Group 3\WEANING\Day 3\CS_1369_WEAN_d3_p5_cowNA_25102025_ch05-20251026052442_77918_77937.mp4,created,1,1,Pen_5_WEAN_Day_3_25102025,Pen 5 - Group 3,WEAN,3,5,25102025,,milk feeder|O|None|behind,77918.479,77937.068,77918.479,77937.068,G:\MONITORING CROSS SUCKING IN CALVES - KAPPEL - 2025\Pen 5 - Group 3\WEANING\Day 3\ch05_20251026052442.mp4,ch05_20251026052442.mp4,77075.884471,78477.41676,842.594529,861.183529,Pen 5 - Group 3/WEANING/Day 3/1369.zip
1007,1413,CS_1370_WEAN_d3_p5_cowT_25102025_ch05-20251026052442_77946_77985.mp4,Pen 5 - Group 3\WEANING\Day 3\CS_1370_WEAN_d3_p5_cowT_25102025_ch05-20251026052442_77946_77985.mp4,E:\cross_sucking\Pen 5 - Group 3\WEANING\Day 3\CS_1370_WEAN_d3_p5_cowT_25102025_ch05-20251026052442_77946_77985.mp4,created,1,1,Pen_5_WEAN_Day_3_25102025,Pen 5 - Group 3,WEAN,3,5,25102025,T,milk feeder|O|None|behind,77946.067,77985.513,77946.067,77985.513,G:\MONITORING CROSS SUCKING IN CALVES - KAPPEL - 2025\Pen 5 - Group 3\WEANING\Day 3\ch05_20251026052442.mp4,ch05_20251026052442.mp4,77075.884471,78477.41676,870.182529,909.628529,Pen 5 - Group 3/WEANING/Day 3/1370.zip
1008,1414,CS_1371_WEAN_d3_p5_cowO_25102025_ch05-20251026052442_78191_78198.mp4,Pen 5 - Group 3\WEANING\Day 3\CS_1371_WEAN_d3_p5_cowO_25102025_ch05-20251026052442_78191_78198.mp4,E:\cross_sucking\Pen 5 - Group 3\WEANING\Day 3\CS_1371_WEAN_d3_p5_cowO_25102025_ch05-20251026052442_78191_78198.mp4,created,1,1,Pen_5_WEAN_Day_3_25102025,Pen 5 - Group 3,WEAN,3,5,25102025,O,grain feeder|A|None|behind,78191.476,78198.614,78191.476,78198.614,G:\MONITORING CROSS SUCKING IN CALVES - KAPPEL - 2025\Pen 5 - Group 3\WEANING\Day 3\ch05_20251026052442.mp4,ch05_20251026052442.mp4,77075.884471,78477.41676,1115.591529,1122.729529,Pen 5 - Group 3/WEANING/Day 3/1371.zip
1009,1415,CS_1372_WEAN_d3_p5_cowslash_25102025_ch05-20251026061146_80891_80899.mp4,Pen 5 - Group 3\WEANING\Day 3\CS_1372_WEAN_d3_p5_cowslash_25102025_ch05-20251026061146_80891_80899.mp4,E:\cross_sucking\Pen 5 - Group 3\WEANING\Day 3\CS_1372_WEAN_d3_p5_cowslash_25102025_ch05-20251026061146_80891_80899.mp4,created,1,1,Pen_5_WEAN_Day_3_25102025,Pen 5 - Group 3,WEAN,3,5,25102025,/,hay|8|None|side,80891.621,80899.694,80891.621,80899.694,G:\MONITORING CROSS SUCKING IN CALVES - KAPPEL - 2025\Pen 5 - Group 3\WEANING\Day 3\ch05_20251026061146.mp4,ch05_20251026061146.mp4,79878.895049,81280.357338,1012.725951,1020.798951,Pen 5 - Group 3/WEANING/Day 3/1372.zip
